talent_entity_id,talent_name,talent_slug,talent_image_url,player_landing_page
981ca18f-ba86-4605-9f77-8dc149db7fbe,24KGoldn,24kgoldn,https://imgsrv-sxm-prod-device.streaming.siriusxm.com/eyJrZXkiOiJlbnRpdHktbWFuYWdlbWVudC9kZC9kZGFhOTY0NTQzZjgxYjY4YTY4YWFkYjhhZDA0M2YzYV8xNzAyMjIzMDY4NzAzLmpwZWciLCJlZGl0cyI6W3siZm9ybWF0Ijp7InR5cGUiOiJqcGVnIn19LHsicmVzaXplIjp7IndpZHRoIjo2MDAsImhlaWdodCI6NjAwfX1dfQ==,https://www.siriusxm.com/player/talent/entity/981ca18f-ba86-4605-9f77-8dc149db7fbe
5340af12-c735-433c-8256-1cc4feb3ee7b,AC/DC,ac-dc,https://imgsrv-sxm-prod-device.streaming.siriusxm.com/eyJrZXkiOiJlbnRpdHktbWFuYWdlbWVudC81Yy81Y2I5MzI4ZTM1NmRiZTA5ZWRhZDY0YWE0OGFiODFhN18xNzAwNjIxMzM2NzE2LmpwZWciLCJlZGl0cyI6W3siZm9ybWF0Ijp7InR5cGUiOiJqcGVnIn19LHsicmVzaXplIjp7IndpZHRoIjo2MDAsImhlaWdodCI6NjAwfX1dfQ==,https://www.siriusxm.com/player/talent/entity/5340af12-c735-433c-8256-1cc4feb3ee7b
9e5f781c-b7e0-44ba-bfc0-6c1687bcecaa,Aaron Murray,aaron-murray,,https://www.siriusxm.com/player/talent/entity/9e5f781c-b7e0-44ba-bfc0-6c1687bcecaa
01a846a2-2779-482f-9788-0dceb11c1ea1,Adam Caplan,adam-caplan,,https://www.siriusxm.com/player/talent/entity/01a846a2-2779-482f-9788-0dceb11c1ea1
16d15af0-54ad-4fbb-85e5-6e3af0353a26,Adam Carolla,adam-carolla,https://imgsrv-sxm-prod-device.streaming.siriusxm.com/eyJrZXkiOiJlbnRpdHktbWFuYWdlbWVudC81MC81MGUwZjcxZDA0ZDA4ZGVlNzUyMDY1YWYyYmYyNGY5Y18xNzM5OTE0NTQzODk2LmpwZWciLCJlZGl0cyI6W3siZm9ybWF0Ijp7InR5cGUiOiJqcGVnIn19LHsicmVzaXplIjp7IndpZHRoIjo2MDAsImhlaWdodCI6NjAwfX1dfQ==,https://www.siriusxm.com/player/talent/entity/16d15af0-54ad-4fbb-85e5-6e3af0353a26
eb92040a-3515-4493-a6b8-b11878041063,Adam Conover,adam-conover,,https://www.siriusxm.com/player/talent/entity/eb92040a-3515-4493-a6b8-b11878041063
bb304757-92c2-45e2-9677-34e26b69844a,Adam Curry,adam-curry,,https://www.siriusxm.com/player/talent/entity/bb304757-92c2-45e2-9677-34e26b69844a
4df006ed-5faf-4bc0-b028-aab3206dfae3,Adam McKay,adam-mckay,https://imgsrv-sxm-prod-device.streaming.siriusxm.com/eyJrZXkiOiJpZi81My81MzI1NjhhM2NjNTMzNzNkYjZlM2I2NTM3OTcyYTE2OF8xNzU2ODQwNTA3LmpwZyIsImVkaXRzIjpbeyJmb3JtYXQiOnsidHlwZSI6ImpwZWcifX0seyJyZXNpemUiOnsid2lkdGgiOjYwMCwiaGVpZ2h0Ijo2MDB9fV19,https://www.siriusxm.com/player/talent/entity/4df006ed-5faf-4bc0-b028-aab3206dfae3
ee028725-edef-44b9-88fb-b82eaa775b1c,Adam Pally,adam-pally,https://imgsrv-sxm-prod-device.streaming.siriusxm.com/eyJrZXkiOiJlbnRpdHktbWFuYWdlbWVudC85YS85YThmY2U4ZGIwMzM3MDQ4ZTM0NjU4MWUxMTM0ZDBjM18xNzQzNTM0Mjg3MzA3LmpwZWciLCJlZGl0cyI6W3siZm9ybWF0Ijp7InR5cGUiOiJqcGVnIn19LHsicmVzaXplIjp7IndpZHRoIjo2MDAsImhlaWdodCI6NjAwfX1dfQ==,https://www.siriusxm.com/player/talent/entity/ee028725-edef-44b9-88fb-b82eaa775b1c
97a98a10-bbe5-4eca-9668-e0ab2addc6f1,Adam Ray,adam-ray,https://imgsrv-sxm-prod-device.streaming.siriusxm.com/eyJrZXkiOiJpZi8wNy8wN2EwNDM5ODU3MzIzMTRhOTk5ODQwYTBlNzRkN2NkMF8xNzU2ODQwNDE1LmpwZyIsImVkaXRzIjpbeyJmb3JtYXQiOnsidHlwZSI6ImpwZWcifX0seyJyZXNpemUiOnsid2lkdGgiOjYwMCwiaGVpZ2h0Ijo2MDB9fV19,https://www.siriusxm.com/player/talent/entity/97a98a10-bbe5-4eca-9668-e0ab2addc6f1
5cc4c7f4-feb4-4f50-869e-145a61cf42fd,Adam Schein,adam-schein,,https://www.siriusxm.com/player/talent/entity/5cc4c7f4-feb4-4f50-869e-145a61cf42fd
45d2477e-ccad-41e4-bd7a-cd094b19a83f,Adam Scott,adam-scott,https://imgsrv-sxm-prod-device.streaming.siriusxm.com/eyJrZXkiOiJlbnRpdHktbWFuYWdlbWVudC9hMi9hMmZjNTQ2ZTQ2MGRlZGI2YTU2YzE1YWJmZGZmZTVmOV8xNzM4MzYxMzc0MzczLmpwZWciLCJlZGl0cyI6W3siZm9ybWF0Ijp7InR5cGUiOiJqcGVnIn19LHsicmVzaXplIjp7IndpZHRoIjo2MDAsImhlaWdodCI6NjAwfX1dfQ==,https://www.siriusxm.com/player/talent/entity/45d2477e-ccad-41e4-bd7a-cd094b19a83f
9ba6b697-c0cd-4ccd-a2df-b6468db7ef29,Afrojack,afrojack,,https://www.siriusxm.com/player/talent/entity/9ba6b697-c0cd-4ccd-a2df-b6468db7ef29
03ecac8f-d474-4a0c-9638-0dc01a6dbb17,Aimee Mann,aimee-mann,,https://www.siriusxm.com/player/talent/entity/03ecac8f-d474-4a0c-9638-0dc01a6dbb17
a1a2fdbd-5602-49f5-bbe9-20cf385c1118,Akon,akon,https://imgsrv-sxm-prod-device.streaming.siriusxm.com/eyJrZXkiOiJlbnRpdHktbWFuYWdlbWVudC9hYS9hYWJjNzU3MDNjOTMzYWZlNTVjNmUyMmYzZmU1ZjNmMl8xNzAwNjIyMzk4NzQ0LmpwZWciLCJlZGl0cyI6W3siZm9ybWF0Ijp7InR5cGUiOiJqcGVnIn19LHsicmVzaXplIjp7IndpZHRoIjo2MDAsImhlaWdodCI6NjAwfX1dfQ==,https://www.siriusxm.com/player/talent/entity/a1a2fdbd-5602-49f5-bbe9-20cf385c1118
5b305217-af7e-4a6a-a678-95e87447ed1c,Al Franken,al-franken,,https://www.siriusxm.com/player/talent/entity/5b305217-af7e-4a6a-a678-95e87447ed1c
2ef619f3-c7f5-4fd8-a52b-207600ffd13f,Al Madrigal,al-madrigal,,https://www.siriusxm.com/player/talent/entity/2ef619f3-c7f5-4fd8-a52b-207600ffd13f
238493ba-01ed-475c-b146-1ab1389a7c19,Al Roker,al-roker,https://imgsrv-sxm-prod-device.streaming.siriusxm.com/eyJrZXkiOiJpZi8wZS8wZWNhZjg0MmNhN2IzOWE0YjU1N2U5YTQ4MmVhOWIwMF8xNzU2ODQwNTQ2LmpwZyIsImVkaXRzIjpbeyJmb3JtYXQiOnsidHlwZSI6ImpwZWcifX0seyJyZXNpemUiOnsid2lkdGgiOjYwMCwiaGVpZ2h0Ijo2MDB9fV19,https://www.siriusxm.com/player/talent/entity/238493ba-01ed-475c-b146-1ab1389a7c19
cd032653-5515-4474-bf68-cd56ec970d93,Alan Hunter,alan-hunter,https://imgsrv-sxm-prod-device.streaming.siriusxm.com/eyJrZXkiOiJlbnRpdHktbWFuYWdlbWVudC82NC82NDg0NWE4MzMyMjYxYjAxNzQ4MWZhMTg5OWRkZDQyYl8xNzAyMDYyNTE3MTE3LmpwZWciLCJlZGl0cyI6W3siZm9ybWF0Ijp7InR5cGUiOiJqcGVnIn19LHsicmVzaXplIjp7IndpZHRoIjo2MDAsImhlaWdodCI6NjAwfX1dfQ==,https://www.siriusxm.com/player/talent/entity/cd032653-5515-4474-bf68-cd56ec970d93
2a432919-925e-4557-b3c6-e945ba58029e,Alan Light,alan-light,,https://www.siriusxm.com/player/talent/entity/2a432919-925e-4557-b3c6-e945ba58029e
72d901ae-8d32-455e-bfea-24bbad2b410e,Alanis Morissette,alanis-morissette,https://imgsrv-sxm-prod-device.streaming.siriusxm.com/eyJrZXkiOiJlbnRpdHktbWFuYWdlbWVudC9lYS9lYTk3MzY5YzAzYjUwYjhjYjUxZDE2ZDkxZGViMWM5Nl8xNzAwNjIxMzYzNDA5LmpwZWciLCJlZGl0cyI6W3siZm9ybWF0Ijp7InR5cGUiOiJqcGVnIn19LHsicmVzaXplIjp7IndpZHRoIjo2MDAsImhlaWdodCI6NjAwfX1dfQ==,https://www.siriusxm.com/player/talent/entity/72d901ae-8d32-455e-bfea-24bbad2b410e
ff89b5a9-2215-4d02-a89b-11462269c517,Alaska Thunderfuck,alaska-thunderfuck,,https://www.siriusxm.com/player/talent/entity/ff89b5a9-2215-4d02-a89b-11462269c517
8bfe8817-23e7-4dab-9e8b-596dd7332754,Albert Breer,albert-breer,,https://www.siriusxm.com/player/talent/entity/8bfe8817-23e7-4dab-9e8b-596dd7332754
41152268-9e36-4c37-bd5a-945c869d7a75,Alec Baldwin,alec-baldwin,,https://www.siriusxm.com/player/talent/entity/41152268-9e36-4c37-bd5a-945c869d7a75
0faf1591-d68d-40fa-8caf-e85d0e321df3,Alec Ingold,alec-ingold,https://imgsrv-sxm-prod-device.streaming.siriusxm.com/eyJrZXkiOiJpZi9iOS9iOWYxM2EyZmU4MDYzMGE5YmJjYjcwNjg1YjM4NjYyMl8xNzU2ODQwMzYwLmpwZyIsImVkaXRzIjpbeyJmb3JtYXQiOnsidHlwZSI6ImpwZWcifX0seyJyZXNpemUiOnsid2lkdGgiOjYwMCwiaGVpZ2h0Ijo2MDB9fV19,https://www.siriusxm.com/player/talent/entity/0faf1591-d68d-40fa-8caf-e85d0e321df3
8ece48bf-d874-4779-8571-b480ec59e465,Alex Cooper,alex-cooper,https://imgsrv-sxm-prod-device.streaming.siriusxm.com/eyJrZXkiOiJlbnRpdHktbWFuYWdlbWVudC80NS80NThjNDAwNjQxMzI3ODEwZDY0ZDExYjQxMjBmZDlkZF8xNzMyNjQ4NzkzMjY4LmpwZWciLCJlZGl0cyI6W3siZm9ybWF0Ijp7InR5cGUiOiJqcGVnIn19LHsicmVzaXplIjp7IndpZHRoIjo2MDAsImhlaWdodCI6NjAwfX1dfQ==,https://www.siriusxm.com/player/talent/entity/8ece48bf-d874-4779-8571-b480ec59e465
3975f8eb-6799-4b1a-b6f5-f0cdf6d5a8c9,Alex Jones,alex-jones,,https://www.siriusxm.com/player/talent/entity/3975f8eb-6799-4b1a-b6f5-f0cdf6d5a8c9
7539fb1b-661e-4b25-9b73-dbd50d940a9d,Alex Marvez,alex-marvez,,https://www.siriusxm.com/player/talent/entity/7539fb1b-661e-4b25-9b73-dbd50d940a9d
266d0182-6884-4ad5-b500-52b10f4b056e,Alexandria Ocasio-Cortez,alexandria-ocasio-cortez,https://imgsrv-sxm-prod-device.streaming.siriusxm.com/eyJrZXkiOiJlbnRpdHktbWFuYWdlbWVudC80Yy80YzA2MDFkMjgxZjc3OTFhNDkzODFhZDI4NGNkNDIxMV8xNzIxMjQ4NzAxMzA2LmpwZWciLCJlZGl0cyI6W3siZm9ybWF0Ijp7InR5cGUiOiJqcGVnIn19LHsicmVzaXplIjp7IndpZHRoIjo2MDAsImhlaWdodCI6NjAwfX1dfQ==,https://www.siriusxm.com/player/talent/entity/266d0182-6884-4ad5-b500-52b10f4b056e
7efd6d02-3962-4e2c-be81-0ce2a577d7a8,Alice In Chains,alice-in-chains,,https://www.siriusxm.com/player/talent/entity/7efd6d02-3962-4e2c-be81-0ce2a577d7a8
8e9de81d-1f56-47d2-98a5-1167cb9c9a35,Alicia Keys,alicia-keys,https://imgsrv-sxm-prod-device.streaming.siriusxm.com/eyJrZXkiOiJlbnRpdHktbWFuYWdlbWVudC8wOC8wODg0MTFmZmMzNjZjNTE1MGRjM2QwNmY0MWIyZjY1ZF8xNzA0MzIzNjk3NzA3LmpwZWciLCJlZGl0cyI6W3siZm9ybWF0Ijp7InR5cGUiOiJqcGVnIn19LHsicmVzaXplIjp7IndpZHRoIjo2MDAsImhlaWdodCI6NjAwfX1dfQ==,https://www.siriusxm.com/player/talent/entity/8e9de81d-1f56-47d2-98a5-1167cb9c9a35
bfffa7de-6036-4d6d-9d0c-52ecc36db3b8,Alison Brown,alison-brown,,https://www.siriusxm.com/player/talent/entity/bfffa7de-6036-4d6d-9d0c-52ecc36db3b8
bf912b56-69d3-4048-baf4-b84fdcb19c1b,Alison Moyet,alison-moyet,,https://www.siriusxm.com/player/talent/entity/bf912b56-69d3-4048-baf4-b84fdcb19c1b
7f4a1c35-e3b8-4684-8598-f94d7f72da2c,Alison Rosen,alison-rosen,,https://www.siriusxm.com/player/talent/entity/7f4a1c35-e3b8-4684-8598-f94d7f72da2c
e65193b7-d072-415c-a46f-b13b5f50618c,Alison Wonderland,alison-wonderland,,https://www.siriusxm.com/player/talent/entity/e65193b7-d072-415c-a46f-b13b5f50618c
b1b7bd99-b683-4a8f-acd8-da3f80d46c7b,Alix Earle,alix-earle,https://imgsrv-sxm-prod-device.streaming.siriusxm.com/eyJrZXkiOiJlbnRpdHktbWFuYWdlbWVudC8yOC8yODUzY2JmOTMwMWM4NDE2YjdlNTcwYTFkODY4ZTcyYl8xNzI3NzI4MjE0MTk2LmpwZWciLCJlZGl0cyI6W3siZm9ybWF0Ijp7InR5cGUiOiJqcGVnIn19LHsicmVzaXplIjp7IndpZHRoIjo2MDAsImhlaWdodCI6NjAwfX1dfQ==,https://www.siriusxm.com/player/talent/entity/b1b7bd99-b683-4a8f-acd8-da3f80d46c7b
c3727563-9e80-49b2-a9aa-079a04e97776,Allison Dore,allison-dore,https://imgsrv-sxm-prod-device.streaming.siriusxm.com/eyJrZXkiOiJlbnRpdHktbWFuYWdlbWVudC8yMi8yMmY1OTYzMTNjMjM5ZWJiODhhYzdhZTM4MWI4MDFlY18xNzQwNTA3NTA3MDU3LmpwZWciLCJlZGl0cyI6W3siZm9ybWF0Ijp7InR5cGUiOiJqcGVnIn19LHsicmVzaXplIjp7IndpZHRoIjo2MDAsImhlaWdodCI6NjAwfX1dfQ==,https://www.siriusxm.com/player/talent/entity/c3727563-9e80-49b2-a9aa-079a04e97776
a857750b-1a36-4ecf-ba94-1a886226ce11,Amanda Seales,amanda-seales,https://imgsrv-sxm-prod-device.streaming.siriusxm.com/eyJrZXkiOiJlbnRpdHktbWFuYWdlbWVudC82ZS82ZWJiZjUxZGIzZjcxN2QzZmYyNjUyYjE1ZmY1YzFjMl8xNzI5NTM2NzgyNzYxLmpwZWciLCJlZGl0cyI6W3siZm9ybWF0Ijp7InR5cGUiOiJqcGVnIn19LHsicmVzaXplIjp7IndpZHRoIjo2MDAsImhlaWdodCI6NjAwfX1dfQ==,https://www.siriusxm.com/player/talent/entity/a857750b-1a36-4ecf-ba94-1a886226ce11
31ca9413-5fea-4d8c-a89f-27bf717aba11,Amelie Lens,amelie-lens,,https://www.siriusxm.com/player/talent/entity/31ca9413-5fea-4d8c-a89f-27bf717aba11
8e873985-6d99-43dd-8f69-ff3ffa3eed30,Americus Reed,americus-reed,,https://www.siriusxm.com/player/talent/entity/8e873985-6d99-43dd-8f69-ff3ffa3eed30
07e0aba0-8159-4641-817b-066f8830c076,Aminatou Sow,aminatou-sow,,https://www.siriusxm.com/player/talent/entity/07e0aba0-8159-4641-817b-066f8830c076
30f2b5f0-f16e-47e8-befa-f27de7782df3,Amir Blumenfeld,amir-blumenfeld,,https://www.siriusxm.com/player/talent/entity/30f2b5f0-f16e-47e8-befa-f27de7782df3
266bf3c5-ad56-454a-81f2-25b93f0dbfd2,Amy Nicholson,amy-nicholson,https://imgsrv-sxm-prod-device.streaming.siriusxm.com/eyJrZXkiOiJpZi85Yi85YmRlNmQ5YWJiNWEzNzg0YTQ1N2UwNDJlOWFjOTQ4Y18xNzU2ODQwMzQyLmpwZyIsImVkaXRzIjpbeyJmb3JtYXQiOnsidHlwZSI6ImpwZWcifX0seyJyZXNpemUiOnsid2lkdGgiOjYwMCwiaGVpZ2h0Ijo2MDB9fV19,https://www.siriusxm.com/player/talent/entity/266bf3c5-ad56-454a-81f2-25b93f0dbfd2
ab25359e-3ee9-4d77-8903-74158d3b2c35,Amy Phillips,amy-phillips,,https://www.siriusxm.com/player/talent/entity/ab25359e-3ee9-4d77-8903-74158d3b2c35
aadb25be-45ee-4639-86e5-9aa0da776eb6,Amy Poehler,amy-poehler,https://imgsrv-sxm-prod-device.streaming.siriusxm.com/eyJrZXkiOiJlbnRpdHktbWFuYWdlbWVudC9hYy9hY2FkMDBlYjEyMWI4MTQ0MGJlNjc5ODkzNThhODliYl8xNzE4MzE1MjA1MDM5LmpwZWciLCJlZGl0cyI6W3siZm9ybWF0Ijp7InR5cGUiOiJqcGVnIn19LHsicmVzaXplIjp7IndpZHRoIjo2MDAsImhlaWdodCI6NjAwfX1dfQ==,https://www.siriusxm.com/player/talent/entity/aadb25be-45ee-4639-86e5-9aa0da776eb6
22cf61b0-906e-4c17-920f-a2d9192ef356,Amy Sedaris,amy-sedaris,https://imgsrv-sxm-prod-device.streaming.siriusxm.com/eyJrZXkiOiJpZi9kYS9kYWIwNWY0OWU0NDczYThhOWEzNWMxODUxOWE1YWEzOV8xNzU2ODQwNDQwLmpwZyIsImVkaXRzIjpbeyJmb3JtYXQiOnsidHlwZSI6ImpwZWcifX0seyJyZXNpemUiOnsid2lkdGgiOjYwMCwiaGVpZ2h0Ijo2MDB9fV19,https://www.siriusxm.com/player/talent/entity/22cf61b0-906e-4c17-920f-a2d9192ef356
01fa3661-792e-42ea-ad4f-eacc5dd56b6d,Ana Marie Cox,ana-marie-cox,,https://www.siriusxm.com/player/talent/entity/01fa3661-792e-42ea-ad4f-eacc5dd56b6d
b146753f-482a-4ea3-8dc2-fb07b4115522,Anderson Cooper,anderson-cooper,https://imgsrv-sxm-prod-device.streaming.siriusxm.com/eyJrZXkiOiJpZi84MC84MGFkMjllMDQyNDgzNjI0YjE5MmFiZGNmYzU4NGFhYV8xNzU2ODQwNTUwLmpwZyIsImVkaXRzIjpbeyJmb3JtYXQiOnsidHlwZSI6ImpwZWcifX0seyJyZXNpemUiOnsid2lkdGgiOjYwMCwiaGVpZ2h0Ijo2MDB9fV19,https://www.siriusxm.com/player/talent/entity/b146753f-482a-4ea3-8dc2-fb07b4115522
683c9053-26bc-4e17-bed1-2a64d80e217a,Andrea Mitchell,andrea-mitchell,,https://www.siriusxm.com/player/talent/entity/683c9053-26bc-4e17-bed1-2a64d80e217a
3d10b766-e10e-49ea-930c-5776a79fb2e4,Andrew Klavan,andrew-klavan,,https://www.siriusxm.com/player/talent/entity/3d10b766-e10e-49ea-930c-5776a79fb2e4
4704faf8-123e-4070-859d-4bcf2005f71a,Andrew Schulz,andrew-schulz,https://imgsrv-sxm-prod-device.streaming.siriusxm.com/eyJrZXkiOiJlbnRpdHktbWFuYWdlbWVudC85OC85ODg4NTA0ZWQ3ZDAwNDE0MDZmNjA0OGNkZWVlZjQyYV8xNzQzMTE0MjE2MTg1LmpwZWciLCJlZGl0cyI6W3siZm9ybWF0Ijp7InR5cGUiOiJqcGVnIn19LHsicmVzaXplIjp7IndpZHRoIjo2MDAsImhlaWdodCI6NjAwfX1dfQ==,https://www.siriusxm.com/player/talent/entity/4704faf8-123e-4070-859d-4bcf2005f71a
f714020c-975d-426a-95a3-287ef0a9db12,Andrew Wilkow,andrew-wilkow,https://imgsrv-sxm-prod-device.streaming.siriusxm.com/eyJrZXkiOiJlbnRpdHktbWFuYWdlbWVudC8xYy8xY2IwZjBjODIxMzMyZjM3OTAwNDc3OWVjNTc3YmEzMV8xNzAyMjY3NjMyMDkwLmpwZWciLCJlZGl0cyI6W3siZm9ybWF0Ijp7InR5cGUiOiJqcGVnIn19LHsicmVzaXplIjp7IndpZHRoIjo2MDAsImhlaWdodCI6NjAwfX1dfQ==,https://www.siriusxm.com/player/talent/entity/f714020c-975d-426a-95a3-287ef0a9db12
d6c95627-5e85-4a53-8393-100175e93144,Andrew Yang,andrew-yang,,https://www.siriusxm.com/player/talent/entity/d6c95627-5e85-4a53-8393-100175e93144
30553110-3705-4c70-aa4f-31a4268bf5cc,Andy Beshear,andy-beshear,https://imgsrv-sxm-prod-device.streaming.siriusxm.com/eyJrZXkiOiJlbnRpdHktbWFuYWdlbWVudC8xNS8xNTFiMGY1ZWQ3YjE0YTdmOTc1NmU2ZDM3NjE1YjU0Ml8xNzYxMTYwMjIxNTUyLmpwZWciLCJlZGl0cyI6W3siZm9ybWF0Ijp7InR5cGUiOiJqcGVnIn19LHsicmVzaXplIjp7IndpZHRoIjo2MDAsImhlaWdodCI6NjAwfX1dfQ==,https://www.siriusxm.com/player/talent/entity/30553110-3705-4c70-aa4f-31a4268bf5cc
cb865a68-42dd-4d28-b75e-7b667aa89673,Andy Cohen,andy-cohen,https://imgsrv-sxm-prod-device.streaming.siriusxm.com/eyJrZXkiOiJpZi9hZS9hZTljYTZhNDdlYzczNzEyOWNiYWE5ODVjNzI1ZDI3NF8xNzYxNjY1ODc3LmpwZyIsImVkaXRzIjpbeyJmb3JtYXQiOnsidHlwZSI6ImpwZWcifX0seyJyZXNpemUiOnsid2lkdGgiOjYwMCwiaGVpZ2h0Ijo2MDB9fV19,https://www.siriusxm.com/player/talent/entity/cb865a68-42dd-4d28-b75e-7b667aa89673
322695d5-466f-4769-96a4-dc08adb98f0a,Andy Daly,andy-daly,,https://www.siriusxm.com/player/talent/entity/322695d5-466f-4769-96a4-dc08adb98f0a
d0449d64-2279-43d4-8a53-f14a855ef0c7,Andy Grammer,andy-grammer,,https://www.siriusxm.com/player/talent/entity/d0449d64-2279-43d4-8a53-f14a855ef0c7
206494da-25d6-433f-94d7-e30c97218560,Andy Richter,andy-richter,https://imgsrv-sxm-prod-device.streaming.siriusxm.com/eyJrZXkiOiJlbnRpdHktbWFuYWdlbWVudC9lNy9lN2VmYTBkNzRmOTcxMjVhYmZjYTkzMjFhYWE5N2Q4Y18xNzE5ODY2MTEzNTQ0LnBuZyIsImVkaXRzIjpbeyJmb3JtYXQiOnsidHlwZSI6ImpwZWcifX0seyJyZXNpemUiOnsid2lkdGgiOjYwMCwiaGVpZ2h0Ijo2MDB9fV19,https://www.siriusxm.com/player/talent/entity/206494da-25d6-433f-94d7-e30c97218560
cf3eebfb-9132-4341-89c0-5641465491ca,Andy Samberg,andy-samberg,https://imgsrv-sxm-prod-device.streaming.siriusxm.com/eyJrZXkiOiJpZi9hMy9hM2YzNGUwY2QyMzQzZTQxYTc0NmRkYzZhMjAwMDU5OV8xNzU2ODQwNTM4LmpwZyIsImVkaXRzIjpbeyJmb3JtYXQiOnsidHlwZSI6ImpwZWcifX0seyJyZXNpemUiOnsid2lkdGgiOjYwMCwiaGVpZ2h0Ijo2MDB9fV19,https://www.siriusxm.com/player/talent/entity/cf3eebfb-9132-4341-89c0-5641465491ca
a1f7491a-f6d1-48da-9864-e81c27928fcd,Angela Duckworth,angela-duckworth,,https://www.siriusxm.com/player/talent/entity/a1f7491a-f6d1-48da-9864-e81c27928fcd
0af82f30-47b0-47c1-a6c2-2141c45395fe,Angela Kinsey,angela-kinsey,https://imgsrv-sxm-prod-device.streaming.siriusxm.com/eyJrZXkiOiJpZi83NS83NTNmNWM5NGY2OWIzYzNiYjkyYzcxYWU2ZTMxZDc1OF8xNzU2ODQwNjYyLmpwZyIsImVkaXRzIjpbeyJmb3JtYXQiOnsidHlwZSI6ImpwZWcifX0seyJyZXNpemUiOnsid2lkdGgiOjYwMCwiaGVpZ2h0Ijo2MDB9fV19,https://www.siriusxm.com/player/talent/entity/0af82f30-47b0-47c1-a6c2-2141c45395fe
480275e7-e779-4351-9ddc-40d5a1493d74,Angela Yee,angela-yee,,https://www.siriusxm.com/player/talent/entity/480275e7-e779-4351-9ddc-40d5a1493d74
bf05e17d-bf08-4a31-9e95-38456e0d9219,Ania Hammar,ania-hammar,https://imgsrv-sxm-prod-device.streaming.siriusxm.com/eyJrZXkiOiJlbnRpdHktbWFuYWdlbWVudC83ZC83ZDdiYjRmNWQ1MzA5YTI0NjkzYjdlMjJjMTk4MWNlZF8xNzA2ODQ0OTczNDgxLmpwZWciLCJlZGl0cyI6W3siZm9ybWF0Ijp7InR5cGUiOiJqcGVnIn19LHsicmVzaXplIjp7IndpZHRoIjo2MDAsImhlaWdodCI6NjAwfX1dfQ==,https://www.siriusxm.com/player/talent/entity/bf05e17d-bf08-4a31-9e95-38456e0d9219
997c46e2-c7a0-4f16-b2b0-d3a4c8ae0d81,Ann Wilson,ann-wilson,https://imgsrv-sxm-prod-device.streaming.siriusxm.com/eyJrZXkiOiJlbnRpdHktbWFuYWdlbWVudC8yOS8yOTk0YTIxZTQzNDRlY2ExZDFhZGIyNTE0ZDg2Njg0Yl8xNzAyNDUyMTgwODc3LmpwZWciLCJlZGl0cyI6W3siZm9ybWF0Ijp7InR5cGUiOiJqcGVnIn19LHsicmVzaXplIjp7IndpZHRoIjo2MDAsImhlaWdodCI6NjAwfX1dfQ==,https://www.siriusxm.com/player/talent/entity/997c46e2-c7a0-4f16-b2b0-d3a4c8ae0d81
b7a48cb7-c01d-459e-a0ea-b3ced70affaa,Anna Faris,anna-faris,,https://www.siriusxm.com/player/talent/entity/b7a48cb7-c01d-459e-a0ea-b3ced70affaa
549e0659-ecb0-40f8-b8f7-23e4c9471387,Anne Murray,anne-murray,,https://www.siriusxm.com/player/talent/entity/549e0659-ecb0-40f8-b8f7-23e4c9471387
a5235f06-3c3e-48bb-ac94-f55699fd0396,Anthony Bourdain,anthony-bourdain,,https://www.siriusxm.com/player/talent/entity/a5235f06-3c3e-48bb-ac94-f55699fd0396
28362a29-9c95-47d2-8380-89621451e055,Anthony Herron,anthony-herron,,https://www.siriusxm.com/player/talent/entity/28362a29-9c95-47d2-8380-89621451e055
32da8320-4d17-4331-9f24-95ea162232eb,Anthony Jeselnik,anthony-jeselnik,,https://www.siriusxm.com/player/talent/entity/32da8320-4d17-4331-9f24-95ea162232eb
242c5b0e-6828-4c12-99d4-3e70bbb9e50d,Antonio Daniels,antonio-daniels,https://imgsrv-sxm-prod-device.streaming.siriusxm.com/eyJrZXkiOiJlbnRpdHktbWFuYWdlbWVudC8wMC8wMGRiNzk5ZDZiYWZiODViOWE5NTA1OGYzZDA4MmRjZF8xNjk4Njg0NDEzMjc4LmpwZWciLCJlZGl0cyI6W3siZm9ybWF0Ijp7InR5cGUiOiJqcGVnIn19LHsicmVzaXplIjp7IndpZHRoIjo2MDAsImhlaWdodCI6NjAwfX1dfQ==,https://www.siriusxm.com/player/talent/entity/242c5b0e-6828-4c12-99d4-3e70bbb9e50d
a698f507-693e-4524-83ed-db58c90da7ce,Ari Fink,ari-fink,,https://www.siriusxm.com/player/talent/entity/a698f507-693e-4524-83ed-db58c90da7ce
d42ec99a-356a-455e-8d2d-c400e1028baa,Ariel Helwani,ariel-helwani,,https://www.siriusxm.com/player/talent/entity/d42ec99a-356a-455e-8d2d-c400e1028baa
04a16cf8-af4c-4de0-b9ef-f3b7709588a1,Arik Armstead,arik-armstead,,https://www.siriusxm.com/player/talent/entity/04a16cf8-af4c-4de0-b9ef-f3b7709588a1
2677513a-73ff-41e7-926d-e12b36c23e4b,Armin Van Buuren,armin-van-buuren,https://imgsrv-sxm-prod-device.streaming.siriusxm.com/eyJrZXkiOiJlbnRpdHktbWFuYWdlbWVudC9lMy9lMzNmNzQzNDQ2YWE0MmExZjY1ODlmMWFiYTgxYmU2Ml8xNzAyMjI1MTQzMjk3LnBuZyIsImVkaXRzIjpbeyJmb3JtYXQiOnsidHlwZSI6ImpwZWcifX0seyJyZXNpemUiOnsid2lkdGgiOjYwMCwiaGVpZ2h0Ijo2MDB9fV19,https://www.siriusxm.com/player/talent/entity/2677513a-73ff-41e7-926d-e12b36c23e4b
24f7b0b3-a444-4339-bd2e-cbc24f715d4c,Arnold Schwarzenegger,arnold-schwarzenegger,https://imgsrv-sxm-prod-device.streaming.siriusxm.com/eyJrZXkiOiJlbnRpdHktbWFuYWdlbWVudC8yYS8yYWNkYTI1MDcwZmRmM2UxYWQwYTBhZTY3ZDM5ZjZkMF8xNzIxNjczMzM3ODQyLmpwZWciLCJlZGl0cyI6W3siZm9ybWF0Ijp7InR5cGUiOiJqcGVnIn19LHsicmVzaXplIjp7IndpZHRoIjo2MDAsImhlaWdodCI6NjAwfX1dfQ==,https://www.siriusxm.com/player/talent/entity/24f7b0b3-a444-4339-bd2e-cbc24f715d4c
a8956eec-f02e-4adf-97fd-aa7a3b4aa204,Ashley Flowers,ashley-flowers,,https://www.siriusxm.com/player/talent/entity/a8956eec-f02e-4adf-97fd-aa7a3b4aa204
31a48ebc-2e52-4535-aede-3300de73208d,Aubrey Gordon,aubrey-gordon,,https://www.siriusxm.com/player/talent/entity/31a48ebc-2e52-4535-aede-3300de73208d
af178d17-7103-4202-893d-9c306852b4b5,Avery Woods,avery-woods,https://imgsrv-sxm-prod-device.streaming.siriusxm.com/eyJrZXkiOiJlbnRpdHktbWFuYWdlbWVudC81OS81OWE0YTJhMzI3YmVlNmJiMzhjN2M0NTg0NmY0YjgwM18xNzM5NDYzNzU1NjA0LmpwZWciLCJlZGl0cyI6W3siZm9ybWF0Ijp7InR5cGUiOiJqcGVnIn19LHsicmVzaXplIjp7IndpZHRoIjo2MDAsImhlaWdodCI6NjAwfX1dfQ==,https://www.siriusxm.com/player/talent/entity/af178d17-7103-4202-893d-9c306852b4b5
ae266bdd-7010-4ddf-9284-bc0074098eb7,Avril Lavigne,avril-lavigne,https://imgsrv-sxm-prod-device.streaming.siriusxm.com/eyJrZXkiOiJlbnRpdHktbWFuYWdlbWVudC9iNi9iNjVmODg4ZWIxNjI1ZThjNzhlN2ExOWNkMWJmMzA5Y18xNzAwNjIyNDc4OTgxLmpwZWciLCJlZGl0cyI6W3siZm9ybWF0Ijp7InR5cGUiOiJqcGVnIn19LHsicmVzaXplIjp7IndpZHRoIjo2MDAsImhlaWdodCI6NjAwfX1dfQ==,https://www.siriusxm.com/player/talent/entity/ae266bdd-7010-4ddf-9284-bc0074098eb7
2b2c39cc-f3cd-4437-9a78-671da63cc6cc,Awkwafina,awkwafina,https://imgsrv-sxm-prod-device.streaming.siriusxm.com/eyJrZXkiOiJlbnRpdHktbWFuYWdlbWVudC81Mi81MjNkNjQxN2FmZGY1NTU0MzNiOThjNDY0MWE2MzE1Nl8xNzIyNDQ3ODIzODY2LmpwZWciLCJlZGl0cyI6W3siZm9ybWF0Ijp7InR5cGUiOiJqcGVnIn19LHsicmVzaXplIjp7IndpZHRoIjo2MDAsImhlaWdodCI6NjAwfX1dfQ==,https://www.siriusxm.com/player/talent/entity/2b2c39cc-f3cd-4437-9a78-671da63cc6cc
65db9eb6-6b4f-4385-94cf-a757cda409af,Ayman Mohyeldin,ayman-mohyeldin,https://imgsrv-sxm-prod-device.streaming.siriusxm.com/eyJrZXkiOiJlbnRpdHktbWFuYWdlbWVudC8zMC8zMGU1ZTQ3MDQ2MjEzNThlZjJkZDE5MGY1NmY3MGViZV8xNzM4MjYyODM5ODgwLmpwZWciLCJlZGl0cyI6W3siZm9ybWF0Ijp7InR5cGUiOiJqcGVnIn19LHsicmVzaXplIjp7IndpZHRoIjo2MDAsImhlaWdodCI6NjAwfX1dfQ==,https://www.siriusxm.com/player/talent/entity/65db9eb6-6b4f-4385-94cf-a757cda409af
c7a799c7-18da-4c5b-aa34-c2a0415126af,B.B. King,b-b-king,https://imgsrv-sxm-prod-device.streaming.siriusxm.com/eyJrZXkiOiJlbnRpdHktbWFuYWdlbWVudC81Yy81Yzk3ZDhlZDlhNzZlODE4MTBkM2E0ZjMyMTA0MWIyZV8xNzAyMjMwNjE5MjQyLnBuZyIsImVkaXRzIjpbeyJmb3JtYXQiOnsidHlwZSI6ImpwZWcifX0seyJyZXNpemUiOnsid2lkdGgiOjYwMCwiaGVpZ2h0Ijo2MDB9fV19,https://www.siriusxm.com/player/talent/entity/c7a799c7-18da-4c5b-aa34-c2a0415126af
5c266a19-8d34-4eef-801f-b3d0f62b228e,BTS,bts,https://imgsrv-sxm-prod-device.streaming.siriusxm.com/eyJrZXkiOiJlbnRpdHktbWFuYWdlbWVudC81NS81NWY0ODkyYTYwMDVmZGY3ODYxOTBmOTk2YTM1ZmNlNF8xNjk5OTE2OTg0NDY0LmpwZWciLCJlZGl0cyI6W3siZm9ybWF0Ijp7InR5cGUiOiJqcGVnIn19LHsicmVzaXplIjp7IndpZHRoIjo2MDAsImhlaWdodCI6NjAwfX1dfQ==,https://www.siriusxm.com/player/talent/entity/5c266a19-8d34-4eef-801f-b3d0f62b228e
daeb2ef0-13a3-4a12-ad2a-891468f91967,Backstreet Boys,backstreet-boys,https://imgsrv-sxm-prod-device.streaming.siriusxm.com/eyJrZXkiOiJlbnRpdHktbWFuYWdlbWVudC81MS81MTgxMDQ3NDQ1NmZjN2FiYmQyNWJhNDRlZWJiMDA5Zl8xNzA0MzIwMTE5NjQwLmpwZWciLCJlZGl0cyI6W3siZm9ybWF0Ijp7InR5cGUiOiJqcGVnIn19LHsicmVzaXplIjp7IndpZHRoIjo2MDAsImhlaWdodCI6NjAwfX1dfQ==,https://www.siriusxm.com/player/talent/entity/daeb2ef0-13a3-4a12-ad2a-891468f91967
097f5246-4311-45b9-a275-ee62e6cd6e17,Bapu Jena,bapu-jena,,https://www.siriusxm.com/player/talent/entity/097f5246-4311-45b9-a275-ee62e6cd6e17
159e4411-a91b-424d-8175-763b8deafb40,Barack Obama,barack-obama,https://imgsrv-sxm-prod-device.streaming.siriusxm.com/eyJrZXkiOiJlbnRpdHktbWFuYWdlbWVudC82NS82NWRhMGY2Y2IyOTdkNzBjZTYxMWNhYTFmMWE1Y2ZiMF8xNzIwNDU1OTkwMTUzLmpwZWciLCJlZGl0cyI6W3siZm9ybWF0Ijp7InR5cGUiOiJqcGVnIn19LHsicmVzaXplIjp7IndpZHRoIjo2MDAsImhlaWdodCI6NjAwfX1dfQ==,https://www.siriusxm.com/player/talent/entity/159e4411-a91b-424d-8175-763b8deafb40
196a5f47-f9b1-4124-9a47-17ad431538a3,Barbara Corcoran,barbara-corcoran,,https://www.siriusxm.com/player/talent/entity/196a5f47-f9b1-4124-9a47-17ad431538a3
8d4b50f8-d37e-4ebf-905c-5c9f39119234,Barenaked Ladies,barenaked-ladies,https://imgsrv-sxm-prod-device.streaming.siriusxm.com/eyJrZXkiOiJlbnRpdHktbWFuYWdlbWVudC9jMi9jMjhmZmMzM2I5OWI4MTE0N2Q4MjlhYTk2YzAxZDg3OV8xNzAwNjIxNDQzNzE0LmpwZWciLCJlZGl0cyI6W3siZm9ybWF0Ijp7InR5cGUiOiJqcGVnIn19LHsicmVzaXplIjp7IndpZHRoIjo2MDAsImhlaWdodCI6NjAwfX1dfQ==,https://www.siriusxm.com/player/talent/entity/8d4b50f8-d37e-4ebf-905c-5c9f39119234
2ccbc501-d3e4-4c3a-b99f-edefaf87f538,Bari Weiss,bari-weiss,,https://www.siriusxm.com/player/talent/entity/2ccbc501-d3e4-4c3a-b99f-edefaf87f538
85e181c8-d230-4f0d-9115-caea7052e61c,Barry Manilow,barry-manilow,,https://www.siriusxm.com/player/talent/entity/85e181c8-d230-4f0d-9115-caea7052e61c
b5ec6b52-8458-43af-b7ec-9ee2ec8690a6,Barry Ritholtz,barry-ritholtz,,https://www.siriusxm.com/player/talent/entity/b5ec6b52-8458-43af-b7ec-9ee2ec8690a6
bdb37a22-2577-427a-8fd2-d6b066a0a865,BeBe Winans,bebe-winans,,https://www.siriusxm.com/player/talent/entity/bdb37a22-2577-427a-8fd2-d6b066a0a865
03ef47e5-692d-4edc-b5a9-7208831d0429,Beartooth,beartooth,https://imgsrv-sxm-prod-device.streaming.siriusxm.com/eyJrZXkiOiJlbnRpdHktbWFuYWdlbWVudC83Ni83NjZhNjlkN2ExZThiYzNjYjkxNjg1NTZjYzgzOGM3OF8xNzA0MzIzODA2MDE4LmpwZWciLCJlZGl0cyI6W3siZm9ybWF0Ijp7InR5cGUiOiJqcGVnIn19LHsicmVzaXplIjp7IndpZHRoIjo2MDAsImhlaWdodCI6NjAwfX1dfQ==,https://www.siriusxm.com/player/talent/entity/03ef47e5-692d-4edc-b5a9-7208831d0429
601b3861-ffea-4afe-9149-db4736def786,Becky G,becky-g,,https://www.siriusxm.com/player/talent/entity/601b3861-ffea-4afe-9149-db4736def786
1e653b75-f04b-4f80-b76b-e8f3d704e0df,Belinda Carlisle,belinda-carlisle,,https://www.siriusxm.com/player/talent/entity/1e653b75-f04b-4f80-b76b-e8f3d704e0df
76a2999a-983f-461b-92a9-d6d952812ba1,Bella Poarch,bella-poarch,,https://www.siriusxm.com/player/talent/entity/76a2999a-983f-461b-92a9-d6d952812ba1
f09a27b9-0883-475d-bdf8-a79ba2b3c412,Ben Hartsock,ben-hartsock,,https://www.siriusxm.com/player/talent/entity/f09a27b9-0883-475d-bdf8-a79ba2b3c412
28b28bf5-9f53-44c2-8efa-c724227baccf,Ben Kissel,ben-kissel,,https://www.siriusxm.com/player/talent/entity/28b28bf5-9f53-44c2-8efa-c724227baccf
5a7645cb-0c6c-44cd-bd2b-0219ce9698ad,Ben Shapiro,ben-shapiro,,https://www.siriusxm.com/player/talent/entity/5a7645cb-0c6c-44cd-bd2b-0219ce9698ad
34c66b35-634e-480c-8e9b-f9c0ca649a1f,Ben Stiller,ben-stiller,https://imgsrv-sxm-prod-device.streaming.siriusxm.com/eyJrZXkiOiJlbnRpdHktbWFuYWdlbWVudC81NC81NDdkZWU2NGJkMTk5NGI1M2UwZDBmN2FiYWUyZWFhZl8xNzE5MzU2NTAyNzQ2LmpwZWciLCJlZGl0cyI6W3siZm9ybWF0Ijp7InR5cGUiOiJqcGVnIn19LHsicmVzaXplIjp7IndpZHRoIjo2MDAsImhlaWdodCI6NjAwfX1dfQ==,https://www.siriusxm.com/player/talent/entity/34c66b35-634e-480c-8e9b-f9c0ca649a1f
83c32edb-97cc-48f7-8cbf-7c34399a760f,Bengt Washburn,bengt-washburn,,https://www.siriusxm.com/player/talent/entity/83c32edb-97cc-48f7-8cbf-7c34399a760f
6004a941-b264-4583-952b-3640768d1182,Benmont Tench,benmont-tench,https://imgsrv-sxm-prod-device.streaming.siriusxm.com/eyJrZXkiOiJlbnRpdHktbWFuYWdlbWVudC80Yi80YmQwMjA0ZGRjOTQyNGI4ZDc3M2ZjNDg3MmY0MWM5YV8xNzAyNDAxMDQ1NTY0LmpwZWciLCJlZGl0cyI6W3siZm9ybWF0Ijp7InR5cGUiOiJqcGVnIn19LHsicmVzaXplIjp7IndpZHRoIjo2MDAsImhlaWdodCI6NjAwfX1dfQ==,https://www.siriusxm.com/player/talent/entity/6004a941-b264-4583-952b-3640768d1182
5314100e-2a6a-423e-ac37-2648feb24413,Bert Kreischer,bert-kreischer,,https://www.siriusxm.com/player/talent/entity/5314100e-2a6a-423e-ac37-2648feb24413
3f4dff95-44a5-4746-b600-40e1d5ffd6eb,Beto Cuevas,beto-cuevas,,https://www.siriusxm.com/player/talent/entity/3f4dff95-44a5-4746-b600-40e1d5ffd6eb
7a52f074-985b-4282-9ff7-2fb1944c54a6,Bevy Smith,bevy-smith,https://imgsrv-sxm-prod-device.streaming.siriusxm.com/eyJrZXkiOiJlbnRpdHktbWFuYWdlbWVudC9lNS9lNTYyMjljNjc5ZmQ5MmNmYjUyODczMmQ3ZjJlZGQxYV8xNzE3NTQ2NTExMTE1LmpwZWciLCJlZGl0cyI6W3siZm9ybWF0Ijp7InR5cGUiOiJqcGVnIn19LHsicmVzaXplIjp7IndpZHRoIjo2MDAsImhlaWdodCI6NjAwfX1dfQ==,https://www.siriusxm.com/player/talent/entity/7a52f074-985b-4282-9ff7-2fb1944c54a6
4590fc71-e8f9-4865-a782-5282656c8237,Big Jay Oakerson,big-jay-oakerson,https://imgsrv-sxm-prod-device.streaming.siriusxm.com/eyJrZXkiOiJlbnRpdHktbWFuYWdlbWVudC82YS82YTFjODdhMzUzY2IwODY1MDM4YmI2ZWJjMjlhNDcxN18xNzQ1NTMwNzM1ODQ3LmpwZWciLCJlZGl0cyI6W3siZm9ybWF0Ijp7InR5cGUiOiJqcGVnIn19LHsicmVzaXplIjp7IndpZHRoIjo2MDAsImhlaWdodCI6NjAwfX1dfQ==,https://www.siriusxm.com/player/talent/entity/4590fc71-e8f9-4865-a782-5282656c8237
40154896-745f-479d-ad14-2eb3d8c14f93,Big Time Rush,big-time-rush,,https://www.siriusxm.com/player/talent/entity/40154896-745f-479d-ad14-2eb3d8c14f93
2808c306-e53b-4192-9f27-f13ac6318127,Bill Belichick,bill-belichick,https://imgsrv-sxm-prod-device.streaming.siriusxm.com/eyJrZXkiOiJlbnRpdHktbWFuYWdlbWVudC8yOC8yOGEzMzNkNTE5OTVmMTk4YjcxNGVmMDZlNGZiZWJhYV8xNzI5NzEyMTczMjEzLmpwZWciLCJlZGl0cyI6W3siZm9ybWF0Ijp7InR5cGUiOiJqcGVnIn19LHsicmVzaXplIjp7IndpZHRoIjo2MDAsImhlaWdodCI6NjAwfX1dfQ==,https://www.siriusxm.com/player/talent/entity/2808c306-e53b-4192-9f27-f13ac6318127
f17e0a4e-4f21-4e6c-8379-acce232b0121,Bill Bradley,bill-bradley,,https://www.siriusxm.com/player/talent/entity/f17e0a4e-4f21-4e6c-8379-acce232b0121
8b226596-16eb-4ae2-b0c5-61db4c363e8d,Bill Burr,bill-burr,https://imgsrv-sxm-prod-device.streaming.siriusxm.com/eyJrZXkiOiJlbnRpdHktbWFuYWdlbWVudC82OS82OWUwZDRiYjZjNWU2NTQyNDM1Yjg2MmFkOTViNzRhMF8xNzAwNjIxMzg2NTU5LmpwZWciLCJlZGl0cyI6W3siZm9ybWF0Ijp7InR5cGUiOiJqcGVnIn19LHsicmVzaXplIjp7IndpZHRoIjo2MDAsImhlaWdodCI6NjAwfX1dfQ==,https://www.siriusxm.com/player/talent/entity/8b226596-16eb-4ae2-b0c5-61db4c363e8d
b84e7d47-8310-4004-820c-bfa22ecc7741,Bill Evans,bill-evans,,https://www.siriusxm.com/player/talent/entity/b84e7d47-8310-4004-820c-bfa22ecc7741
04a2b1d3-2186-4172-bee6-38fba295811b,Bill Flanagan,bill-flanagan,,https://www.siriusxm.com/player/talent/entity/04a2b1d3-2186-4172-bee6-38fba295811b
25cf7d58-a248-4778-af00-027a434b31f1,Bill Gaither,bill-gaither,,https://www.siriusxm.com/player/talent/entity/25cf7d58-a248-4778-af00-027a434b31f1
36279c6e-eed1-4430-b149-5af8189da590,Bill Maher,bill-maher,https://imgsrv-sxm-prod-device.streaming.siriusxm.com/eyJrZXkiOiJlbnRpdHktbWFuYWdlbWVudC82NC82NDE2ZTdkZDk3NmQ3ODBhNDNiOWM5N2E3Y2U2OTc2Y18xNzE2NDEzNTk5MzUyLmpwZWciLCJlZGl0cyI6W3siZm9ybWF0Ijp7InR5cGUiOiJqcGVnIn19LHsicmVzaXplIjp7IndpZHRoIjo2MDAsImhlaWdodCI6NjAwfX1dfQ==,https://www.siriusxm.com/player/talent/entity/36279c6e-eed1-4430-b149-5af8189da590
ee07e132-7005-4905-a6a0-fbcdaecd7cf9,Bill Polian,bill-polian,,https://www.siriusxm.com/player/talent/entity/ee07e132-7005-4905-a6a0-fbcdaecd7cf9
ab84435e-9af1-442a-8aba-5c4680b6f96b,Bill Simmons,bill-simmons,https://imgsrv-sxm-prod-device.streaming.siriusxm.com/eyJrZXkiOiJlbnRpdHktbWFuYWdlbWVudC9iNC9iNDU3MWYyNTc5ZTRiZDI0MGQ0M2U4NTI2ZTVhMzQ3Nl8xNzIyMjk0NTcwMzc4LmpwZWciLCJlZGl0cyI6W3siZm9ybWF0Ijp7InR5cGUiOiJqcGVnIn19LHsicmVzaXplIjp7IndpZHRoIjo2MDAsImhlaWdodCI6NjAwfX1dfQ==,https://www.siriusxm.com/player/talent/entity/ab84435e-9af1-442a-8aba-5c4680b6f96b
3d5f62df-214d-4c9a-9184-6afe3f63681e,Billie Eilish,billie-eilish,https://imgsrv-sxm-prod-device.streaming.siriusxm.com/eyJrZXkiOiJlbnRpdHktbWFuYWdlbWVudC9mYi9mYjUxMDc0NjhjY2JhMjE0MjlhZDdkYzRjMDIzNjY2ZF8xNzE1MzU1MzYzNjg5LmpwZWciLCJlZGl0cyI6W3siZm9ybWF0Ijp7InR5cGUiOiJqcGVnIn19LHsicmVzaXplIjp7IndpZHRoIjo2MDAsImhlaWdodCI6NjAwfX1dfQ==,https://www.siriusxm.com/player/talent/entity/3d5f62df-214d-4c9a-9184-6afe3f63681e
3840bc41-32bb-4854-88fb-7738b82b07c8,Billy Corgan,billy-corgan,,https://www.siriusxm.com/player/talent/entity/3840bc41-32bb-4854-88fb-7738b82b07c8
c8e88d84-4222-4eee-bbb7-e9fed6f37227,Billy Graham,billy-graham,,https://www.siriusxm.com/player/talent/entity/c8e88d84-4222-4eee-bbb7-e9fed6f37227
5b73b42a-be13-43c5-8caf-5f621b722d14,Billy Idol,billy-idol,https://imgsrv-sxm-prod-device.streaming.siriusxm.com/eyJrZXkiOiJlbnRpdHktbWFuYWdlbWVudC8yMS8yMWQ2MTVhYmM0YWYzNDZjMTJlOWI4YWY4ODhjYTljY18xNzAyMjI1NTk4NDk2LnBuZyIsImVkaXRzIjpbeyJmb3JtYXQiOnsidHlwZSI6ImpwZWcifX0seyJyZXNpemUiOnsid2lkdGgiOjYwMCwiaGVpZ2h0Ijo2MDB9fV19,https://www.siriusxm.com/player/talent/entity/5b73b42a-be13-43c5-8caf-5f621b722d14
576e0cc7-63eb-41e7-88c3-7be1bad19043,Billy Joel,billy-joel,https://imgsrv-sxm-prod-device.streaming.siriusxm.com/eyJrZXkiOiJlbnRpdHktbWFuYWdlbWVudC83Yy83Y2FjZmQ1ZmNiMzRkOThkZGQzMWVkMDgxN2E5ZDgzNF8xNzAwNjIxMzk4NjI4LmpwZWciLCJlZGl0cyI6W3siZm9ybWF0Ijp7InR5cGUiOiJqcGVnIn19LHsicmVzaXplIjp7IndpZHRoIjo2MDAsImhlaWdodCI6NjAwfX1dfQ==,https://www.siriusxm.com/player/talent/entity/576e0cc7-63eb-41e7-88c3-7be1bad19043
4cbfebee-4021-45f7-9486-5fc35a59e127,Billy Wayne Davis,billy-wayne-davis,,https://www.siriusxm.com/player/talent/entity/4cbfebee-4021-45f7-9486-5fc35a59e127
fb03def4-df1a-492e-ade8-41a47a3a183e,Bing Crosby,bing-crosby,,https://www.siriusxm.com/player/talent/entity/fb03def4-df1a-492e-ade8-41a47a3a183e
1d4f850b-9763-4c51-982f-02d865c13eff,Biz Markie,biz-markie,,https://www.siriusxm.com/player/talent/entity/1d4f850b-9763-4c51-982f-02d865c13eff
05da5119-de9a-4625-8c74-b03deb345182,Björk,bj-rk,https://imgsrv-sxm-prod-device.streaming.siriusxm.com/eyJrZXkiOiJlbnRpdHktbWFuYWdlbWVudC80Mi80MmUzNzY0YWFiMjA5NGZmNzQwM2Y2ZmI4M2Q2Y2ViZl8xNzAwNjIzMDU5NjUzLmpwZWciLCJlZGl0cyI6W3siZm9ybWF0Ijp7InR5cGUiOiJqcGVnIn19LHsicmVzaXplIjp7IndpZHRoIjo2MDAsImhlaWdodCI6NjAwfX1dfQ==,https://www.siriusxm.com/player/talent/entity/05da5119-de9a-4625-8c74-b03deb345182
9c95223a-ff8c-42eb-84be-fb51b734076d,Blackstreet,blackstreet,,https://www.siriusxm.com/player/talent/entity/9c95223a-ff8c-42eb-84be-fb51b734076d
03bcc0d2-bf4e-41a9-a8b4-0dd305d1f94e,Blanco Brown,blanco-brown,,https://www.siriusxm.com/player/talent/entity/03bcc0d2-bf4e-41a9-a8b4-0dd305d1f94e
0d015cfa-abd4-482d-847b-80607e68a89a,Bob Buchmann,bob-buchmann,https://imgsrv-sxm-prod-device.streaming.siriusxm.com/eyJrZXkiOiJlbnRpdHktbWFuYWdlbWVudC9hYi9hYjQ1NGJiNGQ2OTA4NTUwZTI2NTE0NTNmNjNlMzdlMF8xNzEyODYwNTYzNjc1LmpwZWciLCJlZGl0cyI6W3siZm9ybWF0Ijp7InR5cGUiOiJqcGVnIn19LHsicmVzaXplIjp7IndpZHRoIjo2MDAsImhlaWdodCI6NjAwfX1dfQ==,https://www.siriusxm.com/player/talent/entity/0d015cfa-abd4-482d-847b-80607e68a89a
7b746050-467c-4191-b344-f553765d0c2c,Bob Dylan,bob-dylan,https://imgsrv-sxm-prod-device.streaming.siriusxm.com/eyJrZXkiOiJlbnRpdHktbWFuYWdlbWVudC9kYi9kYjA3NjdkOGVhNGE1MzQxNjIzMTM5ZWU1OGRlNDYyM18xNzAwNjIxMzg4MjY5LmpwZWciLCJlZGl0cyI6W3siZm9ybWF0Ijp7InR5cGUiOiJqcGVnIn19LHsicmVzaXplIjp7IndpZHRoIjo2MDAsImhlaWdodCI6NjAwfX1dfQ==,https://www.siriusxm.com/player/talent/entity/7b746050-467c-4191-b344-f553765d0c2c
f48a45c8-068f-422e-b8c7-1adb32f65b78,Bob Harris,bob-harris,,https://www.siriusxm.com/player/talent/entity/f48a45c8-068f-422e-b8c7-1adb32f65b78
3c747960-f4e9-43af-a054-fe5a310252f8,Bob Hope,bob-hope,,https://www.siriusxm.com/player/talent/entity/3c747960-f4e9-43af-a054-fe5a310252f8
81ee3fb0-bc72-4948-9e5d-a608f1d94a05,Bob Marley,bob-marley,https://imgsrv-sxm-prod-device.streaming.siriusxm.com/eyJrZXkiOiJlbnRpdHktbWFuYWdlbWVudC9hZi9hZmEyMTcxMzgyNGY4MWZjYTljZGViYjQwMDY4YjU0NF8xNzAyMjMxMDQwNDI1LnBuZyIsImVkaXRzIjpbeyJmb3JtYXQiOnsidHlwZSI6ImpwZWcifX0seyJyZXNpemUiOnsid2lkdGgiOjYwMCwiaGVpZ2h0Ijo2MDB9fV19,https://www.siriusxm.com/player/talent/entity/81ee3fb0-bc72-4948-9e5d-a608f1d94a05
7c203ebe-0a80-47e6-8564-035ef6adde15,Bob McCown,bob-mccown,,https://www.siriusxm.com/player/talent/entity/7c203ebe-0a80-47e6-8564-035ef6adde15
fc4d8aeb-4352-4790-a475-7de8f9e93ab3,Bob Odenkirk,bob-odenkirk,https://imgsrv-sxm-prod-device.streaming.siriusxm.com/eyJrZXkiOiJpZi84Yi84YjMxYzIyYWRkYWUzZmIwYjIxYWU4MmU1NmJlZGJmZl8xNzU2ODQwMzg0LmpwZyIsImVkaXRzIjpbeyJmb3JtYXQiOnsidHlwZSI6ImpwZWcifX0seyJyZXNpemUiOnsid2lkdGgiOjYwMCwiaGVpZ2h0Ijo2MDB9fV19,https://www.siriusxm.com/player/talent/entity/fc4d8aeb-4352-4790-a475-7de8f9e93ab3
e31de336-4c59-4934-bc69-81db104bc399,Bob Papa,bob-papa,,https://www.siriusxm.com/player/talent/entity/e31de336-4c59-4934-bc69-81db104bc399
0c7b5709-2c74-49b7-933b-4ae6ea218fb9,Bob the Drag Queen,bob-the-drag-queen,https://imgsrv-sxm-prod-device.streaming.siriusxm.com/eyJrZXkiOiJlbnRpdHktbWFuYWdlbWVudC8wMy8wM2QzYmQxMDFhOWE5YjBlNDcwZjgxMjU1MjE2YTE3OF8xNzQxNjM2Mzc3Nzk1LmpwZWciLCJlZGl0cyI6W3siZm9ybWF0Ijp7InR5cGUiOiJqcGVnIn19LHsicmVzaXplIjp7IndpZHRoIjo2MDAsImhlaWdodCI6NjAwfX1dfQ==,https://www.siriusxm.com/player/talent/entity/0c7b5709-2c74-49b7-933b-4ae6ea218fb9
545e0d78-8881-4425-9d21-4230aaf99d83,Bobbi Brown,bobbi-brown,,https://www.siriusxm.com/player/talent/entity/545e0d78-8881-4425-9d21-4230aaf99d83
17183e7f-ca85-4b72-b0a6-01c64f00b363,Bobby Bones,bobby-bones,,https://www.siriusxm.com/player/talent/entity/17183e7f-ca85-4b72-b0a6-01c64f00b363
3d86d05d-0a7b-457a-823d-c4da6cf53b61,Bomani Jones,bomani-jones,,https://www.siriusxm.com/player/talent/entity/3d86d05d-0a7b-457a-823d-c4da6cf53b61
3765720b-3749-437c-bf9d-0ad8a04c62e1,Bon Jovi,bon-jovi,https://imgsrv-sxm-prod-device.streaming.siriusxm.com/eyJrZXkiOiJlbnRpdHktbWFuYWdlbWVudC8wOS8wOTIzZTdjNDUzNDI2YTRiNjY1ZTI0ODM1NzI0OWViMV8xNzAyMjMxNjAyMjAzLnBuZyIsImVkaXRzIjpbeyJmb3JtYXQiOnsidHlwZSI6ImpwZWcifX0seyJyZXNpemUiOnsid2lkdGgiOjYwMCwiaGVpZ2h0Ijo2MDB9fV19,https://www.siriusxm.com/player/talent/entity/3765720b-3749-437c-bf9d-0ad8a04c62e1
ae3a96db-2291-4913-a4f4-8be838c8ec30,Bonnie McFarlane,bonnie-mcfarlane,,https://www.siriusxm.com/player/talent/entity/ae3a96db-2291-4913-a4f4-8be838c8ec30
45c358f8-0250-429e-a03a-5334bbe3ed49,Bonnie Tyler,bonnie-tyler,,https://www.siriusxm.com/player/talent/entity/45c358f8-0250-429e-a03a-5334bbe3ed49
91f502e4-6bd9-44e0-9da0-bacd07b3ecbe,Bono,bono,https://imgsrv-sxm-prod-device.streaming.siriusxm.com/eyJrZXkiOiJlbnRpdHktbWFuYWdlbWVudC85NS85NTM4MDVjNzFlOGI5N2JhMzg3MmVjNTI5N2VhMmViYV8xNzIxMzA2NzgwMTk4LmpwZWciLCJlZGl0cyI6W3siZm9ybWF0Ijp7InR5cGUiOiJqcGVnIn19LHsicmVzaXplIjp7IndpZHRoIjo2MDAsImhlaWdodCI6NjAwfX1dfQ==,https://www.siriusxm.com/player/talent/entity/91f502e4-6bd9-44e0-9da0-bacd07b3ecbe
b4e3e507-00bf-4d68-8807-b74fc43704f7,Brad Faxon,brad-faxon,,https://www.siriusxm.com/player/talent/entity/b4e3e507-00bf-4d68-8807-b74fc43704f7
d2c4fe11-4719-479d-b229-59083a88d01b,Brad Gillie,brad-gillie,,https://www.siriusxm.com/player/talent/entity/d2c4fe11-4719-479d-b229-59083a88d01b
7b3ebb64-6e31-4c0d-ac22-ab51fec19518,Brad Hopkins,brad-hopkins,,https://www.siriusxm.com/player/talent/entity/7b3ebb64-6e31-4c0d-ac22-ab51fec19518
9253fdee-2788-487d-8b6e-fdd49cbb9c6b,Brad Lidge,brad-lidge,,https://www.siriusxm.com/player/talent/entity/9253fdee-2788-487d-8b6e-fdd49cbb9c6b
acc1ee78-42d8-4d00-989c-0aae07dc27e5,Brady Quinn,brady-quinn,,https://www.siriusxm.com/player/talent/entity/acc1ee78-42d8-4d00-989c-0aae07dc27e5
90a5cedd-3b5e-4098-ab09-e1522b833d08,Brandi Carlile,brandi-carlile,https://imgsrv-sxm-prod-device.streaming.siriusxm.com/eyJrZXkiOiJlbnRpdHktbWFuYWdlbWVudC9hMy9hM2RmODUwOTgxOTBiMjllZTQxMWU2OWQ3Njk3OGIwZF8xNzQyODI0MjkwMzMwLmpwZWciLCJlZGl0cyI6W3siZm9ybWF0Ijp7InR5cGUiOiJqcGVnIn19LHsicmVzaXplIjp7IndpZHRoIjo2MDAsImhlaWdodCI6NjAwfX1dfQ==,https://www.siriusxm.com/player/talent/entity/90a5cedd-3b5e-4098-ab09-e1522b833d08
368c90bc-9391-4b85-b1f8-9a35f08ccdb9,Brandon Marshall,brandon-marshall,,https://www.siriusxm.com/player/talent/entity/368c90bc-9391-4b85-b1f8-9a35f08ccdb9
731c3acc-27e2-4141-a7e5-988410c40eda,Brené Brown,bren-brown,,https://www.siriusxm.com/player/talent/entity/731c3acc-27e2-4141-a7e5-988410c40eda
4eca269a-faeb-41d5-8c99-5fea5373f194,Brett Favre,brett-favre,,https://www.siriusxm.com/player/talent/entity/4eca269a-faeb-41d5-8c99-5fea5373f194
169bf673-a9e5-4c31-be64-fcdd7c61b6f2,Brett Kissel,brett-kissel,,https://www.siriusxm.com/player/talent/entity/169bf673-a9e5-4c31-be64-fcdd7c61b6f2
b7b193bb-6c04-46b0-afd2-d4b3fea94645,Brian Cox,brian-cox,,https://www.siriusxm.com/player/talent/entity/b7b193bb-6c04-46b0-afd2-d4b3fea94645
8ce3d58f-2d58-4017-aab2-57aa7e319d1d,Brian Dunseth,brian-dunseth,https://imgsrv-sxm-prod-device.streaming.siriusxm.com/eyJrZXkiOiJlbnRpdHktbWFuYWdlbWVudC83Ny83NzM2M2Q1MDZhNzAwY2E3NmUwOTlmZjAyZjY4OTI0YV8xNzQxMTA5MzY5MDE4LnBuZyIsImVkaXRzIjpbeyJmb3JtYXQiOnsidHlwZSI6ImpwZWcifX0seyJyZXNpemUiOnsid2lkdGgiOjYwMCwiaGVpZ2h0Ijo2MDB9fV19,https://www.siriusxm.com/player/talent/entity/8ce3d58f-2d58-4017-aab2-57aa7e319d1d
b8ec5ff3-376d-43c9-a492-1b2f27ff0acf,Brian Posehn,brian-posehn,,https://www.siriusxm.com/player/talent/entity/b8ec5ff3-376d-43c9-a492-1b2f27ff0acf
0a75a1b3-5075-4858-97be-2ce40a34c7a6,Brian Regan,brian-regan,,https://www.siriusxm.com/player/talent/entity/0a75a1b3-5075-4858-97be-2ce40a34c7a6
e8c27fdc-e49f-4883-8728-fa420d2d17e1,Brian Scalabrine,brian-scalabrine,https://imgsrv-sxm-prod-device.streaming.siriusxm.com/eyJrZXkiOiJlbnRpdHktbWFuYWdlbWVudC8zNi8zNjE1YWYyNTIyMTNmM2E4ZTAzMzU1Zjg1YWRhZTA3NF8xNzAxNTQ2MzQ0Njc0LmpwZWciLCJlZGl0cyI6W3siZm9ybWF0Ijp7InR5cGUiOiJqcGVnIn19LHsicmVzaXplIjp7IndpZHRoIjo2MDAsImhlaWdodCI6NjAwfX1dfQ==,https://www.siriusxm.com/player/talent/entity/e8c27fdc-e49f-4883-8728-fa420d2d17e1
4f26e71b-d85f-4935-a561-95e7753eb2cf,Brian Setzer,brian-setzer,https://imgsrv-sxm-prod-device.streaming.siriusxm.com/eyJrZXkiOiJlbnRpdHktbWFuYWdlbWVudC82Yi82YjMwODhhY2IzYzM0NWQ1MjMxM2ZlMGFhN2QwZmQ1OV8xNzA0MzIzODU5MTQ3LmpwZWciLCJlZGl0cyI6W3siZm9ybWF0Ijp7InR5cGUiOiJqcGVnIn19LHsicmVzaXplIjp7IndpZHRoIjo2MDAsImhlaWdodCI6NjAwfX1dfQ==,https://www.siriusxm.com/player/talent/entity/4f26e71b-d85f-4935-a561-95e7753eb2cf
94611a90-4cc4-4c44-95fe-55378fa12214,Brian Simpson,brian-simpson,https://imgsrv-sxm-prod-device.streaming.siriusxm.com/eyJrZXkiOiJlbnRpdHktbWFuYWdlbWVudC9iNi9iNjgxZTM1NjM1MjJiYWVjOTk1Y2YxZGY5N2U4NTBiMl8xNzI3MzczOTM3MTE4LmpwZWciLCJlZGl0cyI6W3siZm9ybWF0Ijp7InR5cGUiOiJqcGVnIn19LHsicmVzaXplIjp7IndpZHRoIjo2MDAsImhlaWdodCI6NjAwfX1dfQ==,https://www.siriusxm.com/player/talent/entity/94611a90-4cc4-4c44-95fe-55378fa12214
b240c279-9b85-47c9-b7bf-5178e0fb427e,Brittany Luse,brittany-luse,,https://www.siriusxm.com/player/talent/entity/b240c279-9b85-47c9-b7bf-5178e0fb427e
476675ac-8864-4fc8-a92c-a5c46b26595b,Brooks Wheelan,brooks-wheelan,,https://www.siriusxm.com/player/talent/entity/476675ac-8864-4fc8-a92c-a5c46b26595b
10251d79-e0fc-4cc7-900f-2cc867136cdd,Bruce Murray,bruce-murray,https://imgsrv-sxm-prod-device.streaming.siriusxm.com/eyJrZXkiOiJlbnRpdHktbWFuYWdlbWVudC9iMC9iMDYzYjkzOTczOWMzNjI4Y2MwNTlhMDcyZDhjNThhY18xNzMwOTIwMjczMjM3LmpwZWciLCJlZGl0cyI6W3siZm9ybWF0Ijp7InR5cGUiOiJqcGVnIn19LHsicmVzaXplIjp7IndpZHRoIjo2MDAsImhlaWdodCI6NjAwfX1dfQ==,https://www.siriusxm.com/player/talent/entity/10251d79-e0fc-4cc7-900f-2cc867136cdd
6989a235-e8d9-4644-81a1-73df761f3fc9,Bruce Springsteen,bruce-springsteen,https://imgsrv-sxm-prod-device.streaming.siriusxm.com/eyJrZXkiOiJlbnRpdHktbWFuYWdlbWVudC8zOS8zOTI0Mzc0ZWVjMTMxMzg3ZGM5NDQ3YzU5NmViMDU4N18xNzAyMjMzMDQwOTA2LnBuZyIsImVkaXRzIjpbeyJmb3JtYXQiOnsidHlwZSI6ImpwZWcifX0seyJyZXNpemUiOnsid2lkdGgiOjYwMCwiaGVpZ2h0Ijo2MDB9fV19,https://www.siriusxm.com/player/talent/entity/6989a235-e8d9-4644-81a1-73df761f3fc9
e1c2f877-b910-43b0-aa98-6ca274da49a4,Bruce Springsteen & The E Street Band,bruce-springsteen-the-e-street-band,,https://www.siriusxm.com/player/talent/entity/e1c2f877-b910-43b0-aa98-6ca274da49a4
92723873-f172-4c83-8b36-bc92cefe7a1c,Bryan Adams,bryan-adams,https://imgsrv-sxm-prod-device.streaming.siriusxm.com/eyJrZXkiOiJlbnRpdHktbWFuYWdlbWVudC8xMS8xMWQ0ZTBiNTM2YjI5ZWUwNGNiZGYyNjQyNmMwNzY2Y18xNzA0MzIzODk4NDc2LmpwZWciLCJlZGl0cyI6W3siZm9ybWF0Ijp7InR5cGUiOiJqcGVnIn19LHsicmVzaXplIjp7IndpZHRoIjo2MDAsImhlaWdodCI6NjAwfX1dfQ==,https://www.siriusxm.com/player/talent/entity/92723873-f172-4c83-8b36-bc92cefe7a1c
7d6270c8-fde7-4147-8f49-43f5478258fe,Bryan Cranston,bryan-cranston,https://imgsrv-sxm-prod-device.streaming.siriusxm.com/eyJrZXkiOiJlbnRpdHktbWFuYWdlbWVudC9iOS9iOTRlOThmNjczOWUyODNjNGY2NTU0MTA0MWUzMGYyMF8xNzIyMzUxMzA0MDUyLmpwZWciLCJlZGl0cyI6W3siZm9ybWF0Ijp7InR5cGUiOiJqcGVnIn19LHsicmVzaXplIjp7IndpZHRoIjo2MDAsImhlaWdodCI6NjAwfX1dfQ==,https://www.siriusxm.com/player/talent/entity/7d6270c8-fde7-4147-8f49-43f5478258fe
fffc9020-0cf2-43bf-8fad-83da7c2c4db1,Buck Sexton,buck-sexton,,https://www.siriusxm.com/player/talent/entity/fffc9020-0cf2-43bf-8fad-83da7c2c4db1
e54c8a99-c2a2-4413-8585-74af75449564,Buddy Miller,buddy-miller,,https://www.siriusxm.com/player/talent/entity/e54c8a99-c2a2-4413-8585-74af75449564
1cd67191-8866-483e-a473-3719c96fe736,Bully Ray,bully-ray,https://imgsrv-sxm-prod-device.streaming.siriusxm.com/eyJrZXkiOiJpZi83YS83YTFiYzU2MjkxMTAzOWVkYjJjNDkyYzIwZDIxOWM2YV8xNzU2ODQwNDU4LmpwZyIsImVkaXRzIjpbeyJmb3JtYXQiOnsidHlwZSI6ImpwZWcifX0seyJyZXNpemUiOnsid2lkdGgiOjYwMCwiaGVpZ2h0Ijo2MDB9fV19,https://www.siriusxm.com/player/talent/entity/1cd67191-8866-483e-a473-3719c96fe736
d282eea3-0f75-4c85-acd8-72b49ef540f1,Bun B,bun-b,,https://www.siriusxm.com/player/talent/entity/d282eea3-0f75-4c85-acd8-72b49ef540f1
8a90b97e-bdd3-46bb-98aa-692232222fbd,Buzz Brainard,buzz-brainard,https://imgsrv-sxm-prod-device.streaming.siriusxm.com/eyJrZXkiOiJlbnRpdHktbWFuYWdlbWVudC9kYy9kYzE0NWE0NWE3Mjk3NDk3NzliNmQyZWJmNWEyMDQ5Ml8xNzAxOTA1NDE5MTg3LmpwZWciLCJlZGl0cyI6W3siZm9ybWF0Ijp7InR5cGUiOiJqcGVnIn19LHsicmVzaXplIjp7IndpZHRoIjo2MDAsImhlaWdodCI6NjAwfX1dfQ==,https://www.siriusxm.com/player/talent/entity/8a90b97e-bdd3-46bb-98aa-692232222fbd
2576058d-8b5c-40c8-b4e4-bde4887d3360,CJ McCollum,cj-mccollum,https://imgsrv-sxm-prod-device.streaming.siriusxm.com/eyJrZXkiOiJlbnRpdHktbWFuYWdlbWVudC80Yy80Y2U4MWQ3NmYyYTc2ZmRjYzY5MTQ2YTQzZWIzODFiY18xNzM4MzYyMDI4NzA2LmpwZWciLCJlZGl0cyI6W3siZm9ybWF0Ijp7InR5cGUiOiJqcGVnIn19LHsicmVzaXplIjp7IndpZHRoIjo2MDAsImhlaWdodCI6NjAwfX1dfQ==,https://www.siriusxm.com/player/talent/entity/2576058d-8b5c-40c8-b4e4-bde4887d3360
68482535-9a25-4411-8286-56ff28e32d8e,Caity Babs,caity-babs,https://imgsrv-sxm-prod-device.streaming.siriusxm.com/eyJrZXkiOiJlbnRpdHktbWFuYWdlbWVudC9iOS9iOTk0ZTg5NWE3ZGQwMDkyNWExYTIzOGRhZTVmM2FiZV8xNzAxOTA3MzUzODEzLmpwZWciLCJlZGl0cyI6W3siZm9ybWF0Ijp7InR5cGUiOiJqcGVnIn19LHsicmVzaXplIjp7IndpZHRoIjo2MDAsImhlaWdodCI6NjAwfX1dfQ==,https://www.siriusxm.com/player/talent/entity/68482535-9a25-4411-8286-56ff28e32d8e
bdb4feab-0625-402b-b3de-f95aad77c905,Cam'ron,camron,,https://www.siriusxm.com/player/talent/entity/bdb4feab-0625-402b-b3de-f95aad77c905
fd55de60-1629-451a-af22-980caa138c28,Cameron Esposito,cameron-esposito,,https://www.siriusxm.com/player/talent/entity/fd55de60-1629-451a-af22-980caa138c28
a6250727-4495-4b99-badd-5931433811d9,Cameron Heyward,cameron-heyward,,https://www.siriusxm.com/player/talent/entity/a6250727-4495-4b99-badd-5931433811d9
658f6435-917a-4ab6-997c-c51f29eaed18,Cameron Jordan,cameron-jordan,,https://www.siriusxm.com/player/talent/entity/658f6435-917a-4ab6-997c-c51f29eaed18
4ce98e98-2c0f-42be-9d35-dffed7a0a889,Candace Owens,candace-owens,,https://www.siriusxm.com/player/talent/entity/4ce98e98-2c0f-42be-9d35-dffed7a0a889
09880fa4-950a-46e6-ab1a-21c4ca751447,Cardi B,cardi-b,https://imgsrv-sxm-prod-device.streaming.siriusxm.com/eyJrZXkiOiJlbnRpdHktbWFuYWdlbWVudC8wZS8wZWFjZjkyNWMyZDQzNTg4NmFhYjdmY2Q1NDVjZTYwZV8xNzA0MzIzNjc0MDMxLmpwZWciLCJlZGl0cyI6W3siZm9ybWF0Ijp7InR5cGUiOiJqcGVnIn19LHsicmVzaXplIjp7IndpZHRoIjo2MDAsImhlaWdodCI6NjAwfX1dfQ==,https://www.siriusxm.com/player/talent/entity/09880fa4-950a-46e6-ab1a-21c4ca751447
efdf31e3-e321-473a-8abd-8ab6dd15e58a,Cardinal Dolan,cardinal-dolan,https://imgsrv-sxm-prod-device.streaming.siriusxm.com/eyJrZXkiOiJlbnRpdHktbWFuYWdlbWVudC85MC85MGIwZDIyYjg1MWYzNDc4OTIwYTIxZmU3NGY0ZDk2Y18xNzAyMzU0NzI0OTUwLnBuZyIsImVkaXRzIjpbeyJmb3JtYXQiOnsidHlwZSI6ImpwZWcifX0seyJyZXNpemUiOnsid2lkdGgiOjYwMCwiaGVpZ2h0Ijo2MDB9fV19,https://www.siriusxm.com/player/talent/entity/efdf31e3-e321-473a-8abd-8ab6dd15e58a
55729a52-a36a-49f1-9caf-97d2f2ac59dc,Carey Mulligan,carey-mulligan,https://imgsrv-sxm-prod-device.streaming.siriusxm.com/eyJrZXkiOiJpZi85YS85YWVkNmY4ZDcxYmQzMDRiOTRkNDRmMzdmYTY1NGE1OF8xNzU2ODQwNDYwLmpwZyIsImVkaXRzIjpbeyJmb3JtYXQiOnsidHlwZSI6ImpwZWcifX0seyJyZXNpemUiOnsid2lkdGgiOjYwMCwiaGVpZ2h0Ijo2MDB9fV19,https://www.siriusxm.com/player/talent/entity/55729a52-a36a-49f1-9caf-97d2f2ac59dc
1938fbc6-94ec-40a4-afe9-3f6cc49a983a,Carl Paulson,carl-paulson,,https://www.siriusxm.com/player/talent/entity/1938fbc6-94ec-40a4-afe9-3f6cc49a983a
469a253c-ea34-4350-86a3-dd2c0e5ca6c8,Carlos Vives,carlos-vives,https://imgsrv-sxm-prod-device.streaming.siriusxm.com/eyJrZXkiOiJlbnRpdHktbWFuYWdlbWVudC81Yy81Y2IzODM3NTU5NzFiOTM5Mzg2ZGVmNTEzNmI0YzFhM18xNzAwNjIxODIwNzcwLmpwZWciLCJlZGl0cyI6W3siZm9ybWF0Ijp7InR5cGUiOiJqcGVnIn19LHsicmVzaXplIjp7IndpZHRoIjo2MDAsImhlaWdodCI6NjAwfX1dfQ==,https://www.siriusxm.com/player/talent/entity/469a253c-ea34-4350-86a3-dd2c0e5ca6c8
53e357b0-6fd0-4dd2-a32e-a93c74f169f2,Carmen Aristegui,carmen-aristegui,,https://www.siriusxm.com/player/talent/entity/53e357b0-6fd0-4dd2-a32e-a93c74f169f2
5ef375d7-ee0e-4de2-82e2-1a1a43790f43,Carrie Underwood,carrie-underwood,https://imgsrv-sxm-prod-device.streaming.siriusxm.com/eyJrZXkiOiJlbnRpdHktbWFuYWdlbWVudC9iNi9iNjdjMTkzOTM1MDU0YmVlYjRiN2Y2NzQwMDk0MzY1OV8xNzAyMjMyNjg4NDE4LnBuZyIsImVkaXRzIjpbeyJmb3JtYXQiOnsidHlwZSI6ImpwZWcifX0seyJyZXNpemUiOnsid2lkdGgiOjYwMCwiaGVpZ2h0Ijo2MDB9fV19,https://www.siriusxm.com/player/talent/entity/5ef375d7-ee0e-4de2-82e2-1a1a43790f43
8b950473-b62d-4c3b-970f-6e0c99ee0986,Casey Kasem,casey-kasem,,https://www.siriusxm.com/player/talent/entity/8b950473-b62d-4c3b-970f-6e0c99ee0986
8e64b728-fc3a-4880-9e07-874cf1f872fc,Casey Wilson,casey-wilson,,https://www.siriusxm.com/player/talent/entity/8e64b728-fc3a-4880-9e07-874cf1f872fc
c1b86f35-571c-4aee-a6fc-af936400d0cd,Cayman Kelly,cayman-kelly,https://imgsrv-sxm-prod-device.streaming.siriusxm.com/eyJrZXkiOiJlbnRpdHktbWFuYWdlbWVudC9iOS9iOWNkNmI0MzQ4MjgzMmIxOTVmNWE4MmM5NTM1NmQ3NV8xNzAxOTA3NDgyMjA1LmpwZWciLCJlZGl0cyI6W3siZm9ybWF0Ijp7InR5cGUiOiJqcGVnIn19LHsicmVzaXplIjp7IndpZHRoIjo2MDAsImhlaWdodCI6NjAwfX1dfQ==,https://www.siriusxm.com/player/talent/entity/c1b86f35-571c-4aee-a6fc-af936400d0cd
a7f46015-04f6-4050-a171-1a6b68042177,CeCe Winans,cece-winans,,https://www.siriusxm.com/player/talent/entity/a7f46015-04f6-4050-a171-1a6b68042177
2ec12d8c-3e87-4bba-8a10-e5255423b7da,Chad Daniels,chad-daniels,,https://www.siriusxm.com/player/talent/entity/2ec12d8c-3e87-4bba-8a10-e5255423b7da
b4623b5e-4454-4cf6-932b-0a674dc1615a,Charlamagne Tha God,charlamagne-tha-god,https://imgsrv-sxm-prod-device.streaming.siriusxm.com/eyJrZXkiOiJpZi8xMS8xMWVlNWE4Y2EyYzAzNDMzODI2ZmU2YjM0MTgyNDBlNl8xNzU2ODQwNDE4LmpwZyIsImVkaXRzIjpbeyJmb3JtYXQiOnsidHlwZSI6ImpwZWcifX0seyJyZXNpemUiOnsid2lkdGgiOjYwMCwiaGVpZ2h0Ijo2MDB9fV19,https://www.siriusxm.com/player/talent/entity/b4623b5e-4454-4cf6-932b-0a674dc1615a
c0e860c6-c88f-406e-929a-2b1b490cb62e,Charlie Kirk,charlie-kirk,,https://www.siriusxm.com/player/talent/entity/c0e860c6-c88f-406e-929a-2b1b490cb62e
b9bce674-be0f-4626-a9d9-eaa2e50491cd,Charlie Puth,charlie-puth,https://imgsrv-sxm-prod-device.streaming.siriusxm.com/eyJrZXkiOiJlbnRpdHktbWFuYWdlbWVudC9hNS9hNTNmYWZhMDI3M2QxOTYxMDc5ZmIxMzI4NjU2M2EzY18xNzA0MzIzNzU5NzUyLmpwZWciLCJlZGl0cyI6W3siZm9ybWF0Ijp7InR5cGUiOiJqcGVnIn19LHsicmVzaXplIjp7IndpZHRoIjo2MDAsImhlaWdodCI6NjAwfX1dfQ==,https://www.siriusxm.com/player/talent/entity/b9bce674-be0f-4626-a9d9-eaa2e50491cd
871af3a8-9280-4ea1-9de6-cf0f4bc9813c,Charlie Stillitano,charlie-stillitano,,https://www.siriusxm.com/player/talent/entity/871af3a8-9280-4ea1-9de6-cf0f4bc9813c
b224ffae-fe91-4a3b-a024-815fa202b0dd,Chelsea Handler,chelsea-handler,https://imgsrv-sxm-prod-device.streaming.siriusxm.com/eyJrZXkiOiJlbnRpdHktbWFuYWdlbWVudC9jOC9jODEyNmExMDc4NjVmODllMDg2ZGFkODhkZWI2NDFmZV8xNzIyNTI4MTAzODMxLmpwZWciLCJlZGl0cyI6W3siZm9ybWF0Ijp7InR5cGUiOiJqcGVnIn19LHsicmVzaXplIjp7IndpZHRoIjo2MDAsImhlaWdodCI6NjAwfX1dfQ==,https://www.siriusxm.com/player/talent/entity/b224ffae-fe91-4a3b-a024-815fa202b0dd
4bb546c0-7f5e-40f7-8084-2712d6c3f598,Chelsea Peretti,chelsea-peretti,,https://www.siriusxm.com/player/talent/entity/4bb546c0-7f5e-40f7-8084-2712d6c3f598
38f19833-a7ad-419d-8b20-39f20d6e196b,Chip Davis,chip-davis,,https://www.siriusxm.com/player/talent/entity/38f19833-a7ad-419d-8b20-39f20d6e196b
7199bc4a-bdb9-42c2-8ef6-56088c519d07,Chiquis,chiquis,https://imgsrv-sxm-prod-device.streaming.siriusxm.com/eyJrZXkiOiJlbnRpdHktbWFuYWdlbWVudC9iOC9iODQ0NjBlNTc3NjFiNzc5OTA4ZjRjOTUxY2Y1M2MzYl8xNzAzMjAxMzYwNTAxLmpwZWciLCJlZGl0cyI6W3siZm9ybWF0Ijp7InR5cGUiOiJqcGVnIn19LHsicmVzaXplIjp7IndpZHRoIjo2MDAsImhlaWdodCI6NjAwfX1dfQ==,https://www.siriusxm.com/player/talent/entity/7199bc4a-bdb9-42c2-8ef6-56088c519d07
57750f1b-62d3-4c0d-a687-d90f0867778e,Chloe Veitch,chloe-veitch,https://imgsrv-sxm-prod-device.streaming.siriusxm.com/eyJrZXkiOiJlbnRpdHktbWFuYWdlbWVudC9hYy9hY2RlNDAyMDc2NjM1MmE0YmYwY2FhZjkyYjNhZjRlNF8xNzM5MjAxNzg5MTQyLmpwZWciLCJlZGl0cyI6W3siZm9ybWF0Ijp7InR5cGUiOiJqcGVnIn19LHsicmVzaXplIjp7IndpZHRoIjo2MDAsImhlaWdodCI6NjAwfX1dfQ==,https://www.siriusxm.com/player/talent/entity/57750f1b-62d3-4c0d-a687-d90f0867778e
3e3070d2-c925-49c8-acb1-ed607a371da8,Chloe x Halle,chloe-x-halle,,https://www.siriusxm.com/player/talent/entity/3e3070d2-c925-49c8-acb1-ed607a371da8
2db6dc18-8bd6-44f2-bf34-2607f80c0267,Chris Carter,chris-carter,https://imgsrv-sxm-prod-device.streaming.siriusxm.com/eyJrZXkiOiJlbnRpdHktbWFuYWdlbWVudC9lNS9lNTlhNTViYTU3Mjk0YzI2NWIxYTZkZmMzNmViOTI0N18xNzA4NjM1MTIyNTEzLmpwZWciLCJlZGl0cyI6W3siZm9ybWF0Ijp7InR5cGUiOiJqcGVnIn19LHsicmVzaXplIjp7IndpZHRoIjo2MDAsImhlaWdodCI6NjAwfX1dfQ==,https://www.siriusxm.com/player/talent/entity/2db6dc18-8bd6-44f2-bf34-2607f80c0267
d54168ed-4eab-43b1-ba8c-574cd4b46a57,Chris Cuomo,chris-cuomo,https://imgsrv-sxm-prod-device.streaming.siriusxm.com/eyJrZXkiOiJlbnRpdHktbWFuYWdlbWVudC85Yy85Y2VkMzc1MWEwZTYzMzYzN2JmZWNjOTg5YWQ5NzMwYV8xNzY4OTQxOTgyODM4LmpwZWciLCJlZGl0cyI6W3siZm9ybWF0Ijp7InR5cGUiOiJqcGVnIn19LHsicmVzaXplIjp7IndpZHRoIjo2MDAsImhlaWdodCI6NjAwfX1dfQ==,https://www.siriusxm.com/player/talent/entity/d54168ed-4eab-43b1-ba8c-574cd4b46a57
47e45ffa-5f2f-46f9-b39d-a7c0805d0ebd,Chris D'Elia,chris-delia,,https://www.siriusxm.com/player/talent/entity/47e45ffa-5f2f-46f9-b39d-a7c0805d0ebd
79132488-ae6d-4515-95bd-8c11ce69f812,Chris Distefano,chris-distefano,,https://www.siriusxm.com/player/talent/entity/79132488-ae6d-4515-95bd-8c11ce69f812
2e72399e-8aa1-428c-beb7-87971529acd0,Chris Doering,chris-doering,,https://www.siriusxm.com/player/talent/entity/2e72399e-8aa1-428c-beb7-87971529acd0
a933a7a2-b9b1-4399-a8bb-736b6bfd9ce6,Chris Gethard,chris-gethard,,https://www.siriusxm.com/player/talent/entity/a933a7a2-b9b1-4399-a8bb-736b6bfd9ce6
f9220333-7423-44c4-9dd2-8b8eda76151d,Chris Hayes,chris-hayes,,https://www.siriusxm.com/player/talent/entity/f9220333-7423-44c4-9dd2-8b8eda76151d
61fb58ba-fb05-4d86-895a-ccd2a886aee8,Chris Hillman,chris-hillman,,https://www.siriusxm.com/player/talent/entity/61fb58ba-fb05-4d86-895a-ccd2a886aee8
bc21328b-c8b9-46b3-b86c-0df34a6bab13,Chris Jericho,chris-jericho,https://imgsrv-sxm-prod-device.streaming.siriusxm.com/eyJrZXkiOiJlbnRpdHktbWFuYWdlbWVudC81OC81ODE1ZmE0NWVlODdkOTU1M2QzNjdlYzBjZGNkMTMxY18xNzA0NDc5MzIxNDI1LnBuZyIsImVkaXRzIjpbeyJmb3JtYXQiOnsidHlwZSI6ImpwZWcifX0seyJyZXNpemUiOnsid2lkdGgiOjYwMCwiaGVpZ2h0Ijo2MDB9fV19,https://www.siriusxm.com/player/talent/entity/bc21328b-c8b9-46b3-b86c-0df34a6bab13
b2658d13-8433-4f5a-affb-588df035bd1c,Chris Jones,chris-jones,,https://www.siriusxm.com/player/talent/entity/b2658d13-8433-4f5a-affb-588df035bd1c
13d5e4aa-8ec4-4d1b-80d2-e9e535725e28,Chris Matthews,chris-matthews,,https://www.siriusxm.com/player/talent/entity/13d5e4aa-8ec4-4d1b-80d2-e9e535725e28
d970f12d-745a-486d-a7e8-d02f425b493e,Chris Powell,chris-powell,https://imgsrv-sxm-prod-device.streaming.siriusxm.com/eyJrZXkiOiJlbnRpdHktbWFuYWdlbWVudC84Yi84YjYwOTc0OWZhMTcyNmIyYWQwNGFlODE2ZDJlMTkxM18xNzIwNjU0ODUzMzIzLnBuZyIsImVkaXRzIjpbeyJmb3JtYXQiOnsidHlwZSI6ImpwZWcifX0seyJyZXNpemUiOnsid2lkdGgiOjYwMCwiaGVpZ2h0Ijo2MDB9fV19,https://www.siriusxm.com/player/talent/entity/d970f12d-745a-486d-a7e8-d02f425b493e
cd0e1bc7-769d-4855-a65e-8bcaf38c5f76,Chris Shiflett,chris-shiflett,,https://www.siriusxm.com/player/talent/entity/cd0e1bc7-769d-4855-a65e-8bcaf38c5f76
5d6405aa-000b-423e-8b0f-80ee9b53e1c1,Chris Simms,chris-simms,,https://www.siriusxm.com/player/talent/entity/5d6405aa-000b-423e-8b0f-80ee9b53e1c1
9e92cc1d-11f7-4db2-89bb-170531848c23,Chris Spatola,chris-spatola,,https://www.siriusxm.com/player/talent/entity/9e92cc1d-11f7-4db2-89bb-170531848c23
02b02f51-3a76-420d-93f0-8008f3d44ff2,Chris Weidman,chris-weidman,,https://www.siriusxm.com/player/talent/entity/02b02f51-3a76-420d-93f0-8008f3d44ff2
43fc3b13-94f3-45ae-85c7-ea9324a6e723,Chris Wittyngham,chris-wittyngham,https://imgsrv-sxm-prod-device.streaming.siriusxm.com/eyJrZXkiOiJpZi9iMi9iMjkzYTRhNzBhNTkzYWFlYmM3ZjQ5NTA3NDdmMzgwOF8xNzU3MDAwNDg5LmpwZyIsImVkaXRzIjpbeyJmb3JtYXQiOnsidHlwZSI6ImpwZWcifX0seyJyZXNpemUiOnsid2lkdGgiOjYwMCwiaGVpZ2h0Ijo2MDB9fV19,https://www.siriusxm.com/player/talent/entity/43fc3b13-94f3-45ae-85c7-ea9324a6e723
7d858495-31e0-491d-a711-b0a9d0ecaae4,Christian Slater,christian-slater,,https://www.siriusxm.com/player/talent/entity/7d858495-31e0-491d-a711-b0a9d0ecaae4
0ccfc0a2-a688-488a-bb0a-36ab170ee05a,Christina Milian,christina-milian,,https://www.siriusxm.com/player/talent/entity/0ccfc0a2-a688-488a-bb0a-36ab170ee05a
0af7d726-ee57-4d29-a4de-e21dfafd6ed3,Christopher Miller,christopher-miller,,https://www.siriusxm.com/player/talent/entity/0af7d726-ee57-4d29-a4de-e21dfafd6ed3
bec4a9f0-3ff8-4918-b2fd-74416c212c39,Christopher O'Riley,christopher-oriley,,https://www.siriusxm.com/player/talent/entity/bec4a9f0-3ff8-4918-b2fd-74416c212c39
23d6b91e-5b90-4c4d-9ac0-48c79034beb3,Christopher Russo,christopher-russo,https://imgsrv-sxm-prod-device.streaming.siriusxm.com/eyJrZXkiOiJlbnRpdHktbWFuYWdlbWVudC8xOS8xOWYxNTliMmM2ODM4NDY0NjBhODNkMzFhODQ2YzkwZl8xNjk5OTE2OTg0OTU5LmpwZWciLCJlZGl0cyI6W3siZm9ybWF0Ijp7InR5cGUiOiJqcGVnIn19LHsicmVzaXplIjp7IndpZHRoIjo2MDAsImhlaWdodCI6NjAwfX1dfQ==,https://www.siriusxm.com/player/talent/entity/23d6b91e-5b90-4c4d-9ac0-48c79034beb3
2b508cf4-55a2-40f5-8204-9fccab5f325c,Chucho Valdés,chucho-vald-s,https://imgsrv-sxm-prod-device.streaming.siriusxm.com/eyJrZXkiOiJlbnRpdHktbWFuYWdlbWVudC9kMy9kM2ZjZmY1OGJkZmZlYzk1Y2M3MGEwZjkyNjhhMTMxOF8xNzAwNjIxNjMyOTkxLmpwZWciLCJlZGl0cyI6W3siZm9ybWF0Ijp7InR5cGUiOiJqcGVnIn19LHsicmVzaXplIjp7IndpZHRoIjo2MDAsImhlaWdodCI6NjAwfX1dfQ==,https://www.siriusxm.com/player/talent/entity/2b508cf4-55a2-40f5-8204-9fccab5f325c
13ece3e8-c518-4509-b016-84b333b6a6d9,Claire Fallon,claire-fallon,https://imgsrv-sxm-prod-device.streaming.siriusxm.com/eyJrZXkiOiJpZi8yYS8yYTY0YjZhYTM2MTEzMDE2YmVlYzhlMWYwNjA2YWUxNF8xNzU2ODQwMzcyLmpwZyIsImVkaXRzIjpbeyJmb3JtYXQiOnsidHlwZSI6ImpwZWcifX0seyJyZXNpemUiOnsid2lkdGgiOjYwMCwiaGVpZ2h0Ijo2MDB9fV19,https://www.siriusxm.com/player/talent/entity/13ece3e8-c518-4509-b016-84b333b6a6d9
1018267a-5fde-405e-90de-9af07cec4f85,Clay Cane,clay-cane,https://imgsrv-sxm-prod-device.streaming.siriusxm.com/eyJrZXkiOiJlbnRpdHktbWFuYWdlbWVudC8zYS8zYTkwODcxMzkyOWRiZGU5MDhmZmZmYmUwMWFhYTUxNV8xNzMxNTI4NzYxMjE0LmpwZWciLCJlZGl0cyI6W3siZm9ybWF0Ijp7InR5cGUiOiJqcGVnIn19LHsicmVzaXplIjp7IndpZHRoIjo2MDAsImhlaWdodCI6NjAwfX1dfQ==,https://www.siriusxm.com/player/talent/entity/1018267a-5fde-405e-90de-9af07cec4f85
48cd2936-0231-415d-a729-040ecaacb62e,Clint McElroy,clint-mcelroy,,https://www.siriusxm.com/player/talent/entity/48cd2936-0231-415d-a729-040ecaacb62e
7bb7d1f6-e0ca-4ccd-b44f-be459a95b647,Clipse,clipse,,https://www.siriusxm.com/player/talent/entity/7bb7d1f6-e0ca-4ccd-b44f-be459a95b647
034271a4-2f41-4db5-8c46-29135a5b2112,Cody Alan,cody-alan,https://imgsrv-sxm-prod-device.streaming.siriusxm.com/eyJrZXkiOiJlbnRpdHktbWFuYWdlbWVudC80ZC80ZGZiNDEyNWQ1YzdkZjNlNDI4MjQzZWZmMTU1M2NmYV8xNzAyMDc3MDA3Mjc5LmpwZWciLCJlZGl0cyI6W3siZm9ybWF0Ijp7InR5cGUiOiJqcGVnIn19LHsicmVzaXplIjp7IndpZHRoIjo2MDAsImhlaWdodCI6NjAwfX1dfQ==,https://www.siriusxm.com/player/talent/entity/034271a4-2f41-4db5-8c46-29135a5b2112
b6a66b81-b9f1-4691-98b6-4d98cec8a445,Cody Alan & Macie Banks,cody-alan-macie-banks,,https://www.siriusxm.com/player/talent/entity/b6a66b81-b9f1-4691-98b6-4d98cec8a445
aef96452-e915-4518-964c-7b9c4b2e25a0,Cody Jinks,cody-jinks,,https://www.siriusxm.com/player/talent/entity/aef96452-e915-4518-964c-7b9c4b2e25a0
a7ee62dd-9f5b-48bf-bad9-c01ebfe1f6ae,Cody Rhodes,cody-rhodes,,https://www.siriusxm.com/player/talent/entity/a7ee62dd-9f5b-48bf-bad9-c01ebfe1f6ae
5fb47d61-98f4-4b2c-9dba-658d4c59f8ee,Coldplay,coldplay,https://imgsrv-sxm-prod-device.streaming.siriusxm.com/eyJrZXkiOiJlbnRpdHktbWFuYWdlbWVudC81My81M2Y4OGI3ZmFmMTNmYWE3MGQ3MDMwZTJkY2RjODM3N18xNjk5OTE2OTcwOTg2LmpwZWciLCJlZGl0cyI6W3siZm9ybWF0Ijp7InR5cGUiOiJqcGVnIn19LHsicmVzaXplIjp7IndpZHRoIjo2MDAsImhlaWdodCI6NjAwfX1dfQ==,https://www.siriusxm.com/player/talent/entity/5fb47d61-98f4-4b2c-9dba-658d4c59f8ee
cdb99af9-98b0-42e1-8c58-29bd0bb505ad,Colin Cowherd,colin-cowherd,,https://www.siriusxm.com/player/talent/entity/cdb99af9-98b0-42e1-8c58-29bd0bb505ad
553256ea-a93c-4401-9339-781b29c0db5a,Conan O'Brien,conan-obrien,https://imgsrv-sxm-prod-device.streaming.siriusxm.com/eyJrZXkiOiJlbnRpdHktbWFuYWdlbWVudC81Yy81Y2JkNGMwZGQ2ZjAxMjcxNzcwNWVkNDRlM2FlYjU0Nl8xNzA4MDIyOTk0ODA0LnBuZyIsImVkaXRzIjpbeyJmb3JtYXQiOnsidHlwZSI6ImpwZWcifX0seyJyZXNpemUiOnsid2lkdGgiOjYwMCwiaGVpZ2h0Ijo2MDB9fV19,https://www.siriusxm.com/player/talent/entity/553256ea-a93c-4401-9339-781b29c0db5a
f038d22c-d34e-4d68-922f-98b8b60c976e,Craig Ferguson,craig-ferguson,,https://www.siriusxm.com/player/talent/entity/f038d22c-d34e-4d68-922f-98b8b60c976e
e6ffdad3-fd89-43e9-b0ca-c36cad8805b9,Craig Ferguson,craig-ferguson,,https://www.siriusxm.com/player/talent/entity/e6ffdad3-fd89-43e9-b0ca-c36cad8805b9
275ce8ed-8e72-48aa-b66b-2c39610cba60,Craig Morgan,craig-morgan,,https://www.siriusxm.com/player/talent/entity/275ce8ed-8e72-48aa-b66b-2c39610cba60
59d33b04-59b0-4dc2-a167-a0ab0f5879d9,Craig Robinson,craig-robinson,https://imgsrv-sxm-prod-device.streaming.siriusxm.com/eyJrZXkiOiJpZi84ZC84ZDc2Zjc4Y2RiOTIzNjFlOTBkZjliNTgxMDQyMWVjMl8xNzU2ODQwMzY1LmpwZyIsImVkaXRzIjpbeyJmb3JtYXQiOnsidHlwZSI6ImpwZWcifX0seyJyZXNpemUiOnsid2lkdGgiOjYwMCwiaGVpZ2h0Ijo2MDB9fV19,https://www.siriusxm.com/player/talent/entity/59d33b04-59b0-4dc2-a167-a0ab0f5879d9
0a404128-7f1a-4a67-8a25-ec09f0066746,Craig Stadler,craig-stadler,,https://www.siriusxm.com/player/talent/entity/0a404128-7f1a-4a67-8a25-ec09f0066746
151d96a6-4676-4da7-a97c-6003a662906a,Crystal Waters,crystal-waters,,https://www.siriusxm.com/player/talent/entity/151d96a6-4676-4da7-a97c-6003a662906a
15768756-e447-4edc-b87f-c2611cad0a36,Cyndi Lauper,cyndi-lauper,https://imgsrv-sxm-prod-device.streaming.siriusxm.com/eyJrZXkiOiJlbnRpdHktbWFuYWdlbWVudC82OC82OGYwNGZlODQzYzgwOGEzN2RkN2Q2ZmYzZTRiODA3MF8xNzAwNjIxMzMzOTA5LmpwZWciLCJlZGl0cyI6W3siZm9ybWF0Ijp7InR5cGUiOiJqcGVnIn19LHsicmVzaXplIjp7IndpZHRoIjo2MDAsImhlaWdodCI6NjAwfX1dfQ==,https://www.siriusxm.com/player/talent/entity/15768756-e447-4edc-b87f-c2611cad0a36
a0448198-836e-4f29-8da9-78a69a88aa9b,D.L. Hughley,d-l-hughley,https://imgsrv-sxm-prod-device.streaming.siriusxm.com/eyJrZXkiOiJpZi81Ny81N2FlZTA1ZjcxMWEzOTU1Yjg0ZThkOTlmNDdkYWQwNV8xNzU2ODQwNDM5LmpwZyIsImVkaXRzIjpbeyJmb3JtYXQiOnsidHlwZSI6ImpwZWcifX0seyJyZXNpemUiOnsid2lkdGgiOjYwMCwiaGVpZ2h0Ijo2MDB9fV19,https://www.siriusxm.com/player/talent/entity/a0448198-836e-4f29-8da9-78a69a88aa9b
6e18e1f9-f071-455a-bc70-ffae99f20370,DC Young Fly,dc-young-fly,,https://www.siriusxm.com/player/talent/entity/6e18e1f9-f071-455a-bc70-ffae99f20370
2c2d7ffd-05ce-4137-9c1a-765591aca603,DJ Drama,dj-drama,,https://www.siriusxm.com/player/talent/entity/2c2d7ffd-05ce-4137-9c1a-765591aca603
712bf50e-c2ae-4278-b472-a18e157855b4,DJ Laz,dj-laz,,https://www.siriusxm.com/player/talent/entity/712bf50e-c2ae-4278-b472-a18e157855b4
391ea97f-d0ef-4d0e-9aa9-65722d4844aa,Dallas Wayne,dallas-wayne,https://imgsrv-sxm-prod-device.streaming.siriusxm.com/eyJrZXkiOiJlbnRpdHktbWFuYWdlbWVudC8xMC8xMDlmMDYxNDc4YTBkOWQ4MDJmMmNhYzZlNTc3MzU3N18xNzA5NjY5OTExMDk3LmpwZWciLCJlZGl0cyI6W3siZm9ybWF0Ijp7InR5cGUiOiJqcGVnIn19LHsicmVzaXplIjp7IndpZHRoIjo2MDAsImhlaWdodCI6NjAwfX1dfQ==,https://www.siriusxm.com/player/talent/entity/391ea97f-d0ef-4d0e-9aa9-65722d4844aa
1e126f95-3103-4cd4-a535-e8ff96569be5,Dan + Shay,dan-shay,https://imgsrv-sxm-prod-device.streaming.siriusxm.com/eyJrZXkiOiJlbnRpdHktbWFuYWdlbWVudC9lOS9lOTExMzg5OWQyNzIyZjQ0NTUwNTI0YWU2MDc3M2ZjM18xNzA0MzIzODMzMzAyLmpwZWciLCJlZGl0cyI6W3siZm9ybWF0Ijp7InR5cGUiOiJqcGVnIn19LHsicmVzaXplIjp7IndpZHRoIjo2MDAsImhlaWdodCI6NjAwfX1dfQ==,https://www.siriusxm.com/player/talent/entity/1e126f95-3103-4cd4-a535-e8ff96569be5
048a7114-9962-4315-bd34-1a46c2cc1a16,Dan Abrams,dan-abrams,https://imgsrv-sxm-prod-device.streaming.siriusxm.com/eyJrZXkiOiJlbnRpdHktbWFuYWdlbWVudC9jOS9jOTdlYmJkMTM4MWM1NjA4ZmJkNmMzMjhhMmUzN2IyMl8xNzAyMjAzNzk5MzMwLnBuZyIsImVkaXRzIjpbeyJmb3JtYXQiOnsidHlwZSI6ImpwZWcifX0seyJyZXNpemUiOnsid2lkdGgiOjYwMCwiaGVpZ2h0Ijo2MDB9fV19,https://www.siriusxm.com/player/talent/entity/048a7114-9962-4315-bd34-1a46c2cc1a16
05c6dafd-6b23-4698-b6fc-9b7d5122b841,Dan Bongino,dan-bongino,https://imgsrv-sxm-prod-device.streaming.siriusxm.com/eyJrZXkiOiJlbnRpdHktbWFuYWdlbWVudC83Yy83YzJhZWY5YWExOTlhZDRiYzk0MGI4YTQ5MzE5NjIxNl8xNzM4MDk0ODkzMDk4LmpwZWciLCJlZGl0cyI6W3siZm9ybWF0Ijp7InR5cGUiOiJqcGVnIn19LHsicmVzaXplIjp7IndpZHRoIjo2MDAsImhlaWdodCI6NjAwfX1dfQ==,https://www.siriusxm.com/player/talent/entity/05c6dafd-6b23-4698-b6fc-9b7d5122b841
c270ff90-f7e8-4472-b1eb-f0256730d723,Dan Carlin,dan-carlin,,https://www.siriusxm.com/player/talent/entity/c270ff90-f7e8-4472-b1eb-f0256730d723
34e23569-6cd1-4560-949d-7b62f1d501df,Dan Cummins,dan-cummins,https://imgsrv-sxm-prod-device.streaming.siriusxm.com/eyJrZXkiOiJlbnRpdHktbWFuYWdlbWVudC81ZS81ZWE3OGU1NzZkNTdmM2RmZWZjMjc4Y2Q2NzYxNjYyMl8xNzQ0NzQ1NjEzOTEzLmpwZWciLCJlZGl0cyI6W3siZm9ybWF0Ijp7InR5cGUiOiJqcGVnIn19LHsicmVzaXplIjp7IndpZHRoIjo2MDAsImhlaWdodCI6NjAwfX1dfQ==,https://www.siriusxm.com/player/talent/entity/34e23569-6cd1-4560-949d-7b62f1d501df
d4d5a6f5-593f-4c97-bc1c-12cddb2de71e,Dan Cummins,dan-cummins,,https://www.siriusxm.com/player/talent/entity/d4d5a6f5-593f-4c97-bc1c-12cddb2de71e
358d9c97-2462-492d-9198-24f3ae5cc7f2,Dan Hardy,dan-hardy,,https://www.siriusxm.com/player/talent/entity/358d9c97-2462-492d-9198-24f3ae5cc7f2
b0ad4295-d844-408c-a0d9-78f69a7f595d,Dan Harris,dan-harris,,https://www.siriusxm.com/player/talent/entity/b0ad4295-d844-408c-a0d9-78f69a7f595d
d486ce37-ce90-44fc-9640-36ad144f34b8,Dan Le Batard,dan-le-batard,https://imgsrv-sxm-prod-device.streaming.siriusxm.com/eyJrZXkiOiJlbnRpdHktbWFuYWdlbWVudC8zNi8zNjM0ZmQ0MjcwZTljMWY1MGMyNGY1MjJmYjY1MzAxN18xNzM4MDE2ODc4OTE4LmpwZWciLCJlZGl0cyI6W3siZm9ybWF0Ijp7InR5cGUiOiJqcGVnIn19LHsicmVzaXplIjp7IndpZHRoIjo2MDAsImhlaWdodCI6NjAwfX1dfQ==,https://www.siriusxm.com/player/talent/entity/d486ce37-ce90-44fc-9640-36ad144f34b8
5b107084-3774-4c15-a0b3-01d833e028f6,Dan Loney,dan-loney,https://imgsrv-sxm-prod-device.streaming.siriusxm.com/eyJrZXkiOiJlbnRpdHktbWFuYWdlbWVudC82Mi82MjA3NmEzNzA5NDE4ZjY5NDA2MWM2YmMwNjgzN2VlY18xNzI5MDExOTYxMjU1LmpwZWciLCJlZGl0cyI6W3siZm9ybWF0Ijp7InR5cGUiOiJqcGVnIn19LHsicmVzaXplIjp7IndpZHRoIjo2MDAsImhlaWdodCI6NjAwfX1dfQ==,https://www.siriusxm.com/player/talent/entity/5b107084-3774-4c15-a0b3-01d833e028f6
594bbde4-5910-4f6e-86f5-4ebd2dd57188,Dan Pashman,dan-pashman,https://imgsrv-sxm-prod-device.streaming.siriusxm.com/eyJrZXkiOiJlbnRpdHktbWFuYWdlbWVudC81Zi81ZmE2MzA0NTk1ZjFkZmMxYjY2ZGMyMTZmZDAyM2VmY18xNzE4MzgwNTEzNzk2LmpwZWciLCJlZGl0cyI6W3siZm9ybWF0Ijp7InR5cGUiOiJqcGVnIn19LHsicmVzaXplIjp7IndpZHRoIjo2MDAsImhlaWdodCI6NjAwfX1dfQ==,https://www.siriusxm.com/player/talent/entity/594bbde4-5910-4f6e-86f5-4ebd2dd57188
403d927c-4fa7-4262-abf2-4405e7b1c66b,Dan Patrick,dan-patrick,,https://www.siriusxm.com/player/talent/entity/403d927c-4fa7-4262-abf2-4405e7b1c66b
a8a67e6e-e5bc-43bd-ab99-35ed54880d3a,Dan Savage,dan-savage,,https://www.siriusxm.com/player/talent/entity/a8a67e6e-e5bc-43bd-ab99-35ed54880d3a
7b86c234-ac69-4365-ad55-94e46004f79e,Dan Soder,dan-soder,,https://www.siriusxm.com/player/talent/entity/7b86c234-ac69-4365-ad55-94e46004f79e
6a3e1570-86ea-4155-8196-3dd5ec5a6d0e,Dan Soder,dan-soder,,https://www.siriusxm.com/player/talent/entity/6a3e1570-86ea-4155-8196-3dd5ec5a6d0e
62304359-cd8e-4c03-b070-af4d00b43273,Dana Carvey,dana-carvey,https://imgsrv-sxm-prod-device.streaming.siriusxm.com/eyJrZXkiOiJpZi83Zi83ZmRmMDY1NGNlNzIzMWExYjZhN2QzZmY0NjgxZDg5NF8xNzU2ODQwNTQ0LmpwZyIsImVkaXRzIjpbeyJmb3JtYXQiOnsidHlwZSI6ImpwZWcifX0seyJyZXNpemUiOnsid2lkdGgiOjYwMCwiaGVpZ2h0Ijo2MDB9fV19,https://www.siriusxm.com/player/talent/entity/62304359-cd8e-4c03-b070-af4d00b43273
60e83aff-8da9-4a35-b297-f2d024659d36,Dana Perino,dana-perino,,https://www.siriusxm.com/player/talent/entity/60e83aff-8da9-4a35-b297-f2d024659d36
fedc2c0d-b2ca-44c0-bbc6-541e5ccdefbc,Dangerous Darren,dangerous-darren,https://imgsrv-sxm-prod-device.streaming.siriusxm.com/eyJrZXkiOiJlbnRpdHktbWFuYWdlbWVudC85NS85NTAzYWMwMWJhOWZjYmM0Yjk1NWZhZDAzM2JlYWIyNV8xNzA5NjY5ODIyNjU1LmpwZWciLCJlZGl0cyI6W3siZm9ybWF0Ijp7InR5cGUiOiJqcGVnIn19LHsicmVzaXplIjp7IndpZHRoIjo2MDAsImhlaWdodCI6NjAwfX1dfQ==,https://www.siriusxm.com/player/talent/entity/fedc2c0d-b2ca-44c0-bbc6-541e5ccdefbc
7e4ae8c6-3f05-4b99-adbe-d0cfb116e4fc,Dani Wexelman,dani-wexelman,,https://www.siriusxm.com/player/talent/entity/7e4ae8c6-3f05-4b99-adbe-d0cfb116e4fc
4d6ca672-086b-4231-aeec-65172ea6c4ce,Daniel Jeremiah,daniel-jeremiah,,https://www.siriusxm.com/player/talent/entity/4d6ca672-086b-4231-aeec-65172ea6c4ce
984ca017-32b8-46b0-9526-a871a38ad2d8,Daniel Tosh,daniel-tosh,,https://www.siriusxm.com/player/talent/entity/984ca017-32b8-46b0-9526-a871a38ad2d8
a1399080-0c9f-4c21-92b4-8cc9cdeedf62,Danielle Peck,danielle-peck,,https://www.siriusxm.com/player/talent/entity/a1399080-0c9f-4c21-92b4-8cc9cdeedf62
0b675ad8-2a6f-45e3-a292-eab5d03b7779,Danny Brown,danny-brown,,https://www.siriusxm.com/player/talent/entity/0b675ad8-2a6f-45e3-a292-eab5d03b7779
7e31b48f-8c94-422d-bbdd-8991591ad518,Danny Higginbotham,danny-higginbotham,https://imgsrv-sxm-prod-device.streaming.siriusxm.com/eyJrZXkiOiJlbnRpdHktbWFuYWdlbWVudC9iMS9iMTlkNjMzMGRiMTRhNjRhYzJhYmNjNjE1ODZkNGM3ZF8xNzQxMzY4MjMzNDMyLmpwZWciLCJlZGl0cyI6W3siZm9ybWF0Ijp7InR5cGUiOiJqcGVnIn19LHsicmVzaXplIjp7IndpZHRoIjo2MDAsImhlaWdodCI6NjAwfX1dfQ==,https://www.siriusxm.com/player/talent/entity/7e31b48f-8c94-422d-bbdd-8991591ad518
3d29ad17-92d3-4508-bcca-218aa872f1b7,Danny Trejo,danny-trejo,,https://www.siriusxm.com/player/talent/entity/3d29ad17-92d3-4508-bcca-218aa872f1b7
b1eddd40-b8ca-4d6a-a1aa-5088c474106c,Danny Valentino,danny-valentino,,https://www.siriusxm.com/player/talent/entity/b1eddd40-b8ca-4d6a-a1aa-5088c474106c
2453355d-1c18-43ce-930e-11f5751c60bf,Daphne Woolsoncroft,daphne-woolsoncroft,https://imgsrv-sxm-prod-device.streaming.siriusxm.com/eyJrZXkiOiJlbnRpdHktbWFuYWdlbWVudC9lOS9lOTM4YzY4YzZjMDkxYjlhZWVlODA4NjFjMDA0ZDM3NF8xNzM5NDY5NzYyNzU3LmpwZWciLCJlZGl0cyI6W3siZm9ybWF0Ijp7InR5cGUiOiJqcGVnIn19LHsicmVzaXplIjp7IndpZHRoIjo2MDAsImhlaWdodCI6NjAwfX1dfQ==,https://www.siriusxm.com/player/talent/entity/2453355d-1c18-43ce-930e-11f5751c60bf
e5dc42c9-0650-418a-b675-f971bd82ad1e,Darren Criss,darren-criss,,https://www.siriusxm.com/player/talent/entity/e5dc42c9-0650-418a-b675-f971bd82ad1e
ef6a2aa9-29b9-42a5-bb5e-3b6c0733e223,Dasha,dasha,https://imgsrv-sxm-prod-device.streaming.siriusxm.com/eyJrZXkiOiJlbnRpdHktbWFuYWdlbWVudC9jZC9jZDhmNTJkYzI3ZGI5ZjI5NTUwZDhhOTE0MDNiYjg0YV8xNzExMTIyMzA2ODE1LmpwZWciLCJlZGl0cyI6W3siZm9ybWF0Ijp7InR5cGUiOiJqcGVnIn19LHsicmVzaXplIjp7IndpZHRoIjo2MDAsImhlaWdodCI6NjAwfX1dfQ==,https://www.siriusxm.com/player/talent/entity/ef6a2aa9-29b9-42a5-bb5e-3b6c0733e223
cce2b0e0-5874-460e-a09b-b49910224a94,Dave Anthony,dave-anthony,,https://www.siriusxm.com/player/talent/entity/cce2b0e0-5874-460e-a09b-b49910224a94
db3756c1-1025-411e-9424-0e5f72e48ec6,Dave Dameshek,dave-dameshek,,https://www.siriusxm.com/player/talent/entity/db3756c1-1025-411e-9424-0e5f72e48ec6
2e40ea04-965b-4b49-9d1c-2934aedbf1a8,Dave Grohl,dave-grohl,https://imgsrv-sxm-prod-device.streaming.siriusxm.com/eyJrZXkiOiJlbnRpdHktbWFuYWdlbWVudC9jOC9jODAxYmQ1MjQxZjFmY2JhOTA2ZmQxMDE4NWVmODIwOV8xNzIxMjM1NDA2OTEyLmpwZWciLCJlZGl0cyI6W3siZm9ybWF0Ijp7InR5cGUiOiJqcGVnIn19LHsicmVzaXplIjp7IndpZHRoIjo2MDAsImhlaWdodCI6NjAwfX1dfQ==,https://www.siriusxm.com/player/talent/entity/2e40ea04-965b-4b49-9d1c-2934aedbf1a8
899bc56d-9326-49d5-943c-00ebe5f5762a,Dave Hill,dave-hill,https://imgsrv-sxm-prod-device.streaming.siriusxm.com/eyJrZXkiOiJlbnRpdHktbWFuYWdlbWVudC8zYi8zYmE1ODlkOTM1YWE4ODA2ZjM4ZWVjYzhkNDFmMmI4Yl8xNzQ0NzQyNzU5MTQ1LmpwZWciLCJlZGl0cyI6W3siZm9ybWF0Ijp7InR5cGUiOiJqcGVnIn19LHsicmVzaXplIjp7IndpZHRoIjo2MDAsImhlaWdodCI6NjAwfX1dfQ==,https://www.siriusxm.com/player/talent/entity/899bc56d-9326-49d5-943c-00ebe5f5762a
ca4d14c0-fe16-48e8-a930-1ea3d6d248ec,Dave Koz,dave-koz,https://imgsrv-sxm-prod-device.streaming.siriusxm.com/eyJrZXkiOiJlbnRpdHktbWFuYWdlbWVudC8yNy8yNzlkNzcxZWY1ZmU2OTUzYzY4M2UwNDQ1YjUwOTI2Ml8xNzAwNjIxNDMzOTc4LmpwZWciLCJlZGl0cyI6W3siZm9ybWF0Ijp7InR5cGUiOiJqcGVnIn19LHsicmVzaXplIjp7IndpZHRoIjo2MDAsImhlaWdodCI6NjAwfX1dfQ==,https://www.siriusxm.com/player/talent/entity/ca4d14c0-fe16-48e8-a930-1ea3d6d248ec
5512ac26-532d-4b3a-95c5-b612b35c24cf,Dave LaGreca,dave-lagreca,https://imgsrv-sxm-prod-device.streaming.siriusxm.com/eyJrZXkiOiJlbnRpdHktbWFuYWdlbWVudC9iYi9iYjY5ZjM2MmU5MDAyYTk0ZDEzYjVmZTYwNGZmZmYzM18xNzE3NjkxNjUzMDg2LmpwZWciLCJlZGl0cyI6W3siZm9ybWF0Ijp7InR5cGUiOiJqcGVnIn19LHsicmVzaXplIjp7IndpZHRoIjo2MDAsImhlaWdodCI6NjAwfX1dfQ==,https://www.siriusxm.com/player/talent/entity/5512ac26-532d-4b3a-95c5-b612b35c24cf
247b5794-8210-4acd-a09d-b955b9f4c96f,Dave Matthews,dave-matthews,,https://www.siriusxm.com/player/talent/entity/247b5794-8210-4acd-a09d-b955b9f4c96f
9aa7f56e-092f-429d-923e-16f7c8488451,Dave Matthews Band,dave-matthews-band,https://imgsrv-sxm-prod-device.streaming.siriusxm.com/eyJrZXkiOiJlbnRpdHktbWFuYWdlbWVudC8zMi8zMmZlZjRhZTExOTE5MGRmNGU4MDBjOGYyNDMwOWExOV8xNzAyMjMyOTY5ODU1LmpwZWciLCJlZGl0cyI6W3siZm9ybWF0Ijp7InR5cGUiOiJqcGVnIn19LHsicmVzaXplIjp7IndpZHRoIjo2MDAsImhlaWdodCI6NjAwfX1dfQ==,https://www.siriusxm.com/player/talent/entity/9aa7f56e-092f-429d-923e-16f7c8488451
c9c3f1d3-1b5a-4a56-8286-fabce6f8c18a,Dave Nemo,dave-nemo,,https://www.siriusxm.com/player/talent/entity/c9c3f1d3-1b5a-4a56-8286-fabce6f8c18a
80e61f99-7729-4516-8fc1-fb919153bb7f,Dave Ramsey,dave-ramsey,,https://www.siriusxm.com/player/talent/entity/80e61f99-7729-4516-8fc1-fb919153bb7f
a6ece1aa-2898-4ed4-afd7-b2d412cd4ab3,David Axelrod,david-axelrod,,https://www.siriusxm.com/player/talent/entity/a6ece1aa-2898-4ed4-afd7-b2d412cd4ab3
291ec7fe-81da-4f5a-912f-85a55d9242d3,David Cross,david-cross,https://imgsrv-sxm-prod-device.streaming.siriusxm.com/eyJrZXkiOiJpZi80ZS80ZTgxMzFiZjllZTUzOGMxYWFmODE1NjI0ODRlOWU1ZF8xNzU2ODQwNjMxLmpwZyIsImVkaXRzIjpbeyJmb3JtYXQiOnsidHlwZSI6ImpwZWcifX0seyJyZXNpemUiOnsid2lkdGgiOjYwMCwiaGVpZ2h0Ijo2MDB9fV19,https://www.siriusxm.com/player/talent/entity/291ec7fe-81da-4f5a-912f-85a55d9242d3
5ee3bf3c-abf5-4b90-a78a-c9a94d23c735,David Fricke,david-fricke,https://imgsrv-sxm-prod-device.streaming.siriusxm.com/eyJrZXkiOiJlbnRpdHktbWFuYWdlbWVudC9lMi9lMmE3NWI5MmE0YzYyZWVjZTVlNDFlMjU3Zjk5MDFjNV8xNzAyMjQwODAwNDk0LnBuZyIsImVkaXRzIjpbeyJmb3JtYXQiOnsidHlwZSI6ImpwZWcifX0seyJyZXNpemUiOnsid2lkdGgiOjYwMCwiaGVpZ2h0Ijo2MDB9fV19,https://www.siriusxm.com/player/talent/entity/5ee3bf3c-abf5-4b90-a78a-c9a94d23c735
ce925d0b-8f21-47ba-8765-4f4fde72d653,David Gans,david-gans,,https://www.siriusxm.com/player/talent/entity/ce925d0b-8f21-47ba-8765-4f4fde72d653
ead13e7b-5b70-4602-bba8-01ca30db9fc8,David Guetta,david-guetta,https://imgsrv-sxm-prod-device.streaming.siriusxm.com/eyJrZXkiOiJlbnRpdHktbWFuYWdlbWVudC9jZi9jZjY5OWMxNTMwNDNmMDRmZGFkYWE1YThjMjJhZWRmOF8xNzA0MzIzNzA1MjgxLmpwZWciLCJlZGl0cyI6W3siZm9ybWF0Ijp7InR5cGUiOiJqcGVnIn19LHsicmVzaXplIjp7IndpZHRoIjo2MDAsImhlaWdodCI6NjAwfX1dfQ==,https://www.siriusxm.com/player/talent/entity/ead13e7b-5b70-4602-bba8-01ca30db9fc8
b5be30a5-5106-449a-be0f-9cf7cce6d45c,David Pakman,david-pakman,,https://www.siriusxm.com/player/talent/entity/b5be30a5-5106-449a-be0f-9cf7cce6d45c
93022d54-6345-4f83-8186-44677f9b4188,David Remnick,david-remnick,https://imgsrv-sxm-prod-device.streaming.siriusxm.com/eyJrZXkiOiJpZi85MC85MDM4MDEzNjdhMzUzN2Y3OTYyOGIyNTMzZjQ2YzRjZl8xNzU2ODQwNjM2LmpwZyIsImVkaXRzIjpbeyJmb3JtYXQiOnsidHlwZSI6ImpwZWcifX0seyJyZXNpemUiOnsid2lkdGgiOjYwMCwiaGVpZ2h0Ijo2MDB9fV19,https://www.siriusxm.com/player/talent/entity/93022d54-6345-4f83-8186-44677f9b4188
0290bfbf-422a-4837-8398-9a86ce5aee55,David Spade,david-spade,https://imgsrv-sxm-prod-device.streaming.siriusxm.com/eyJrZXkiOiJlbnRpdHktbWFuYWdlbWVudC81Ny81N2UwMmRjOGM2NWUwZGUyNWY4OWE0OTcxM2M0OTMyYl8xNzE5MzU3NDQxMTY3LmpwZWciLCJlZGl0cyI6W3siZm9ybWF0Ijp7InR5cGUiOiJqcGVnIn19LHsicmVzaXplIjp7IndpZHRoIjo2MDAsImhlaWdodCI6NjAwfX1dfQ==,https://www.siriusxm.com/player/talent/entity/0290bfbf-422a-4837-8398-9a86ce5aee55
4899c2c7-0fc6-4161-8744-8933b7026c1b,David Spade,david-spade,,https://www.siriusxm.com/player/talent/entity/4899c2c7-0fc6-4161-8744-8933b7026c1b
b377f2c9-695c-4001-9109-3ed35a107b6f,David Tennant,david-tennant,,https://www.siriusxm.com/player/talent/entity/b377f2c9-695c-4001-9109-3ed35a107b6f
35907760-e973-430c-b4c2-5bef8b70defe,David Webb,david-webb,https://imgsrv-sxm-prod-device.streaming.siriusxm.com/eyJrZXkiOiJlbnRpdHktbWFuYWdlbWVudC8wZS8wZWE3NGNkNzA4Njk5OTFmNDRmOWQ0MWQ4NzM4NjExOF8xNzM4MDkyMzI2OTAxLmpwZWciLCJlZGl0cyI6W3siZm9ybWF0Ijp7InR5cGUiOiJqcGVnIn19LHsicmVzaXplIjp7IndpZHRoIjo2MDAsImhlaWdodCI6NjAwfX1dfQ==,https://www.siriusxm.com/player/talent/entity/35907760-e973-430c-b4c2-5bef8b70defe
fcb86638-d6d1-49e1-8bcf-efa10b97dd82,David Westin,david-westin,,https://www.siriusxm.com/player/talent/entity/fcb86638-d6d1-49e1-8bcf-efa10b97dd82
fba1a1ac-1f2c-49fd-b5f9-d64b99f17396,Davis Burleson,davis-burleson,https://imgsrv-sxm-prod-device.streaming.siriusxm.com/eyJrZXkiOiJlbnRpdHktbWFuYWdlbWVudC85Yi85YmVjZjA0N2E4MzY0ZGU0NWQyMzMxNjI1ZTM5MzRiOV8xNzMxNDIxMDk5MTgwLmpwZWciLCJlZGl0cyI6W3siZm9ybWF0Ijp7InR5cGUiOiJqcGVnIn19LHsicmVzaXplIjp7IndpZHRoIjo2MDAsImhlaWdodCI6NjAwfX1dfQ==,https://www.siriusxm.com/player/talent/entity/fba1a1ac-1f2c-49fd-b5f9-d64b99f17396
cf777b78-d53d-4f26-be8c-1ac9b7805043,Dax McCarty,dax-mccarty,https://imgsrv-sxm-prod-device.streaming.siriusxm.com/eyJrZXkiOiJlbnRpdHktbWFuYWdlbWVudC9mMC9mMDc2MDk2MTQyNGI4Mjg3MDkwODZjZjFhY2IwM2Y5YV8xNzQyMjM2Mzc2MDUxLnBuZyIsImVkaXRzIjpbeyJmb3JtYXQiOnsidHlwZSI6ImpwZWcifX0seyJyZXNpemUiOnsid2lkdGgiOjYwMCwiaGVpZ2h0Ijo2MDB9fV19,https://www.siriusxm.com/player/talent/entity/cf777b78-d53d-4f26-be8c-1ac9b7805043
96a91feb-4804-4b34-9706-62af6481ded1,Daymond John,daymond-john,https://imgsrv-sxm-prod-device.streaming.siriusxm.com/eyJrZXkiOiJpZi9lNC9lNDRlNzNhYmVkOTczODhlOGRiZmIxNGJlM2ZkMGRmNl8xNzU2ODQwNDg2LmpwZyIsImVkaXRzIjpbeyJmb3JtYXQiOnsidHlwZSI6ImpwZWcifX0seyJyZXNpemUiOnsid2lkdGgiOjYwMCwiaGVpZ2h0Ijo2MDB9fV19,https://www.siriusxm.com/player/talent/entity/96a91feb-4804-4b34-9706-62af6481ded1
0bae9404-5b14-4972-81ef-9a5bf3147cbd,DeRay Mckesson,deray-mckesson,,https://www.siriusxm.com/player/talent/entity/0bae9404-5b14-4972-81ef-9a5bf3147cbd
1d4f44f3-afce-4c69-9d52-1e1e671b0aa3,Dean Martin,dean-martin,,https://www.siriusxm.com/player/talent/entity/1d4f44f3-afce-4c69-9d52-1e1e671b0aa3
660fc1e4-acb1-473a-993e-357c0f9e745b,Dean Obeidallah,dean-obeidallah,https://imgsrv-sxm-prod-device.streaming.siriusxm.com/eyJrZXkiOiJlbnRpdHktbWFuYWdlbWVudC8xZi8xZjA0ZTFhZGY0NzNmOWMwY2YwOGVkYjMyNmY1Yzc4NV8xNzAyMzQzODQ3ODcwLmpwZWciLCJlZGl0cyI6W3siZm9ybWF0Ijp7InR5cGUiOiJqcGVnIn19LHsicmVzaXplIjp7IndpZHRoIjo2MDAsImhlaWdodCI6NjAwfX1dfQ==,https://www.siriusxm.com/player/talent/entity/660fc1e4-acb1-473a-993e-357c0f9e745b
c5d5d59f-f31d-4e26-8022-ce39251dab7c,Def Leppard,def-leppard,https://imgsrv-sxm-prod-device.streaming.siriusxm.com/eyJrZXkiOiJlbnRpdHktbWFuYWdlbWVudC9iYi9iYjkyM2Y5YWY3OWQ0ODZmNmM5NjBjZDZhNDUxOTRmMF8xNzA0MzIzNjU0Njg5LmpwZWciLCJlZGl0cyI6W3siZm9ybWF0Ijp7InR5cGUiOiJqcGVnIn19LHsicmVzaXplIjp7IndpZHRoIjo2MDAsImhlaWdodCI6NjAwfX1dfQ==,https://www.siriusxm.com/player/talent/entity/c5d5d59f-f31d-4e26-8022-ce39251dab7c
86b308af-6abf-48cd-a509-0fb65c8929a6,Del McCoury,del-mccoury,,https://www.siriusxm.com/player/talent/entity/86b308af-6abf-48cd-a509-0fb65c8929a6
a0552d01-9575-48a8-9959-fed49b77704b,Demi Lovato,demi-lovato,https://imgsrv-sxm-prod-device.streaming.siriusxm.com/eyJrZXkiOiJlbnRpdHktbWFuYWdlbWVudC80OC80OGI2MjNmZGVjNmMzYjkwMjY5MzYwNDY4ODA1YjAyZF8xNzA0MzIzNjg4NTU4LmpwZWciLCJlZGl0cyI6W3siZm9ybWF0Ijp7InR5cGUiOiJqcGVnIn19LHsicmVzaXplIjp7IndpZHRoIjo2MDAsImhlaWdodCI6NjAwfX1dfQ==,https://www.siriusxm.com/player/talent/entity/a0552d01-9575-48a8-9959-fed49b77704b
5a6d6222-08ec-4c78-9ae8-87fda9cf1220,Demi Moore,demi-moore,,https://www.siriusxm.com/player/talent/entity/5a6d6222-08ec-4c78-9ae8-87fda9cf1220
a3bf78c9-15c9-451e-8055-d8854fd66d22,Denny Hamlin,denny-hamlin,https://imgsrv-sxm-prod-device.streaming.siriusxm.com/eyJrZXkiOiJpZi80Mi80MjdmZmNjN2Y0MzMzMzI5YmVmNWQ3MzFjOTJiYzc3ZF8xNzU2ODQwNTkzLmpwZyIsImVkaXRzIjpbeyJmb3JtYXQiOnsidHlwZSI6ImpwZWcifX0seyJyZXNpemUiOnsid2lkdGgiOjYwMCwiaGVpZ2h0Ijo2MDB9fV19,https://www.siriusxm.com/player/talent/entity/a3bf78c9-15c9-451e-8055-d8854fd66d22
f1932350-a3dd-411d-9255-fc8ded6999af,Diallo Riddle,diallo-riddle,,https://www.siriusxm.com/player/talent/entity/f1932350-a3dd-411d-9255-fc8ded6999af
fcb54db0-5a89-4d60-ac32-326b59f423c7,Diljit Dosanjh,diljit-dosanjh,,https://www.siriusxm.com/player/talent/entity/fcb54db0-5a89-4d60-ac32-326b59f423c7
8b8d837b-b278-4eb8-960a-196c6faf8a87,Din Thomas,din-thomas,,https://www.siriusxm.com/player/talent/entity/8b8d837b-b278-4eb8-960a-196c6faf8a87
79dc3af2-c67a-4203-873d-62b5af672a92,Dion,dion,,https://www.siriusxm.com/player/talent/entity/79dc3af2-c67a-4203-873d-62b5af672a92
89c9bcb8-704a-435e-a047-30840e7ee70d,Diplo,diplo,https://imgsrv-sxm-prod-device.streaming.siriusxm.com/eyJrZXkiOiJlbnRpdHktbWFuYWdlbWVudC9mYS9mYTZjOWI1NTM2ZDg4OWY0NGU0MjA1NTkwMjY0MzVjZl8xNzAyMjMyNzk4NjkzLnBuZyIsImVkaXRzIjpbeyJmb3JtYXQiOnsidHlwZSI6ImpwZWcifX0seyJyZXNpemUiOnsid2lkdGgiOjYwMCwiaGVpZ2h0Ijo2MDB9fV19,https://www.siriusxm.com/player/talent/entity/89c9bcb8-704a-435e-a047-30840e7ee70d
766a8927-8d96-424c-815f-42e6dda89696,Dolly Parton,dolly-parton,https://imgsrv-sxm-prod-device.streaming.siriusxm.com/eyJrZXkiOiJlbnRpdHktbWFuYWdlbWVudC9jOS9jOWYzZjEyN2NmMmJkYzM2NTU2NDBmMjJiYjkwYzJlMV8xNzAxODA2MzgxMzg2LmpwZWciLCJlZGl0cyI6W3siZm9ybWF0Ijp7InR5cGUiOiJqcGVnIn19LHsicmVzaXplIjp7IndpZHRoIjo2MDAsImhlaWdodCI6NjAwfX1dfQ==,https://www.siriusxm.com/player/talent/entity/766a8927-8d96-424c-815f-42e6dda89696
e6d37f80-4574-4e62-9c26-73e43eef57a5,Don Cannon,don-cannon,,https://www.siriusxm.com/player/talent/entity/e6d37f80-4574-4e62-9c26-73e43eef57a5
ad0d3572-2b38-46b4-a47c-be8861b34dd8,Donald Faison,donald-faison,,https://www.siriusxm.com/player/talent/entity/ad0d3572-2b38-46b4-a47c-be8861b34dd8
50ba215f-8615-43d9-8fae-a180c1edd6b0,Dorinda Medley,dorinda-medley,https://imgsrv-sxm-prod-device.streaming.siriusxm.com/eyJrZXkiOiJlbnRpdHktbWFuYWdlbWVudC84My84MzJmMmMwMmM3MTdiNzczODAxYzZiNzEyOTg1NTIzMF8xNzE3NjI5MDUxNzk5LmpwZWciLCJlZGl0cyI6W3siZm9ybWF0Ijp7InR5cGUiOiJqcGVnIn19LHsicmVzaXplIjp7IndpZHRoIjo2MDAsImhlaWdodCI6NjAwfX1dfQ==,https://www.siriusxm.com/player/talent/entity/50ba215f-8615-43d9-8fae-a180c1edd6b0
e4a4a645-c221-4eb0-b581-4a9bc004607d,Doris Day,doris-day,,https://www.siriusxm.com/player/talent/entity/e4a4a645-c221-4eb0-b581-4a9bc004607d
b7b5a874-8976-427c-bd19-052504df827f,Doug Benson,doug-benson,,https://www.siriusxm.com/player/talent/entity/b7b5a874-8976-427c-bd19-052504df827f
cfb3cdbf-141a-4236-a985-0bd13badd884,Downtown Julie Brown,downtown-julie-brown,https://imgsrv-sxm-prod-device.streaming.siriusxm.com/eyJrZXkiOiJlbnRpdHktbWFuYWdlbWVudC9kZC9kZGE1YzE5YjY3M2ZmYjQ2MjkyZmIzN2I2NzZkYWIyN18xNzA5Njg0OTY2MTQyLmpwZWciLCJlZGl0cyI6W3siZm9ybWF0Ijp7InR5cGUiOiJqcGVnIn19LHsicmVzaXplIjp7IndpZHRoIjo2MDAsImhlaWdodCI6NjAwfX1dfQ==,https://www.siriusxm.com/player/talent/entity/cfb3cdbf-141a-4236-a985-0bd13badd884
a1727015-f1db-4a2e-aaa3-886e78cf940a,"Dr. Billy Goldberg, MD",dr-billy-goldberg-md,,https://www.siriusxm.com/player/talent/entity/a1727015-f1db-4a2e-aaa3-886e78cf940a
87476d9a-f157-40af-b5c0-e3760d1f33b5,Dr. Charles Marmar,dr-charles-marmar,,https://www.siriusxm.com/player/talent/entity/87476d9a-f157-40af-b5c0-e3760d1f33b5
05bf4a27-2fbb-4a56-9f1b-acb56178ecb9,Dr. David Sinclair,dr-david-sinclair,https://imgsrv-sxm-prod-device.streaming.siriusxm.com/eyJrZXkiOiJpZi8zMi8zMmNiNzI3NTgwZWUzMDFlYTQ5NTFkNzdhYTUyZjAxZF8xNzU2ODQwNjczLmpwZyIsImVkaXRzIjpbeyJmb3JtYXQiOnsidHlwZSI6ImpwZWcifX0seyJyZXNpemUiOnsid2lkdGgiOjYwMCwiaGVpZ2h0Ijo2MDB9fV19,https://www.siriusxm.com/player/talent/entity/05bf4a27-2fbb-4a56-9f1b-acb56178ecb9
fd749b99-33b0-4680-8c26-f01e2e75ef21,"Dr. Jess Shatkin, MD, MPH",dr-jess-shatkin-md-mph,,https://www.siriusxm.com/player/talent/entity/fd749b99-33b0-4680-8c26-f01e2e75ef21
089d6a2e-7075-4e91-85b4-9d04a58512e3,Dr. Laura,dr-laura,https://imgsrv-sxm-prod-device.streaming.siriusxm.com/eyJrZXkiOiJlbnRpdHktbWFuYWdlbWVudC84OS84OTE0NjZhYTgwYjA1NzA3YTcyMjkyMmYwMTVkZDE1Ml8xNzAyMDA3MTExNTg2LnBuZyIsImVkaXRzIjpbeyJmb3JtYXQiOnsidHlwZSI6ImpwZWcifX0seyJyZXNpemUiOnsid2lkdGgiOjYwMCwiaGVpZ2h0Ijo2MDB9fV19,https://www.siriusxm.com/player/talent/entity/089d6a2e-7075-4e91-85b4-9d04a58512e3
15e600e2-65ce-4f21-acff-3033b795c455,"Dr. Marc Siegel, MD",dr-marc-siegel-md,,https://www.siriusxm.com/player/talent/entity/15e600e2-65ce-4f21-acff-3033b795c455
0a126318-e2f2-4019-96f4-269d390b5f3c,"Dr. Michael Perskin, MD",dr-michael-perskin-md,,https://www.siriusxm.com/player/talent/entity/0a126318-e2f2-4019-96f4-269d390b5f3c
2391c99c-c62d-441a-9089-6dcabbb48d40,Dr. Phil,dr-phil,,https://www.siriusxm.com/player/talent/entity/2391c99c-c62d-441a-9089-6dcabbb48d40
26b2073d-a930-4186-8279-eac68e927568,Drake,drake,https://imgsrv-sxm-prod-device.streaming.siriusxm.com/eyJrZXkiOiJlbnRpdHktbWFuYWdlbWVudC85MS85MTA4ZmNlNzA5MjI5NTRmZmIzMDA5NzJhM2RlODQ3NF8xNzAyMzU0ODM1Njc4LnBuZyIsImVkaXRzIjpbeyJmb3JtYXQiOnsidHlwZSI6ImpwZWcifX0seyJyZXNpemUiOnsid2lkdGgiOjYwMCwiaGVpZ2h0Ijo2MDB9fV19,https://www.siriusxm.com/player/talent/entity/26b2073d-a930-4186-8279-eac68e927568
7a6d8b4c-ed70-4115-860a-559813ae2f18,Drew Barrymore,drew-barrymore,,https://www.siriusxm.com/player/talent/entity/7a6d8b4c-ed70-4115-860a-559813ae2f18
140adf09-5d19-4deb-8d07-e2b4d640e5c9,Drew Carey,drew-carey,https://imgsrv-sxm-prod-device.streaming.siriusxm.com/eyJrZXkiOiJlbnRpdHktbWFuYWdlbWVudC84Zi84ZjJhMTExZDQxM2M5ZTYyNzllNjRiNmYyYTU3YWZhY18xNzAyMjI3NzE0NTcwLnBuZyIsImVkaXRzIjpbeyJmb3JtYXQiOnsidHlwZSI6ImpwZWcifX0seyJyZXNpemUiOnsid2lkdGgiOjYwMCwiaGVpZ2h0Ijo2MDB9fV19,https://www.siriusxm.com/player/talent/entity/140adf09-5d19-4deb-8d07-e2b4d640e5c9
3a3dbe0b-e0e9-49d6-b64e-dd9015aefa62,Drew Stoltz,drew-stoltz,,https://www.siriusxm.com/player/talent/entity/3a3dbe0b-e0e9-49d6-b64e-dd9015aefa62
6256e03b-124d-4dba-afd9-5a47d3bc9672,Dua Lipa,dua-lipa,https://imgsrv-sxm-prod-device.streaming.siriusxm.com/eyJrZXkiOiJlbnRpdHktbWFuYWdlbWVudC81ZS81ZThlODE0ZjFlMTYyMDJjMjdlY2RiMjRlZmE5YjRmZF8xNzA0MzIzNzIwNzg4LmpwZWciLCJlZGl0cyI6W3siZm9ybWF0Ijp7InR5cGUiOiJqcGVnIn19LHsicmVzaXplIjp7IndpZHRoIjo2MDAsImhlaWdodCI6NjAwfX1dfQ==,https://www.siriusxm.com/player/talent/entity/6256e03b-124d-4dba-afd9-5a47d3bc9672
87a65087-edcd-4d8d-89e3-d5e4261c0876,Duff McKagan,duff-mckagan,,https://www.siriusxm.com/player/talent/entity/87a65087-edcd-4d8d-89e3-d5e4261c0876
2662f8e7-bd70-4cae-91f6-68a9c372d6d9,Duncan Robinson (basketball),duncan-robinson-basketball,,https://www.siriusxm.com/player/talent/entity/2662f8e7-bd70-4cae-91f6-68a9c372d6d9
3922da90-be59-4bb2-a7c0-e23ffccbd8f9,Duran Duran,duran-duran,https://imgsrv-sxm-prod-device.streaming.siriusxm.com/eyJrZXkiOiJlbnRpdHktbWFuYWdlbWVudC9lNS9lNWQyODYzZDQyZDY2ZjE2M2EzOTI0Mzc0YTlmZDc0Y18xNjk5OTE2OTcwNTQzLmpwZWciLCJlZGl0cyI6W3siZm9ybWF0Ijp7InR5cGUiOiJqcGVnIn19LHsicmVzaXplIjp7IndpZHRoIjo2MDAsImhlaWdodCI6NjAwfX1dfQ==,https://www.siriusxm.com/player/talent/entity/3922da90-be59-4bb2-a7c0-e23ffccbd8f9
3a873920-8877-496b-b77f-9687daf0c845,Dwight Yoakam,dwight-yoakam,https://imgsrv-sxm-prod-device.streaming.siriusxm.com/eyJrZXkiOiJlbnRpdHktbWFuYWdlbWVudC9lYS9lYTA1NWE0ZWM0OTFjMWYxN2YxYmFkNWM1M2ZjNTU0NF8xNzAyMjM5MDAwMjQ1LnBuZyIsImVkaXRzIjpbeyJmb3JtYXQiOnsidHlwZSI6ImpwZWcifX0seyJyZXNpemUiOnsid2lkdGgiOjYwMCwiaGVpZ2h0Ijo2MDB9fV19,https://www.siriusxm.com/player/talent/entity/3a873920-8877-496b-b77f-9687daf0c845
e1468bf7-aab8-4f4b-91cf-261102a4d0cc,Dylan Marron,dylan-marron,,https://www.siriusxm.com/player/talent/entity/e1468bf7-aab8-4f4b-91cf-261102a4d0cc
858315ca-2f16-42d5-9bd6-c3da2dc80133,Dylan Thuras,dylan-thuras,https://imgsrv-sxm-prod-device.streaming.siriusxm.com/eyJrZXkiOiJpZi9jNS9jNTM0NzU5ZjdhMjEzZTI0YTMyZTk4MTBiN2ZhZTQ4Ml8xNzU2ODQwNTAyLmpwZyIsImVkaXRzIjpbeyJmb3JtYXQiOnsidHlwZSI6ImpwZWcifX0seyJyZXNpemUiOnsid2lkdGgiOjYwMCwiaGVpZ2h0Ijo2MDB9fV19,https://www.siriusxm.com/player/talent/entity/858315ca-2f16-42d5-9bd6-c3da2dc80133
bdf477e5-4509-4910-b9f2-0d18d6f1564b,EJ Manuel,ej-manuel,,https://www.siriusxm.com/player/talent/entity/bdf477e5-4509-4910-b9f2-0d18d6f1564b
c859e58b-b062-41e2-baa4-959f1dc4d847,Earle Bailey,earle-bailey,https://imgsrv-sxm-prod-device.streaming.siriusxm.com/eyJrZXkiOiJlbnRpdHktbWFuYWdlbWVudC82My82MzI0MTdjNjlmZmRiMzZiNTIzN2YyZTEzNzNkNmZkMl8xNzAyMDYyODU5OTMzLmpwZWciLCJlZGl0cyI6W3siZm9ybWF0Ijp7InR5cGUiOiJqcGVnIn19LHsicmVzaXplIjp7IndpZHRoIjo2MDAsImhlaWdodCI6NjAwfX1dfQ==,https://www.siriusxm.com/player/talent/entity/c859e58b-b062-41e2-baa4-959f1dc4d847
88fb440c-fca1-441a-b40d-a94d1258f477,Earthquake,earthquake,https://imgsrv-sxm-prod-device.streaming.siriusxm.com/eyJrZXkiOiJlbnRpdHktbWFuYWdlbWVudC82MC82MDU4ODFlMTYzNjI2MmZmMzA4MTE4MTI5NjUwY2IzOV8xNzAyMjI0MTkyODc1LnBuZyIsImVkaXRzIjpbeyJmb3JtYXQiOnsidHlwZSI6ImpwZWcifX0seyJyZXNpemUiOnsid2lkdGgiOjYwMCwiaGVpZ2h0Ijo2MDB9fV19,https://www.siriusxm.com/player/talent/entity/88fb440c-fca1-441a-b40d-a94d1258f477
e76e149a-0816-4d73-9136-4403dce6bcc6,Echosmith,echosmith,,https://www.siriusxm.com/player/talent/entity/e76e149a-0816-4d73-9136-4403dce6bcc6
6b73b2d8-e48e-483e-be1c-048d4b7f2cfc,Ed Helms,ed-helms,,https://www.siriusxm.com/player/talent/entity/6b73b2d8-e48e-483e-be1c-048d4b7f2cfc
a0f6b3c7-a4f4-4d4f-9b95-8ecd6dbe25a8,Ed Sheeran,ed-sheeran,https://imgsrv-sxm-prod-device.streaming.siriusxm.com/eyJrZXkiOiJlbnRpdHktbWFuYWdlbWVudC83Mi83MmEwYjU3ODgzMjJhYmFiMmY0MTI4OTg5YjY5NzBjZV8xNzA0MzIzNjYwODEyLmpwZWciLCJlZGl0cyI6W3siZm9ybWF0Ijp7InR5cGUiOiJqcGVnIn19LHsicmVzaXplIjp7IndpZHRoIjo2MDAsImhlaWdodCI6NjAwfX1dfQ==,https://www.siriusxm.com/player/talent/entity/a0f6b3c7-a4f4-4d4f-9b95-8ecd6dbe25a8
f5a822e1-e05e-4641-b430-0703e685ed61,Eddie Trunk,eddie-trunk,https://imgsrv-sxm-prod-device.streaming.siriusxm.com/eyJrZXkiOiJlbnRpdHktbWFuYWdlbWVudC9hZC9hZDNhYWY5ZGQ2NTUwZTMzZTk1NzU4MjQ1ZjkyODcwMl8xNzAyMzUyMzUyODA0LmpwZWciLCJlZGl0cyI6W3siZm9ybWF0Ijp7InR5cGUiOiJqcGVnIn19LHsicmVzaXplIjp7IndpZHRoIjo2MDAsImhlaWdodCI6NjAwfX1dfQ==,https://www.siriusxm.com/player/talent/entity/f5a822e1-e05e-4641-b430-0703e685ed61
8e404da5-3ca6-482c-bed3-75029c693ab9,Eddie Vedder,eddie-vedder,https://imgsrv-sxm-prod-device.streaming.siriusxm.com/eyJrZXkiOiJlbnRpdHktbWFuYWdlbWVudC9jMi9jMjdjZjYwYmQ3OGQ5NzA0MTY0ZDBhNjA1MWM0ODk0ZV8xNzAwNjIxMzg4NjM1LmpwZWciLCJlZGl0cyI6W3siZm9ybWF0Ijp7InR5cGUiOiJqcGVnIn19LHsicmVzaXplIjp7IndpZHRoIjo2MDAsImhlaWdodCI6NjAwfX1dfQ==,https://www.siriusxm.com/player/talent/entity/8e404da5-3ca6-482c-bed3-75029c693ab9
b98f1861-a916-4342-847f-a839a0f534de,Eduardo Pérez,eduardo-p-rez,,https://www.siriusxm.com/player/talent/entity/b98f1861-a916-4342-847f-a839a0f534de
190c6220-d0ca-4abd-9af0-c082793ac0ad,Elizabeth Cook,elizabeth-cook,https://imgsrv-sxm-prod-device.streaming.siriusxm.com/eyJrZXkiOiJlbnRpdHktbWFuYWdlbWVudC81OC81ODhmMWU1ZjQwYTYzN2EyZGE3ODM1OGJmNTUxYzJlOV8xNzAxOTA3OTQwODgyLmpwZWciLCJlZGl0cyI6W3siZm9ybWF0Ijp7InR5cGUiOiJqcGVnIn19LHsicmVzaXplIjp7IndpZHRoIjo2MDAsImhlaWdodCI6NjAwfX1dfQ==,https://www.siriusxm.com/player/talent/entity/190c6220-d0ca-4abd-9af0-c082793ac0ad
7d115605-92c2-4609-89d9-0848bc708fd4,Elle Fanning,elle-fanning,https://imgsrv-sxm-prod-device.streaming.siriusxm.com/eyJrZXkiOiJpZi8yYS8yYTg4NjdiZGRhYWQzMzMzYjk0ODU3MjQ4MTdkNDIyM18xNzU2ODQwMzE3LmpwZyIsImVkaXRzIjpbeyJmb3JtYXQiOnsidHlwZSI6ImpwZWcifX0seyJyZXNpemUiOnsid2lkdGgiOjYwMCwiaGVpZ2h0Ijo2MDB9fV19,https://www.siriusxm.com/player/talent/entity/7d115605-92c2-4609-89d9-0848bc708fd4
fe7d8a29-383b-466d-8669-1f146528cc82,Elliott Kalan,elliott-kalan,https://imgsrv-sxm-prod-device.streaming.siriusxm.com/eyJrZXkiOiJpZi84Zi84ZmFjMDZkMzBhOTkzMWM3OTFiMDdkMTNiOGYxM2M2NF8xNzU2ODQwMzU3LmpwZyIsImVkaXRzIjpbeyJmb3JtYXQiOnsidHlwZSI6ImpwZWcifX0seyJyZXNpemUiOnsid2lkdGgiOjYwMCwiaGVpZ2h0Ijo2MDB9fV19,https://www.siriusxm.com/player/talent/entity/fe7d8a29-383b-466d-8669-1f146528cc82
2150c178-ffc0-4c2b-89ce-74c07dbd3f15,Elvis Presley,elvis-presley,https://imgsrv-sxm-prod-device.streaming.siriusxm.com/eyJrZXkiOiJlbnRpdHktbWFuYWdlbWVudC83YS83YTEzY2I5ZTg5MmFjOWRkZWQ4ZDljZjNiNTFlYjEyMl8xNzAyMjM5MTEwNjc5LnBuZyIsImVkaXRzIjpbeyJmb3JtYXQiOnsidHlwZSI6ImpwZWcifX0seyJyZXNpemUiOnsid2lkdGgiOjYwMCwiaGVpZ2h0Ijo2MDB9fV19,https://www.siriusxm.com/player/talent/entity/2150c178-ffc0-4c2b-89ce-74c07dbd3f15
1c62c94a-3fcf-477a-852b-fda248492ea6,Emily Heller,emily-heller,,https://www.siriusxm.com/player/talent/entity/1c62c94a-3fcf-477a-852b-fda248492ea6
74be0973-90ce-47da-823f-723c1f32ce35,Emily Morse,emily-morse,,https://www.siriusxm.com/player/talent/entity/74be0973-90ce-47da-823f-723c1f32ce35
88c2c967-7da9-4b74-b84c-e19515711f97,Emily Sumlin,emily-sumlin,,https://www.siriusxm.com/player/talent/entity/88c2c967-7da9-4b74-b84c-e19515711f97
d761fdc5-3526-4fe3-855d-0b7349745786,Eminem,eminem,https://imgsrv-sxm-prod-device.streaming.siriusxm.com/eyJrZXkiOiJlbnRpdHktbWFuYWdlbWVudC84MC84MDJjOTZiMDUyNGVkNDE1ZmE1ZjQxNTIwMzgwOTU5MV8xNzAyMjM5MTc0MjExLnBuZyIsImVkaXRzIjpbeyJmb3JtYXQiOnsidHlwZSI6ImpwZWcifX0seyJyZXNpemUiOnsid2lkdGgiOjYwMCwiaGVpZ2h0Ijo2MDB9fV19,https://www.siriusxm.com/player/talent/entity/d761fdc5-3526-4fe3-855d-0b7349745786
0b42d869-b8d9-4f26-ba7c-4f028e938be5,Emma Chamberlain,emma-chamberlain,,https://www.siriusxm.com/player/talent/entity/0b42d869-b8d9-4f26-ba7c-4f028e938be5
5a76a926-842b-4b7c-ac87-b6f791696a51,Emma Gray,emma-gray,https://imgsrv-sxm-prod-device.streaming.siriusxm.com/eyJrZXkiOiJlbnRpdHktbWFuYWdlbWVudC9mMC9mMGI3NjZjZWRjYWIxNjBiMWFlN2QxODAzNTYwN2ZiM18xNzE3NjMzMTc2MDIxLmpwZWciLCJlZGl0cyI6W3siZm9ybWF0Ijp7InR5cGUiOiJqcGVnIn19LHsicmVzaXplIjp7IndpZHRoIjo2MDAsImhlaWdodCI6NjAwfX1dfQ==,https://www.siriusxm.com/player/talent/entity/5a76a926-842b-4b7c-ac87-b6f791696a51
5dfef9ac-0ba7-4c34-bb22-ea1a2fe959a0,Emma Stone,emma-stone,https://imgsrv-sxm-prod-device.streaming.siriusxm.com/eyJrZXkiOiJlbnRpdHktbWFuYWdlbWVudC9mMC9mMGQxMWFlMjBlZjljM2RhZGUwZGZmN2Y4ZjIxNjJjNV8xNzIzNjQ2MTM5NzUxLmpwZWciLCJlZGl0cyI6W3siZm9ybWF0Ijp7InR5cGUiOiJqcGVnIn19LHsicmVzaXplIjp7IndpZHRoIjo2MDAsImhlaWdodCI6NjAwfX1dfQ==,https://www.siriusxm.com/player/talent/entity/5dfef9ac-0ba7-4c34-bb22-ea1a2fe959a0
400ea6c6-2a61-4f28-b04c-a49b784692d1,Eric Alper,eric-alper,https://imgsrv-sxm-prod-device.streaming.siriusxm.com/eyJrZXkiOiJlbnRpdHktbWFuYWdlbWVudC8xMy8xM2QxMDRmM2JlYWZjM2U3OTRmNTRiMGU2ODAyYzk2N18xNzQwNTA3MjU1OTY2LmpwZWciLCJlZGl0cyI6W3siZm9ybWF0Ijp7InR5cGUiOiJqcGVnIn19LHsicmVzaXplIjp7IndpZHRoIjo2MDAsImhlaWdodCI6NjAwfX1dfQ==,https://www.siriusxm.com/player/talent/entity/400ea6c6-2a61-4f28-b04c-a49b784692d1
77898a4e-18f1-4db5-b0de-24dd415ca7a7,Eric Andre,eric-andre,https://imgsrv-sxm-prod-device.streaming.siriusxm.com/eyJrZXkiOiJpZi83Yy83Y2EwZTRhYjc2YzUzZTQ4OGIyZGVjMGY4NDcxNTZkOV8xNzU2ODQwNDcyLmpwZyIsImVkaXRzIjpbeyJmb3JtYXQiOnsidHlwZSI6ImpwZWcifX0seyJyZXNpemUiOnsid2lkdGgiOjYwMCwiaGVpZ2h0Ijo2MDB9fV19,https://www.siriusxm.com/player/talent/entity/77898a4e-18f1-4db5-b0de-24dd415ca7a7
5fe6ce30-0656-416c-8219-4b5c4f3ac17d,Eric Church,eric-church,https://imgsrv-sxm-prod-device.streaming.siriusxm.com/eyJrZXkiOiJlbnRpdHktbWFuYWdlbWVudC8zNy8zN2M0OGJjNjkzZDUxYmM3MjQ1MTBlYTUzYzI5NjVmMV8xNjk5OTE2OTY2Njk3LmpwZWciLCJlZGl0cyI6W3siZm9ybWF0Ijp7InR5cGUiOiJqcGVnIn19LHsicmVzaXplIjp7IndpZHRoIjo2MDAsImhlaWdodCI6NjAwfX1dfQ==,https://www.siriusxm.com/player/talent/entity/5fe6ce30-0656-416c-8219-4b5c4f3ac17d
7dd73aa2-1ca1-4c8b-9377-a5983ccdcd4a,Eric Ebron,eric-ebron,https://imgsrv-sxm-prod-device.streaming.siriusxm.com/eyJrZXkiOiJlbnRpdHktbWFuYWdlbWVudC8yMi8yMjgzMmZmNTFjMmEzZTEzZmNlMmRjODc3NWE5ZWViN18xNzM4MzYxOTMyMDc5LmpwZWciLCJlZGl0cyI6W3siZm9ybWF0Ijp7InR5cGUiOiJqcGVnIn19LHsicmVzaXplIjp7IndpZHRoIjo2MDAsImhlaWdodCI6NjAwfX1dfQ==,https://www.siriusxm.com/player/talent/entity/7dd73aa2-1ca1-4c8b-9377-a5983ccdcd4a
0418067a-ca12-4c48-afe9-bbc26107c639,Eric McCormack,eric-mccormack,https://imgsrv-sxm-prod-device.streaming.siriusxm.com/eyJrZXkiOiJpZi9mZC9mZGY2NjZhMDZhY2IzNGM1ODZiMWMwMGE5YzYwZGNjOF8xNzU2ODM4NTI5LmpwZyIsImVkaXRzIjpbeyJmb3JtYXQiOnsidHlwZSI6ImpwZWcifX0seyJyZXNpemUiOnsid2lkdGgiOjYwMCwiaGVpZ2h0Ijo2MDB9fV19,https://www.siriusxm.com/player/talent/entity/0418067a-ca12-4c48-afe9-bbc26107c639
b9e4e5d1-095a-4284-9a17-1625b683a63b,Erica LeAnn,erica-leann,,https://www.siriusxm.com/player/talent/entity/b9e4e5d1-095a-4284-9a17-1625b683a63b
c5c9035b-ce4d-4974-a34f-cd27a0e9bf44,Erik Griffin,erik-griffin,,https://www.siriusxm.com/player/talent/entity/c5c9035b-ce4d-4974-a34f-cd27a0e9bf44
5b7a85f7-885b-4729-b998-04d8fe2087c2,Erin Burnett,erin-burnett,,https://www.siriusxm.com/player/talent/entity/5b7a85f7-885b-4729-b998-04d8fe2087c2
a852fa1e-f8c2-4ae7-919b-d9ba502bdbf7,Erin Foley,erin-foley,,https://www.siriusxm.com/player/talent/entity/a852fa1e-f8c2-4ae7-919b-d9ba502bdbf7
f0f13d9f-b1e6-4bcf-b4da-7d66df710ef6,Ezra Klein,ezra-klein,,https://www.siriusxm.com/player/talent/entity/f0f13d9f-b1e6-4bcf-b4da-7d66df710ef6
ae29d90b-e23f-4ed4-9c32-d1e14dffe306,FINNEAS,finneas,https://imgsrv-sxm-prod-device.streaming.siriusxm.com/eyJrZXkiOiJlbnRpdHktbWFuYWdlbWVudC9kMi9kMjg1ODljMTZlZjQwYzhiYTkzYmY2YWNmYmFlNDc5OF8xNzAwNjIyNDc5MzY5LmpwZWciLCJlZGl0cyI6W3siZm9ybWF0Ijp7InR5cGUiOiJqcGVnIn19LHsicmVzaXplIjp7IndpZHRoIjo2MDAsImhlaWdodCI6NjAwfX1dfQ==,https://www.siriusxm.com/player/talent/entity/ae29d90b-e23f-4ed4-9c32-d1e14dffe306
47feaf2a-db0c-45a7-9c5f-c28552c086f4,Fareed Zakaria,fareed-zakaria,,https://www.siriusxm.com/player/talent/entity/47feaf2a-db0c-45a7-9c5f-c28552c086f4
0f35371e-63d3-4555-8c50-2050f4ad9c7c,Fastball,fastball,,https://www.siriusxm.com/player/talent/entity/0f35371e-63d3-4555-8c50-2050f4ad9c7c
4aae1849-9970-4bfb-948f-5c95b86cc9b7,Fat Joe,fat-joe,,https://www.siriusxm.com/player/talent/entity/4aae1849-9970-4bfb-948f-5c95b86cc9b7
0139c5b4-585f-41bb-a8d2-16e1a6c02709,Father Dave Dwyer,father-dave-dwyer,,https://www.siriusxm.com/player/talent/entity/0139c5b4-585f-41bb-a8d2-16e1a6c02709
1214c329-1188-4120-9e48-d7676d18421e,Felipe Esparza,felipe-esparza,https://imgsrv-sxm-prod-device.streaming.siriusxm.com/eyJrZXkiOiJlbnRpdHktbWFuYWdlbWVudC8xMy8xMzM1Zjg4ZWRhMTNmMWQzMTBhOTY3OWIzNzg4OTc3YV8xNzQyOTIzMzUzNzc3LmpwZWciLCJlZGl0cyI6W3siZm9ybWF0Ijp7InR5cGUiOiJqcGVnIn19LHsicmVzaXplIjp7IndpZHRoIjo2MDAsImhlaWdodCI6NjAwfX1dfQ==,https://www.siriusxm.com/player/talent/entity/1214c329-1188-4120-9e48-d7676d18421e
1e2fbce7-0cd2-435e-8fa2-82348107e605,Fern Brady,fern-brady,,https://www.siriusxm.com/player/talent/entity/1e2fbce7-0cd2-435e-8fa2-82348107e605
c837641e-b01b-40ee-aaf7-dfe3e3e580eb,Fiona Shea,fiona-shea,https://imgsrv-sxm-prod-device.streaming.siriusxm.com/eyJrZXkiOiJlbnRpdHktbWFuYWdlbWVudC80My80MzRiZTMyMDYzNTI5MjZhZmQ4NGViODBlZWQwNzY0Ml8xNzM5MjAxMDg5NTcyLmpwZWciLCJlZGl0cyI6W3siZm9ybWF0Ijp7InR5cGUiOiJqcGVnIn19LHsicmVzaXplIjp7IndpZHRoIjo2MDAsImhlaWdodCI6NjAwfX1dfQ==,https://www.siriusxm.com/player/talent/entity/c837641e-b01b-40ee-aaf7-dfe3e3e580eb
626cb2fd-c6dd-4ff8-bf2c-f32870257b10,Flea,flea,,https://www.siriusxm.com/player/talent/entity/626cb2fd-c6dd-4ff8-bf2c-f32870257b10
adb7c9ed-7086-4235-ba37-88ca759988b3,Flogging Molly,flogging-molly,,https://www.siriusxm.com/player/talent/entity/adb7c9ed-7086-4235-ba37-88ca759988b3
55457c1f-f4b7-4872-8960-ea6a62e5c77f,Foo Fighters,foo-fighters,https://imgsrv-sxm-prod-device.streaming.siriusxm.com/eyJrZXkiOiJlbnRpdHktbWFuYWdlbWVudC84Ni84NmZhZjcyYWE2MWM3MjczZTNlMmVkNDc1ZDFkNjRhM18xNzAwNjIxMzUzNjIzLmpwZWciLCJlZGl0cyI6W3siZm9ybWF0Ijp7InR5cGUiOiJqcGVnIn19LHsicmVzaXplIjp7IndpZHRoIjo2MDAsImhlaWdodCI6NjAwfX1dfQ==,https://www.siriusxm.com/player/talent/entity/55457c1f-f4b7-4872-8960-ea6a62e5c77f
618c4071-80ac-4f35-bd4a-529c2c78d06e,Fortune Feimster,fortune-feimster,https://imgsrv-sxm-prod-device.streaming.siriusxm.com/eyJrZXkiOiJlbnRpdHktbWFuYWdlbWVudC9iZi9iZjI3M2M4YWExNjYyYWU5YjEwYzNhNGFkMTVkY2Y2N18xNzA4OTgzNzA2OTEyLmpwZWciLCJlZGl0cyI6W3siZm9ybWF0Ijp7InR5cGUiOiJqcGVnIn19LHsicmVzaXplIjp7IndpZHRoIjo2MDAsImhlaWdodCI6NjAwfX1dfQ==,https://www.siriusxm.com/player/talent/entity/618c4071-80ac-4f35-bd4a-529c2c78d06e
c6f79647-5ae8-4253-9d97-8a15fac07892,Frank Isola,frank-isola,https://imgsrv-sxm-prod-device.streaming.siriusxm.com/eyJrZXkiOiJlbnRpdHktbWFuYWdlbWVudC80YS80YTQzZTA0OTY1YjQ1MWQxNTk2MzVkMDhmZDgwMWVlZF8xNzM4MDkzMDExNDg2LmpwZWciLCJlZGl0cyI6W3siZm9ybWF0Ijp7InR5cGUiOiJqcGVnIn19LHsicmVzaXplIjp7IndpZHRoIjo2MDAsImhlaWdodCI6NjAwfX1dfQ==,https://www.siriusxm.com/player/talent/entity/c6f79647-5ae8-4253-9d97-8a15fac07892
4656512c-482b-4581-b668-410afd387f3d,Frank Sinatra,frank-sinatra,https://imgsrv-sxm-prod-device.streaming.siriusxm.com/eyJrZXkiOiJlbnRpdHktbWFuYWdlbWVudC8xYy8xY2M4M2M3OWUyNzgyNWVmZjJkMWVkZmRkZWVmYWZjNF8xNzAyMjM5MjQ1MDkwLnBuZyIsImVkaXRzIjpbeyJmb3JtYXQiOnsidHlwZSI6ImpwZWcifX0seyJyZXNpemUiOnsid2lkdGgiOjYwMCwiaGVpZ2h0Ijo2MDB9fV19,https://www.siriusxm.com/player/talent/entity/4656512c-482b-4581-b668-410afd387f3d
30121ddf-ea83-4576-a13b-b39b2907583e,Fred Couples,fred-couples,,https://www.siriusxm.com/player/talent/entity/30121ddf-ea83-4576-a13b-b39b2907583e
7aa8b5fd-d2ba-4a4d-aaad-64c20f4e006d,Freddie Wong,freddie-wong,,https://www.siriusxm.com/player/talent/entity/7aa8b5fd-d2ba-4a4d-aaad-64c20f4e006d
d85b9510-719b-4777-809f-1c96b0e7cabe,Gail Bennington,gail-bennington,https://imgsrv-sxm-prod-device.streaming.siriusxm.com/eyJrZXkiOiJlbnRpdHktbWFuYWdlbWVudC9lMC9lMGZmMzhiM2Q4NzE1OTYwYzE3NWYxMzk5MDA3NDAyOV8xNzAyMjAzMzMwNDY1LnBuZyIsImVkaXRzIjpbeyJmb3JtYXQiOnsidHlwZSI6ImpwZWcifX0seyJyZXNpemUiOnsid2lkdGgiOjYwMCwiaGVpZ2h0Ijo2MDB9fV19,https://www.siriusxm.com/player/talent/entity/d85b9510-719b-4777-809f-1c96b0e7cabe
bf3e4085-7679-43c6-b2d8-d6cff1231439,Gareth Reynolds,gareth-reynolds,,https://www.siriusxm.com/player/talent/entity/bf3e4085-7679-43c6-b2d8-d6cff1231439
9824ef15-26f3-4f15-81cd-ac96d72b1d14,Garrett Hedlund,garrett-hedlund,,https://www.siriusxm.com/player/talent/entity/9824ef15-26f3-4f15-81cd-ac96d72b1d14
da2ec82f-bda4-49e3-a054-760a0df7214c,Garth Brooks,garth-brooks,https://imgsrv-sxm-prod-device.streaming.siriusxm.com/eyJrZXkiOiJlbnRpdHktbWFuYWdlbWVudC81My81M2IwY2RhM2U4NDk4YmIzY2YyMGQ4YzY3NGI5MzRkNl8xNzMwNzQ2NDc4NTk4LmpwZWciLCJlZGl0cyI6W3siZm9ybWF0Ijp7InR5cGUiOiJqcGVnIn19LHsicmVzaXplIjp7IndpZHRoIjo2MDAsImhlaWdodCI6NjAwfX1dfQ==,https://www.siriusxm.com/player/talent/entity/da2ec82f-bda4-49e3-a054-760a0df7214c
0e2a3647-6037-43a3-b54b-02d032e53136,"Gary ""Bud"" Smith",gary-bud-smith,,https://www.siriusxm.com/player/talent/entity/0e2a3647-6037-43a3-b54b-02d032e53136
65125864-f7ed-49ba-a802-90eb1fc713b2,Gary Vaynerchuk,gary-vaynerchuk,,https://www.siriusxm.com/player/talent/entity/65125864-f7ed-49ba-a802-90eb1fc713b2
3a58a6ee-a25c-42d2-af82-55e854938e1b,Gayle King,gayle-king,,https://www.siriusxm.com/player/talent/entity/3a58a6ee-a25c-42d2-af82-55e854938e1b
0ad93c3d-1d4c-4f58-bd28-6897a2bbeb62,Geoff Schwartz,geoff-schwartz,,https://www.siriusxm.com/player/talent/entity/0ad93c3d-1d4c-4f58-bd28-6897a2bbeb62
64ff8366-1222-466a-bf55-d8b35819201d,George Burns,george-burns,,https://www.siriusxm.com/player/talent/entity/64ff8366-1222-466a-bf55-d8b35819201d
83ab786a-43df-4c0f-ac66-564637a861bc,George Carlin,george-carlin,,https://www.siriusxm.com/player/talent/entity/83ab786a-43df-4c0f-ac66-564637a861bc
618f3beb-c167-465a-8cf8-89dd68c13230,George Chen,george-chen,,https://www.siriusxm.com/player/talent/entity/618f3beb-c167-465a-8cf8-89dd68c13230
1d070efe-6392-4e03-b201-7d8783199246,George Ezra,george-ezra,,https://www.siriusxm.com/player/talent/entity/1d070efe-6392-4e03-b201-7d8783199246
77605a18-2611-4b23-bab2-83d75d8e3754,George Harrison,george-harrison,,https://www.siriusxm.com/player/talent/entity/77605a18-2611-4b23-bab2-83d75d8e3754
bbb0ee5a-22a6-4408-842b-953b52700cb0,George Kurtz,george-kurtz,,https://www.siriusxm.com/player/talent/entity/bbb0ee5a-22a6-4408-842b-953b52700cb0
9f301f89-a80f-4da8-a827-9715229de828,George Noory,george-noory,,https://www.siriusxm.com/player/talent/entity/9f301f89-a80f-4da8-a827-9715229de828
10bf7f20-e70f-48d8-9e7e-63cf0208c035,Georgia Hardstark,georgia-hardstark,,https://www.siriusxm.com/player/talent/entity/10bf7f20-e70f-48d8-9e7e-63cf0208c035
2d3b8258-2d39-4eba-b49e-3b91745309cb,Geronimo,geronimo,,https://www.siriusxm.com/player/talent/entity/2d3b8258-2d39-4eba-b49e-3b91745309cb
4a0d8856-ad25-4870-89ac-47fddc1dc8e1,Gerry Cooney,gerry-cooney,,https://www.siriusxm.com/player/talent/entity/4a0d8856-ad25-4870-89ac-47fddc1dc8e1
62d453bc-f799-4484-ae0f-67db8c27eb5d,Gil Brandt,gil-brandt,,https://www.siriusxm.com/player/talent/entity/62d453bc-f799-4484-ae0f-67db8c27eb5d
d28a8331-7b9b-4206-8e5c-0d93ec3328af,Gilbert Gottfried,gilbert-gottfried,,https://www.siriusxm.com/player/talent/entity/d28a8331-7b9b-4206-8e5c-0d93ec3328af
6547be5c-13f5-42bb-89f2-d6395dc0dc9a,Gilbert Gottfried,gilbert-gottfried,,https://www.siriusxm.com/player/talent/entity/6547be5c-13f5-42bb-89f2-d6395dc0dc9a
3e497ce2-22e3-4266-9d47-85e6caa29e3c,Gioacchino Rossini,gioacchino-rossini,,https://www.siriusxm.com/player/talent/entity/3e497ce2-22e3-4266-9d47-85e6caa29e3c
290017fe-2a0c-4ec7-a31f-0bd4aa9c2f0e,Giuseppe Verdi,giuseppe-verdi,,https://www.siriusxm.com/player/talent/entity/290017fe-2a0c-4ec7-a31f-0bd4aa9c2f0e
d2ba91ef-9789-4584-af6c-0e92c8ab1c85,Glass Animals,glass-animals,,https://www.siriusxm.com/player/talent/entity/d2ba91ef-9789-4584-af6c-0e92c8ab1c85
fbb7033b-79c7-4f5c-b893-690f577578f2,Glenn Beck,glenn-beck,,https://www.siriusxm.com/player/talent/entity/fbb7033b-79c7-4f5c-b893-690f577578f2
ffce6faf-5338-4145-9b6e-fe76bff07eca,Glenn Crooks,glenn-crooks,https://imgsrv-sxm-prod-device.streaming.siriusxm.com/eyJrZXkiOiJlbnRpdHktbWFuYWdlbWVudC9kYi9kYjdjMTYyODE1ZTFjZjgzMjkxM2M2MTQ2ZDA5MmZiM18xNzQxODAyMTkyNDM2LnBuZyIsImVkaXRzIjpbeyJmb3JtYXQiOnsidHlwZSI6ImpwZWcifX0seyJyZXNpemUiOnsid2lkdGgiOjYwMCwiaGVpZ2h0Ijo2MDB9fV19,https://www.siriusxm.com/player/talent/entity/ffce6faf-5338-4145-9b6e-fe76bff07eca
85a80f3f-f816-4acb-92fc-7ad27b67dbdd,Glennon Doyle,glennon-doyle,,https://www.siriusxm.com/player/talent/entity/85a80f3f-f816-4acb-92fc-7ad27b67dbdd
5be334b9-5cf0-4ca7-9059-d4a08a23c909,Grace Helbig,grace-helbig,,https://www.siriusxm.com/player/talent/entity/5be334b9-5cf0-4ca7-9059-d4a08a23c909
f319c835-5ca8-4e64-9ac3-af3fff839c79,Grace O'Malley,grace-omalley,https://imgsrv-sxm-prod-device.streaming.siriusxm.com/eyJrZXkiOiJlbnRpdHktbWFuYWdlbWVudC8yNi8yNjE1YmFkNWIxZWMwYjllYTgyNjQyY2ZiYjYxZWQzYV8xNzQwNzY3NDk4MzEwLmpwZWciLCJlZGl0cyI6W3siZm9ybWF0Ijp7InR5cGUiOiJqcGVnIn19LHsicmVzaXplIjp7IndpZHRoIjo2MDAsImhlaWdodCI6NjAwfX1dfQ==,https://www.siriusxm.com/player/talent/entity/f319c835-5ca8-4e64-9ac3-af3fff839c79
158170ef-2b88-41a6-a654-cb88f46db647,Granger Smith,granger-smith,,https://www.siriusxm.com/player/talent/entity/158170ef-2b88-41a6-a654-cb88f46db647
d649f67f-7eb8-4310-aef2-5b65c5d9dd6d,Grant Cardone,grant-cardone,,https://www.siriusxm.com/player/talent/entity/d649f67f-7eb8-4310-aef2-5b65c5d9dd6d
60e3fba8-09ce-42f3-baf2-7796b7219818,Grant Random,grant-random,https://imgsrv-sxm-prod-device.streaming.siriusxm.com/eyJrZXkiOiJlbnRpdHktbWFuYWdlbWVudC8xYS8xYTE5ZTVlYmE4NmQ1NTQ3MmYyNDBiN2Q1ZDRlZjkxM18xNzAyMDYzNzYxMjg2LmpwZWciLCJlZGl0cyI6W3siZm9ybWF0Ijp7InR5cGUiOiJqcGVnIn19LHsicmVzaXplIjp7IndpZHRoIjo2MDAsImhlaWdodCI6NjAwfX1dfQ==,https://www.siriusxm.com/player/talent/entity/60e3fba8-09ce-42f3-baf2-7796b7219818
f6537406-3f02-42bb-968b-1a60fa739f13,Grateful Dead,grateful-dead,https://imgsrv-sxm-prod-device.streaming.siriusxm.com/eyJrZXkiOiJlbnRpdHktbWFuYWdlbWVudC9lNy9lN2Y3NjhmYTg4ZjRkM2FjOWJhMGQ2OWFlMjZkODE3OV8xNzA4MDMwMzY1MTgzLnBuZyIsImVkaXRzIjpbeyJmb3JtYXQiOnsidHlwZSI6ImpwZWcifX0seyJyZXNpemUiOnsid2lkdGgiOjYwMCwiaGVpZ2h0Ijo2MDB9fV19,https://www.siriusxm.com/player/talent/entity/f6537406-3f02-42bb-968b-1a60fa739f13
6ad79ef9-fd97-4a67-84a0-f66ea01c0aeb,Green Day,green-day,https://imgsrv-sxm-prod-device.streaming.siriusxm.com/eyJrZXkiOiJlbnRpdHktbWFuYWdlbWVudC82Mi82MmZkODI3ZWFmNzY1NmYxMzgxMjE2Yzg4NGRhYTZjMV8xNzAwNjIxNDMxNjQ1LmpwZWciLCJlZGl0cyI6W3siZm9ybWF0Ijp7InR5cGUiOiJqcGVnIn19LHsicmVzaXplIjp7IndpZHRoIjo2MDAsImhlaWdodCI6NjAwfX1dfQ==,https://www.siriusxm.com/player/talent/entity/6ad79ef9-fd97-4a67-84a0-f66ea01c0aeb
f70cc005-98e0-4c56-962e-47be8d8e2740,Greg Fitzsimmons,greg-fitzsimmons,,https://www.siriusxm.com/player/talent/entity/f70cc005-98e0-4c56-962e-47be8d8e2740
1f86a5de-cf6b-4ecf-8711-b42e4124514a,Greg Laurie,greg-laurie,,https://www.siriusxm.com/player/talent/entity/1f86a5de-cf6b-4ecf-8711-b42e4124514a
b22ced9a-1cea-440f-b28a-b0c625ab9518,Greg Levine,greg-levine,https://imgsrv-sxm-prod-device.streaming.siriusxm.com/eyJrZXkiOiJpZi82Ny82N2UzNmNiMzcyOWQzY2FlOGE1YmZmOTUyNWQ0NDNmMF8xNzU3MDA0MTk0LmpwZyIsImVkaXRzIjpbeyJmb3JtYXQiOnsidHlwZSI6ImpwZWcifX0seyJyZXNpemUiOnsid2lkdGgiOjYwMCwiaGVpZ2h0Ijo2MDB9fV19,https://www.siriusxm.com/player/talent/entity/b22ced9a-1cea-440f-b28a-b0c625ab9518
e94bc9c4-41b1-4298-ad09-761125ad0a75,Greg McElroy,greg-mcelroy,,https://www.siriusxm.com/player/talent/entity/e94bc9c4-41b1-4298-ad09-761125ad0a75
00a15f22-9d45-4d81-80ee-f434b96b8467,Gretchen Rubin,gretchen-rubin,,https://www.siriusxm.com/player/talent/entity/00a15f22-9d45-4d81-80ee-f434b96b8467
b5c2dfaf-4820-4e1a-a195-181d0a8afe82,Griffin McElroy,griffin-mcelroy,,https://www.siriusxm.com/player/talent/entity/b5c2dfaf-4820-4e1a-a195-181d0a8afe82
6fc0b5c5-cc7c-4eaf-9d0d-a7823e4e1859,Griffin Newman,griffin-newman,,https://www.siriusxm.com/player/talent/entity/6fc0b5c5-cc7c-4eaf-9d0d-a7823e4e1859
46ec2eda-6e3f-4192-ab77-30a03be98c05,Guy,guy,,https://www.siriusxm.com/player/talent/entity/46ec2eda-6e3f-4192-ab77-30a03be98c05
a9a23ed6-2bf3-486b-85fc-2f9dd822c49f,Guy Raz,guy-raz,https://imgsrv-sxm-prod-device.streaming.siriusxm.com/eyJrZXkiOiJpZi81OS81OWU3MjQ3MjEzZjQzZDI2YTFjMGMzYTFmZjMyNmVlM18xNzU3MDAwNTM2LmpwZyIsImVkaXRzIjpbeyJmb3JtYXQiOnsidHlwZSI6ImpwZWcifX0seyJyZXNpemUiOnsid2lkdGgiOjYwMCwiaGVpZ2h0Ijo2MDB9fV19,https://www.siriusxm.com/player/talent/entity/a9a23ed6-2bf3-486b-85fc-2f9dd822c49f
67922d54-55c2-49cd-87e7-83b8bfc0d9d5,Gwen Stefani,gwen-stefani,,https://www.siriusxm.com/player/talent/entity/67922d54-55c2-49cd-87e7-83b8bfc0d9d5
f8fb05af-4eb4-49fd-b2ca-8e69aaa3e890,Gwyneth Paltrow,gwyneth-paltrow,https://imgsrv-sxm-prod-device.streaming.siriusxm.com/eyJrZXkiOiJpZi84Yi84YjM0OGZjMjQ3ZWQzZDMzOWNhNTVkZmRhYzhhZjQ4ZV8xNzU2ODQwMzkyLmpwZyIsImVkaXRzIjpbeyJmb3JtYXQiOnsidHlwZSI6ImpwZWcifX0seyJyZXNpemUiOnsid2lkdGgiOjYwMCwiaGVpZ2h0Ijo2MDB9fV19,https://www.siriusxm.com/player/talent/entity/f8fb05af-4eb4-49fd-b2ca-8e69aaa3e890
f185d6e9-26eb-4ab7-a58f-aef8249faaec,HAIM,haim,,https://www.siriusxm.com/player/talent/entity/f185d6e9-26eb-4ab7-a58f-aef8249faaec
0257b139-6b49-4f39-bcd5-1f9d62cab61b,Hallie Batchelder,hallie-batchelder,https://imgsrv-sxm-prod-device.streaming.siriusxm.com/eyJrZXkiOiJlbnRpdHktbWFuYWdlbWVudC9jYi9jYmIyNjZhYzZmZjM3ZDRhNTBlZDdhMjhkN2IyNzY1Yl8xNzM2OTY4NjU1Nzc1LnBuZyIsImVkaXRzIjpbeyJmb3JtYXQiOnsidHlwZSI6ImpwZWcifX0seyJyZXNpemUiOnsid2lkdGgiOjYwMCwiaGVpZ2h0Ijo2MDB9fV19,https://www.siriusxm.com/player/talent/entity/0257b139-6b49-4f39-bcd5-1f9d62cab61b
905e6a2c-c700-4911-b7f1-c1fab817ac25,Halsey,halsey,https://imgsrv-sxm-prod-device.streaming.siriusxm.com/eyJrZXkiOiJlbnRpdHktbWFuYWdlbWVudC9lNy9lNzZhMTg5NGM5ZDEzYTM4NmI2NzRhYjQxOGFkMGYxOF8xNzA0MzIzODk3MzI0LmpwZWciLCJlZGl0cyI6W3siZm9ybWF0Ijp7InR5cGUiOiJqcGVnIn19LHsicmVzaXplIjp7IndpZHRoIjo2MDAsImhlaWdodCI6NjAwfX1dfQ==,https://www.siriusxm.com/player/talent/entity/905e6a2c-c700-4911-b7f1-c1fab817ac25
8691f2f6-5ab5-4097-9829-538d2bad1459,Hank Green,hank-green,,https://www.siriusxm.com/player/talent/entity/8691f2f6-5ab5-4097-9829-538d2bad1459
94c6c493-37db-4075-92e7-d97d00b13fe6,Hanna Rosin,hanna-rosin,,https://www.siriusxm.com/player/talent/entity/94c6c493-37db-4075-92e7-d97d00b13fe6
b0c172b9-b1f5-4825-8229-3a03344a4331,Hannah Brown,hannah-brown,https://imgsrv-sxm-prod-device.streaming.siriusxm.com/eyJrZXkiOiJpZi83Mi83MjdjMmU3NzU2ZDMzNGJhYmIwM2QwZmFmMGI1MDRhNV8xNzU2ODQwNDMwLmpwZyIsImVkaXRzIjpbeyJmb3JtYXQiOnsidHlwZSI6ImpwZWcifX0seyJyZXNpemUiOnsid2lkdGgiOjYwMCwiaGVpZ2h0Ijo2MDB9fV19,https://www.siriusxm.com/player/talent/entity/b0c172b9-b1f5-4825-8229-3a03344a4331
4000a0ab-1cff-4d04-af58-ab6b0137e15b,Hannah Kosh,hannah-kosh,https://imgsrv-sxm-prod-device.streaming.siriusxm.com/eyJrZXkiOiJlbnRpdHktbWFuYWdlbWVudC8xZS8xZTFhOGFiMzMwMjM5YjNhZmYyMzVlZGIzOGFmMTNhZV8xNzM5MjAwNzkyMjYxLmpwZWciLCJlZGl0cyI6W3siZm9ybWF0Ijp7InR5cGUiOiJqcGVnIn19LHsicmVzaXplIjp7IndpZHRoIjo2MDAsImhlaWdodCI6NjAwfX1dfQ==,https://www.siriusxm.com/player/talent/entity/4000a0ab-1cff-4d04-af58-ab6b0137e15b
780b6d56-668f-4da3-ab64-d221b5d37ea0,Hari Kondabolu,hari-kondabolu,,https://www.siriusxm.com/player/talent/entity/780b6d56-668f-4da3-ab64-d221b5d37ea0
58973865-c476-47f3-9f1b-733fac246df7,Harry Jowsey,harry-jowsey,https://imgsrv-sxm-prod-device.streaming.siriusxm.com/eyJrZXkiOiJlbnRpdHktbWFuYWdlbWVudC81MC81MDc2MDEyYzJlMGE2ZTUxNGFjOTg3YTk5YzY5MjVlYl8xNzI3NzI3MzE3MTYwLmpwZWciLCJlZGl0cyI6W3siZm9ybWF0Ijp7InR5cGUiOiJqcGVnIn19LHsicmVzaXplIjp7IndpZHRoIjo2MDAsImhlaWdodCI6NjAwfX1dfQ==,https://www.siriusxm.com/player/talent/entity/58973865-c476-47f3-9f1b-733fac246df7
3ba636b6-0e35-40ea-8294-7a7262e91e25,Heath Merryman,heath-merryman,https://imgsrv-sxm-prod-device.streaming.siriusxm.com/eyJrZXkiOiJlbnRpdHktbWFuYWdlbWVudC9iYi9iYjZmNGI1OTc2MDEzNThlODEyN2M3ZmI0YTkzN2FmOF8xNzM5NDcyNzc0MzQzLmpwZWciLCJlZGl0cyI6W3siZm9ybWF0Ijp7InR5cGUiOiJqcGVnIn19LHsicmVzaXplIjp7IndpZHRoIjo2MDAsImhlaWdodCI6NjAwfX1dfQ==,https://www.siriusxm.com/player/talent/entity/3ba636b6-0e35-40ea-8294-7a7262e91e25
3c13422a-0df2-47b9-8cb0-50c10dbd5ba8,Heather B,heather-b,https://imgsrv-sxm-prod-device.streaming.siriusxm.com/eyJrZXkiOiJlbnRpdHktbWFuYWdlbWVudC81Yy81YzEzMjdhNDU3MGIyYTUxYzZkYTU5MzY0ZjA2ODBhOF8xNzAxOTA4MDg4NDMwLmpwZWciLCJlZGl0cyI6W3siZm9ybWF0Ijp7InR5cGUiOiJqcGVnIn19LHsicmVzaXplIjp7IndpZHRoIjo2MDAsImhlaWdodCI6NjAwfX1dfQ==,https://www.siriusxm.com/player/talent/entity/3c13422a-0df2-47b9-8cb0-50c10dbd5ba8
a97a76dc-c93e-4d3b-8a30-5a005e6f543f,Heather Dubrow,heather-dubrow,,https://www.siriusxm.com/player/talent/entity/a97a76dc-c93e-4d3b-8a30-5a005e6f543f
972bb22f-8a5d-4684-b8b8-ac5ce9254507,Heather McDonald,heather-mcdonald,,https://www.siriusxm.com/player/talent/entity/972bb22f-8a5d-4684-b8b8-ac5ce9254507
d040cfe5-c444-4af2-807f-2715141a1651,Hillbilly Jim,hillbilly-jim,,https://www.siriusxm.com/player/talent/entity/d040cfe5-c444-4af2-807f-2715141a1651
39e2db56-2ba1-4ba1-9dfe-ec9b59194033,Hoda Kotb,hoda-kotb,,https://www.siriusxm.com/player/talent/entity/39e2db56-2ba1-4ba1-9dfe-ec9b59194033
d8f9ac12-f3cb-4b3e-8ab9-9bef973f2565,Holly Rowe,holly-rowe,,https://www.siriusxm.com/player/talent/entity/d8f9ac12-f3cb-4b3e-8ab9-9bef973f2565
4d9640d8-35ef-47f7-9fed-fa10d49a4b78,Howard Stern,howard-stern,https://imgsrv-sxm-prod-device.streaming.siriusxm.com/eyJrZXkiOiJlbnRpdHktbWFuYWdlbWVudC9mMS9mMTkyZDk4YWEyZTU3ZjUzNWY3ZjU5Mzc1OWYxZTA2ZV8xNzAyMDA5MDkzODU2LnBuZyIsImVkaXRzIjpbeyJmb3JtYXQiOnsidHlwZSI6ImpwZWcifX0seyJyZXNpemUiOnsid2lkdGgiOjYwMCwiaGVpZ2h0Ijo2MDB9fV19,https://www.siriusxm.com/player/talent/entity/4d9640d8-35ef-47f7-9fed-fa10d49a4b78
dc13664c-aef4-4f7f-a216-37203d2ca289,Howie Mandel,howie-mandel,,https://www.siriusxm.com/player/talent/entity/dc13664c-aef4-4f7f-a216-37203d2ca289
2b18dcd3-9c54-4fb4-a3d8-7182eb05d114,Howie Mandel,howie-mandel,,https://www.siriusxm.com/player/talent/entity/2b18dcd3-9c54-4fb4-a3d8-7182eb05d114
0a8a67c8-5f84-4b72-bb17-a8aed7941be6,Hrishikesh Hirway,hrishikesh-hirway,,https://www.siriusxm.com/player/talent/entity/0a8a67c8-5f84-4b72-bb17-a8aed7941be6
c381af86-d322-43ee-afa3-a79c03da7985,Hélio Castroneves,h-lio-castroneves,,https://www.siriusxm.com/player/talent/entity/c381af86-d322-43ee-afa3-a79c03da7985
a6e622c1-42f5-4dd1-af20-58ed44dd58ce,ILLENIUM,illenium,https://imgsrv-sxm-prod-device.streaming.siriusxm.com/eyJrZXkiOiJlbnRpdHktbWFuYWdlbWVudC9iOC9iODMxZDgyMWYzNDcyODUyZTU2MWE5YzIxMDE4ODFlYl8xNzA0MzIzNzM3NDg0LmpwZWciLCJlZGl0cyI6W3siZm9ybWF0Ijp7InR5cGUiOiJqcGVnIn19LHsicmVzaXplIjp7IndpZHRoIjo2MDAsImhlaWdodCI6NjAwfX1dfQ==,https://www.siriusxm.com/player/talent/entity/a6e622c1-42f5-4dd1-af20-58ed44dd58ce
c5e1a3f8-b60f-4d44-96dc-2f08c9d21b42,Ian Edwards,ian-edwards,,https://www.siriusxm.com/player/talent/entity/c5e1a3f8-b60f-4d44-96dc-2f08c9d21b42
ebd5b895-90f6-47b4-a0fe-b2eff55ccd78,Ice Nine Kills,ice-nine-kills,https://imgsrv-sxm-prod-device.streaming.siriusxm.com/eyJrZXkiOiJlbnRpdHktbWFuYWdlbWVudC82Ny82N2VkNTc0NjllODk0ZmU3YjRiYTQ1NGE5YzcyZjg4Ml8xNzA0MzIzNzg5OTc2LmpwZWciLCJlZGl0cyI6W3siZm9ybWF0Ijp7InR5cGUiOiJqcGVnIn19LHsicmVzaXplIjp7IndpZHRoIjo2MDAsImhlaWdodCI6NjAwfX1dfQ==,https://www.siriusxm.com/player/talent/entity/ebd5b895-90f6-47b4-a0fe-b2eff55ccd78
986be8fc-dda2-4616-b139-d612abee039d,Ice-T,ice-t,,https://www.siriusxm.com/player/talent/entity/986be8fc-dda2-4616-b139-d612abee039d
3b504016-f190-4452-b4db-8afc36457950,Iliza Shlesinger,iliza-shlesinger,https://imgsrv-sxm-prod-device.streaming.siriusxm.com/eyJrZXkiOiJlbnRpdHktbWFuYWdlbWVudC8zZC8zZDE3YjcxYWVlZTY4MTAyOGRkOGE3YTM3MzUyY2QyN18xNzE3NjAxMTMzNzk5LmpwZWciLCJlZGl0cyI6W3siZm9ybWF0Ijp7InR5cGUiOiJqcGVnIn19LHsicmVzaXplIjp7IndpZHRoIjo2MDAsImhlaWdodCI6NjAwfX1dfQ==,https://www.siriusxm.com/player/talent/entity/3b504016-f190-4452-b4db-8afc36457950
20d3ec03-bcad-464e-b28a-84eaea93acc1,Ira Glass,ira-glass,,https://www.siriusxm.com/player/talent/entity/20d3ec03-bcad-464e-b28a-84eaea93acc1
bb07b83d-79b6-4d15-8ce9-0e9a970348cf,Israel Salazar,israel-salazar,https://imgsrv-sxm-prod-device.streaming.siriusxm.com/eyJrZXkiOiJlbnRpdHktbWFuYWdlbWVudC9hZS9hZTQ5ZWNkZjQwNmNlYTM5MDQ3NWRlZmE0NTJkNTdhM18xNzM4ODg4OTMyMDk1LmpwZWciLCJlZGl0cyI6W3siZm9ybWF0Ijp7InR5cGUiOiJqcGVnIn19LHsicmVzaXplIjp7IndpZHRoIjo2MDAsImhlaWdodCI6NjAwfX1dfQ==,https://www.siriusxm.com/player/talent/entity/bb07b83d-79b6-4d15-8ce9-0e9a970348cf
4bed27d7-fc94-44cb-b346-2e397a06b136,J. Cole,j-cole,https://imgsrv-sxm-prod-device.streaming.siriusxm.com/eyJrZXkiOiJlbnRpdHktbWFuYWdlbWVudC84OS84OTdlZTY4ZTkyMDQ5NjA5NmEyYzg2NWE2MGUyYzM0MV8xNzAwNjIxMzM0NjI3LmpwZWciLCJlZGl0cyI6W3siZm9ybWF0Ijp7InR5cGUiOiJqcGVnIn19LHsicmVzaXplIjp7IndpZHRoIjo2MDAsImhlaWdodCI6NjAwfX1dfQ==,https://www.siriusxm.com/player/talent/entity/4bed27d7-fc94-44cb-b346-2e397a06b136
ea369643-37e3-4e69-8d75-19735f7b5700,JB Smoove,jb-smoove,https://imgsrv-sxm-prod-device.streaming.siriusxm.com/eyJrZXkiOiJlbnRpdHktbWFuYWdlbWVudC80MC80MDZmOTJjODEzNmY3MjJhZDc4ZjMzNWFkZDM1ZjZlY18xNzQ4NTM3OTkzMzE0LmpwZWciLCJlZGl0cyI6W3siZm9ybWF0Ijp7InR5cGUiOiJqcGVnIn19LHsicmVzaXplIjp7IndpZHRoIjo2MDAsImhlaWdodCI6NjAwfX1dfQ==,https://www.siriusxm.com/player/talent/entity/ea369643-37e3-4e69-8d75-19735f7b5700
7defdd83-99c2-425b-9520-ee76222e1a9b,Jack Harlow,jack-harlow,,https://www.siriusxm.com/player/talent/entity/7defdd83-99c2-425b-9520-ee76222e1a9b
552331d9-b0d0-4b79-a669-ca2ba561d371,Jack Ingram,jack-ingram,,https://www.siriusxm.com/player/talent/entity/552331d9-b0d0-4b79-a669-ca2ba561d371
89e50246-89f4-4693-99ea-78d03ec7c050,Jackie Kashian,jackie-kashian,,https://www.siriusxm.com/player/talent/entity/89e50246-89f4-4693-99ea-78d03ec7c050
397f99b7-e204-4ff1-8be7-971654076a70,Jackson Browne,jackson-browne,,https://www.siriusxm.com/player/talent/entity/397f99b7-e204-4ff1-8be7-971654076a70
e42e030f-4839-48e6-b28e-b75826ba05fa,Jacob Hester,jacob-hester,,https://www.siriusxm.com/player/talent/entity/e42e030f-4839-48e6-b28e-b75826ba05fa
3117a64f-4df3-4e62-9e27-8e638b41945a,Jad Abumrad,jad-abumrad,,https://www.siriusxm.com/player/talent/entity/3117a64f-4df3-4e62-9e27-8e638b41945a
c5b2c44e-60dc-44b2-a078-e9b4727b66af,Jadakiss,jadakiss,,https://www.siriusxm.com/player/talent/entity/c5b2c44e-60dc-44b2-a078-e9b4727b66af
793d02bb-d93b-4ae5-a4e8-ab35610c7f61,Jake Tapper,jake-tapper,https://imgsrv-sxm-prod-device.streaming.siriusxm.com/eyJrZXkiOiJlbnRpdHktbWFuYWdlbWVudC9mNi9mNjZlNzFlOTJmZDVhZGRkOTRjY2UwZTU4NGQyMzE0Nl8xNzE5NDg2MjY0MTIzLmpwZWciLCJlZGl0cyI6W3siZm9ybWF0Ijp7InR5cGUiOiJqcGVnIn19LHsicmVzaXplIjp7IndpZHRoIjo2MDAsImhlaWdodCI6NjAwfX1dfQ==,https://www.siriusxm.com/player/talent/entity/793d02bb-d93b-4ae5-a4e8-ab35610c7f61
148ece67-6257-4b21-bceb-944bad6ee18a,Jalen Rose,jalen-rose,,https://www.siriusxm.com/player/talent/entity/148ece67-6257-4b21-bceb-944bad6ee18a
41924edf-c960-4d4f-8a83-c864160df8da,Jamal Adams,jamal-adams,,https://www.siriusxm.com/player/talent/entity/41924edf-c960-4d4f-8a83-c864160df8da
847ce038-ab6f-4bc3-be0c-3999f129454f,Jameela Jamil,jameela-jamil,https://imgsrv-sxm-prod-device.streaming.siriusxm.com/eyJrZXkiOiJpZi8zZC8zZGEzNDI1MjdmNzgzN2ZjOWU2ODZmYTZlMjZlMjA4OF8xNzU2ODQwNTU2LmpwZyIsImVkaXRzIjpbeyJmb3JtYXQiOnsidHlwZSI6ImpwZWcifX0seyJyZXNpemUiOnsid2lkdGgiOjYwMCwiaGVpZ2h0Ijo2MDB9fV19,https://www.siriusxm.com/player/talent/entity/847ce038-ab6f-4bc3-be0c-3999f129454f
e6df99e4-31a8-4560-8280-518831e678ae,James Altucher,james-altucher,,https://www.siriusxm.com/player/talent/entity/e6df99e4-31a8-4560-8280-518831e678ae
72b3d19c-0ac0-4557-b177-d997a03ce3c9,James Corden,james-corden,,https://www.siriusxm.com/player/talent/entity/72b3d19c-0ac0-4557-b177-d997a03ce3c9
f8ba124f-fba7-4a35-b79d-d6951f1b6daf,James Menendez,james-menendez,,https://www.siriusxm.com/player/talent/entity/f8ba124f-fba7-4a35-b79d-d6951f1b6daf
2835625e-b40c-4c35-92be-ea9d2f11d638,Jamie Loftus,jamie-loftus,,https://www.siriusxm.com/player/talent/entity/2835625e-b40c-4c35-92be-ea9d2f11d638
340cf0ca-bdf8-4d24-be47-abb23f9b1a55,Jana Kramer,jana-kramer,,https://www.siriusxm.com/player/talent/entity/340cf0ca-bdf8-4d24-be47-abb23f9b1a55
c2571af4-883b-406b-9ca6-3586dc220443,Jane Fonda,jane-fonda,,https://www.siriusxm.com/player/talent/entity/c2571af4-883b-406b-9ca6-3586dc220443
300b33f1-0bf2-4e4a-83db-993c7efb9f14,Jason Aldean,jason-aldean,https://imgsrv-sxm-prod-device.streaming.siriusxm.com/eyJrZXkiOiJlbnRpdHktbWFuYWdlbWVudC81YS81YWM2NGEzMWI4NTljMWE4MzJlMTk1MmFjNjUzY2IwOV8xNzA0MzIzNjQ4NDM0LmpwZWciLCJlZGl0cyI6W3siZm9ybWF0Ijp7InR5cGUiOiJqcGVnIn19LHsicmVzaXplIjp7IndpZHRoIjo2MDAsImhlaWdodCI6NjAwfX1dfQ==,https://www.siriusxm.com/player/talent/entity/300b33f1-0bf2-4e4a-83db-993c7efb9f14
bd6a677b-5d5c-419b-a4d0-16913b4fed4e,Jason Bateman,jason-bateman,https://imgsrv-sxm-prod-device.streaming.siriusxm.com/eyJrZXkiOiJlbnRpdHktbWFuYWdlbWVudC9kNi9kNjExY2M3ODk1MTk1NzcwNjdjNGMwMGZjZWQzNDNlZV8xNzE1NzkxMDE2MzI0LmpwZWciLCJlZGl0cyI6W3siZm9ybWF0Ijp7InR5cGUiOiJqcGVnIn19LHsicmVzaXplIjp7IndpZHRoIjo2MDAsImhlaWdodCI6NjAwfX1dfQ==,https://www.siriusxm.com/player/talent/entity/bd6a677b-5d5c-419b-a4d0-16913b4fed4e
e853a5b7-aba4-4809-9383-78f33da97568,Jason Davis,jason-davis,https://imgsrv-sxm-prod-device.streaming.siriusxm.com/eyJrZXkiOiJlbnRpdHktbWFuYWdlbWVudC8zMS8zMTZhZDdjZGMwZWZiNGNmMTlmNTNkZGRmZTUzN2ZmYV8xNzEzMjI5MzQ3NzY4LmpwZWciLCJlZGl0cyI6W3siZm9ybWF0Ijp7InR5cGUiOiJqcGVnIn19LHsicmVzaXplIjp7IndpZHRoIjo2MDAsImhlaWdodCI6NjAwfX1dfQ==,https://www.siriusxm.com/player/talent/entity/e853a5b7-aba4-4809-9383-78f33da97568
a19f8f56-768c-49fd-a553-7dcc49edac7f,Jason Gray,jason-gray,,https://www.siriusxm.com/player/talent/entity/a19f8f56-768c-49fd-a553-7dcc49edac7f
44255e59-66d3-4fab-a296-f53af6a0296e,Jason Kelce,jason-kelce,https://imgsrv-sxm-prod-device.streaming.siriusxm.com/eyJrZXkiOiJpZi8xMS8xMTcwYmNjNTNmZjMzM2FjYThmNmQxNGZlYjVjMWQyY18xNzU2ODQwNjMwLmpwZyIsImVkaXRzIjpbeyJmb3JtYXQiOnsidHlwZSI6ImpwZWcifX0seyJyZXNpemUiOnsid2lkdGgiOjYwMCwiaGVpZ2h0Ijo2MDB9fV19,https://www.siriusxm.com/player/talent/entity/44255e59-66d3-4fab-a296-f53af6a0296e
762da86f-1824-4eb7-8454-887e8071d46c,Jason Mantzoukas,jason-mantzoukas,https://imgsrv-sxm-prod-device.streaming.siriusxm.com/eyJrZXkiOiJpZi9jNy9jNzhhMzIwMmI5ZmUzMjM4OGFlOTU3MTE3ZDliNTM4Y18xNzU2ODQwNDAxLmpwZyIsImVkaXRzIjpbeyJmb3JtYXQiOnsidHlwZSI6ImpwZWcifX0seyJyZXNpemUiOnsid2lkdGgiOjYwMCwiaGVpZ2h0Ijo2MDB9fV19,https://www.siriusxm.com/player/talent/entity/762da86f-1824-4eb7-8454-887e8071d46c
c5a6ae8e-3725-4ec7-8b1f-f28173f1e87b,Jason Smith,jason-smith,,https://www.siriusxm.com/player/talent/entity/c5a6ae8e-3725-4ec7-8b1f-f28173f1e87b
1a6f37a2-d7cc-472d-b65c-289a5fcd442d,Jason Whitlock,jason-whitlock,,https://www.siriusxm.com/player/talent/entity/1a6f37a2-d7cc-472d-b65c-289a5fcd442d
71621d95-bc61-429c-b771-1f202f6c1819,Jay Sekulow,jay-sekulow,,https://www.siriusxm.com/player/talent/entity/71621d95-bc61-429c-b771-1f202f6c1819
217db842-6703-42c4-97c1-ee9a7f8c9a85,Jay Shetty,jay-shetty,,https://www.siriusxm.com/player/talent/entity/217db842-6703-42c4-97c1-ee9a7f8c9a85
907de37b-067d-4df5-951c-a22b0ef79857,Jeannie Seely,jeannie-seely,,https://www.siriusxm.com/player/talent/entity/907de37b-067d-4df5-951c-a22b0ef79857
1d092068-0924-4107-b446-7533447a97d9,Jeff Foxworthy,jeff-foxworthy,https://imgsrv-sxm-prod-device.streaming.siriusxm.com/eyJrZXkiOiJlbnRpdHktbWFuYWdlbWVudC83Mi83MjRjMTUzZTA0OGE3MTczNWYzMjFkZTViMGJmYjBjNl8xNzAyMDExNjE0NjE2LnBuZyIsImVkaXRzIjpbeyJmb3JtYXQiOnsidHlwZSI6ImpwZWcifX0seyJyZXNpemUiOnsid2lkdGgiOjYwMCwiaGVpZ2h0Ijo2MDB9fV19,https://www.siriusxm.com/player/talent/entity/1d092068-0924-4107-b446-7533447a97d9
a4ce02c9-e313-42d1-8db3-16f064badc50,Jeff Garlin,jeff-garlin,,https://www.siriusxm.com/player/talent/entity/a4ce02c9-e313-42d1-8db3-16f064badc50
58cd7419-2b5d-41fc-959c-efd345e24c08,Jeff Hammond,jeff-hammond,,https://www.siriusxm.com/player/talent/entity/58cd7419-2b5d-41fc-959c-efd345e24c08
0c824ab2-3006-4960-8004-0467885edf7a,Jeff Joyce,jeff-joyce,,https://www.siriusxm.com/player/talent/entity/0c824ab2-3006-4960-8004-0467885edf7a
95ffacc4-89f7-4d34-990d-95856aee90b9,Jeff Lewis,jeff-lewis,https://imgsrv-sxm-prod-device.streaming.siriusxm.com/eyJrZXkiOiJlbnRpdHktbWFuYWdlbWVudC80Ni80NjE3NDVjYWQ0YmNmZDQ3MGE2YzczMDVkN2U4MDBjNl8xNzAyMDA2OTY5MDg3LmpwZWciLCJlZGl0cyI6W3siZm9ybWF0Ijp7InR5cGUiOiJqcGVnIn19LHsicmVzaXplIjp7IndpZHRoIjo2MDAsImhlaWdodCI6NjAwfX1dfQ==,https://www.siriusxm.com/player/talent/entity/95ffacc4-89f7-4d34-990d-95856aee90b9
953f0918-e510-4292-bdbd-2f98a1b77ec2,Jeff Mans,jeff-mans,,https://www.siriusxm.com/player/talent/entity/953f0918-e510-4292-bdbd-2f98a1b77ec2
0e29e719-468e-4c98-b3ae-881d6483abb3,Jeff Ratcliffe,jeff-ratcliffe,,https://www.siriusxm.com/player/talent/entity/0e29e719-468e-4c98-b3ae-881d6483abb3
cb63c806-5eac-42e5-9a6c-17c19cdc5804,Jeff Rickard,jeff-rickard,,https://www.siriusxm.com/player/talent/entity/cb63c806-5eac-42e5-9a6c-17c19cdc5804
0c6a22dc-58fe-4c1d-bb36-be5ed4042eb1,Jelly Roll,jelly-roll,https://imgsrv-sxm-prod-device.streaming.siriusxm.com/eyJrZXkiOiJlbnRpdHktbWFuYWdlbWVudC85ZS85ZWM4ZGM2YzRlYmM3OWUxMjY3ZWM5ZmMyOTlmMzM2Y18xNzA0MzIzNjQ2ODE0LmpwZWciLCJlZGl0cyI6W3siZm9ybWF0Ijp7InR5cGUiOiJqcGVnIn19LHsicmVzaXplIjp7IndpZHRoIjo2MDAsImhlaWdodCI6NjAwfX1dfQ==,https://www.siriusxm.com/player/talent/entity/0c6a22dc-58fe-4c1d-bb36-be5ed4042eb1
80c59171-6dc9-43bb-a5d2-755d8fe0c78d,Jen Morejon,jen-morejon,https://imgsrv-sxm-prod-device.streaming.siriusxm.com/eyJrZXkiOiJlbnRpdHktbWFuYWdlbWVudC8yZS8yZTYwYjhjZGNiMzQzZDExMzJkODIxMzJkYzc2NWFmYl8xNzUzMjkyMjY0MjU1LmpwZWciLCJlZGl0cyI6W3siZm9ybWF0Ijp7InR5cGUiOiJqcGVnIn19LHsicmVzaXplIjp7IndpZHRoIjo2MDAsImhlaWdodCI6NjAwfX1dfQ==,https://www.siriusxm.com/player/talent/entity/80c59171-6dc9-43bb-a5d2-755d8fe0c78d
8b524aef-91af-45f8-85d5-65b05a0823d5,Jen Psaki,jen-psaki,https://imgsrv-sxm-prod-device.streaming.siriusxm.com/eyJrZXkiOiJpZi9iYS9iYWFhN2YwYjMyNmIzZTJiODcyOTk2Mjc0YjNjODllZl8xNzU2ODQwNDc5LmpwZyIsImVkaXRzIjpbeyJmb3JtYXQiOnsidHlwZSI6ImpwZWcifX0seyJyZXNpemUiOnsid2lkdGgiOjYwMCwiaGVpZ2h0Ijo2MDB9fV19,https://www.siriusxm.com/player/talent/entity/8b524aef-91af-45f8-85d5-65b05a0823d5
c46f82d0-119a-492e-b4ee-47ae71aa7a17,Jenna Fischer,jenna-fischer,,https://www.siriusxm.com/player/talent/entity/c46f82d0-119a-492e-b4ee-47ae71aa7a17
ff536403-8315-4f8c-ac8a-f8b4152b6b0f,Jenna Wortham,jenna-wortham,,https://www.siriusxm.com/player/talent/entity/ff536403-8315-4f8c-ac8a-f8b4152b6b0f
b8c174f0-ffb3-44ba-bb3a-55c92408d775,Jenny Cavnar,jenny-cavnar,,https://www.siriusxm.com/player/talent/entity/b8c174f0-ffb3-44ba-bb3a-55c92408d775
e4ed5636-1395-4187-8121-8050160157de,Jenny Eliscu,jenny-eliscu,https://imgsrv-sxm-prod-device.streaming.siriusxm.com/eyJrZXkiOiJlbnRpdHktbWFuYWdlbWVudC84Ny84N2M5MmE5ZWM0MmZhNzlhZWRlZGVlODg2MTNkOTE2Ml8xNzAxOTA4MjMyNjY5LmpwZWciLCJlZGl0cyI6W3siZm9ybWF0Ijp7InR5cGUiOiJqcGVnIn19LHsicmVzaXplIjp7IndpZHRoIjo2MDAsImhlaWdodCI6NjAwfX1dfQ==,https://www.siriusxm.com/player/talent/entity/e4ed5636-1395-4187-8121-8050160157de
1e14beec-5855-4fe5-b5a3-a39a044cbdd4,Jenny Slate,jenny-slate,https://imgsrv-sxm-prod-device.streaming.siriusxm.com/eyJrZXkiOiJpZi83OS83OTRmMDRjMjE2MDYzMWE0YjQwNzVkMWMxOTIwMDY3ZV8xNzU2ODQwMzc5LmpwZyIsImVkaXRzIjpbeyJmb3JtYXQiOnsidHlwZSI6ImpwZWcifX0seyJyZXNpemUiOnsid2lkdGgiOjYwMCwiaGVpZ2h0Ijo2MDB9fV19,https://www.siriusxm.com/player/talent/entity/1e14beec-5855-4fe5-b5a3-a39a044cbdd4
bc5e2252-3e8f-496a-8231-7412f7450abc,Jeremy Siegel,jeremy-siegel,,https://www.siriusxm.com/player/talent/entity/bc5e2252-3e8f-496a-8231-7412f7450abc
62af4ed7-5976-46cc-bf81-e14bdaf1a697,Jermaine Dupri,jermaine-dupri,,https://www.siriusxm.com/player/talent/entity/62af4ed7-5976-46cc-bf81-e14bdaf1a697
9c794913-1fde-4a64-b351-de7d83397771,Jerry Cantrell,jerry-cantrell,,https://www.siriusxm.com/player/talent/entity/9c794913-1fde-4a64-b351-de7d83397771
62470ac9-ce57-4141-8bde-8f007791847c,Jess Cagle,jess-cagle,https://imgsrv-sxm-prod-device.streaming.siriusxm.com/eyJrZXkiOiJlbnRpdHktbWFuYWdlbWVudC9lZi9lZjMzMTIxMGYyNGY3OGM5MzYyZTE5YTNlNDNhZTY2ZV8xNzA0ODI5NDM4NDE5LmpwZWciLCJlZGl0cyI6W3siZm9ybWF0Ijp7InR5cGUiOiJqcGVnIn19LHsicmVzaXplIjp7IndpZHRoIjo2MDAsImhlaWdodCI6NjAwfX1dfQ==,https://www.siriusxm.com/player/talent/entity/62470ac9-ce57-4141-8bde-8f007791847c
79507419-9d74-4c8c-8a43-0e5346f4216d,Jesse Thorn,jesse-thorn,https://imgsrv-sxm-prod-device.streaming.siriusxm.com/eyJrZXkiOiJpZi8xMS8xMWFiNjhjNDYwMTMzZDE3OWI1ZWI1MGYxNTFhZGEyYl8xNzU2ODQwNjk5LmpwZyIsImVkaXRzIjpbeyJmb3JtYXQiOnsidHlwZSI6ImpwZWcifX0seyJyZXNpemUiOnsid2lkdGgiOjYwMCwiaGVpZ2h0Ijo2MDB9fV19,https://www.siriusxm.com/player/talent/entity/79507419-9d74-4c8c-8a43-0e5346f4216d
36822f76-672f-4559-a033-fbb47f996910,Jesse Watters,jesse-watters,https://imgsrv-sxm-prod-device.streaming.siriusxm.com/eyJrZXkiOiJlbnRpdHktbWFuYWdlbWVudC9iZS9iZWYxNGZkODU0YTcyYzdhYzEwZDhhZmFkNzE4MTVmZF8xNzQzMTE0MDU4NjIyLmpwZWciLCJlZGl0cyI6W3siZm9ybWF0Ijp7InR5cGUiOiJqcGVnIn19LHsicmVzaXplIjp7IndpZHRoIjo2MDAsImhlaWdodCI6NjAwfX1dfQ==,https://www.siriusxm.com/player/talent/entity/36822f76-672f-4559-a033-fbb47f996910
b0d6bda1-0071-433c-b611-5f025b7398a6,Jessica Charman,jessica-charman,https://imgsrv-sxm-prod-device.streaming.siriusxm.com/eyJrZXkiOiJlbnRpdHktbWFuYWdlbWVudC83Ni83Njk0N2ZlOTliY2M3YzAxNjU0M2Q0ZDUwNWU5ZTliNl8xNzQxMjAxODk4NDAwLmpwZWciLCJlZGl0cyI6W3siZm9ybWF0Ijp7InR5cGUiOiJqcGVnIn19LHsicmVzaXplIjp7IndpZHRoIjo2MDAsImhlaWdodCI6NjAwfX1dfQ==,https://www.siriusxm.com/player/talent/entity/b0d6bda1-0071-433c-b611-5f025b7398a6
6d269c92-6274-4c75-93f0-79ff61c015f9,Jillian Michaels,jillian-michaels,,https://www.siriusxm.com/player/talent/entity/6d269c92-6274-4c75-93f0-79ff61c015f9
7094ec7e-52ff-4333-a504-7316ffd1acb2,Jim Bowden,jim-bowden,https://imgsrv-sxm-prod-device.streaming.siriusxm.com/eyJrZXkiOiJlbnRpdHktbWFuYWdlbWVudC82Ny82NzM0MmVlY2E3OGZhMTk3ZTY0NjM5ZjliMzNmYzc4MV8xNzM4MDE3MDIwMTU0LmpwZWciLCJlZGl0cyI6W3siZm9ybWF0Ijp7InR5cGUiOiJqcGVnIn19LHsicmVzaXplIjp7IndpZHRoIjo2MDAsImhlaWdodCI6NjAwfX1dfQ==,https://www.siriusxm.com/player/talent/entity/7094ec7e-52ff-4333-a504-7316ffd1acb2
d7ca3853-0588-4da7-8276-dbbb7cfccb0b,Jim Cornette,jim-cornette,,https://www.siriusxm.com/player/talent/entity/d7ca3853-0588-4da7-8276-dbbb7cfccb0b
747c3163-c1a2-4862-9b6a-5b473e5254d6,Jim Cramer,jim-cramer,,https://www.siriusxm.com/player/talent/entity/747c3163-c1a2-4862-9b6a-5b473e5254d6
88fa2cf8-aea0-4597-801f-a75a7964e3a4,Jim Daly,jim-daly,,https://www.siriusxm.com/player/talent/entity/88fa2cf8-aea0-4597-801f-a75a7964e3a4
8ad46c02-0ae2-4a8a-acb9-5b4b716600af,Jim Duquette,jim-duquette,,https://www.siriusxm.com/player/talent/entity/8ad46c02-0ae2-4a8a-acb9-5b4b716600af
ceb4ae37-1ed0-49c6-8d56-268045af84b5,Jim Florentine,jim-florentine,,https://www.siriusxm.com/player/talent/entity/ceb4ae37-1ed0-49c6-8d56-268045af84b5
72c91999-5a6b-4bb3-bc9a-d9584c2f5a81,Jim Jefferies,jim-jefferies,https://imgsrv-sxm-prod-device.streaming.siriusxm.com/eyJrZXkiOiJpZi85ZS85ZWQ1NzZjMmMwNWUzOGZiYWMwMGI3OTA2M2Q5ZDg4Nl8xNzU2ODQwNDkzLmpwZyIsImVkaXRzIjpbeyJmb3JtYXQiOnsidHlwZSI6ImpwZWcifX0seyJyZXNpemUiOnsid2lkdGgiOjYwMCwiaGVpZ2h0Ijo2MDB9fV19,https://www.siriusxm.com/player/talent/entity/72c91999-5a6b-4bb3-bc9a-d9584c2f5a81
f8fc800a-5376-4030-a39b-c4f3187a83f8,Jim Ladd,jim-ladd,,https://www.siriusxm.com/player/talent/entity/f8fc800a-5376-4030-a39b-c4f3187a83f8
75b9f50d-9381-46d6-af53-63333b6bdbfa,Jim Lauderdale,jim-lauderdale,,https://www.siriusxm.com/player/talent/entity/75b9f50d-9381-46d6-af53-63333b6bdbfa
9b76961e-f194-4120-a9f8-fa909b55140b,Jim Norton,jim-norton,,https://www.siriusxm.com/player/talent/entity/9b76961e-f194-4120-a9f8-fa909b55140b
d1241f1a-979a-4dc4-8eab-38360ae10748,Jim O'Heir,jim-oheir,https://imgsrv-sxm-prod-device.streaming.siriusxm.com/eyJrZXkiOiJpZi9hNi9hNjkxODllZDMwNjQzMGNjOTljMWEzMzJhNzQ5NGJlYV8xNzU2ODQwNDc4LmpwZyIsImVkaXRzIjpbeyJmb3JtYXQiOnsidHlwZSI6ImpwZWcifX0seyJyZXNpemUiOnsid2lkdGgiOjYwMCwiaGVpZ2h0Ijo2MDB9fV19,https://www.siriusxm.com/player/talent/entity/d1241f1a-979a-4dc4-8eab-38360ae10748
d431a767-449c-45b9-ba4a-5fa848695f50,Jim Ross,jim-ross,,https://www.siriusxm.com/player/talent/entity/d431a767-449c-45b9-ba4a-5fa848695f50
4a02b0ae-653c-4569-a312-f5c2b1070e36,Jimi Hendrix,jimi-hendrix,,https://www.siriusxm.com/player/talent/entity/4a02b0ae-653c-4569-a312-f5c2b1070e36
0def432a-0cc6-444f-a63f-c9cfdcf065bd,Jimmie Johnson,jimmie-johnson,https://imgsrv-sxm-prod-device.streaming.siriusxm.com/eyJrZXkiOiJlbnRpdHktbWFuYWdlbWVudC9lOS9lOTdmNTQwYzQ3NmFiOTAxYWY5NzlkMmNmMWJhZjFmNV8xNzM5Mzc5OTY0OTIzLmpwZWciLCJlZGl0cyI6W3siZm9ybWF0Ijp7InR5cGUiOiJqcGVnIn19LHsicmVzaXplIjp7IndpZHRoIjo2MDAsImhlaWdodCI6NjAwfX1dfQ==,https://www.siriusxm.com/player/talent/entity/0def432a-0cc6-444f-a63f-c9cfdcf065bd
a14a7f49-4d80-418c-a93a-2d13a0b4a0ff,Jimmy Buffett,jimmy-buffett,https://imgsrv-sxm-prod-device.streaming.siriusxm.com/eyJrZXkiOiJlbnRpdHktbWFuYWdlbWVudC9kZi9kZmVjMmFhYjU1NTg4NTMwZjk5NDc5OTY3YTliMTE4ZF8xNzAyMjM5NTE2ODYyLnBuZyIsImVkaXRzIjpbeyJmb3JtYXQiOnsidHlwZSI6ImpwZWcifX0seyJyZXNpemUiOnsid2lkdGgiOjYwMCwiaGVpZ2h0Ijo2MDB9fV19,https://www.siriusxm.com/player/talent/entity/a14a7f49-4d80-418c-a93a-2d13a0b4a0ff
9036d6dd-3da2-474f-aa1a-4174d32af6d6,Jimmy Dore,jimmy-dore,,https://www.siriusxm.com/player/talent/entity/9036d6dd-3da2-474f-aa1a-4174d32af6d6
fd988efa-6654-42f3-80cc-25e0fe7400df,Jimmy Fallon,jimmy-fallon,https://imgsrv-sxm-prod-device.streaming.siriusxm.com/eyJrZXkiOiJlbnRpdHktbWFuYWdlbWVudC9iYS9iYWUzYjkyMTcxYTYzM2QwODE0NDA2NWY1ZTg1ZjRjNl8xNzMwNDgyMDI5OTU2LmpwZWciLCJlZGl0cyI6W3siZm9ybWF0Ijp7InR5cGUiOiJqcGVnIn19LHsicmVzaXplIjp7IndpZHRoIjo2MDAsImhlaWdodCI6NjAwfX1dfQ==,https://www.siriusxm.com/player/talent/entity/fd988efa-6654-42f3-80cc-25e0fe7400df
7834aa12-c395-49c4-beba-3040f980681a,Jimmy Fallon,jimmy-fallon,,https://www.siriusxm.com/player/talent/entity/7834aa12-c395-49c4-beba-3040f980681a
242b2ce6-8126-4333-baf6-0c4ec546d5a5,Jimmy Jam,jimmy-jam,https://imgsrv-sxm-prod-device.streaming.siriusxm.com/eyJrZXkiOiJlbnRpdHktbWFuYWdlbWVudC9jMi9jMmU1NjgyZGQ1ZmJiMWMyZWQ5ZGQ0ZTM3ODA4ZTg0NV8xNzQxMzczMDY2MTQ0LmpwZWciLCJlZGl0cyI6W3siZm9ybWF0Ijp7InR5cGUiOiJqcGVnIn19LHsicmVzaXplIjp7IndpZHRoIjo2MDAsImhlaWdodCI6NjAwfX1dfQ==,https://www.siriusxm.com/player/talent/entity/242b2ce6-8126-4333-baf6-0c4ec546d5a5
69bb74c4-df09-4972-9f7f-a70fde552b22,Jimmy Kimmel,jimmy-kimmel,https://imgsrv-sxm-prod-device.streaming.siriusxm.com/eyJrZXkiOiJpZi8wZC8wZGFmZWZlODFjYzEzYTgzOTA4ZTY5OTU2MDYxMGNkYl8xNzU2ODQwNjI2LmpwZyIsImVkaXRzIjpbeyJmb3JtYXQiOnsidHlwZSI6ImpwZWcifX0seyJyZXNpemUiOnsid2lkdGgiOjYwMCwiaGVpZ2h0Ijo2MDB9fV19,https://www.siriusxm.com/player/talent/entity/69bb74c4-df09-4972-9f7f-a70fde552b22
78875057-1f88-4edc-83d9-f6843e6672fd,Jimmy Smith,jimmy-smith,,https://www.siriusxm.com/player/talent/entity/78875057-1f88-4edc-83d9-f6843e6672fd
45de66f5-03fc-4581-9723-237e1b5bd09c,Jimmy Sturr,jimmy-sturr,,https://www.siriusxm.com/player/talent/entity/45de66f5-03fc-4581-9723-237e1b5bd09c
b6489152-bdaf-4a8f-9ff2-0dd2d86bdf7b,JoJo Siwa,jojo-siwa,https://imgsrv-sxm-prod-device.streaming.siriusxm.com/eyJrZXkiOiJlbnRpdHktbWFuYWdlbWVudC81Mi81MmQzYjdmNzU5MmRiYzE1YjQ3N2Y1YWRiMGYzMTBlNl8xNzMwMjE5MDIwNTgwLmpwZWciLCJlZGl0cyI6W3siZm9ybWF0Ijp7InR5cGUiOiJqcGVnIn19LHsicmVzaXplIjp7IndpZHRoIjo2MDAsImhlaWdodCI6NjAwfX1dfQ==,https://www.siriusxm.com/player/talent/entity/b6489152-bdaf-4a8f-9ff2-0dd2d86bdf7b
c9ed088a-5a28-4985-8128-9ca0c6f1b8ff,Jocko Willink,jocko-willink,,https://www.siriusxm.com/player/talent/entity/c9ed088a-5a28-4985-8128-9ca0c6f1b8ff
c389715b-d7ab-41f2-8792-b4686a88b987,Jody Watley,jody-watley,,https://www.siriusxm.com/player/talent/entity/c389715b-d7ab-41f2-8792-b4686a88b987
fe66aa77-6ca2-495b-9f8a-470e1c86fbea,Joe Biden,joe-biden,https://imgsrv-sxm-prod-device.streaming.siriusxm.com/eyJrZXkiOiJpZi82ZS82ZTBlM2FlMGMwNjIzMGE2YjQxMWQzYjk0MDg5YjM1Y18xNzU2ODQwNjQxLmpwZyIsImVkaXRzIjpbeyJmb3JtYXQiOnsidHlwZSI6ImpwZWcifX0seyJyZXNpemUiOnsid2lkdGgiOjYwMCwiaGVpZ2h0Ijo2MDB9fV19,https://www.siriusxm.com/player/talent/entity/fe66aa77-6ca2-495b-9f8a-470e1c86fbea
aa00cd50-532c-4181-8b83-f6ea6ed582e6,Joe Bonamassa,joe-bonamassa,,https://www.siriusxm.com/player/talent/entity/aa00cd50-532c-4181-8b83-f6ea6ed582e6
ae1c85fd-12bd-418b-be67-b79d6783aac8,Joe Dolan,joe-dolan,,https://www.siriusxm.com/player/talent/entity/ae1c85fd-12bd-418b-be67-b79d6783aac8
c5516705-2802-4a01-8f67-425274548f97,Joe Elliott,joe-elliott,https://imgsrv-sxm-prod-device.streaming.siriusxm.com/eyJrZXkiOiJlbnRpdHktbWFuYWdlbWVudC9lNS9lNTVjNjc3ZTc0YTU3NDMyMGQ4NzRhZmVjNWQ3ZWFjZl8xNzA0NDc5NTk0NjgyLmpwZWciLCJlZGl0cyI6W3siZm9ybWF0Ijp7InR5cGUiOiJqcGVnIn19LHsicmVzaXplIjp7IndpZHRoIjo2MDAsImhlaWdodCI6NjAwfX1dfQ==,https://www.siriusxm.com/player/talent/entity/c5516705-2802-4a01-8f67-425274548f97
06f07f95-1c9a-4c5e-b662-ae55c0099872,Joe Madison,joe-madison,https://imgsrv-sxm-prod-device.streaming.siriusxm.com/eyJrZXkiOiJhZW0vMzQvMzRhMDdlZmY4OGQzN2M5Y2YzNzI2NGZjMmFiZGY1Y2JfMTcwNjkyMDY2Ni5wbmciLCJlZGl0cyI6W3siZm9ybWF0Ijp7InR5cGUiOiJqcGVnIn19LHsicmVzaXplIjp7IndpZHRoIjo2MDAsImhlaWdodCI6NjAwfX1dfQ==,https://www.siriusxm.com/player/talent/entity/06f07f95-1c9a-4c5e-b662-ae55c0099872
e01bb338-0b76-4ee7-9617-f6d2ffed92b5,Joe Scarborough,joe-scarborough,,https://www.siriusxm.com/player/talent/entity/e01bb338-0b76-4ee7-9617-f6d2ffed92b5
08aa45af-02e6-4e56-bcb7-88217e4e1067,Joel Kim Booster,joel-kim-booster,https://imgsrv-sxm-prod-device.streaming.siriusxm.com/eyJrZXkiOiJpZi9kMi9kMjI4MjFlNjIwMjIzMGIwYTRiZTlkYWQ3NjRiNGE0M18xNzU2ODQwNDUzLmpwZyIsImVkaXRzIjpbeyJmb3JtYXQiOnsidHlwZSI6ImpwZWcifX0seyJyZXNpemUiOnsid2lkdGgiOjYwMCwiaGVpZ2h0Ijo2MDB9fV19,https://www.siriusxm.com/player/talent/entity/08aa45af-02e6-4e56-bcb7-88217e4e1067
a560afa9-de5a-41b6-8d63-705239c77e84,Joel McHale,joel-mchale,https://imgsrv-sxm-prod-device.streaming.siriusxm.com/eyJrZXkiOiJpZi81ZC81ZGZmMmVkODk0ZGIzN2NjYWQ1OGUzZTA1MzNmMDE5OV8xNzU2ODQwNTA1LmpwZyIsImVkaXRzIjpbeyJmb3JtYXQiOnsidHlwZSI6ImpwZWcifX0seyJyZXNpemUiOnsid2lkdGgiOjYwMCwiaGVpZ2h0Ijo2MDB9fV19,https://www.siriusxm.com/player/talent/entity/a560afa9-de5a-41b6-8d63-705239c77e84
eb2369d1-62bf-4fdd-aa68-3cfbd35a1697,Joel Meyers,joel-meyers,,https://www.siriusxm.com/player/talent/entity/eb2369d1-62bf-4fdd-aa68-3cfbd35a1697
f600f325-d107-4306-82e4-e305f9eac062,Joel Osteen,joel-osteen,https://imgsrv-sxm-prod-device.streaming.siriusxm.com/eyJrZXkiOiJlbnRpdHktbWFuYWdlbWVudC82Ny82NzVhYjVjNDExNDUwYjM4N2QwOTU0NjhjMTY0YzQ4Ml8xNzAyMzU0NjQzNjYxLnBuZyIsImVkaXRzIjpbeyJmb3JtYXQiOnsidHlwZSI6ImpwZWcifX0seyJyZXNpemUiOnsid2lkdGgiOjYwMCwiaGVpZ2h0Ijo2MDB9fV19,https://www.siriusxm.com/player/talent/entity/f600f325-d107-4306-82e4-e305f9eac062
789e9d24-383c-418d-85c9-8b41ff70c841,Joel Osteen Ministry,joel-osteen-ministry,,https://www.siriusxm.com/player/talent/entity/789e9d24-383c-418d-85c9-8b41ff70c841
48c4392c-2394-4a80-83d6-b3cf736eb66d,Joel Pollak,joel-pollak,,https://www.siriusxm.com/player/talent/entity/48c4392c-2394-4a80-83d6-b3cf736eb66d
ec36510d-fe58-40f2-a089-748574740afd,Joey Defrancesco,joey-defrancesco,,https://www.siriusxm.com/player/talent/entity/ec36510d-fe58-40f2-a089-748574740afd
ab201cb5-5f7f-4bd7-acfd-1ad9b71ce750,John C. Dvorak,john-c-dvorak,,https://www.siriusxm.com/player/talent/entity/ab201cb5-5f7f-4bd7-acfd-1ad9b71ce750
aa466c80-47c3-4a6f-b5ba-86e9f60c8463,John Clare,john-clare,,https://www.siriusxm.com/player/talent/entity/aa466c80-47c3-4a6f-b5ba-86e9f60c8463
c9a52d2d-d3c9-4fd0-9040-ee51ebc1dff6,John Frusciante,john-frusciante,,https://www.siriusxm.com/player/talent/entity/c9a52d2d-d3c9-4fd0-9040-ee51ebc1dff6
21798dc1-3e87-4e39-8075-c2efadde4cfa,John Fugelsang,john-fugelsang,https://imgsrv-sxm-prod-device.streaming.siriusxm.com/eyJrZXkiOiJlbnRpdHktbWFuYWdlbWVudC8yZS8yZTM3MWVjMDg5MjUwMDJmNjhmMTE4ZmJkZmNiMjUwNF8xNzAyMjAzMDA2NDk0LmpwZWciLCJlZGl0cyI6W3siZm9ybWF0Ijp7InR5cGUiOiJqcGVnIn19LHsicmVzaXplIjp7IndpZHRoIjo2MDAsImhlaWdodCI6NjAwfX1dfQ==,https://www.siriusxm.com/player/talent/entity/21798dc1-3e87-4e39-8075-c2efadde4cfa
9fabcaae-ccb0-4901-8d8a-af6d035d69eb,John Hansen,john-hansen,,https://www.siriusxm.com/player/talent/entity/9fabcaae-ccb0-4901-8d8a-af6d035d69eb
646d1829-c3ba-4f7f-8462-205ac6960f9a,John Hodgman,john-hodgman,,https://www.siriusxm.com/player/talent/entity/646d1829-c3ba-4f7f-8462-205ac6960f9a
184fe930-9b9a-4ad9-af7a-a64f177c0a11,John Legend,john-legend,https://imgsrv-sxm-prod-device.streaming.siriusxm.com/eyJrZXkiOiJlbnRpdHktbWFuYWdlbWVudC9iMy9iMzVlYjZhNWI5NjgyN2M1NjVmNmZjODVhMzRkNDM3Nl8xNjk5OTE2OTc5MTY3LmpwZWciLCJlZGl0cyI6W3siZm9ybWF0Ijp7InR5cGUiOiJqcGVnIn19LHsicmVzaXplIjp7IndpZHRoIjo2MDAsImhlaWdodCI6NjAwfX1dfQ==,https://www.siriusxm.com/player/talent/entity/184fe930-9b9a-4ad9-af7a-a64f177c0a11
b5aa3c48-e048-4bff-8639-d3bbca000241,John Lennon,john-lennon,,https://www.siriusxm.com/player/talent/entity/b5aa3c48-e048-4bff-8639-d3bbca000241
c0b39c3b-77f2-4244-8cb8-488170cefb87,John Lithgow,john-lithgow,https://imgsrv-sxm-prod-device.streaming.siriusxm.com/eyJrZXkiOiJlbnRpdHktbWFuYWdlbWVudC8wMi8wMjE5Zjc2YTBiZTY5MjYxMmI3NzQyM2MwYmQ0OTQ0Nl8xNzQyMzM3NDQ2MzgwLmpwZWciLCJlZGl0cyI6W3siZm9ybWF0Ijp7InR5cGUiOiJqcGVnIn19LHsicmVzaXplIjp7IndpZHRoIjo2MDAsImhlaWdodCI6NjAwfX1dfQ==,https://www.siriusxm.com/player/talent/entity/c0b39c3b-77f2-4244-8cb8-488170cefb87
1bcae0f2-d614-4f97-b1b8-43dd01f867c2,John Mayer,john-mayer,https://imgsrv-sxm-prod-device.streaming.siriusxm.com/eyJrZXkiOiJlbnRpdHktbWFuYWdlbWVudC9hZi9hZjEyMTliZDY2MWNkNjg5MmE0YzRhMmRkYzIzNjExMF8xNjk5OTE2OTc2MTQ2LmpwZWciLCJlZGl0cyI6W3siZm9ybWF0Ijp7InR5cGUiOiJqcGVnIn19LHsicmVzaXplIjp7IndpZHRoIjo2MDAsImhlaWdodCI6NjAwfX1dfQ==,https://www.siriusxm.com/player/talent/entity/1bcae0f2-d614-4f97-b1b8-43dd01f867c2
93efa9b7-0ca2-49fc-8d91-a7d1bec0086d,John Oliver,john-oliver,https://imgsrv-sxm-prod-device.streaming.siriusxm.com/eyJrZXkiOiJlbnRpdHktbWFuYWdlbWVudC8xNC8xNGU3MDBlMjBjZWY2MjFkNGZiYTE2ZDFkZjA1NmVhOF8xNzIyMjk0NDI1OTMzLmpwZWciLCJlZGl0cyI6W3siZm9ybWF0Ijp7InR5cGUiOiJqcGVnIn19LHsicmVzaXplIjp7IndpZHRoIjo2MDAsImhlaWdodCI6NjAwfX1dfQ==,https://www.siriusxm.com/player/talent/entity/93efa9b7-0ca2-49fc-8d91-a7d1bec0086d
abeda02f-c342-400e-8d5a-9a4e8651143a,John Roberts,john-roberts,,https://www.siriusxm.com/player/talent/entity/abeda02f-c342-400e-8d5a-9a4e8651143a
c25d5530-4b02-4343-9579-25122b619238,John Summit,john-summit,https://imgsrv-sxm-prod-device.streaming.siriusxm.com/eyJrZXkiOiJlbnRpdHktbWFuYWdlbWVudC9lNi9lNjBiYTUxYzJkNmFjNjY2NmFiNDRkY2EzMmYzMjYzNl8xNzAwNjIyNjE2OTU1LmpwZWciLCJlZGl0cyI6W3siZm9ybWF0Ijp7InR5cGUiOiJqcGVnIn19LHsicmVzaXplIjp7IndpZHRoIjo2MDAsImhlaWdodCI6NjAwfX1dfQ==,https://www.siriusxm.com/player/talent/entity/c25d5530-4b02-4343-9579-25122b619238
1dfbce37-46f6-4e26-aec1-d0519939eed4,John Tartaglia,john-tartaglia,,https://www.siriusxm.com/player/talent/entity/1dfbce37-46f6-4e26-aec1-d0519939eed4
465a14e8-9e78-464e-80b2-13202e658eb7,"Johnny ""El Picoso""",johnny-el-picoso,,https://www.siriusxm.com/player/talent/entity/465a14e8-9e78-464e-80b2-13202e658eb7
cd3602ae-86ae-4996-bba8-434563e2fccd,Johnny Carson,johnny-carson,,https://www.siriusxm.com/player/talent/entity/cd3602ae-86ae-4996-bba8-434563e2fccd
75eb8e53-0bf4-4a44-9ec2-468295e0b8a6,Johnny Knoxville,johnny-knoxville,https://imgsrv-sxm-prod-device.streaming.siriusxm.com/eyJrZXkiOiJpZi84OC84OGJlZmJiMjAwYjAzZDI5ODE4YWY3YzQ3ZGRlZTc0OV8xNzU2ODQwNTc0LmpwZyIsImVkaXRzIjpbeyJmb3JtYXQiOnsidHlwZSI6ImpwZWcifX0seyJyZXNpemUiOnsid2lkdGgiOjYwMCwiaGVpZ2h0Ijo2MDB9fV19,https://www.siriusxm.com/player/talent/entity/75eb8e53-0bf4-4a44-9ec2-468295e0b8a6
ff070940-01b8-4278-9390-ebfc892397e1,Johnny Knoxville & Roger Alan Wade,johnny-knoxville-roger-alan-wade,,https://www.siriusxm.com/player/talent/entity/ff070940-01b8-4278-9390-ebfc892397e1
ac6a811a-200b-4340-8f24-bbf698d7ed1b,Jon Bon Jovi,jon-bon-jovi,https://imgsrv-sxm-prod-device.streaming.siriusxm.com/eyJrZXkiOiJlbnRpdHktbWFuYWdlbWVudC83ZC83ZDkxOTdhZWQwZDZlZTJlMzU0MWEzZDVjNDc4YjFmZV8xNzIxMzA2OTExNjE0LmpwZWciLCJlZGl0cyI6W3siZm9ybWF0Ijp7InR5cGUiOiJqcGVnIn19LHsicmVzaXplIjp7IndpZHRoIjo2MDAsImhlaWdodCI6NjAwfX1dfQ==,https://www.siriusxm.com/player/talent/entity/ac6a811a-200b-4340-8f24-bbf698d7ed1b
b81b1ebe-f593-4269-9aa8-a1b8bb02171f,Jon Favreau,jon-favreau,https://imgsrv-sxm-prod-device.streaming.siriusxm.com/eyJrZXkiOiJlbnRpdHktbWFuYWdlbWVudC81Zi81ZjEyZThmN2E0M2UzNGMyNzQxNTljNTU2YWJkOWUyNl8xNzIyMzcyNjYyNjQwLmpwZWciLCJlZGl0cyI6W3siZm9ybWF0Ijp7InR5cGUiOiJqcGVnIn19LHsicmVzaXplIjp7IndpZHRoIjo2MDAsImhlaWdodCI6NjAwfX1dfQ==,https://www.siriusxm.com/player/talent/entity/b81b1ebe-f593-4269-9aa8-a1b8bb02171f
01d37bbb-09b1-403a-8abc-6a241e3b2533,Jon Gabrus,jon-gabrus,https://imgsrv-sxm-prod-device.streaming.siriusxm.com/eyJrZXkiOiJlbnRpdHktbWFuYWdlbWVudC9hZC9hZDFjNDE3N2RmODQ1YmVmNDQ4N2NmMzllYjhmNjhkOV8xNzQzNTM0NTY3MDAxLmpwZWciLCJlZGl0cyI6W3siZm9ybWF0Ijp7InR5cGUiOiJqcGVnIn19LHsicmVzaXplIjp7IndpZHRoIjo2MDAsImhlaWdodCI6NjAwfX1dfQ==,https://www.siriusxm.com/player/talent/entity/01d37bbb-09b1-403a-8abc-6a241e3b2533
8f1cc742-0854-44a7-98a6-810aeed575be,Jon Hamm,jon-hamm,https://imgsrv-sxm-prod-device.streaming.siriusxm.com/eyJrZXkiOiJpZi81NC81NGUyMDYzN2U1ZTMzNGZhYjhhYjA5YzZmODAyZmJkZV8xNzU2ODQwMzM4LmpwZyIsImVkaXRzIjpbeyJmb3JtYXQiOnsidHlwZSI6ImpwZWcifX0seyJyZXNpemUiOnsid2lkdGgiOjYwMCwiaGVpZ2h0Ijo2MDB9fV19,https://www.siriusxm.com/player/talent/entity/8f1cc742-0854-44a7-98a6-810aeed575be
67390169-c16a-459b-ab99-bf591c4b1777,Jon Lovett,jon-lovett,,https://www.siriusxm.com/player/talent/entity/67390169-c16a-459b-ab99-bf591c4b1777
5db0a8e3-28a8-46f2-83ab-1ee098cdf7f0,Jon Morosi,jon-morosi,,https://www.siriusxm.com/player/talent/entity/5db0a8e3-28a8-46f2-83ab-1ee098cdf7f0
2b61116f-41f7-44f8-a23e-4f45e5eb56bc,Jon Ronson,jon-ronson,,https://www.siriusxm.com/player/talent/entity/2b61116f-41f7-44f8-a23e-4f45e5eb56bc
eb7bf6cd-d4bf-43d4-aecc-4f5ee0ccf601,Jon Stewart,jon-stewart,https://imgsrv-sxm-prod-device.streaming.siriusxm.com/eyJrZXkiOiJpZi8yYS8yYTgwYzYwMjJiYTkzZTliOWRhZTU4ZmYxMDhmMzRjN18xNzU2ODQwNTkxLmpwZyIsImVkaXRzIjpbeyJmb3JtYXQiOnsidHlwZSI6ImpwZWcifX0seyJyZXNpemUiOnsid2lkdGgiOjYwMCwiaGVpZ2h0Ijo2MDB9fV19,https://www.siriusxm.com/player/talent/entity/eb7bf6cd-d4bf-43d4-aecc-4f5ee0ccf601
ddcb1738-bd17-4707-92ed-3af7cfa7ebbd,Jonathan Van Ness,jonathan-van-ness,,https://www.siriusxm.com/player/talent/entity/ddcb1738-bd17-4707-92ed-3af7cfa7ebbd
cd420d17-bc84-402b-b4da-98e892468735,Jordan Feliz,jordan-feliz,https://imgsrv-sxm-prod-device.streaming.siriusxm.com/eyJrZXkiOiJlbnRpdHktbWFuYWdlbWVudC85YS85YTMxMWIyMGU1ZjUzNzhmYTA5ZDM1NzI1YmNmZmIwYV8xNzAyMjI3OTU2ODkxLnBuZyIsImVkaXRzIjpbeyJmb3JtYXQiOnsidHlwZSI6ImpwZWcifX0seyJyZXNpemUiOnsid2lkdGgiOjYwMCwiaGVpZ2h0Ijo2MDB9fV19,https://www.siriusxm.com/player/talent/entity/cd420d17-bc84-402b-b4da-98e892468735
86c6e6c8-5c21-42b2-a364-a60b08fe5a3e,Jordan Harbinger,jordan-harbinger,,https://www.siriusxm.com/player/talent/entity/86c6e6c8-5c21-42b2-a364-a60b08fe5a3e
34234f68-f46a-4a93-bc17-b613a8898ffb,Jose Mangin,jose-mangin,https://imgsrv-sxm-prod-device.streaming.siriusxm.com/eyJrZXkiOiJlbnRpdHktbWFuYWdlbWVudC9jMS9jMThlNzYwYzRlZmFhYmU0ZTJiZjZkMzg0YmNlZmYxN18xNzAxOTExMzQ5NzU2LmpwZWciLCJlZGl0cyI6W3siZm9ybWF0Ijp7InR5cGUiOiJqcGVnIn19LHsicmVzaXplIjp7IndpZHRoIjo2MDAsImhlaWdodCI6NjAwfX1dfQ==,https://www.siriusxm.com/player/talent/entity/34234f68-f46a-4a93-bc17-b613a8898ffb
0457f3d9-bab4-4463-a9dd-ccf355fb1490,Josh Ross,josh-ross,,https://www.siriusxm.com/player/talent/entity/0457f3d9-bab4-4463-a9dd-ccf355fb1490
8cd3d43d-e03a-41d5-b737-cbe73845fc3a,Josh Wink,josh-wink,,https://www.siriusxm.com/player/talent/entity/8cd3d43d-e03a-41d5-b737-cbe73845fc3a
d1d77215-6ca0-48f1-b1e0-dccafe260cc2,Josie Duffy Rice,josie-duffy-rice,,https://www.siriusxm.com/player/talent/entity/d1d77215-6ca0-48f1-b1e0-dccafe260cc2
e073b565-7f64-4ba1-aa16-e4484b8b85ee,Josie Totah,josie-totah,,https://www.siriusxm.com/player/talent/entity/e073b565-7f64-4ba1-aa16-e4484b8b85ee
b9557529-188b-4587-82d6-e58b47072b89,Joy Behar,joy-behar,,https://www.siriusxm.com/player/talent/entity/b9557529-188b-4587-82d6-e58b47072b89
db997c4b-66a0-4a4f-95fc-1f13157f4172,Joy Reid,joy-reid,https://imgsrv-sxm-prod-device.streaming.siriusxm.com/eyJrZXkiOiJpZi82Mi82MjFkYTQ0ZGU4N2MzN2VhOWE1ZmI1MWYzY2VmZDU1ZF8xNzU2ODQwNTk3LmpwZyIsImVkaXRzIjpbeyJmb3JtYXQiOnsidHlwZSI6ImpwZWcifX0seyJyZXNpemUiOnsid2lkdGgiOjYwMCwiaGVpZ2h0Ijo2MDB9fV19,https://www.siriusxm.com/player/talent/entity/db997c4b-66a0-4a4f-95fc-1f13157f4172
03a92304-a5f8-4057-90b6-d192d8824cac,Joy Taylor,joy-taylor,,https://www.siriusxm.com/player/talent/entity/03a92304-a5f8-4057-90b6-d192d8824cac
bea76fb4-a595-4d80-add6-0d35b489919f,Joyce Meyer,joyce-meyer,,https://www.siriusxm.com/player/talent/entity/bea76fb4-a595-4d80-add6-0d35b489919f
973459ad-9cf6-4c56-aa4f-4b90b7f8c63a,Julia Cunningham,julia-cunningham,https://imgsrv-sxm-prod-device.streaming.siriusxm.com/eyJrZXkiOiJlbnRpdHktbWFuYWdlbWVudC85NS85NWM0MmEyYjQ2ZDc2M2ViNGY5ODUyNmMzNzVlZThiNV8xNzMxNTA3OTcwODIzLmpwZWciLCJlZGl0cyI6W3siZm9ybWF0Ijp7InR5cGUiOiJqcGVnIn19LHsicmVzaXplIjp7IndpZHRoIjo2MDAsImhlaWdodCI6NjAwfX1dfQ==,https://www.siriusxm.com/player/talent/entity/973459ad-9cf6-4c56-aa4f-4b90b7f8c63a
eee8a3f0-c40f-4130-8075-fc07ce9adfb5,Julia Louis-Dreyfus,julia-louis-dreyfus,https://imgsrv-sxm-prod-device.streaming.siriusxm.com/eyJrZXkiOiJlbnRpdHktbWFuYWdlbWVudC81NC81NDJiYjEzY2JjMTZkNTlmMDVjNTZiYzRhMjExM2E4OV8xNzE5NTg2OTkxOTE3LmpwZWciLCJlZGl0cyI6W3siZm9ybWF0Ijp7InR5cGUiOiJqcGVnIn19LHsicmVzaXplIjp7IndpZHRoIjo2MDAsImhlaWdodCI6NjAwfX1dfQ==,https://www.siriusxm.com/player/talent/entity/eee8a3f0-c40f-4130-8075-fc07ce9adfb5
df187e5e-0f84-4a5d-8628-71b383d7de33,Julie Andrews,julie-andrews,,https://www.siriusxm.com/player/talent/entity/df187e5e-0f84-4a5d-8628-71b383d7de33
52b192c8-2aba-4090-b655-c38fa54a4893,Julie James,julie-james,https://imgsrv-sxm-prod-device.streaming.siriusxm.com/eyJrZXkiOiJlbnRpdHktbWFuYWdlbWVudC82YS82YWY4OGJmMmNjNWFkNTQxMmZhNmNkMmVmYmVmZGUyZF8xNzE4NjU1MjIwOTc1LmpwZWciLCJlZGl0cyI6W3siZm9ybWF0Ijp7InR5cGUiOiJqcGVnIn19LHsicmVzaXplIjp7IndpZHRoIjo2MDAsImhlaWdodCI6NjAwfX1dfQ==,https://www.siriusxm.com/player/talent/entity/52b192c8-2aba-4090-b655-c38fa54a4893
86d2b065-d2a4-48e4-8b4e-1a140e6cdc58,Julie Mason,julie-mason,https://imgsrv-sxm-prod-device.streaming.siriusxm.com/eyJrZXkiOiJlbnRpdHktbWFuYWdlbWVudC84NC84NDFkYzA5ZWYxMmMyNTQ3NzkzNzE2MTA2MjZiNmM3OF8xNzQ0MzIyNjQ2ODE5LmpwZWciLCJlZGl0cyI6W3siZm9ybWF0Ijp7InR5cGUiOiJqcGVnIn19LHsicmVzaXplIjp7IndpZHRoIjo2MDAsImhlaWdodCI6NjAwfX1dfQ==,https://www.siriusxm.com/player/talent/entity/86d2b065-d2a4-48e4-8b4e-1a140e6cdc58
b6442f28-06ea-4904-9d0c-f31508d8c157,June Diane Raphael,june-diane-raphael,https://imgsrv-sxm-prod-device.streaming.siriusxm.com/eyJrZXkiOiJpZi82Yy82Y2Y2NDExYWM4NjYzMGYxODVlNzhiMTA5YzEwYjljZV8xNzU2ODQwNjk4LmpwZyIsImVkaXRzIjpbeyJmb3JtYXQiOnsidHlwZSI6ImpwZWcifX0seyJyZXNpemUiOnsid2lkdGgiOjYwMCwiaGVpZ2h0Ijo2MDB9fV19,https://www.siriusxm.com/player/talent/entity/b6442f28-06ea-4904-9d0c-f31508d8c157
472bdacb-68ce-4894-9ede-455ac3623979,Justin McElroy,justin-mcelroy,,https://www.siriusxm.com/player/talent/entity/472bdacb-68ce-4894-9ede-455ac3623979
0a0a8f4b-d6d8-4dd8-86cf-8aa7348b8913,KAROL G,karol-g,https://imgsrv-sxm-prod-device.streaming.siriusxm.com/eyJrZXkiOiJlbnRpdHktbWFuYWdlbWVudC81Ni81NmE1ZDUzOGFjMDI3ZGNiYmM2MjcyODAxM2NhMTAzY18xNzAwNjIzMDg0ODUyLmpwZWciLCJlZGl0cyI6W3siZm9ybWF0Ijp7InR5cGUiOiJqcGVnIn19LHsicmVzaXplIjp7IndpZHRoIjo2MDAsImhlaWdodCI6NjAwfX1dfQ==,https://www.siriusxm.com/player/talent/entity/0a0a8f4b-d6d8-4dd8-86cf-8aa7348b8913
2d491164-d923-4869-8e0b-28850221fc4d,KC Phillips,kc-phillips,,https://www.siriusxm.com/player/talent/entity/2d491164-d923-4869-8e0b-28850221fc4d
379a4bb4-ad08-4184-9806-714aaded5a1c,KIDZ BOP Kids,kidz-bop-kids,,https://www.siriusxm.com/player/talent/entity/379a4bb4-ad08-4184-9806-714aaded5a1c
13754410-d934-43d2-a462-56e59a2018f4,Kai Ryssdal,kai-ryssdal,,https://www.siriusxm.com/player/talent/entity/13754410-d934-43d2-a462-56e59a2018f4
2bff0c4d-a6fb-4bb5-8166-72351459388f,Kal Penn,kal-penn,,https://www.siriusxm.com/player/talent/entity/2bff0c4d-a6fb-4bb5-8166-72351459388f
f3d9e8df-385d-454e-88aa-c7cf210687e9,Kamala Harris,kamala-harris,https://imgsrv-sxm-prod-device.streaming.siriusxm.com/eyJrZXkiOiJpZi9jMi9jMjhhMjY1NDQ4MTMzNGE2OGY3Njg1YjUxZGU1ZmI0Nl8xNzU2ODQwNDQ2LmpwZyIsImVkaXRzIjpbeyJmb3JtYXQiOnsidHlwZSI6ImpwZWcifX0seyJyZXNpemUiOnsid2lkdGgiOjYwMCwiaGVpZ2h0Ijo2MDB9fV19,https://www.siriusxm.com/player/talent/entity/f3d9e8df-385d-454e-88aa-c7cf210687e9
8368bc23-8bc2-4021-bc1b-6b9b6387d685,Kara Swisher,kara-swisher,https://imgsrv-sxm-prod-device.streaming.siriusxm.com/eyJrZXkiOiJpZi9iOS9iOTk0YmNiMmM4MjUzOTNhODJjNWE3ZmU5NDk1NjZjOV8xNzU2ODQwNTQ3LmpwZyIsImVkaXRzIjpbeyJmb3JtYXQiOnsidHlwZSI6ImpwZWcifX0seyJyZXNpemUiOnsid2lkdGgiOjYwMCwiaGVpZ2h0Ijo2MDB9fV19,https://www.siriusxm.com/player/talent/entity/8368bc23-8bc2-4021-bc1b-6b9b6387d685
74ab0164-5325-4ab9-a802-5b5062ff642c,Karen Hunter,karen-hunter,https://imgsrv-sxm-prod-device.streaming.siriusxm.com/eyJrZXkiOiJlbnRpdHktbWFuYWdlbWVudC9kMS9kMTgzMTYwZDNkMWE3ZTkwOWYxYTlhNTFmY2E0NWJjN18xNzAyMjAyMjI4NzQwLnBuZyIsImVkaXRzIjpbeyJmb3JtYXQiOnsidHlwZSI6ImpwZWcifX0seyJyZXNpemUiOnsid2lkdGgiOjYwMCwiaGVpZ2h0Ijo2MDB9fV19,https://www.siriusxm.com/player/talent/entity/74ab0164-5325-4ab9-a802-5b5062ff642c
cb863e51-2f68-4bf2-af6a-e2da451b3901,Karen Kilgariff,karen-kilgariff,,https://www.siriusxm.com/player/talent/entity/cb863e51-2f68-4bf2-af6a-e2da451b3901
39483717-e30e-441c-b447-56361c87c9cf,Karina Longworth,karina-longworth,,https://www.siriusxm.com/player/talent/entity/39483717-e30e-441c-b447-56361c87c9cf
ded1aee9-05da-4600-921d-0dfd15aadefc,Kaskade,kaskade,,https://www.siriusxm.com/player/talent/entity/ded1aee9-05da-4600-921d-0dfd15aadefc
9e9bd8a5-402c-457b-8822-2294d499b4a2,Kat Corbett,kat-corbett,https://imgsrv-sxm-prod-device.streaming.siriusxm.com/eyJrZXkiOiJlbnRpdHktbWFuYWdlbWVudC8wMi8wMjdkOGViNWVmZmQ2YTQwNmVlNzI0Yjk4ZjQ2ZjBkZl8xNzAxOTExNTkzMTIxLmpwZWciLCJlZGl0cyI6W3siZm9ybWF0Ijp7InR5cGUiOiJqcGVnIn19LHsicmVzaXplIjp7IndpZHRoIjo2MDAsImhlaWdodCI6NjAwfX1dfQ==,https://www.siriusxm.com/player/talent/entity/9e9bd8a5-402c-457b-8822-2294d499b4a2
e1154baf-2252-41eb-a588-9751b61aef1d,Kate Hudson,kate-hudson,,https://www.siriusxm.com/player/talent/entity/e1154baf-2252-41eb-a588-9751b61aef1d
fb5145ed-9c99-4a57-9386-d5bf077f0e73,Kathleen Madigan,kathleen-madigan,,https://www.siriusxm.com/player/talent/entity/fb5145ed-9c99-4a57-9386-d5bf077f0e73
0aac79b7-93fc-4ce8-b204-a43e65e983e4,Kathryn Hahn,kathryn-hahn,https://imgsrv-sxm-prod-device.streaming.siriusxm.com/eyJrZXkiOiJpZi9kNC9kNDMyNDFkMmJlODMzOWVmYTAzMDYwMDU2M2FkOGU5Zl8xNzU2ODQwNDQyLmpwZyIsImVkaXRzIjpbeyJmb3JtYXQiOnsidHlwZSI6ImpwZWcifX0seyJyZXNpemUiOnsid2lkdGgiOjYwMCwiaGVpZ2h0Ijo2MDB9fV19,https://www.siriusxm.com/player/talent/entity/0aac79b7-93fc-4ce8-b204-a43e65e983e4
971a701c-58ac-4e41-8945-a18055dca7c8,Kathy Mattea,kathy-mattea,,https://www.siriusxm.com/player/talent/entity/971a701c-58ac-4e41-8945-a18055dca7c8
4b3cf73e-bd53-47eb-91a0-65cb9aa97fab,Katie Couric,katie-couric,,https://www.siriusxm.com/player/talent/entity/4b3cf73e-bd53-47eb-91a0-65cb9aa97fab
fbe5cdd5-3eb3-442d-abe7-84e9a33f0a54,Katie Nolan,katie-nolan,https://imgsrv-sxm-prod-device.streaming.siriusxm.com/eyJrZXkiOiJlbnRpdHktbWFuYWdlbWVudC8xNi8xNjU5ODM1NGU1NDg4Mjg4ZWVmODAzYjAyZWE3ZDQ1OF8xNzM2MzUwNzEwOTc1LmpwZWciLCJlZGl0cyI6W3siZm9ybWF0Ijp7InR5cGUiOiJqcGVnIn19LHsicmVzaXplIjp7IndpZHRoIjo2MDAsImhlaWdodCI6NjAwfX1dfQ==,https://www.siriusxm.com/player/talent/entity/fbe5cdd5-3eb3-442d-abe7-84e9a33f0a54
fbbda155-85b8-4117-8cdc-8d822aa8ff1e,Katie Prejean McGrady,katie-prejean-mcgrady,,https://www.siriusxm.com/player/talent/entity/fbbda155-85b8-4117-8cdc-8d822aa8ff1e
0f7cd7e5-d190-46c5-a032-84ea2f18270b,Katy Perry,katy-perry,https://imgsrv-sxm-prod-device.streaming.siriusxm.com/eyJrZXkiOiJlbnRpdHktbWFuYWdlbWVudC83MS83MWFkMDc5NjhiMmQ0NDA5ZjNlNGQ5YTdmZjVkYzQ5Nl8xNzAwNjIxMzM5NDQ1LmpwZWciLCJlZGl0cyI6W3siZm9ybWF0Ijp7InR5cGUiOiJqcGVnIn19LHsicmVzaXplIjp7IndpZHRoIjo2MDAsImhlaWdodCI6NjAwfX1dfQ==,https://www.siriusxm.com/player/talent/entity/0f7cd7e5-d190-46c5-a032-84ea2f18270b
a6dba161-8d1a-4627-abd1-670db29319d0,Katya Zamolodchikova,katya-zamolodchikova,,https://www.siriusxm.com/player/talent/entity/a6dba161-8d1a-4627-abd1-670db29319d0
82695204-5915-4dc8-8bea-d32649c8f7dd,Keith Costigan,keith-costigan,https://imgsrv-sxm-prod-device.streaming.siriusxm.com/eyJrZXkiOiJlbnRpdHktbWFuYWdlbWVudC84Yi84YmNlZTc5N2JlNmYxNDg2ZDlhMzA5N2FiNjJlZTk3YV8xNzQxNjMwMDEyNDEyLmpwZWciLCJlZGl0cyI6W3siZm9ybWF0Ijp7InR5cGUiOiJqcGVnIn19LHsicmVzaXplIjp7IndpZHRoIjo2MDAsImhlaWdodCI6NjAwfX1dfQ==,https://www.siriusxm.com/player/talent/entity/82695204-5915-4dc8-8bea-d32649c8f7dd
ce8ca423-85aa-48ee-810b-291b12139116,Keith Morrison,keith-morrison,,https://www.siriusxm.com/player/talent/entity/ce8ca423-85aa-48ee-810b-291b12139116
0c3ec5e4-24ef-48ab-8890-6d923431d6a0,Keith Richards,keith-richards,,https://www.siriusxm.com/player/talent/entity/0c3ec5e4-24ef-48ab-8890-6d923431d6a0
54932246-4c11-4fa6-8946-07b1b5ad1cd0,Keith Roth,keith-roth,https://imgsrv-sxm-prod-device.streaming.siriusxm.com/eyJrZXkiOiJlbnRpdHktbWFuYWdlbWVudC9jYS9jYTY0MjA4Nzk3ZDBiOTg4ODIyODQwYjk5MWQ1NGQ1Yl8xNzA5NjY5NDY1NDE2LmpwZWciLCJlZGl0cyI6W3siZm9ybWF0Ijp7InR5cGUiOiJqcGVnIn19LHsicmVzaXplIjp7IndpZHRoIjo2MDAsImhlaWdodCI6NjAwfX1dfQ==,https://www.siriusxm.com/player/talent/entity/54932246-4c11-4fa6-8946-07b1b5ad1cd0
f20bdae0-a211-47f0-892f-25efae8a6f2d,Keke Palmer,keke-palmer,https://imgsrv-sxm-prod-device.streaming.siriusxm.com/eyJrZXkiOiJlbnRpdHktbWFuYWdlbWVudC85Ni85Njk2ODVjNGZmNDcyMzc0NzYzZDVhNjhmZTMzMjhjOV8xNzM3NjQ5NTM1OTM3LmpwZWciLCJlZGl0cyI6W3siZm9ybWF0Ijp7InR5cGUiOiJqcGVnIn19LHsicmVzaXplIjp7IndpZHRoIjo2MDAsImhlaWdodCI6NjAwfX1dfQ==,https://www.siriusxm.com/player/talent/entity/f20bdae0-a211-47f0-892f-25efae8a6f2d
be05a8d2-7762-4bdf-8c82-db9c33a1622a,Kellie Pickler,kellie-pickler,,https://www.siriusxm.com/player/talent/entity/be05a8d2-7762-4bdf-8c82-db9c33a1622a
78a4f1de-2d70-4491-9f42-c5cd6eb57113,Kelly Carlin,kelly-carlin,,https://www.siriusxm.com/player/talent/entity/78a4f1de-2d70-4491-9f42-c5cd6eb57113
cf66eef5-8d36-4828-b370-08093a469c49,Kelly Ripa,kelly-ripa,https://imgsrv-sxm-prod-device.streaming.siriusxm.com/eyJrZXkiOiJlbnRpdHktbWFuYWdlbWVudC9mNC9mNDVkY2JiZmY0ZTRlM2IyZGQzNDRjYmJhYjZjMTE0ZV8xNzMyMDU4Nzk2MjcyLnBuZyIsImVkaXRzIjpbeyJmb3JtYXQiOnsidHlwZSI6ImpwZWcifX0seyJyZXNpemUiOnsid2lkdGgiOjYwMCwiaGVpZ2h0Ijo2MDB9fV19,https://www.siriusxm.com/player/talent/entity/cf66eef5-8d36-4828-b370-08093a469c49
772740b1-2f8b-471e-ae15-27e970ddc991,Kelsea Ballerini,kelsea-ballerini,https://imgsrv-sxm-prod-device.streaming.siriusxm.com/eyJrZXkiOiJlbnRpdHktbWFuYWdlbWVudC8zNS8zNTJiODBlZWIwMTVhMWRjNWU5Y2UyZGZjYTlmZjFkZV8xNzA0MzIzODgxNzI2LmpwZWciLCJlZGl0cyI6W3siZm9ybWF0Ijp7InR5cGUiOiJqcGVnIn19LHsicmVzaXplIjp7IndpZHRoIjo2MDAsImhlaWdodCI6NjAwfX1dfQ==,https://www.siriusxm.com/player/talent/entity/772740b1-2f8b-471e-ae15-27e970ddc991
df3ccc00-db99-4f6d-abcb-a8281754fe31,Ken Burns,ken-burns,https://imgsrv-sxm-prod-device.streaming.siriusxm.com/eyJrZXkiOiJpZi83Zi83ZjkxZWVmOWE0NzQzNDY3YmQ1MGJlMzUxZWZiNWUyM18xNzU2ODQwMzY5LmpwZyIsImVkaXRzIjpbeyJmb3JtYXQiOnsidHlwZSI6ImpwZWcifX0seyJyZXNpemUiOnsid2lkdGgiOjYwMCwiaGVpZ2h0Ijo2MDB9fV19,https://www.siriusxm.com/player/talent/entity/df3ccc00-db99-4f6d-abcb-a8281754fe31
1a0d89c4-cab7-4087-b80b-63897bef70de,Ken Coleman,ken-coleman,,https://www.siriusxm.com/player/talent/entity/1a0d89c4-cab7-4087-b80b-63897bef70de
acad5171-65df-422b-8614-2256087e330e,Ken Jennings,ken-jennings,,https://www.siriusxm.com/player/talent/entity/acad5171-65df-422b-8614-2256087e330e
bf1ece95-23a6-41ab-a4a7-acd081f38dbb,Kendrick Lamar,kendrick-lamar,https://imgsrv-sxm-prod-device.streaming.siriusxm.com/eyJrZXkiOiJlbnRpdHktbWFuYWdlbWVudC9hZS9hZWY1OTljNjc4NWMxMjhkNzllZjBkZTJkN2IxMzMwZF8xNzAwNjIxMzQ3MDA5LmpwZWciLCJlZGl0cyI6W3siZm9ybWF0Ijp7InR5cGUiOiJqcGVnIn19LHsicmVzaXplIjp7IndpZHRoIjo2MDAsImhlaWdodCI6NjAwfX1dfQ==,https://www.siriusxm.com/player/talent/entity/bf1ece95-23a6-41ab-a4a7-acd081f38dbb
8231c8f9-d2e1-44f7-88ca-674139e0ddf8,Kenny Chesney,kenny-chesney,https://imgsrv-sxm-prod-device.streaming.siriusxm.com/eyJrZXkiOiJlbnRpdHktbWFuYWdlbWVudC84Zi84ZjBlOGI3YWJjMDA1Njc1ZDIzYjBiODNkMmM3M2E5YV8xNzAyMzE1Nzc1NDU3LnBuZyIsImVkaXRzIjpbeyJmb3JtYXQiOnsidHlwZSI6ImpwZWcifX0seyJyZXNpemUiOnsid2lkdGgiOjYwMCwiaGVpZ2h0Ijo2MDB9fV19,https://www.siriusxm.com/player/talent/entity/8231c8f9-d2e1-44f7-88ca-674139e0ddf8
5f4078d1-1770-48ec-9295-fbd3e50bdca8,Kesha,kesha,https://imgsrv-sxm-prod-device.streaming.siriusxm.com/eyJrZXkiOiJlbnRpdHktbWFuYWdlbWVudC9jMy9jM2ZlZWIwZTIwOGRiYTI0YmQzZjQ3MWQxYTkwNzhmN18xNzQ0Mjk1MTY4Mzg1LmpwZWciLCJlZGl0cyI6W3siZm9ybWF0Ijp7InR5cGUiOiJqcGVnIn19LHsicmVzaXplIjp7IndpZHRoIjo2MDAsImhlaWdodCI6NjAwfX1dfQ==,https://www.siriusxm.com/player/talent/entity/5f4078d1-1770-48ec-9295-fbd3e50bdca8
aeaebb32-8fb0-41ad-8776-5667ace5ebc4,Kevin Bacon,kevin-bacon,https://imgsrv-sxm-prod-device.streaming.siriusxm.com/eyJrZXkiOiJpZi84ZS84ZWU3YTEyNTEzMTgzOTNiOTliM2M1YzFlYWRiMTM3N18xNzU2ODQwMzQ2LmpwZyIsImVkaXRzIjpbeyJmb3JtYXQiOnsidHlwZSI6ImpwZWcifX0seyJyZXNpemUiOnsid2lkdGgiOjYwMCwiaGVpZ2h0Ijo2MDB9fV19,https://www.siriusxm.com/player/talent/entity/aeaebb32-8fb0-41ad-8776-5667ace5ebc4
e560c68f-21ac-4a82-b23c-8d24a5825ef2,Kevin Durant,kevin-durant,https://imgsrv-sxm-prod-device.streaming.siriusxm.com/eyJrZXkiOiJpZi8xMC8xMDVmNmUzOTBmMjczY2U3YmQzMDhjNWQ3NTk4ZDQ2OV8xNzU2ODQwNjM0LmpwZyIsImVkaXRzIjpbeyJmb3JtYXQiOnsidHlwZSI6ImpwZWcifX0seyJyZXNpemUiOnsid2lkdGgiOjYwMCwiaGVpZ2h0Ijo2MDB9fV19,https://www.siriusxm.com/player/talent/entity/e560c68f-21ac-4a82-b23c-8d24a5825ef2
d38bdbed-7461-4022-b6e9-e3a45c74c001,Kevin Frandsen,kevin-frandsen,,https://www.siriusxm.com/player/talent/entity/d38bdbed-7461-4022-b6e9-e3a45c74c001
3177a68b-d4e6-4976-a1f4-f741523ff78f,Kevin Hart,kevin-hart,https://imgsrv-sxm-prod-device.streaming.siriusxm.com/eyJrZXkiOiJlbnRpdHktbWFuYWdlbWVudC81MS81MWEyYzZhODlkMTQwNGQwMWVmM2ZmZWZhM2QyNDJhYV8xNzAyMjI0NzI4OTIyLnBuZyIsImVkaXRzIjpbeyJmb3JtYXQiOnsidHlwZSI6ImpwZWcifX0seyJyZXNpemUiOnsid2lkdGgiOjYwMCwiaGVpZ2h0Ijo2MDB9fV19,https://www.siriusxm.com/player/talent/entity/3177a68b-d4e6-4976-a1f4-f741523ff78f
c4f713c8-2a04-4e97-9c39-e9617fb7bb90,Kevin Harvick,kevin-harvick,https://imgsrv-sxm-prod-device.streaming.siriusxm.com/eyJrZXkiOiJpZi84Zi84ZjFmOGYzOWVkODUzOWMyYTg3M2NkZWQ4ZDk5N2Q1M18xNzU2ODQwNjA3LmpwZyIsImVkaXRzIjpbeyJmb3JtYXQiOnsidHlwZSI6ImpwZWcifX0seyJyZXNpemUiOnsid2lkdGgiOjYwMCwiaGVpZ2h0Ijo2MDB9fV19,https://www.siriusxm.com/player/talent/entity/c4f713c8-2a04-4e97-9c39-e9617fb7bb90
1b15a912-68e5-4ab3-8383-440bc6dc18ee,Kevin Kennedy,kevin-kennedy,,https://www.siriusxm.com/player/talent/entity/1b15a912-68e5-4ab3-8383-440bc6dc18ee
febb5737-4b18-4bfb-b8d5-3b1248bac8e7,Kevin Smith,kevin-smith,,https://www.siriusxm.com/player/talent/entity/febb5737-4b18-4bfb-b8d5-3b1248bac8e7
22d3482d-4f51-435b-8d2e-e64d24ca7e05,Kiki Monique,kiki-monique,https://imgsrv-sxm-prod-device.streaming.siriusxm.com/eyJrZXkiOiJlbnRpdHktbWFuYWdlbWVudC9jOC9jOGZmZWU5YzBlZTFkMzFlODRhZGRiYzEwMGU0ZGZhZF8xNzM4NjE1MTA0NTg4LmpwZWciLCJlZGl0cyI6W3siZm9ybWF0Ijp7InR5cGUiOiJqcGVnIn19LHsicmVzaXplIjp7IndpZHRoIjo2MDAsImhlaWdodCI6NjAwfX1dfQ==,https://www.siriusxm.com/player/talent/entity/22d3482d-4f51-435b-8d2e-e64d24ca7e05
e9ecebce-7928-415e-a4f0-5dadaa453eb1,Kim Ashley,kim-ashley,https://imgsrv-sxm-prod-device.streaming.siriusxm.com/eyJrZXkiOiJlbnRpdHktbWFuYWdlbWVudC9lNC9lNGM0NTM3MzBhYmM0ZTkzNGMzOGYwNzgxZWU3OTUwY18xNzEyODYwNDc1MTIxLmpwZWciLCJlZGl0cyI6W3siZm9ybWF0Ijp7InR5cGUiOiJqcGVnIn19LHsicmVzaXplIjp7IndpZHRoIjo2MDAsImhlaWdodCI6NjAwfX1dfQ==,https://www.siriusxm.com/player/talent/entity/e9ecebce-7928-415e-a4f0-5dadaa453eb1
381226a7-e933-4d56-ac17-e5a7e7222787,Kirk Franklin,kirk-franklin,https://imgsrv-sxm-prod-device.streaming.siriusxm.com/eyJrZXkiOiJlbnRpdHktbWFuYWdlbWVudC9lMS9lMWVjODcyNTdjYmU4ZjllZThmMTI1ZWIxY2M4OTIyNl8xNzAyMzE1ODgxNDk5LnBuZyIsImVkaXRzIjpbeyJmb3JtYXQiOnsidHlwZSI6ImpwZWcifX0seyJyZXNpemUiOnsid2lkdGgiOjYwMCwiaGVpZ2h0Ijo2MDB9fV19,https://www.siriusxm.com/player/talent/entity/381226a7-e933-4d56-ac17-e5a7e7222787
53839050-278b-44f5-8748-a0d9b0d9f3f5,Kristen Bell,kristen-bell,,https://www.siriusxm.com/player/talent/entity/53839050-278b-44f5-8748-a0d9b0d9f3f5
5eb35ea7-28f4-452a-9847-2fe5ebb45644,Kristen Soltis Anderson,kristen-soltis-anderson,,https://www.siriusxm.com/player/talent/entity/5eb35ea7-28f4-452a-9847-2fe5ebb45644
541b68df-d031-48ce-8d30-a04bf63f0991,Kristin Davis,kristin-davis,,https://www.siriusxm.com/player/talent/entity/541b68df-d031-48ce-8d30-a04bf63f0991
c93662e5-b5a8-4c81-9e49-b50c20bf352a,Kristine Stone,kristine-stone,https://imgsrv-sxm-prod-device.streaming.siriusxm.com/eyJrZXkiOiJlbnRpdHktbWFuYWdlbWVudC9iZS9iZTQyZjNiZGY0YmE2M2Y5NThmODkyYzUyMmEyMTQ0MF8xNzAyMjI5MTkxNzIyLnBuZyIsImVkaXRzIjpbeyJmb3JtYXQiOnsidHlwZSI6ImpwZWcifX0seyJyZXNpemUiOnsid2lkdGgiOjYwMCwiaGVpZ2h0Ijo2MDB9fV19,https://www.siriusxm.com/player/talent/entity/c93662e5-b5a8-4c81-9e49-b50c20bf352a
47180fae-690d-4651-bace-e65cae420809,Kumail Nanjiani,kumail-nanjiani,https://imgsrv-sxm-prod-device.streaming.siriusxm.com/eyJrZXkiOiJlbnRpdHktbWFuYWdlbWVudC85YS85YWY1ZjZkNDc5YzJlMWM4NzdhNzEyNDhmNmExZWJmNF8xNzIxNjUxOTQ2OTgwLmpwZWciLCJlZGl0cyI6W3siZm9ybWF0Ijp7InR5cGUiOiJqcGVnIn19LHsicmVzaXplIjp7IndpZHRoIjo2MDAsImhlaWdodCI6NjAwfX1dfQ==,https://www.siriusxm.com/player/talent/entity/47180fae-690d-4651-bace-e65cae420809
7f1dda79-b711-4be4-89af-fad3da147c23,Kurt Braunohler,kurt-braunohler,,https://www.siriusxm.com/player/talent/entity/7f1dda79-b711-4be4-89af-fad3da147c23
acc94549-5d38-4956-8db4-e27b7ba32d4e,Kyle Ayers,kyle-ayers,,https://www.siriusxm.com/player/talent/entity/acc94549-5d38-4956-8db4-e27b7ba32d4e
138e597a-b984-4f43-8af0-2aa1e73f759d,Kyle Kinane,kyle-kinane,,https://www.siriusxm.com/player/talent/entity/138e597a-b984-4f43-8af0-2aa1e73f759d
e6f3bc8b-9c47-4088-bc08-4041a13fd418,Kylie Minogue,kylie-minogue,https://imgsrv-sxm-prod-device.streaming.siriusxm.com/eyJrZXkiOiJlbnRpdHktbWFuYWdlbWVudC8yNi8yNmVkODVlN2Y2MmNkOTUyYzEwYjYzYWNlOTk4YTBmMF8xNzA0MzIzNzQxODIxLmpwZWciLCJlZGl0cyI6W3siZm9ybWF0Ijp7InR5cGUiOiJqcGVnIn19LHsicmVzaXplIjp7IndpZHRoIjo2MDAsImhlaWdodCI6NjAwfX1dfQ==,https://www.siriusxm.com/player/talent/entity/e6f3bc8b-9c47-4088-bc08-4041a13fd418
c034ab6b-4330-47a0-83b8-b20042599292,L. Joy Williams,l-joy-williams,,https://www.siriusxm.com/player/talent/entity/c034ab6b-4330-47a0-83b8-b20042599292
b9c0df59-df42-4f24-a5ad-073896aa074e,LE SSERAFIM,le-sserafim,https://imgsrv-sxm-prod-device.streaming.siriusxm.com/eyJrZXkiOiJlbnRpdHktbWFuYWdlbWVudC9kZS9kZTJmNjk0ODhiMWViM2FhYzk3YWM2ZmEyNDkyYjk0N18xNzA0MzIzNzYxMzE1LmpwZWciLCJlZGl0cyI6W3siZm9ybWF0Ijp7InR5cGUiOiJqcGVnIn19LHsicmVzaXplIjp7IndpZHRoIjo2MDAsImhlaWdodCI6NjAwfX1dfQ==,https://www.siriusxm.com/player/talent/entity/b9c0df59-df42-4f24-a5ad-073896aa074e
13ecb14a-7dc1-4125-a665-e24036a138bb,LL COOL J,ll-cool-j,https://imgsrv-sxm-prod-device.streaming.siriusxm.com/eyJrZXkiOiJlbnRpdHktbWFuYWdlbWVudC81Ni81NjAwYzBlZDE4NmYwMGU1ZDIyYjMzZmIxZjhhYWIzMV8xNzA1OTQzNTM2NzA1LmpwZWciLCJlZGl0cyI6W3siZm9ybWF0Ijp7InR5cGUiOiJqcGVnIn19LHsicmVzaXplIjp7IndpZHRoIjo2MDAsImhlaWdodCI6NjAwfX1dfQ==,https://www.siriusxm.com/player/talent/entity/13ecb14a-7dc1-4125-a665-e24036a138bb
b11a5a9f-95cc-448f-bc8d-d0ac06c73595,LP Giobbi,lp-giobbi,https://imgsrv-sxm-prod-device.streaming.siriusxm.com/eyJrZXkiOiJlbnRpdHktbWFuYWdlbWVudC9iOC9iOGI4MDI5MTRmM2UwNGY4M2E3OGFkMDNlOWQ0N2Q0ZF8xNzA0MzIzNzUzNzE1LmpwZWciLCJlZGl0cyI6W3siZm9ybWF0Ijp7InR5cGUiOiJqcGVnIn19LHsicmVzaXplIjp7IndpZHRoIjo2MDAsImhlaWdodCI6NjAwfX1dfQ==,https://www.siriusxm.com/player/talent/entity/b11a5a9f-95cc-448f-bc8d-d0ac06c73595
55140f20-c7fb-4bb0-80ae-0a241350fee5,La India,la-india,,https://www.siriusxm.com/player/talent/entity/55140f20-c7fb-4bb0-80ae-0a241350fee5
20a9dab0-b4ef-4c40-8552-ae90dedde8fb,Laci Mosley,laci-mosley,https://imgsrv-sxm-prod-device.streaming.siriusxm.com/eyJrZXkiOiJpZi83MC83MGRiMWYyZWQ2OTMzMTNhYTI1N2U1ZmMxZTgwOGUzOF8xNzU2ODQwNTA4LmpwZyIsImVkaXRzIjpbeyJmb3JtYXQiOnsidHlwZSI6ImpwZWcifX0seyJyZXNpemUiOnsid2lkdGgiOjYwMCwiaGVpZ2h0Ijo2MDB9fV19,https://www.siriusxm.com/player/talent/entity/20a9dab0-b4ef-4c40-8552-ae90dedde8fb
654d05a3-da39-4354-8495-713476509311,Lady A,lady-a,https://imgsrv-sxm-prod-device.streaming.siriusxm.com/eyJrZXkiOiJlbnRpdHktbWFuYWdlbWVudC8yMC8yMDAzMjIyMjBkMTZmYzg1YTlmYTlhNGI4MjdmZTEyNV8xNzA0MzIzODcxNTIyLmpwZWciLCJlZGl0cyI6W3siZm9ybWF0Ijp7InR5cGUiOiJqcGVnIn19LHsicmVzaXplIjp7IndpZHRoIjo2MDAsImhlaWdodCI6NjAwfX1dfQ==,https://www.siriusxm.com/player/talent/entity/654d05a3-da39-4354-8495-713476509311
dfc6a79b-2e97-4a4f-a931-efed3685601f,Lady Gaga,lady-gaga,https://imgsrv-sxm-prod-device.streaming.siriusxm.com/eyJrZXkiOiJlbnRpdHktbWFuYWdlbWVudC81Mi81MmZiZmM5NmE1Y2RlZDFkM2YxMmM2MTVjNmUyODk4OV8xNzAwNjIxNDM4MjE4LmpwZWciLCJlZGl0cyI6W3siZm9ybWF0Ijp7InR5cGUiOiJqcGVnIn19LHsicmVzaXplIjp7IndpZHRoIjo2MDAsImhlaWdodCI6NjAwfX1dfQ==,https://www.siriusxm.com/player/talent/entity/dfc6a79b-2e97-4a4f-a931-efed3685601f
fe07155d-978f-4c37-ad61-ad55d799930d,Langston Kerman,langston-kerman,,https://www.siriusxm.com/player/talent/entity/fe07155d-978f-4c37-ad61-ad55d799930d
76d4af64-ce1a-4c12-ba22-00dbaaca6e88,Larry Gatlin,larry-gatlin,,https://www.siriusxm.com/player/talent/entity/76d4af64-ce1a-4c12-ba22-00dbaaca6e88
4ae34145-8849-4842-8c8c-3f12d5b2958d,Larry McReynolds,larry-mcreynolds,,https://www.siriusxm.com/player/talent/entity/4ae34145-8849-4842-8c8c-3f12d5b2958d
df276c93-3fc1-46b2-a85c-84ece61e77e6,Larry the Cable Guy,larry-the-cable-guy,https://imgsrv-sxm-prod-device.streaming.siriusxm.com/eyJrZXkiOiJlbnRpdHktbWFuYWdlbWVudC81ZS81ZWQ3ZjNiNjEwNWE4NTcyMDkzYzZhOWNkYjE2NTUyY18xNzAyMjAyNDMxMDA4LnBuZyIsImVkaXRzIjpbeyJmb3JtYXQiOnsidHlwZSI6ImpwZWcifX0seyJyZXNpemUiOnsid2lkdGgiOjYwMCwiaGVpZ2h0Ijo2MDB9fV19,https://www.siriusxm.com/player/talent/entity/df276c93-3fc1-46b2-a85c-84ece61e77e6
aaa301e1-f5ef-41ef-8f38-ae7505c1332c,Larry the Duck,larry-the-duck,https://imgsrv-sxm-prod-device.streaming.siriusxm.com/eyJrZXkiOiJlbnRpdHktbWFuYWdlbWVudC9mNS9mNTQ1NWViMGVkMWU2NzZkM2Q1ZmQ4NWM5OTA4ZTcwOV8xNzA5NjY5NTQ2MDE5LmpwZWciLCJlZGl0cyI6W3siZm9ybWF0Ijp7InR5cGUiOiJqcGVnIn19LHsicmVzaXplIjp7IndpZHRoIjo2MDAsImhlaWdodCI6NjAwfX1dfQ==,https://www.siriusxm.com/player/talent/entity/aaa301e1-f5ef-41ef-8f38-ae7505c1332c
ed5f8747-0c2f-46fb-83cf-c5928ae64373,Lars Ulrich,lars-ulrich,,https://www.siriusxm.com/player/talent/entity/ed5f8747-0c2f-46fb-83cf-c5928ae64373
d910e79a-948d-4203-9470-8dd65b0561fb,Laura Cantrell,laura-cantrell,,https://www.siriusxm.com/player/talent/entity/d910e79a-948d-4203-9470-8dd65b0561fb
d2abf286-3802-44b1-984a-d8ee010545b5,Laura Coates,laura-coates,,https://www.siriusxm.com/player/talent/entity/d2abf286-3802-44b1-984a-d8ee010545b5
50d1038d-f537-457b-a3c8-bf51c9c8c33d,Laurie Kilmartin,laurie-kilmartin,https://imgsrv-sxm-prod-device.streaming.siriusxm.com/eyJrZXkiOiJlbnRpdHktbWFuYWdlbWVudC82ZS82ZWJiNzg1Y2Y4MzRkMGM5M2JkMzJmYmYyY2Y4MGNiZl8xNzM5NDY1NDc5OTM3LmpwZWciLCJlZGl0cyI6W3siZm9ybWF0Ijp7InR5cGUiOiJqcGVnIn19LHsicmVzaXplIjp7IndpZHRoIjo2MDAsImhlaWdodCI6NjAwfX1dfQ==,https://www.siriusxm.com/player/talent/entity/50d1038d-f537-457b-a3c8-bf51c9c8c33d
c8081904-d908-4771-ae74-44596f2483d0,Laverne Cox,laverne-cox,https://imgsrv-sxm-prod-device.streaming.siriusxm.com/eyJrZXkiOiJlbnRpdHktbWFuYWdlbWVudC84OC84ODhmNGRiYjU3YzA5Y2ExNTE4NmU5OWZhMTZiZWQ0NF8xNzQwNjIxMjk0MDQ1LmpwZWciLCJlZGl0cyI6W3siZm9ybWF0Ijp7InR5cGUiOiJqcGVnIn19LHsicmVzaXplIjp7IndpZHRoIjo2MDAsImhlaWdodCI6NjAwfX1dfQ==,https://www.siriusxm.com/player/talent/entity/c8081904-d908-4771-ae74-44596f2483d0
1526a17b-b04b-4631-b2b2-2c024d213993,Lawrence O'Donnell,lawrence-odonnell,,https://www.siriusxm.com/player/talent/entity/1526a17b-b04b-4631-b2b2-2c024d213993
8d88044e-ea27-4a21-9872-6aa0ea61d933,LeBron James,lebron-james,https://imgsrv-sxm-prod-device.streaming.siriusxm.com/eyJrZXkiOiJpZi83MC83MDgxMDQ4ODM1YmQzMWJiYWNjNTQ0N2MwODYxNjY1ZV8xNzU2ODQwNTk1LmpwZyIsImVkaXRzIjpbeyJmb3JtYXQiOnsidHlwZSI6ImpwZWcifX0seyJyZXNpemUiOnsid2lkdGgiOjYwMCwiaGVpZ2h0Ijo2MDB9fV19,https://www.siriusxm.com/player/talent/entity/8d88044e-ea27-4a21-9872-6aa0ea61d933
68903b16-7885-46dc-8616-ecfd700d054d,LeSean McCoy,lesean-mccoy,,https://www.siriusxm.com/player/talent/entity/68903b16-7885-46dc-8616-ecfd700d054d
706bb98c-1352-44fc-ba24-8cabf2ab4eff,LeVar Burton,levar-burton,,https://www.siriusxm.com/player/talent/entity/706bb98c-1352-44fc-ba24-8cabf2ab4eff
ffb97b94-7cc4-4574-bb32-d4eac8bbc591,Lee Ritenour,lee-ritenour,,https://www.siriusxm.com/player/talent/entity/ffb97b94-7cc4-4574-bb32-d4eac8bbc591
d8239450-91c8-43ab-92b2-84460f60538b,Lena Dunham,lena-dunham,,https://www.siriusxm.com/player/talent/entity/d8239450-91c8-43ab-92b2-84460f60538b
c28dec72-f5a8-4e18-aae4-cca608eddaf1,Leo Laporte,leo-laporte,,https://www.siriusxm.com/player/talent/entity/c28dec72-f5a8-4e18-aae4-cca608eddaf1
13d4f8a1-90e1-48a3-8dcd-65341c2bec24,Leona Lewis,leona-lewis,,https://www.siriusxm.com/player/talent/entity/13d4f8a1-90e1-48a3-8dcd-65341c2bec24
49ef4033-09d6-469f-83c4-d4c7ee9f39c2,Leslie Jones,leslie-jones,,https://www.siriusxm.com/player/talent/entity/49ef4033-09d6-469f-83c4-d4c7ee9f39c2
6b47d2f2-52c7-4639-bba3-9ad73feaee26,Less Than Jake,less-than-jake,,https://www.siriusxm.com/player/talent/entity/6b47d2f2-52c7-4639-bba3-9ad73feaee26
46faad40-5b1b-40a7-9bfc-ec76cb172677,Lewis Howes,lewis-howes,https://imgsrv-sxm-prod-device.streaming.siriusxm.com/eyJrZXkiOiJlbnRpdHktbWFuYWdlbWVudC80NS80NTA3M2JmNDA3MTRjZjQ3NjE5OTVmYWM1YzJkZmZjNV8xNzQwNjc3NTAwMTc0LmpwZWciLCJlZGl0cyI6W3siZm9ybWF0Ijp7InR5cGUiOiJqcGVnIn19LHsicmVzaXplIjp7IndpZHRoIjo2MDAsImhlaWdodCI6NjAwfX1dfQ==,https://www.siriusxm.com/player/talent/entity/46faad40-5b1b-40a7-9bfc-ec76cb172677
aafbf261-0167-4076-abd9-abb20a7de075,Liam Neeson,liam-neeson,https://imgsrv-sxm-prod-device.streaming.siriusxm.com/eyJrZXkiOiJpZi8wOS8wOTMyMGEwOGJiNzAzYWRiYTE0NWIwZGFhNjVkM2YzNF8xNzU2ODQwNTEzLmpwZyIsImVkaXRzIjpbeyJmb3JtYXQiOnsidHlwZSI6ImpwZWcifX0seyJyZXNpemUiOnsid2lkdGgiOjYwMCwiaGVpZ2h0Ijo2MDB9fV19,https://www.siriusxm.com/player/talent/entity/aafbf261-0167-4076-abd9-abb20a7de075
be51328f-5ed0-4cdf-b40c-db1faf6c03ab,Lil Dicky,lil-dicky,https://imgsrv-sxm-prod-device.streaming.siriusxm.com/eyJrZXkiOiJlbnRpdHktbWFuYWdlbWVudC9lNS9lNWVlMWQ1ZDg5OGJhZGVjODQwYmUyODk0YzU2NWM0NV8xNzAwNjIyNTg3NDM4LmpwZWciLCJlZGl0cyI6W3siZm9ybWF0Ijp7InR5cGUiOiJqcGVnIn19LHsicmVzaXplIjp7IndpZHRoIjo2MDAsImhlaWdodCI6NjAwfX1dfQ==,https://www.siriusxm.com/player/talent/entity/be51328f-5ed0-4cdf-b40c-db1faf6c03ab
95805a5e-a198-47d0-aa5c-60d40a920bc8,Lin-Manuel Miranda,lin-manuel-miranda,,https://www.siriusxm.com/player/talent/entity/95805a5e-a198-47d0-aa5c-60d40a920bc8
97b6c64a-135b-422b-8526-623a707d71cf,Lindsay Rhodes,lindsay-rhodes,,https://www.siriusxm.com/player/talent/entity/97b6c64a-135b-422b-8526-623a707d71cf
762c496a-ffab-46d7-801b-180a14634998,Link Lauren,link-lauren,https://imgsrv-sxm-prod-device.streaming.siriusxm.com/eyJrZXkiOiJlbnRpdHktbWFuYWdlbWVudC8zYy8zY2U1Y2E5YmJlMTM1Y2RkOWRhN2YyN2RlNDI5MTdjY18xNzUwOTY1NzI2MjcwLmpwZWciLCJlZGl0cyI6W3siZm9ybWF0Ijp7InR5cGUiOiJqcGVnIn19LHsicmVzaXplIjp7IndpZHRoIjo2MDAsImhlaWdodCI6NjAwfX1dfQ==,https://www.siriusxm.com/player/talent/entity/762c496a-ffab-46d7-801b-180a14634998
63b93cdd-6ade-49e5-a3c2-2e0cfe6f5003,Linkin Park,linkin-park,https://imgsrv-sxm-prod-device.streaming.siriusxm.com/eyJrZXkiOiJlbnRpdHktbWFuYWdlbWVudC9hZi9hZmUzYzZjMmQ3NmM5NTYzODllZWE0Nzg1NTY5M2FiYl8xNzA0MzIzNjUzNTAyLmpwZWciLCJlZGl0cyI6W3siZm9ybWF0Ijp7InR5cGUiOiJqcGVnIn19LHsicmVzaXplIjp7IndpZHRoIjo2MDAsImhlaWdodCI6NjAwfX1dfQ==,https://www.siriusxm.com/player/talent/entity/63b93cdd-6ade-49e5-a3c2-2e0cfe6f5003
1ea3db59-d5a8-4b51-af9f-5821f4e427ca,Lino Rulli,lino-rulli,https://imgsrv-sxm-prod-device.streaming.siriusxm.com/eyJrZXkiOiJlbnRpdHktbWFuYWdlbWVudC85Ny85N2ZhMGNkYTNhYTZjZGUxOWI1YTI5ZTNhZDQ3OWRiYV8xNzAxNDUzNjczNzQ0LmpwZWciLCJlZGl0cyI6W3siZm9ybWF0Ijp7InR5cGUiOiJqcGVnIn19LHsicmVzaXplIjp7IndpZHRoIjo2MDAsImhlaWdodCI6NjAwfX1dfQ==,https://www.siriusxm.com/player/talent/entity/1ea3db59-d5a8-4b51-af9f-5821f4e427ca
cf4db042-cf67-4c61-bc2a-5b2bdbacc20f,Lionel Richie,lionel-richie,,https://www.siriusxm.com/player/talent/entity/cf4db042-cf67-4c61-bc2a-5b2bdbacc20f
9c81b45d-3e15-4fce-8a45-f9a515ee1bcc,Lisa Ann,lisa-ann,,https://www.siriusxm.com/player/talent/entity/9c81b45d-3e15-4fce-8a45-f9a515ee1bcc
5584a9a1-0531-42cc-8412-565d6f630c71,Lisa Loeb,lisa-loeb,https://imgsrv-sxm-prod-device.streaming.siriusxm.com/eyJrZXkiOiJlbnRpdHktbWFuYWdlbWVudC9jNi9jNjMzMjdlNTU0ZjVkZmNiMzM4ZTdjNWVhZDIyNWM3Ml8xNzAwNjIxOTExNDYxLmpwZWciLCJlZGl0cyI6W3siZm9ybWF0Ijp7InR5cGUiOiJqcGVnIn19LHsicmVzaXplIjp7IndpZHRoIjo2MDAsImhlaWdodCI6NjAwfX1dfQ==,https://www.siriusxm.com/player/talent/entity/5584a9a1-0531-42cc-8412-565d6f630c71
ed4c853c-def0-4482-8892-acf445d94c92,Lisa Marie Presley,lisa-marie-presley,,https://www.siriusxm.com/player/talent/entity/ed4c853c-def0-4482-8892-acf445d94c92
99c4582c-b159-42c6-a265-8c2b84788280,Little Steven,little-steven,https://imgsrv-sxm-prod-device.streaming.siriusxm.com/eyJrZXkiOiJlbnRpdHktbWFuYWdlbWVudC9hZC9hZDE2MDY1ODA0NGQwMjkyMTIwOTFiYmIxYjVkYzQyMF8xNzAxODAyNDEzMTMxLmpwZWciLCJlZGl0cyI6W3siZm9ybWF0Ijp7InR5cGUiOiJqcGVnIn19LHsicmVzaXplIjp7IndpZHRoIjo2MDAsImhlaWdodCI6NjAwfX1dfQ==,https://www.siriusxm.com/player/talent/entity/99c4582c-b159-42c6-a265-8c2b84788280
11e13da1-902e-4dda-8e01-383d3294a434,Lizzo,lizzo,,https://www.siriusxm.com/player/talent/entity/11e13da1-902e-4dda-8e01-383d3294a434
e7d9699d-dea5-474f-b1d5-d0bf5a0224f5,Logan Paul,logan-paul,,https://www.siriusxm.com/player/talent/entity/e7d9699d-dea5-474f-b1d5-d0bf5a0224f5
a80caaa0-253b-4ca1-a21e-d0a208fc236d,Logic,logic,,https://www.siriusxm.com/player/talent/entity/a80caaa0-253b-4ca1-a21e-d0a208fc236d
68dcbb92-d161-4edf-83a1-a058c224aba5,Lola Blanc,lola-blanc,,https://www.siriusxm.com/player/talent/entity/68dcbb92-d161-4edf-83a1-a058c224aba5
fc04435c-0b76-4f93-87f4-c29ba5a2241a,Lord Sear,lord-sear,https://imgsrv-sxm-prod-device.streaming.siriusxm.com/eyJrZXkiOiJlbnRpdHktbWFuYWdlbWVudC8yNi8yNjJkMzUzMzM2NmVjYzVjNjhhN2I1YTEzNDZjYWRmZV8xNzAyMjI5MDIxMzk3LnBuZyIsImVkaXRzIjpbeyJmb3JtYXQiOnsidHlwZSI6ImpwZWcifX0seyJyZXNpemUiOnsid2lkdGgiOjYwMCwiaGVpZ2h0Ijo2MDB9fV19,https://www.siriusxm.com/player/talent/entity/fc04435c-0b76-4f93-87f4-c29ba5a2241a
880ec493-2603-4ea1-a778-c497adae14d9,Lori Lindsey,lori-lindsey,https://imgsrv-sxm-prod-device.streaming.siriusxm.com/eyJrZXkiOiJlbnRpdHktbWFuYWdlbWVudC80NS80NTE4MDhiODVlZTE0NWJmOTQ5ZjA3NmRiNjBkMWVjN18xNzQxMjc4MTA3ODQ2LmpwZWciLCJlZGl0cyI6W3siZm9ybWF0Ijp7InR5cGUiOiJqcGVnIn19LHsicmVzaXplIjp7IndpZHRoIjo2MDAsImhlaWdodCI6NjAwfX1dfQ==,https://www.siriusxm.com/player/talent/entity/880ec493-2603-4ea1-a778-c497adae14d9
6d369b6b-c95b-43cc-889c-68616e4be0f6,Lori Majewski,lori-majewski,https://imgsrv-sxm-prod-device.streaming.siriusxm.com/eyJrZXkiOiJlbnRpdHktbWFuYWdlbWVudC9iOS9iOTM3ZGJkMGJlMDA4ZmE1ZDhiMGIyOTk3M2JhOTY1MF8xNzA2OTA2MDQ1OTkzLnBuZyIsImVkaXRzIjpbeyJmb3JtYXQiOnsidHlwZSI6ImpwZWcifX0seyJyZXNpemUiOnsid2lkdGgiOjYwMCwiaGVpZ2h0Ijo2MDB9fV19,https://www.siriusxm.com/player/talent/entity/6d369b6b-c95b-43cc-889c-68616e4be0f6
9423bf7e-1794-4d1a-8f83-ea52433c41d9,Lucille Ball,lucille-ball,,https://www.siriusxm.com/player/talent/entity/9423bf7e-1794-4d1a-8f83-ea52433c41d9
1433f53c-010f-4256-ad30-00d9649cb75b,Luke Bryan,luke-bryan,,https://www.siriusxm.com/player/talent/entity/1433f53c-010f-4256-ad30-00d9649cb75b
a93a86e0-9048-49b6-b2b3-ea70b17513a5,Luke Combs,luke-combs,https://imgsrv-sxm-prod-device.streaming.siriusxm.com/eyJrZXkiOiJlbnRpdHktbWFuYWdlbWVudC82OC82ODBkYjQ3ZDJlODY2Y2JjYjYxZTBkODA1ZWFkMTc2Nl8xNzA0MzIzNjQ1MjY4LmpwZWciLCJlZGl0cyI6W3siZm9ybWF0Ijp7InR5cGUiOiJqcGVnIn19LHsicmVzaXplIjp7IndpZHRoIjo2MDAsImhlaWdodCI6NjAwfX1dfQ==,https://www.siriusxm.com/player/talent/entity/a93a86e0-9048-49b6-b2b3-ea70b17513a5
0b6be586-e5f5-4afc-ac52-3b15365a7651,Lulu Miller,lulu-miller,,https://www.siriusxm.com/player/talent/entity/0b6be586-e5f5-4afc-ac52-3b15365a7651
50813ada-7c53-4e3e-ba4e-37881c8bc12e,Lupe Fiasco,lupe-fiasco,,https://www.siriusxm.com/player/talent/entity/50813ada-7c53-4e3e-ba4e-37881c8bc12e
74a66893-1c68-4620-84a6-36a394db113c,Lurie Daniel Favors,lurie-daniel-favors,https://imgsrv-sxm-prod-device.streaming.siriusxm.com/eyJrZXkiOiJlbnRpdHktbWFuYWdlbWVudC8wMS8wMTBjYjJmNjJjMGJmZjI5NDEyYmQ5YWFkYjQzOTEyN18xNzQxMDQzNjM0ODIwLmpwZWciLCJlZGl0cyI6W3siZm9ybWF0Ijp7InR5cGUiOiJqcGVnIn19LHsicmVzaXplIjp7IndpZHRoIjo2MDAsImhlaWdodCI6NjAwfX1dfQ==,https://www.siriusxm.com/player/talent/entity/74a66893-1c68-4620-84a6-36a394db113c
b446cc0d-2e76-4ea9-b400-696067ba6825,MUNA,muna,,https://www.siriusxm.com/player/talent/entity/b446cc0d-2e76-4ea9-b400-696067ba6825
b6414c13-a56d-427b-be29-c3a74f3bd00c,Mac McAnally,mac-mcanally,,https://www.siriusxm.com/player/talent/entity/b6414c13-a56d-427b-be29-c3a74f3bd00c
81e8e5b2-883a-4a35-b52e-67267346c524,Macie Banks,macie-banks,https://imgsrv-sxm-prod-device.streaming.siriusxm.com/eyJrZXkiOiJlbnRpdHktbWFuYWdlbWVudC82Ni82NmE3ZmMzNWI0ZTYxNGM1NDI1NDBmZmI0NmJmOTVlOF8xNzMwNzU1MTE4OTU1LmpwZWciLCJlZGl0cyI6W3siZm9ybWF0Ijp7InR5cGUiOiJqcGVnIn19LHsicmVzaXplIjp7IndpZHRoIjo2MDAsImhlaWdodCI6NjAwfX1dfQ==,https://www.siriusxm.com/player/talent/entity/81e8e5b2-883a-4a35-b52e-67267346c524
9f1997a2-934d-42d9-a167-2ef931775de6,Mack,mack,https://imgsrv-sxm-prod-device.streaming.siriusxm.com/eyJrZXkiOiJlbnRpdHktbWFuYWdlbWVudC81NC81NGU2MDMxN2VkOGEzNTM0Yjc1MWRmYmZlMzRhMTAxMV8xNzUzODA5MDU5NTUyLmpwZWciLCJlZGl0cyI6W3siZm9ybWF0Ijp7InR5cGUiOiJqcGVnIn19LHsicmVzaXplIjp7IndpZHRoIjo2MDAsImhlaWdodCI6NjAwfX1dfQ==,https://www.siriusxm.com/player/talent/entity/9f1997a2-934d-42d9-a167-2ef931775de6
215c9a48-8089-4e33-95ab-17e757aadf2d,Mack & Jen,mack-jen,,https://www.siriusxm.com/player/talent/entity/215c9a48-8089-4e33-95ab-17e757aadf2d
3ae5598d-a013-4ab7-93cc-ea6a742a45d1,Madeline Argy,madeline-argy,https://imgsrv-sxm-prod-device.streaming.siriusxm.com/eyJrZXkiOiJlbnRpdHktbWFuYWdlbWVudC8wMy8wM2IxZjNkODQ4OGViODY2Njc3YmNiM2E2NTFmZGMxYV8xNzI5MDk1MTI3MjcyLmpwZWciLCJlZGl0cyI6W3siZm9ybWF0Ijp7InR5cGUiOiJqcGVnIn19LHsicmVzaXplIjp7IndpZHRoIjo2MDAsImhlaWdodCI6NjAwfX1dfQ==,https://www.siriusxm.com/player/talent/entity/3ae5598d-a013-4ab7-93cc-ea6a742a45d1
0f09fbac-05f9-48e1-b0f8-f5453164f1fc,Madison,madison,https://imgsrv-sxm-prod-device.streaming.siriusxm.com/eyJrZXkiOiJlbnRpdHktbWFuYWdlbWVudC9hOC9hOGYxOGJkNTE0NDlmNjhkYWI5MGQ4MzFkYTQyOGJmN18xNzAxMzk5NDg5MzA3LmpwZWciLCJlZGl0cyI6W3siZm9ybWF0Ijp7InR5cGUiOiJqcGVnIn19LHsicmVzaXplIjp7IndpZHRoIjo2MDAsImhlaWdodCI6NjAwfX1dfQ==,https://www.siriusxm.com/player/talent/entity/0f09fbac-05f9-48e1-b0f8-f5453164f1fc
de86d2cd-4232-41f7-98da-a78dbdb7ae54,Malcolm Gladwell,malcolm-gladwell,,https://www.siriusxm.com/player/talent/entity/de86d2cd-4232-41f7-98da-a78dbdb7ae54
0e40e2bc-d698-449b-9da0-76b923bce8bc,Mandy Moore,mandy-moore,,https://www.siriusxm.com/player/talent/entity/0e40e2bc-d698-449b-9da0-76b923bce8bc
352bce48-43e2-43a6-897f-b0cad792d902,Mandy Patinkin,mandy-patinkin,,https://www.siriusxm.com/player/talent/entity/352bce48-43e2-43a6-897f-b0cad792d902
47254fbc-5a59-42af-a0c2-b88504e34853,Manoush Zomorodi,manoush-zomorodi,,https://www.siriusxm.com/player/talent/entity/47254fbc-5a59-42af-a0c2-b88504e34853
c2940b10-01b6-4e0f-9ccf-76e680f1e4b7,Marc Anthony,marc-anthony,https://imgsrv-sxm-prod-device.streaming.siriusxm.com/eyJrZXkiOiJlbnRpdHktbWFuYWdlbWVudC9lNy9lN2QxM2E3ZDdjOWUxM2E5ZjI4NjRiMGMyZGM1MDkzNF8xNzE0NjA3MzY1NTEzLmpwZWciLCJlZGl0cyI6W3siZm9ybWF0Ijp7InR5cGUiOiJqcGVnIn19LHsicmVzaXplIjp7IndpZHRoIjo2MDAsImhlaWdodCI6NjAwfX1dfQ==,https://www.siriusxm.com/player/talent/entity/c2940b10-01b6-4e0f-9ccf-76e680f1e4b7
43b937bd-5481-46b7-a386-5d2cf66bd922,Marc Maron,marc-maron,,https://www.siriusxm.com/player/talent/entity/43b937bd-5481-46b7-a386-5d2cf66bd922
211f6da3-ac45-47fa-a28b-f144f1bc932c,Marc Maron (DEPRECATED)(TEST),marc-maron-deprecated-test,,https://www.siriusxm.com/player/talent/entity/211f6da3-ac45-47fa-a28b-f144f1bc932c
3ab90d62-e3f7-4c8b-bbd1-edc58d6c2df1,Marcellus Wiley,marcellus-wiley,,https://www.siriusxm.com/player/talent/entity/3ab90d62-e3f7-4c8b-bbd1-edc58d6c2df1
5bd3f9ae-5a41-49df-bb4c-85c7046dbfc2,Marcus Miller,marcus-miller,,https://www.siriusxm.com/player/talent/entity/5bd3f9ae-5a41-49df-bb4c-85c7046dbfc2
fe9a0722-a9fa-4b3b-a40c-cc49cede590a,Maren Morris,maren-morris,https://imgsrv-sxm-prod-device.streaming.siriusxm.com/eyJrZXkiOiJlbnRpdHktbWFuYWdlbWVudC80NC80NGVmY2JjOWFmY2M1M2JhMDc0MTc3MTZjYTFlYWZmY18xNzA0MzIzODAxNTAxLmpwZWciLCJlZGl0cyI6W3siZm9ybWF0Ijp7InR5cGUiOiJqcGVnIn19LHsicmVzaXplIjp7IndpZHRoIjo2MDAsImhlaWdodCI6NjAwfX1dfQ==,https://www.siriusxm.com/player/talent/entity/fe9a0722-a9fa-4b3b-a40c-cc49cede590a
08b42aae-4035-4efa-8928-b8fa48b15e5c,Margo Price,margo-price,,https://www.siriusxm.com/player/talent/entity/08b42aae-4035-4efa-8928-b8fa48b15e5c
81417e94-d3b2-415b-b9a8-e68b032cdc78,Maria Bamford,maria-bamford,,https://www.siriusxm.com/player/talent/entity/81417e94-d3b2-415b-b9a8-e68b032cdc78
33a671d5-28c3-4140-8013-38f0bd94d503,Maria Shriver,maria-shriver,https://imgsrv-sxm-prod-device.streaming.siriusxm.com/eyJrZXkiOiJlbnRpdHktbWFuYWdlbWVudC83Ni83NmU1MzQzMTM3Nzc5ZmQyMmRjZTVkYzlmYzQ4N2ZlYV8xNzQzNzA0NDk4MDQzLmpwZWciLCJlZGl0cyI6W3siZm9ybWF0Ijp7InR5cGUiOiJqcGVnIn19LHsicmVzaXplIjp7IndpZHRoIjo2MDAsImhlaWdodCI6NjAwfX1dfQ==,https://www.siriusxm.com/player/talent/entity/33a671d5-28c3-4140-8013-38f0bd94d503
5075f93f-e7f3-46a4-967a-fbd9b9eb6bc3,Mariah Carey,mariah-carey,https://imgsrv-sxm-prod-device.streaming.siriusxm.com/eyJrZXkiOiJlbnRpdHktbWFuYWdlbWVudC85ZS85ZTVkNTQyMjA4NTEzNmZiNDlhZTQ1MTNhZjUxZTU1ZF8xNzA0MzIzNzA4MDQ3LmpwZWciLCJlZGl0cyI6W3siZm9ybWF0Ijp7InR5cGUiOiJqcGVnIn19LHsicmVzaXplIjp7IndpZHRoIjo2MDAsImhlaWdodCI6NjAwfX1dfQ==,https://www.siriusxm.com/player/talent/entity/5075f93f-e7f3-46a4-967a-fbd9b9eb6bc3
958cad82-2605-4e8a-9a19-f442c4c610c3,"Marisol ""El Bombón"" Vargas",marisol-el-bomb-n-vargas,https://imgsrv-sxm-prod-device.streaming.siriusxm.com/eyJrZXkiOiJlbnRpdHktbWFuYWdlbWVudC9mYy9mY2E1ZDhiNGJlODc3NGRkYzk0NWYxMmRiYTAzMzFhZF8xNzAyMjI5NTc1OTMyLnBuZyIsImVkaXRzIjpbeyJmb3JtYXQiOnsidHlwZSI6ImpwZWcifX0seyJyZXNpemUiOnsid2lkdGgiOjYwMCwiaGVpZ2h0Ijo2MDB9fV19,https://www.siriusxm.com/player/talent/entity/958cad82-2605-4e8a-9a19-f442c4c610c3
85f6d312-333d-4585-a743-d9c418ec446a,Mark Dominik,mark-dominik,,https://www.siriusxm.com/player/talent/entity/85f6d312-333d-4585-a743-d9c418ec446a
58cdfc84-25c6-4361-86f3-9dde0207d528,Mark Goodman,mark-goodman,https://imgsrv-sxm-prod-device.streaming.siriusxm.com/eyJrZXkiOiJlbnRpdHktbWFuYWdlbWVudC9kNC9kNGZiYzg5YWQ3ZjkxZjIzMmJlZTcwNWY2OTk3OTY4Ml8xNzAyNTA2Mzg5MDk1LmpwZWciLCJlZGl0cyI6W3siZm9ybWF0Ijp7InR5cGUiOiJqcGVnIn19LHsicmVzaXplIjp7IndpZHRoIjo2MDAsImhlaWdodCI6NjAwfX1dfQ==,https://www.siriusxm.com/player/talent/entity/58cdfc84-25c6-4361-86f3-9dde0207d528
13f7c77b-1fa8-4aed-ba2b-e2b3b82cf77a,Mark Halperin,mark-halperin,https://imgsrv-sxm-prod-device.streaming.siriusxm.com/eyJrZXkiOiJlbnRpdHktbWFuYWdlbWVudC82Mi82MmQwZTk4MGYyOWMxMDdlZDdlMzhiNDdlNjI4NmNjZV8xNzUxMDQ4MzE2NTIyLmpwZWciLCJlZGl0cyI6W3siZm9ybWF0Ijp7InR5cGUiOiJqcGVnIn19LHsicmVzaXplIjp7IndpZHRoIjo2MDAsImhlaWdodCI6NjAwfX1dfQ==,https://www.siriusxm.com/player/talent/entity/13f7c77b-1fa8-4aed-ba2b-e2b3b82cf77a
ec8e3eb2-40bf-4068-8b1f-9d7906a86675,Mark Henry,mark-henry,https://imgsrv-sxm-prod-device.streaming.siriusxm.com/eyJrZXkiOiJlbnRpdHktbWFuYWdlbWVudC9jYi9jYjZkNGRhN2QzNGQwNmNlMmY1MzI5NmY4NTZkN2NhYl8xNzQxMDQzNzgzMTgzLnBuZyIsImVkaXRzIjpbeyJmb3JtYXQiOnsidHlwZSI6ImpwZWcifX0seyJyZXNpemUiOnsid2lkdGgiOjYwMCwiaGVpZ2h0Ijo2MDB9fV19,https://www.siriusxm.com/player/talent/entity/ec8e3eb2-40bf-4068-8b1f-9d7906a86675
29201d93-77a3-4f10-99a6-b5a44e3630ec,Mark Kermode,mark-kermode,,https://www.siriusxm.com/player/talent/entity/29201d93-77a3-4f10-99a6-b5a44e3630ec
a5caab89-3fd3-4774-b6eb-86787d847981,Mark Levin,mark-levin,,https://www.siriusxm.com/player/talent/entity/a5caab89-3fd3-4774-b6eb-86787d847981
d16ca91b-97ff-4fd0-8e1d-d3339c8dec66,Mark O'Connor,mark-oconnor,,https://www.siriusxm.com/player/talent/entity/d16ca91b-97ff-4fd0-8e1d-d3339c8dec66
21eb04f1-ee3d-438b-a179-ef743695c00e,Mark Ronson,mark-ronson,https://imgsrv-sxm-prod-device.streaming.siriusxm.com/eyJrZXkiOiJlbnRpdHktbWFuYWdlbWVudC80NC80NGY2ZWNjZDBiMTIzMzRjZWE3Yjk1MDFkMjU2OTA5NV8xNzAwNjIxNTY5MDc1LmpwZWciLCJlZGl0cyI6W3siZm9ybWF0Ijp7InR5cGUiOiJqcGVnIn19LHsicmVzaXplIjp7IndpZHRoIjo2MDAsImhlaWdodCI6NjAwfX1dfQ==,https://www.siriusxm.com/player/talent/entity/21eb04f1-ee3d-438b-a179-ef743695c00e
5e2c10fb-f0df-4676-a32e-5ac8dfe063fa,Mark Willis,mark-willis,,https://www.siriusxm.com/player/talent/entity/5e2c10fb-f0df-4676-a32e-5ac8dfe063fa
d1a37b86-a475-45ad-99f3-fdaf656502d5,Mark Zito,mark-zito,https://imgsrv-sxm-prod-device.streaming.siriusxm.com/eyJrZXkiOiJlbnRpdHktbWFuYWdlbWVudC85Ny85N2VlNjk0NDNiNGQ1ZjAzMDdlNTlmZmUxMWE1YTliMF8xNzQ5NzY2NTc5NjE3LmpwZWciLCJlZGl0cyI6W3siZm9ybWF0Ijp7InR5cGUiOiJqcGVnIn19LHsicmVzaXplIjp7IndpZHRoIjo2MDAsImhlaWdodCI6NjAwfX1dfQ==,https://www.siriusxm.com/player/talent/entity/d1a37b86-a475-45ad-99f3-fdaf656502d5
6eed3020-3671-4579-bafd-b521650f27c3,Marky Ramone,marky-ramone,https://imgsrv-sxm-prod-device.streaming.siriusxm.com/eyJrZXkiOiJlbnRpdHktbWFuYWdlbWVudC8xOC8xODgyNTA1ZDQ0MmQyM2RmNDI5ZDFmMzM0OWZkZmNmMV8xNzAyMzE2MzA0OTcwLnBuZyIsImVkaXRzIjpbeyJmb3JtYXQiOnsidHlwZSI6ImpwZWcifX0seyJyZXNpemUiOnsid2lkdGgiOjYwMCwiaGVpZ2h0Ijo2MDB9fV19,https://www.siriusxm.com/player/talent/entity/6eed3020-3671-4579-bafd-b521650f27c3
b617a8b0-758e-4b6d-908f-35066d5745fa,Marshawn Lynch,marshawn-lynch,https://imgsrv-sxm-prod-device.streaming.siriusxm.com/eyJrZXkiOiJpZi8yMS8yMTk3OWI4YmE1Y2QzYTkzYjcwYjQ2NjQyNzFkYzIwN18xNzU2ODQwNTQ4LmpwZyIsImVkaXRzIjpbeyJmb3JtYXQiOnsidHlwZSI6ImpwZWcifX0seyJyZXNpemUiOnsid2lkdGgiOjYwMCwiaGVpZ2h0Ijo2MDB9fV19,https://www.siriusxm.com/player/talent/entity/b617a8b0-758e-4b6d-908f-35066d5745fa
63eb6826-a25e-47c0-9e44-d769e12e642f,Marshmello,marshmello,,https://www.siriusxm.com/player/talent/entity/63eb6826-a25e-47c0-9e44-d769e12e642f
0c8cc8df-c310-4fc1-b991-ddb442a373d7,Martha Higareda,martha-higareda,https://imgsrv-sxm-prod-device.streaming.siriusxm.com/eyJrZXkiOiJlbnRpdHktbWFuYWdlbWVudC9jOC9jOGRmNWQ0OGI5MjZhOWM2OGZmNDcwZDhkNWU1N2IxYV8xNzQyMzIwMjc1MzkzLmpwZWciLCJlZGl0cyI6W3siZm9ybWF0Ijp7InR5cGUiOiJqcGVnIn19LHsicmVzaXplIjp7IndpZHRoIjo2MDAsImhlaWdodCI6NjAwfX1dfQ==,https://www.siriusxm.com/player/talent/entity/0c8cc8df-c310-4fc1-b991-ddb442a373d7
53f5361f-57aa-49ab-b18b-927333be57aa,Marty Smith,marty-smith,https://imgsrv-sxm-prod-device.streaming.siriusxm.com/eyJrZXkiOiJlbnRpdHktbWFuYWdlbWVudC9mMC9mMGVhYjJlZGI3YTk3YTU3YzgzMzRhMWI5MmM3Y2UwMF8xNzM5MzgwMDA2Nzc1LmpwZWciLCJlZGl0cyI6W3siZm9ybWF0Ijp7InR5cGUiOiJqcGVnIn19LHsicmVzaXplIjp7IndpZHRoIjo2MDAsImhlaWdodCI6NjAwfX1dfQ==,https://www.siriusxm.com/player/talent/entity/53f5361f-57aa-49ab-b18b-927333be57aa
99b36082-a76e-40a6-87f3-6d9097762e3b,Mary J. Blige,mary-j-blige,https://imgsrv-sxm-prod-device.streaming.siriusxm.com/eyJrZXkiOiJlbnRpdHktbWFuYWdlbWVudC9kOS9kOWE0ZWJmNzFkYWI0MWVlOWU1ZDlhNTVlMzQwZjA2Ml8xNzM4NzkzNDIxMTk5LmpwZWciLCJlZGl0cyI6W3siZm9ybWF0Ijp7InR5cGUiOiJqcGVnIn19LHsicmVzaXplIjp7IndpZHRoIjo2MDAsImhlaWdodCI6NjAwfX1dfQ==,https://www.siriusxm.com/player/talent/entity/99b36082-a76e-40a6-87f3-6d9097762e3b
483ca17b-67bd-4897-8c56-b93445886199,Mary Mack,mary-mack,,https://www.siriusxm.com/player/talent/entity/483ca17b-67bd-4897-8c56-b93445886199
19d1cda9-a759-4ede-a769-4ad78269872b,Mary Sue Twohy,mary-sue-twohy,,https://www.siriusxm.com/player/talent/entity/19d1cda9-a759-4ede-a769-4ad78269872b
617572a6-c9a1-4f39-84b0-9a48cd389d34,Mase,mase,,https://www.siriusxm.com/player/talent/entity/617572a6-c9a1-4f39-84b0-9a48cd389d34
33ad5cb8-e322-4802-aed2-b2bdfd54415f,Matt Besser,matt-besser,,https://www.siriusxm.com/player/talent/entity/33ad5cb8-e322-4802-aed2-b2bdfd54415f
a307b369-926a-44f4-a323-65163a7e68f1,Matt Gourley,matt-gourley,,https://www.siriusxm.com/player/talent/entity/a307b369-926a-44f4-a323-65163a7e68f1
219277bf-f510-405d-ad2f-d361a2813af9,Matt Mira,matt-mira,,https://www.siriusxm.com/player/talent/entity/219277bf-f510-405d-ad2f-d361a2813af9
13aecdec-d269-4a06-9f1a-23d911f888ae,Matt Nathanson,matt-nathanson,,https://www.siriusxm.com/player/talent/entity/13aecdec-d269-4a06-9f1a-23d911f888ae
8dc3e633-97fd-4a77-a82d-1d5390281893,Matt Rife,matt-rife,,https://www.siriusxm.com/player/talent/entity/8dc3e633-97fd-4a77-a82d-1d5390281893
f2f93ca0-b58c-4c3f-b533-8775ac006465,Matt Serra,matt-serra,,https://www.siriusxm.com/player/talent/entity/f2f93ca0-b58c-4c3f-b533-8775ac006465
0d035aa8-cc5a-43b2-a26d-5a957ad9d6ef,Matt Striker,matt-striker,,https://www.siriusxm.com/player/talent/entity/0d035aa8-cc5a-43b2-a26d-5a957ad9d6ef
672cfc18-7b2a-4983-8f45-482e75707fae,Matt Walsh,matt-walsh,,https://www.siriusxm.com/player/talent/entity/672cfc18-7b2a-4983-8f45-482e75707fae
e5dfff38-3242-447b-a782-ced0e0e8de1f,Matthew Berry,matthew-berry,,https://www.siriusxm.com/player/talent/entity/e5dfff38-3242-447b-a782-ced0e0e8de1f
beae1f52-dd20-4fdf-8625-76f61fb44c82,Matthew Mercer,matthew-mercer,,https://www.siriusxm.com/player/talent/entity/beae1f52-dd20-4fdf-8625-76f61fb44c82
c32fd89e-3cee-4839-9249-6aa2fae282af,Matthew Stafford (American football),matthew-stafford-american-football,,https://www.siriusxm.com/player/talent/entity/c32fd89e-3cee-4839-9249-6aa2fae282af
24c5ce11-c626-4406-89a5-37461aeeca64,Matthew West,matthew-west,https://imgsrv-sxm-prod-device.streaming.siriusxm.com/eyJrZXkiOiJlbnRpdHktbWFuYWdlbWVudC9mNi9mNjJmZmExNTk1MGQ0ZmE3ZTRkNDQ2OTdiMGQwZjc1NV8xNzA1MDEyMzk4NDE0LmpwZWciLCJlZGl0cyI6W3siZm9ybWF0Ijp7InR5cGUiOiJqcGVnIn19LHsicmVzaXplIjp7IndpZHRoIjo2MDAsImhlaWdodCI6NjAwfX1dfQ==,https://www.siriusxm.com/player/talent/entity/24c5ce11-c626-4406-89a5-37461aeeca64
14e9eb97-7439-4d5a-808f-e21be62f09f3,Maureen Callahan,maureen-callahan,https://imgsrv-sxm-prod-device.streaming.siriusxm.com/eyJrZXkiOiJlbnRpdHktbWFuYWdlbWVudC84ZC84ZDdhYjllODA1NWU3MzcxYTY1N2JhMTcxOGExMDNkMF8xNzUwOTY2NjU0Mjg0LmpwZWciLCJlZGl0cyI6W3siZm9ybWF0Ijp7InR5cGUiOiJqcGVnIn19LHsicmVzaXplIjp7IndpZHRoIjo2MDAsImhlaWdodCI6NjAwfX1dfQ==,https://www.siriusxm.com/player/talent/entity/14e9eb97-7439-4d5a-808f-e21be62f09f3
ec9c76e7-4eec-4f7b-abd2-a2f1585f2e67,Max Starks,max-starks,,https://www.siriusxm.com/player/talent/entity/ec9c76e7-4eec-4f7b-abd2-a2f1585f2e67
fe96a10d-d0a9-4bc8-844a-df4c5999813b,Mayim Bialik,mayim-bialik,,https://www.siriusxm.com/player/talent/entity/fe96a10d-d0a9-4bc8-844a-df4c5999813b
ef0c329a-c1e4-4bfe-a2dc-eda7b28d603f,Megan Mullally,megan-mullally,,https://www.siriusxm.com/player/talent/entity/ef0c329a-c1e4-4bfe-a2dc-eda7b28d603f
977c44a9-edd0-46e6-ab47-1c840cb25530,Meghan Trainor,meghan-trainor,https://imgsrv-sxm-prod-device.streaming.siriusxm.com/eyJrZXkiOiJlbnRpdHktbWFuYWdlbWVudC83My83M2U5NjMzMDQ3YTBkMDUyZjQyMzZmZTVkZGY3ZWEyM18xNzA0MzIzNjQ3OTcyLmpwZWciLCJlZGl0cyI6W3siZm9ybWF0Ijp7InR5cGUiOiJqcGVnIn19LHsicmVzaXplIjp7IndpZHRoIjo2MDAsImhlaWdodCI6NjAwfX1dfQ==,https://www.siriusxm.com/player/talent/entity/977c44a9-edd0-46e6-ab47-1c840cb25530
215fc1af-9508-44d0-a2ad-04192de652c2,Megless Griffin,megless-griffin,https://imgsrv-sxm-prod-device.streaming.siriusxm.com/eyJrZXkiOiJlbnRpdHktbWFuYWdlbWVudC8wYS8wYTQ2MzgyMWY1N2JiZWM0ZTcyYzU5ZGQyNTdhZDJhNF8xNzAyMjQwNTA4NDYwLnBuZyIsImVkaXRzIjpbeyJmb3JtYXQiOnsidHlwZSI6ImpwZWcifX0seyJyZXNpemUiOnsid2lkdGgiOjYwMCwiaGVpZ2h0Ijo2MDB9fV19,https://www.siriusxm.com/player/talent/entity/215fc1af-9508-44d0-a2ad-04192de652c2
1e51bb63-9b18-44bb-8ff4-f39963999dad,Megyn Kelly,megyn-kelly,https://imgsrv-sxm-prod-device.streaming.siriusxm.com/eyJrZXkiOiJlbnRpdHktbWFuYWdlbWVudC9jZC9jZGVmNGY4MTc3M2Q4MDhhNDA2MzA5ZjgwODI3YWU1Zl8xNzAyMDA5MzAzMzMxLnBuZyIsImVkaXRzIjpbeyJmb3JtYXQiOnsidHlwZSI6ImpwZWcifX0seyJyZXNpemUiOnsid2lkdGgiOjYwMCwiaGVpZ2h0Ijo2MDB9fV19,https://www.siriusxm.com/player/talent/entity/1e51bb63-9b18-44bb-8ff4-f39963999dad
d34f8a19-98fd-48c4-b76d-99e718859c30,Mel Robbins,mel-robbins,https://imgsrv-sxm-prod-device.streaming.siriusxm.com/eyJrZXkiOiJlbnRpdHktbWFuYWdlbWVudC9jYS9jYWQ1YzliZjBiNDg0MmIxYjg3NmEyZmM5MzhjZGNiZl8xNzM2NDU1MzE2NzY1LnBuZyIsImVkaXRzIjpbeyJmb3JtYXQiOnsidHlwZSI6ImpwZWcifX0seyJyZXNpemUiOnsid2lkdGgiOjYwMCwiaGVpZ2h0Ijo2MDB9fV19,https://www.siriusxm.com/player/talent/entity/d34f8a19-98fd-48c4-b76d-99e718859c30
e04bc626-6b05-4c27-8ab1-9648e056d478,Melissa Etheridge,melissa-etheridge,,https://www.siriusxm.com/player/talent/entity/e04bc626-6b05-4c27-8ab1-9648e056d478
dd8409a5-7202-4291-b47f-303fed8f8c2b,Melissa McCarthy,melissa-mccarthy,https://imgsrv-sxm-prod-device.streaming.siriusxm.com/eyJrZXkiOiJpZi9jNy9jNzg4YzU1NjVjZjkzYzhhODI5OWY0N2IyMTM4MmY2Zl8xNzU2ODQwNjQ1LmpwZyIsImVkaXRzIjpbeyJmb3JtYXQiOnsidHlwZSI6ImpwZWcifX0seyJyZXNpemUiOnsid2lkdGgiOjYwMCwiaGVpZ2h0Ijo2MDB9fV19,https://www.siriusxm.com/player/talent/entity/dd8409a5-7202-4291-b47f-303fed8f8c2b
46484b72-d97c-4cdc-9d61-0e70ab7fa616,Memphis Bleek,memphis-bleek,,https://www.siriusxm.com/player/talent/entity/46484b72-d97c-4cdc-9d61-0e70ab7fa616
2433504e-7e23-4278-9d43-81a3bac98d71,Merlin Mann,merlin-mann,,https://www.siriusxm.com/player/talent/entity/2433504e-7e23-4278-9d43-81a3bac98d71
31dbf862-0794-4acf-acb9-18a911a6cfc4,Metallica,metallica,https://imgsrv-sxm-prod-device.streaming.siriusxm.com/eyJrZXkiOiJlbnRpdHktbWFuYWdlbWVudC80MS80MTA1ZTY4MmQzMDgzYTY2NGZiODg1NzRjNmZjZmRjYl8xNzU2MTM3MDEwNzI0LmpwZWciLCJlZGl0cyI6W3siZm9ybWF0Ijp7InR5cGUiOiJqcGVnIn19LHsicmVzaXplIjp7IndpZHRoIjo2MDAsImhlaWdodCI6NjAwfX1dfQ==,https://www.siriusxm.com/player/talent/entity/31dbf862-0794-4acf-acb9-18a911a6cfc4
0abe5469-19eb-476d-bae4-261a7ab1e490,Method Man,method-man,https://imgsrv-sxm-prod-device.streaming.siriusxm.com/eyJrZXkiOiJlbnRpdHktbWFuYWdlbWVudC8zYy8zY2ViNjZhNzA1MTgyZDRkYTNkMDkyMTk4ODA5ZDg1ZF8xNzAwNjIxNDEzMDc3LmpwZWciLCJlZGl0cyI6W3siZm9ybWF0Ijp7InR5cGUiOiJqcGVnIn19LHsicmVzaXplIjp7IndpZHRoIjo2MDAsImhlaWdodCI6NjAwfX1dfQ==,https://www.siriusxm.com/player/talent/entity/0abe5469-19eb-476d-bae4-261a7ab1e490
6dd9f690-ef9a-4dbd-a069-615dcaa25f7f,Michael B,michael-b,,https://www.siriusxm.com/player/talent/entity/6dd9f690-ef9a-4dbd-a069-615dcaa25f7f
39114cc0-db0d-43fc-bb39-2793c68279d0,Michael Barbaro,michael-barbaro,,https://www.siriusxm.com/player/talent/entity/39114cc0-db0d-43fc-bb39-2793c68279d0
e491e4ad-27a0-4fa3-84d3-cf9c7f755961,Michael Bublé,michael-bubl,https://imgsrv-sxm-prod-device.streaming.siriusxm.com/eyJrZXkiOiJlbnRpdHktbWFuYWdlbWVudC8wMy8wMzc4MTMwNmE1OTNmZWIzMDA2NzNhNTgzNmQ1MzRhYV8xNzAwNjIxNDMyOTkyLmpwZWciLCJlZGl0cyI6W3siZm9ybWF0Ijp7InR5cGUiOiJqcGVnIn19LHsicmVzaXplIjp7IndpZHRoIjo2MDAsImhlaWdodCI6NjAwfX1dfQ==,https://www.siriusxm.com/player/talent/entity/e491e4ad-27a0-4fa3-84d3-cf9c7f755961
8b74ce98-5fe1-4c0b-adf2-d6d26da4a9bf,Michael Fabiano,michael-fabiano,,https://www.siriusxm.com/player/talent/entity/8b74ce98-5fe1-4c0b-adf2-d6d26da4a9bf
9d61a585-28fb-4a4b-9065-9cff30bced09,Michael Holley,michael-holley,,https://www.siriusxm.com/player/talent/entity/9d61a585-28fb-4a4b-9065-9cff30bced09
1317a8a3-2f32-406e-88b1-bdd680a23af5,Michael Ian Black,michael-ian-black,,https://www.siriusxm.com/player/talent/entity/1317a8a3-2f32-406e-88b1-bdd680a23af5
1a216e5f-89c1-4369-9915-e27eb08236cc,Michael Jackson,michael-jackson,,https://www.siriusxm.com/player/talent/entity/1a216e5f-89c1-4369-9915-e27eb08236cc
66e025f8-96cd-4ac1-88e7-3fcd2bfca944,Michael Knowles,michael-knowles,,https://www.siriusxm.com/player/talent/entity/66e025f8-96cd-4ac1-88e7-3fcd2bfca944
a56de98e-98a9-4ee3-95c3-cef8ca5b2188,Michael Lewis,michael-lewis,https://imgsrv-sxm-prod-device.streaming.siriusxm.com/eyJrZXkiOiJlbnRpdHktbWFuYWdlbWVudC80Yy80YzE2NWI2ZWZhOTQ3NGY2ODMxNDFmNGIzMzRiZDdkOV8xNzIyMjkzMTg4NTYwLmpwZWciLCJlZGl0cyI6W3siZm9ybWF0Ijp7InR5cGUiOiJqcGVnIn19LHsicmVzaXplIjp7IndpZHRoIjo2MDAsImhlaWdodCI6NjAwfX1dfQ==,https://www.siriusxm.com/player/talent/entity/a56de98e-98a9-4ee3-95c3-cef8ca5b2188
aa3c8db3-83ee-4644-a0a9-6db1df7ea05f,Michael Rapaport,michael-rapaport,,https://www.siriusxm.com/player/talent/entity/aa3c8db3-83ee-4644-a0a9-6db1df7ea05f
f8b286c7-7be7-473c-a0d0-09522433b8e3,Michael Rosenbaum,michael-rosenbaum,,https://www.siriusxm.com/player/talent/entity/f8b286c7-7be7-473c-a0d0-09522433b8e3
edd3dd88-1ff0-42e3-8718-b54ea835001d,Michael Smerconish,michael-smerconish,https://imgsrv-sxm-prod-device.streaming.siriusxm.com/eyJrZXkiOiJlbnRpdHktbWFuYWdlbWVudC82OC82OGE4MTYwM2E3OGJjNTJmMzJhYmViNGM2Yzk1MDgwNl8xNzAyMjIzNzczMjEyLnBuZyIsImVkaXRzIjpbeyJmb3JtYXQiOnsidHlwZSI6ImpwZWcifX0seyJyZXNpemUiOnsid2lkdGgiOjYwMCwiaGVpZ2h0Ijo2MDB9fV19,https://www.siriusxm.com/player/talent/entity/edd3dd88-1ff0-42e3-8718-b54ea835001d
31d868a7-0dc8-4668-8206-3d3ef8c0fed4,Michael Yo,michael-yo,,https://www.siriusxm.com/player/talent/entity/31d868a7-0dc8-4668-8206-3d3ef8c0fed4
8fe863fc-3155-443a-9bab-9db9b48a1dfa,Michelangelo Signorile,michelangelo-signorile,https://imgsrv-sxm-prod-device.streaming.siriusxm.com/eyJrZXkiOiJlbnRpdHktbWFuYWdlbWVudC82Mi82MmQ1ZmJiOTJlMjhmNDE0ODE5MWU4OWVkZmZiYTYwOV8xNzAyMzIyNTEwNDMzLmpwZWciLCJlZGl0cyI6W3siZm9ybWF0Ijp7InR5cGUiOiJqcGVnIn19LHsicmVzaXplIjp7IndpZHRoIjo2MDAsImhlaWdodCI6NjAwfX1dfQ==,https://www.siriusxm.com/player/talent/entity/8fe863fc-3155-443a-9bab-9db9b48a1dfa
80c6ed94-aa0e-4eea-903f-caca627b1cc9,Michelle Beadle,michelle-beadle,,https://www.siriusxm.com/player/talent/entity/80c6ed94-aa0e-4eea-903f-caca627b1cc9
dd2b06c2-842b-41ac-bf74-8ccf3bdc2a76,Michelle Buteau,michelle-buteau,,https://www.siriusxm.com/player/talent/entity/dd2b06c2-842b-41ac-bf74-8ccf3bdc2a76
158f24fc-c3d7-4c38-8653-0d9a7fae8995,Michelle Obama,michelle-obama,,https://www.siriusxm.com/player/talent/entity/158f24fc-c3d7-4c38-8653-0d9a7fae8995
db9f0d1a-c5eb-49e8-b9c6-903b44ff7a79,Michelle Williams,michelle-williams,,https://www.siriusxm.com/player/talent/entity/db9f0d1a-c5eb-49e8-b9c6-903b44ff7a79
436f44f2-5810-41e2-b59c-92cc28f7bbef,Miesha Tate,miesha-tate,,https://www.siriusxm.com/player/talent/entity/436f44f2-5810-41e2-b59c-92cc28f7bbef
f1c11cf3-238b-4e53-b53c-c05da645a8af,Mignon Fogarty,mignon-fogarty,,https://www.siriusxm.com/player/talent/entity/f1c11cf3-238b-4e53-b53c-c05da645a8af
1729aa27-b7cb-437a-8e31-bdf84ec04a8a,Mika Brzezinski,mika-brzezinski,,https://www.siriusxm.com/player/talent/entity/1729aa27-b7cb-437a-8e31-bdf84ec04a8a
7be60aa9-ebd8-4c63-b8e1-228fe47da08d,Mike Babchik,mike-babchik,https://imgsrv-sxm-prod-device.streaming.siriusxm.com/eyJrZXkiOiJlbnRpdHktbWFuYWdlbWVudC81Mi81MmU2Y2U3MWY2ZmY4N2ZjYTEyNjA0NTJlOTRlMjZhOF8xNzIwNzk2OTczMjU4LmpwZWciLCJlZGl0cyI6W3siZm9ybWF0Ijp7InR5cGUiOiJqcGVnIn19LHsicmVzaXplIjp7IndpZHRoIjo2MDAsImhlaWdodCI6NjAwfX1dfQ==,https://www.siriusxm.com/player/talent/entity/7be60aa9-ebd8-4c63-b8e1-228fe47da08d
2d901977-12e7-4985-9b96-ba28cb6c1813,Mike Bagley,mike-bagley,,https://www.siriusxm.com/player/talent/entity/2d901977-12e7-4985-9b96-ba28cb6c1813
ba1c7541-c769-4c37-ba5e-099faff8632e,Mike Birbiglia,mike-birbiglia,https://imgsrv-sxm-prod-device.streaming.siriusxm.com/eyJrZXkiOiJlbnRpdHktbWFuYWdlbWVudC8zYi8zYjcyODM4NDg5NTAyNWQyOGQ0MDdjZjM2ODMxZGMxY18xNzAxODE1NjExOTIwLmpwZWciLCJlZGl0cyI6W3siZm9ybWF0Ijp7InR5cGUiOiJqcGVnIn19LHsicmVzaXplIjp7IndpZHRoIjo2MDAsImhlaWdodCI6NjAwfX1dfQ==,https://www.siriusxm.com/player/talent/entity/ba1c7541-c769-4c37-ba5e-099faff8632e
c38ed3e0-0624-4992-ade9-f4a0133e3008,Mike Campbell,mike-campbell,https://imgsrv-sxm-prod-device.streaming.siriusxm.com/eyJrZXkiOiJpZi8wNi8wNmU3NDEyNjYxOTQzYTRiOTY4ZWM5NjNiZGRhYWFmZl8xNzU2ODQwMzY3LmpwZyIsImVkaXRzIjpbeyJmb3JtYXQiOnsidHlwZSI6ImpwZWcifX0seyJyZXNpemUiOnsid2lkdGgiOjYwMCwiaGVpZ2h0Ijo2MDB9fV19,https://www.siriusxm.com/player/talent/entity/c38ed3e0-0624-4992-ade9-f4a0133e3008
94d3d43f-c608-4826-8a74-3385cd311c53,Mike Duncan,mike-duncan,,https://www.siriusxm.com/player/talent/entity/94d3d43f-c608-4826-8a74-3385cd311c53
4cc371ba-9963-4531-b3b1-19c59c99dc48,Mike Florio,mike-florio,,https://www.siriusxm.com/player/talent/entity/4cc371ba-9963-4531-b3b1-19c59c99dc48
e9b0672c-66eb-4d02-9d51-047e44a812af,Mike Krzyzewski,mike-krzyzewski,,https://www.siriusxm.com/player/talent/entity/e9b0672c-66eb-4d02-9d51-047e44a812af
316dbc64-d6a6-4fcb-8f47-7719571e18ff,Mike Love,mike-love,,https://www.siriusxm.com/player/talent/entity/316dbc64-d6a6-4fcb-8f47-7719571e18ff
c0beb142-2a06-4e7a-9e2d-32a27775051f,Mike Pesca,mike-pesca,,https://www.siriusxm.com/player/talent/entity/c0beb142-2a06-4e7a-9e2d-32a27775051f
8b014677-25c7-4edc-be6b-3eec44bed44c,Mike Rowe,mike-rowe,,https://www.siriusxm.com/player/talent/entity/8b014677-25c7-4edc-be6b-3eec44bed44c
1c51633a-2c22-485c-ad95-bafc949238c8,Mike Sweeney,mike-sweeney,,https://www.siriusxm.com/player/talent/entity/1c51633a-2c22-485c-ad95-bafc949238c8
4c56e455-ce54-4944-8249-764cb5132e54,Mike Tyson,mike-tyson,https://imgsrv-sxm-prod-device.streaming.siriusxm.com/eyJrZXkiOiJpZi84NC84NGFmMjMyYzk4ZWEzOGEzOGU4ZjQ3OWNlMTY5MDExNV8xNzU2ODQwNTYzLmpwZyIsImVkaXRzIjpbeyJmb3JtYXQiOnsidHlwZSI6ImpwZWcifX0seyJyZXNpemUiOnsid2lkdGgiOjYwMCwiaGVpZ2h0Ijo2MDB9fV19,https://www.siriusxm.com/player/talent/entity/4c56e455-ce54-4944-8249-764cb5132e54
76396ddc-04a8-4e5f-94c0-89dbdd0ba574,Mikey Piff,mikey-piff,https://imgsrv-sxm-prod-device.streaming.siriusxm.com/eyJrZXkiOiJlbnRpdHktbWFuYWdlbWVudC8xMi8xMjI2NjI4YTE1YjVlNTg1OTI3NDZkZTc3ZDY1NjBmNl8xNzQ0MjE2MDc5ODAyLmpwZWciLCJlZGl0cyI6W3siZm9ybWF0Ijp7InR5cGUiOiJqcGVnIn19LHsicmVzaXplIjp7IndpZHRoIjo2MDAsImhlaWdodCI6NjAwfX1dfQ==,https://www.siriusxm.com/player/talent/entity/76396ddc-04a8-4e5f-94c0-89dbdd0ba574
27158217-f487-4931-b566-384c1f05d26d,Mina Kimes,mina-kimes,,https://www.siriusxm.com/player/talent/entity/27158217-f487-4931-b566-384c1f05d26d
49c48b39-ea4e-4af6-8b14-042760ad346f,Mina SayWhat,mina-saywhat,https://imgsrv-sxm-prod-device.streaming.siriusxm.com/eyJrZXkiOiJlbnRpdHktbWFuYWdlbWVudC9kYS9kYTVhYjc1Y2Q0ZWM3ZjZiMGQ0NmJiM2VjZDUwN2JiOF8xNzAyMjI5NzExMTEwLnBuZyIsImVkaXRzIjpbeyJmb3JtYXQiOnsidHlwZSI6ImpwZWcifX0seyJyZXNpemUiOnsid2lkdGgiOjYwMCwiaGVpZ2h0Ijo2MDB9fV19,https://www.siriusxm.com/player/talent/entity/49c48b39-ea4e-4af6-8b14-042760ad346f
e7049ede-b71e-42f5-82ed-f64a67550342,Mindy,mindy,https://imgsrv-sxm-prod-device.streaming.siriusxm.com/eyJrZXkiOiJlbnRpdHktbWFuYWdlbWVudC8wZC8wZDUxZTJkMWU1Y2E2ZTdmZmU1ZTJmYzAyNjI5OWJmZl8xNzQwNTEwODY0ODkwLmpwZWciLCJlZGl0cyI6W3siZm9ybWF0Ijp7InR5cGUiOiJqcGVnIn19LHsicmVzaXplIjp7IndpZHRoIjo2MDAsImhlaWdodCI6NjAwfX1dfQ==,https://www.siriusxm.com/player/talent/entity/e7049ede-b71e-42f5-82ed-f64a67550342
8b2aa2f4-f572-4504-9db0-936e4588a854,Misha Collins,misha-collins,,https://www.siriusxm.com/player/talent/entity/8b2aa2f4-f572-4504-9db0-936e4588a854
28906609-cd8b-4092-aac8-4f87cefea3d9,Mitchell Whitfield,mitchell-whitfield,,https://www.siriusxm.com/player/talent/entity/28906609-cd8b-4092-aac8-4f87cefea3d9
5f808812-78ff-42d7-878f-3b0d360fc42f,Mo Rocca,mo-rocca,,https://www.siriusxm.com/player/talent/entity/5f808812-78ff-42d7-878f-3b0d360fc42f
2c596a47-de16-4038-8e15-ceac438c99f8,Moby,moby,,https://www.siriusxm.com/player/talent/entity/2c596a47-de16-4038-8e15-ceac438c99f8
ad507585-3f93-4945-8e62-6da3bbc8d215,Mojo Nixon,mojo-nixon,,https://www.siriusxm.com/player/talent/entity/ad507585-3f93-4945-8e62-6da3bbc8d215
1708c2b9-cd92-43ab-b775-c47a5bdad49a,Monica Lewinsky,monica-lewinsky,,https://www.siriusxm.com/player/talent/entity/1708c2b9-cd92-43ab-b775-c47a5bdad49a
a221b7fc-740b-4101-817f-a495451f3642,Montaine,montaine,https://imgsrv-sxm-prod-device.streaming.siriusxm.com/eyJrZXkiOiJlbnRpdHktbWFuYWdlbWVudC9hMi9hMmFlODM1YzQzNzllZmViNDFjNGIxYjY4NTcwZWE0Ml8xNzM5MjAwNTU2NjgxLmpwZWciLCJlZGl0cyI6W3siZm9ybWF0Ijp7InR5cGUiOiJqcGVnIn19LHsicmVzaXplIjp7IndpZHRoIjo2MDAsImhlaWdodCI6NjAwfX1dfQ==,https://www.siriusxm.com/player/talent/entity/a221b7fc-740b-4101-817f-a495451f3642
476a1613-bd7d-4f4f-846b-a3ca017fe0a9,Morgan Wallen,morgan-wallen,https://imgsrv-sxm-prod-device.streaming.siriusxm.com/eyJrZXkiOiJlbnRpdHktbWFuYWdlbWVudC9jYy9jYzRhOTE5MmYzOWQzNmZiNzJjYjZlNDBkYWIwMTgzN18xNzAxODI0MDA1MDQ0LmpwZWciLCJlZGl0cyI6W3siZm9ybWF0Ijp7InR5cGUiOiJqcGVnIn19LHsicmVzaXplIjp7IndpZHRoIjo2MDAsImhlaWdodCI6NjAwfX1dfQ==,https://www.siriusxm.com/player/talent/entity/476a1613-bd7d-4f4f-846b-a3ca017fe0a9
7804ae9e-2188-40be-86de-92f54f5f5a0f,Morning Mash Up,morning-mash-up,https://imgsrv-sxm-prod-device.streaming.siriusxm.com/eyJrZXkiOiJlbnRpdHktbWFuYWdlbWVudC9mMy9mM2RmODZmNTlkZjBjOTEzZDY5ODc5YjE5ZTljZTYxZl8xNzA4MDMwNDY2ODQyLnBuZyIsImVkaXRzIjpbeyJmb3JtYXQiOnsidHlwZSI6ImpwZWcifX0seyJyZXNpemUiOnsid2lkdGgiOjYwMCwiaGVpZ2h0Ijo2MDB9fV19,https://www.siriusxm.com/player/talent/entity/7804ae9e-2188-40be-86de-92f54f5f5a0f
fb721169-cf5a-41bf-949f-33c14d2ffa69,My Morning Jacket,my-morning-jacket,https://imgsrv-sxm-prod-device.streaming.siriusxm.com/eyJrZXkiOiJlbnRpdHktbWFuYWdlbWVudC82ZC82ZDY4OWQ0ZDk2NDQzNGZhMzVkYWI4NzJlNjBlZjNmN18xNzAwNjIyOTg1OTA4LmpwZWciLCJlZGl0cyI6W3siZm9ybWF0Ijp7InR5cGUiOiJqcGVnIn19LHsicmVzaXplIjp7IndpZHRoIjo2MDAsImhlaWdodCI6NjAwfX1dfQ==,https://www.siriusxm.com/player/talent/entity/fb721169-cf5a-41bf-949f-33c14d2ffa69
d77a780e-77a1-4a1c-a2a1-9e76aa3d4853,Myles Turner,myles-turner,,https://www.siriusxm.com/player/talent/entity/d77a780e-77a1-4a1c-a2a1-9e76aa3d4853
1e9b050f-6989-4afe-88fd-3829597ee32c,Måneskin,m-neskin,,https://www.siriusxm.com/player/talent/entity/1e9b050f-6989-4afe-88fd-3829597ee32c
a0d2f731-f500-4b2c-8f24-89da7db2832d,N.O.R.E.,n-o-r-e,,https://www.siriusxm.com/player/talent/entity/a0d2f731-f500-4b2c-8f24-89da7db2832d
bd106ed4-c85f-40e4-ac1f-31351bc0aa9f,Nancy Grace,nancy-grace,,https://www.siriusxm.com/player/talent/entity/bd106ed4-c85f-40e4-ac1f-31351bc0aa9f
517c6c46-c03e-4cc3-ade7-d4cecbcd0208,Nas,nas,,https://www.siriusxm.com/player/talent/entity/517c6c46-c03e-4cc3-ade7-d4cecbcd0208
82078c22-33f8-4df3-9a0a-188869ad94a3,Nate Silver,nate-silver,,https://www.siriusxm.com/player/talent/entity/82078c22-33f8-4df3-9a0a-188869ad94a3
bd923964-afad-40ba-ab82-db57d833eb73,Nathaniel Rateliff,nathaniel-rateliff,https://imgsrv-sxm-prod-device.streaming.siriusxm.com/eyJrZXkiOiJlbnRpdHktbWFuYWdlbWVudC8yMi8yMjc1OTBjNTgwYWU4NmRhZjZlMmExNDVkMTFhNTlhNF8xNzAyMjI1ODk4NjE5LnBuZyIsImVkaXRzIjpbeyJmb3JtYXQiOnsidHlwZSI6ImpwZWcifX0seyJyZXNpemUiOnsid2lkdGgiOjYwMCwiaGVpZ2h0Ijo2MDB9fV19,https://www.siriusxm.com/player/talent/entity/bd923964-afad-40ba-ab82-db57d833eb73
a6a20c29-2f93-436b-aa41-ce34ad4e16f1,Nathaniel Rateliff & The Night Sweats,nathaniel-rateliff-the-night-sweats,,https://www.siriusxm.com/player/talent/entity/a6a20c29-2f93-436b-aa41-ce34ad4e16f1
8359e07f-dc79-490b-8b42-e81350b497f5,Ne-Yo,ne-yo,https://imgsrv-sxm-prod-device.streaming.siriusxm.com/eyJrZXkiOiJlbnRpdHktbWFuYWdlbWVudC9hZC9hZGFlNjcyZmY1Mjg2MTE1OTZiYWI1NDIzMTczZWIzYl8xNzA0MzIzODg5NDE1LmpwZWciLCJlZGl0cyI6W3siZm9ybWF0Ijp7InR5cGUiOiJqcGVnIn19LHsicmVzaXplIjp7IndpZHRoIjo2MDAsImhlaWdodCI6NjAwfX1dfQ==,https://www.siriusxm.com/player/talent/entity/8359e07f-dc79-490b-8b42-e81350b497f5
3a4aade9-99db-4b2f-80e6-d0cfe8ef9b35,Neal Brennan,neal-brennan,,https://www.siriusxm.com/player/talent/entity/3a4aade9-99db-4b2f-80e6-d0cfe8ef9b35
935982dc-fbd7-4896-8c04-8593e073e371,Neil Barnett,neil-barnett,,https://www.siriusxm.com/player/talent/entity/935982dc-fbd7-4896-8c04-8593e073e371
de372321-84e2-4506-a55d-2704bbf56f85,Neil Young,neil-young,,https://www.siriusxm.com/player/talent/entity/de372321-84e2-4506-a55d-2704bbf56f85
592ba2b8-c932-4014-a3c4-0e2b4e41df53,Neil deGrasse Tyson,neil-degrasse-tyson,https://imgsrv-sxm-prod-device.streaming.siriusxm.com/eyJrZXkiOiJlbnRpdHktbWFuYWdlbWVudC9lNS9lNTFmMDk5OGRlZWViNTViNzY4MzgzZmM3NmIwNzgzY18xNzIyNTQ2MzI0NzQ5LmpwZWciLCJlZGl0cyI6W3siZm9ybWF0Ijp7InR5cGUiOiJqcGVnIn19LHsicmVzaXplIjp7IndpZHRoIjo2MDAsImhlaWdodCI6NjAwfX1dfQ==,https://www.siriusxm.com/player/talent/entity/592ba2b8-c932-4014-a3c4-0e2b4e41df53
5624be1c-1869-4898-a117-1725493dc478,Nephew Tommy,nephew-tommy,,https://www.siriusxm.com/player/talent/entity/5624be1c-1869-4898-a117-1725493dc478
15177a43-9836-4af4-bbdc-e08203bf3823,Newt Gingrich,newt-gingrich,,https://www.siriusxm.com/player/talent/entity/15177a43-9836-4af4-bbdc-e08203bf3823
a031396f-37e6-43a3-94a2-40ecf40fb0f7,Nicholas Hoult,nicholas-hoult,https://imgsrv-sxm-prod-device.streaming.siriusxm.com/eyJrZXkiOiJpZi83YS83YTBjMzVkMzU5MzkzZTQ2YjRmMmI0ZTU2M2IzMjUyMl8xNzU2ODQwMzc1LmpwZyIsImVkaXRzIjpbeyJmb3JtYXQiOnsidHlwZSI6ImpwZWcifX0seyJyZXNpemUiOnsid2lkdGgiOjYwMCwiaGVpZ2h0Ijo2MDB9fV19,https://www.siriusxm.com/player/talent/entity/a031396f-37e6-43a3-94a2-40ecf40fb0f7
f3049685-5f7b-4b9a-9d19-b9e63cb0adf8,Nick Lachey,nick-lachey,,https://www.siriusxm.com/player/talent/entity/f3049685-5f7b-4b9a-9d19-b9e63cb0adf8
673b0a79-ff98-4803-a969-a8b010d83883,Nick Offerman,nick-offerman,,https://www.siriusxm.com/player/talent/entity/673b0a79-ff98-4803-a969-a8b010d83883
b57ad009-2579-4095-ae30-4ab04ef9933d,Nick Wright,nick-wright,,https://www.siriusxm.com/player/talent/entity/b57ad009-2579-4095-ae30-4ab04ef9933d
6983bdb1-003a-4aae-a304-bd5fac212bfa,Nicole Byer,nicole-byer,,https://www.siriusxm.com/player/talent/entity/6983bdb1-003a-4aae-a304-bd5fac212bfa
30933ec6-d26c-4dd4-9a59-14906cdc7d35,Nicole Ryan,nicole-ryan,https://imgsrv-sxm-prod-device.streaming.siriusxm.com/eyJrZXkiOiJlbnRpdHktbWFuYWdlbWVudC9iYi9iYjZmYTE3ZjQwMGIyMzk2OWQxY2VmMmI4MDlhZTFkNV8xNzAyMjY3NjI2MDgwLmpwZWciLCJlZGl0cyI6W3siZm9ybWF0Ijp7InR5cGUiOiJqcGVnIn19LHsicmVzaXplIjp7IndpZHRoIjo2MDAsImhlaWdodCI6NjAwfX1dfQ==,https://www.siriusxm.com/player/talent/entity/30933ec6-d26c-4dd4-9a59-14906cdc7d35
e2553cd3-bfb7-4a51-85ff-cd33d2ca6798,Nicole Scherzinger,nicole-scherzinger,,https://www.siriusxm.com/player/talent/entity/e2553cd3-bfb7-4a51-85ff-cd33d2ca6798
fda9f9f6-6ee4-46ce-8f1b-ca078742311c,Nicolle Wallace,nicolle-wallace,,https://www.siriusxm.com/player/talent/entity/fda9f9f6-6ee4-46ce-8f1b-ca078742311c
9c25bf94-bc00-4ce1-9ef3-f0e31f58a2e4,Niecy Nash,niecy-nash,https://imgsrv-sxm-prod-device.streaming.siriusxm.com/eyJrZXkiOiJpZi81OC81ODhlMGY3YjQ5Y2QzMDgxYTM0NTUyZmZkYzcwOTVlY18xNzU2ODQwNTU4LmpwZyIsImVkaXRzIjpbeyJmb3JtYXQiOnsidHlwZSI6ImpwZWcifX0seyJyZXNpemUiOnsid2lkdGgiOjYwMCwiaGVpZ2h0Ijo2MDB9fV19,https://www.siriusxm.com/player/talent/entity/9c25bf94-bc00-4ce1-9ef3-f0e31f58a2e4
4a3f8765-4b92-44d9-9068-67e86783064a,Nikki Glaser,nikki-glaser,https://imgsrv-sxm-prod-device.streaming.siriusxm.com/eyJrZXkiOiJpZi83OC83OGE5MmI3MTIyZTAzMTVjODQ3MmE2YThmNWJkY2Q0YV8xNzU2ODQwNjkzLmpwZyIsImVkaXRzIjpbeyJmb3JtYXQiOnsidHlwZSI6ImpwZWcifX0seyJyZXNpemUiOnsid2lkdGgiOjYwMCwiaGVpZ2h0Ijo2MDB9fV19,https://www.siriusxm.com/player/talent/entity/4a3f8765-4b92-44d9-9068-67e86783064a
cae2e5c6-7c0d-43be-9b81-bd28d75e4dd5,Nikki Haley,nikki-haley,,https://www.siriusxm.com/player/talent/entity/cae2e5c6-7c0d-43be-9b81-bd28d75e4dd5
a9a56e49-4082-4286-b49e-7bdb2e0137a3,Nikole Hannah-Jones,nikole-hannah-jones,,https://www.siriusxm.com/player/talent/entity/a9a56e49-4082-4286-b49e-7bdb2e0137a3
5dd6b1d9-99cb-485a-be51-f7236a260ffc,Nina Blackwood,nina-blackwood,https://imgsrv-sxm-prod-device.streaming.siriusxm.com/eyJrZXkiOiJlbnRpdHktbWFuYWdlbWVudC8xMy8xM2QzNTNkYzg1MTk0MGQ0YWUzNGVlOTA4NzFkOTFmNV8xNzAyNTAwNDA1MDY3LmpwZWciLCJlZGl0cyI6W3siZm9ybWF0Ijp7InR5cGUiOiJqcGVnIn19LHsicmVzaXplIjp7IndpZHRoIjo2MDAsImhlaWdodCI6NjAwfX1dfQ==,https://www.siriusxm.com/player/talent/entity/5dd6b1d9-99cb-485a-be51-f7236a260ffc
d7778e23-d3a5-46e0-9680-6b330065d58a,Noah Kahan,noah-kahan,https://imgsrv-sxm-prod-device.streaming.siriusxm.com/eyJrZXkiOiJlbnRpdHktbWFuYWdlbWVudC84YS84YWYzMzc4MTlmOGIzOTFmMDIzNmU2MzAzOWViYWQxMF8xNzA0MzIzNzgwMDc0LmpwZWciLCJlZGl0cyI6W3siZm9ybWF0Ijp7InR5cGUiOiJqcGVnIn19LHsicmVzaXplIjp7IndpZHRoIjo2MDAsImhlaWdodCI6NjAwfX1dfQ==,https://www.siriusxm.com/player/talent/entity/d7778e23-d3a5-46e0-9680-6b330065d58a
1726c332-3352-4947-86e4-176dcd207630,Noel Gallagher,noel-gallagher,,https://www.siriusxm.com/player/talent/entity/1726c332-3352-4947-86e4-176dcd207630
468c195d-2e29-4d5d-93d3-268cb69736cc,Noel King,noel-king,,https://www.siriusxm.com/player/talent/entity/468c195d-2e29-4d5d-93d3-268cb69736cc
09e2e360-64f0-4ccf-9251-94da2d6fbdb0,Norah Jones,norah-jones,,https://www.siriusxm.com/player/talent/entity/09e2e360-64f0-4ccf-9251-94da2d6fbdb0
96654df3-fc45-4f2d-9dc4-929d97be3d0b,Octavia Spencer,octavia-spencer,https://imgsrv-sxm-prod-device.streaming.siriusxm.com/eyJrZXkiOiJpZi81ZC81ZGJkNjMxNDBkNzUzNTA5YmZmMTVkNWJkZGE2ZTBjMF8xNzU2ODQwNDU1LmpwZyIsImVkaXRzIjpbeyJmb3JtYXQiOnsidHlwZSI6ImpwZWcifX0seyJyZXNpemUiOnsid2lkdGgiOjYwMCwiaGVpZ2h0Ijo2MDB9fV19,https://www.siriusxm.com/player/talent/entity/96654df3-fc45-4f2d-9dc4-929d97be3d0b
e88572e7-0260-4b06-9baa-e50c46f5dc25,Oprah Winfrey,oprah-winfrey,,https://www.siriusxm.com/player/talent/entity/e88572e7-0260-4b06-9baa-e50c46f5dc25
8967374a-6ad6-4f10-97ac-214586fa3b3d,Owen Thiele,owen-thiele,https://imgsrv-sxm-prod-device.streaming.siriusxm.com/eyJrZXkiOiJlbnRpdHktbWFuYWdlbWVudC83ZS83ZTgzNzM5MmRhYjJlZDc5YTQ5MjZiZDBkMzkyNzMxZF8xNzI3NzE4NTg5MzU4LmpwZWciLCJlZGl0cyI6W3siZm9ybWF0Ijp7InR5cGUiOiJqcGVnIn19LHsicmVzaXplIjp7IndpZHRoIjo2MDAsImhlaWdodCI6NjAwfX1dfQ==,https://www.siriusxm.com/player/talent/entity/8967374a-6ad6-4f10-97ac-214586fa3b3d
e6d3162e-a5cc-4b1c-bba1-3781c78634e7,Ozuna,ozuna,https://imgsrv-sxm-prod-device.streaming.siriusxm.com/eyJrZXkiOiJlbnRpdHktbWFuYWdlbWVudC80Ni80NjllOTkyODA0MWVkOWUwNzZmYTY2Yzg0NDVlYWNkY18xNzA0MzIzNzg2OTkxLmpwZWciLCJlZGl0cyI6W3siZm9ybWF0Ijp7InR5cGUiOiJqcGVnIn19LHsicmVzaXplIjp7IndpZHRoIjo2MDAsImhlaWdodCI6NjAwfX1dfQ==,https://www.siriusxm.com/player/talent/entity/e6d3162e-a5cc-4b1c-bba1-3781c78634e7
d434d92a-61b6-471c-8fb2-f82af6d59afd,Ozzy Osbourne,ozzy-osbourne,https://imgsrv-sxm-prod-device.streaming.siriusxm.com/eyJrZXkiOiJlbnRpdHktbWFuYWdlbWVudC84YS84YWIzMzVjOTE4MDc3YTU1ZmJkZDFkMmM3NTExN2Q1MV8xNzAyMzE2NTMzNTQ4LnBuZyIsImVkaXRzIjpbeyJmb3JtYXQiOnsidHlwZSI6ImpwZWcifX0seyJyZXNpemUiOnsid2lkdGgiOjYwMCwiaGVpZ2h0Ijo2MDB9fV19,https://www.siriusxm.com/player/talent/entity/d434d92a-61b6-471c-8fb2-f82af6d59afd
32310951-bd52-4ac4-9350-a1f211e09780,Pam Tillis,pam-tillis,,https://www.siriusxm.com/player/talent/entity/32310951-bd52-4ac4-9350-a1f211e09780
7c984543-32d6-4589-9844-ae04a7090b27,Pamela Anderson,pamela-anderson,https://imgsrv-sxm-prod-device.streaming.siriusxm.com/eyJrZXkiOiJlbnRpdHktbWFuYWdlbWVudC80NS80NWM1YzRkMjBmYjdjYTEzMDg0ZjFiZWIzN2EyZTUyNF8xNzM2MjY2NzQ0MzY4LmpwZWciLCJlZGl0cyI6W3siZm9ybWF0Ijp7InR5cGUiOiJqcGVnIn19LHsicmVzaXplIjp7IndpZHRoIjo2MDAsImhlaWdodCI6NjAwfX1dfQ==,https://www.siriusxm.com/player/talent/entity/7c984543-32d6-4589-9844-ae04a7090b27
bb6f09fc-b980-4378-8b69-3417a68133a3,Paris Hilton,paris-hilton,,https://www.siriusxm.com/player/talent/entity/bb6f09fc-b980-4378-8b69-3417a68133a3
27217f41-04bd-4588-8a32-84d39446f506,Parker Posey,parker-posey,https://imgsrv-sxm-prod-device.streaming.siriusxm.com/eyJrZXkiOiJlbnRpdHktbWFuYWdlbWVudC81Yi81Yjk2Nzk4YmZiMTc1MWFlNGJlYWZlNGQ0OWQwOWE0OV8xNzQ4ODg5MjI0NTA2LmpwZWciLCJlZGl0cyI6W3siZm9ybWF0Ijp7InR5cGUiOiJqcGVnIn19LHsicmVzaXplIjp7IndpZHRoIjo2MDAsImhlaWdodCI6NjAwfX1dfQ==,https://www.siriusxm.com/player/talent/entity/27217f41-04bd-4588-8a32-84d39446f506
d5edcc5a-edf7-4d24-ab1a-146b96ad7455,Pat Boone,pat-boone,,https://www.siriusxm.com/player/talent/entity/d5edcc5a-edf7-4d24-ab1a-146b96ad7455
69502de6-9ab3-43a2-93f4-4cd2fd8977c9,Pat Kirwan,pat-kirwan,,https://www.siriusxm.com/player/talent/entity/69502de6-9ab3-43a2-93f4-4cd2fd8977c9
57894bb7-5837-4234-89a6-4b55ef0b37b6,Pat McAfee,pat-mcafee,,https://www.siriusxm.com/player/talent/entity/57894bb7-5837-4234-89a6-4b55ef0b37b6
10b7b6b9-8641-48c0-82df-5f89264dbbf4,Pat Perez,pat-perez,,https://www.siriusxm.com/player/talent/entity/10b7b6b9-8641-48c0-82df-5f89264dbbf4
d6a0db0e-479b-48b6-b3e8-6b9f7133cce1,Patrick J. Adams,patrick-j-adams,https://imgsrv-sxm-prod-device.streaming.siriusxm.com/eyJrZXkiOiJpZi8zNC8zNDRhYzAyZmJkZmQzMzgyOTNjMzNhZDUzMzkxMThmN18xNzU2ODQwNjQ5LmpwZyIsImVkaXRzIjpbeyJmb3JtYXQiOnsidHlwZSI6ImpwZWcifX0seyJyZXNpemUiOnsid2lkdGgiOjYwMCwiaGVpZ2h0Ijo2MDB9fV19,https://www.siriusxm.com/player/talent/entity/d6a0db0e-479b-48b6-b3e8-6b9f7133cce1
ac13af4c-a689-45ad-80a6-8b616e3ba1fa,Patti Austin,patti-austin,,https://www.siriusxm.com/player/talent/entity/ac13af4c-a689-45ad-80a6-8b616e3ba1fa
f813d43f-090b-4832-809b-9173787cd060,Patton Oswalt,patton-oswalt,https://imgsrv-sxm-prod-device.streaming.siriusxm.com/eyJrZXkiOiJlbnRpdHktbWFuYWdlbWVudC81Zi81ZmFlOWM5NGJhNmQ2MGVjZTI1NjdhN2Y5NmJmYTU5M18xNzQ4MDIxMjkzMzkwLmpwZWciLCJlZGl0cyI6W3siZm9ybWF0Ijp7InR5cGUiOiJqcGVnIn19LHsicmVzaXplIjp7IndpZHRoIjo2MDAsImhlaWdodCI6NjAwfX1dfQ==,https://www.siriusxm.com/player/talent/entity/f813d43f-090b-4832-809b-9173787cd060
30bf5de1-df51-4181-931e-65d9934bf41e,Patton Oswalt,patton-oswalt,,https://www.siriusxm.com/player/talent/entity/30bf5de1-df51-4181-931e-65d9934bf41e
ac4b202c-9055-4905-8e16-fc572330c68b,Paul Anka,paul-anka,https://imgsrv-sxm-prod-device.streaming.siriusxm.com/eyJrZXkiOiJlbnRpdHktbWFuYWdlbWVudC9mYy9mYzQ0NGFkZGZlMTg0MmQ1NjBlNzMzNzRjZGI5NmNkYl8xNzAwNjIyNDY3Mjc2LmpwZWciLCJlZGl0cyI6W3siZm9ybWF0Ijp7InR5cGUiOiJqcGVnIn19LHsicmVzaXplIjp7IndpZHRoIjo2MDAsImhlaWdodCI6NjAwfX1dfQ==,https://www.siriusxm.com/player/talent/entity/ac4b202c-9055-4905-8e16-fc572330c68b
894f2664-b7e4-4d28-b1a9-8d32f809bc2f,Paul Bachmann,paul-bachmann,https://imgsrv-sxm-prod-device.streaming.siriusxm.com/eyJrZXkiOiJlbnRpdHktbWFuYWdlbWVudC8wNy8wNzQ2NTdjZDc4Mzk3MDQ1ZjVhY2YxOTk2ZWZkMmQ0Zl8xNzQyODI5MTU5MzkyLmpwZWciLCJlZGl0cyI6W3siZm9ybWF0Ijp7InR5cGUiOiJqcGVnIn19LHsicmVzaXplIjp7IndpZHRoIjo2MDAsImhlaWdodCI6NjAwfX1dfQ==,https://www.siriusxm.com/player/talent/entity/894f2664-b7e4-4d28-b1a9-8d32f809bc2f
d9a58eca-0f41-485c-8605-17e1fb947c94,Paul F. Tompkins,paul-f-tompkins,,https://www.siriusxm.com/player/talent/entity/d9a58eca-0f41-485c-8605-17e1fb947c94
31a480c9-ae4f-48cc-9cdf-526743f9ec98,Paul F. Tompkins,paul-f-tompkins,,https://www.siriusxm.com/player/talent/entity/31a480c9-ae4f-48cc-9cdf-526743f9ec98
1d9054b1-3447-4da9-86f0-270347f2bce7,Paul Finebaum,paul-finebaum,,https://www.siriusxm.com/player/talent/entity/1d9054b1-3447-4da9-86f0-270347f2bce7
fef90617-3cdc-4765-93fa-d6eecdd58761,Paul McCartney,paul-mccartney,https://imgsrv-sxm-prod-device.streaming.siriusxm.com/eyJrZXkiOiJlbnRpdHktbWFuYWdlbWVudC81MS81MTA1MzljMzAxMWJlMDViZTgyZjFkNmU2MjZhNTQ0M18xNzAwNjIxNDMzMzE4LmpwZWciLCJlZGl0cyI6W3siZm9ybWF0Ijp7InR5cGUiOiJqcGVnIn19LHsicmVzaXplIjp7IndpZHRoIjo2MDAsImhlaWdodCI6NjAwfX1dfQ==,https://www.siriusxm.com/player/talent/entity/fef90617-3cdc-4765-93fa-d6eecdd58761
defd2cfa-87b4-488a-9518-c866c094b6a7,Paul Oakenfold,paul-oakenfold,,https://www.siriusxm.com/player/talent/entity/defd2cfa-87b4-488a-9518-c866c094b6a7
656341f1-18bd-434c-b82d-08ae0c1e0be4,Paul Scheer,paul-scheer,https://imgsrv-sxm-prod-device.streaming.siriusxm.com/eyJrZXkiOiJpZi9hNC9hNDE2NmRjZDQxOTkzODJjOWYxZjQxMWM1ZDQ2OWI4Y18xNzU2ODQwMzY2LmpwZyIsImVkaXRzIjpbeyJmb3JtYXQiOnsidHlwZSI6ImpwZWcifX0seyJyZXNpemUiOnsid2lkdGgiOjYwMCwiaGVpZ2h0Ijo2MDB9fV19,https://www.siriusxm.com/player/talent/entity/656341f1-18bd-434c-b82d-08ae0c1e0be4
d18d0c12-392f-441d-9f62-832948103bff,Paul Shaffer,paul-shaffer,,https://www.siriusxm.com/player/talent/entity/d18d0c12-392f-441d-9f62-832948103bff
feff79ae-0778-461e-9779-7acc8328cae2,Paul Sweeney,paul-sweeney,,https://www.siriusxm.com/player/talent/entity/feff79ae-0778-461e-9779-7acc8328cae2
1a75f6e7-2816-4f7e-b2c0-448b5cff0ab1,Paula Nelson,paula-nelson,https://imgsrv-sxm-prod-device.streaming.siriusxm.com/eyJrZXkiOiJlbnRpdHktbWFuYWdlbWVudC8zMC8zMDBiMmY4Yzg0YTk0ZDkyYTU5NGI4ZWYwZjA0ZTM1NV8xNzA5MDcyMTcwMzkzLmpwZWciLCJlZGl0cyI6W3siZm9ybWF0Ijp7InR5cGUiOiJqcGVnIn19LHsicmVzaXplIjp7IndpZHRoIjo2MDAsImhlaWdodCI6NjAwfX1dfQ==,https://www.siriusxm.com/player/talent/entity/1a75f6e7-2816-4f7e-b2c0-448b5cff0ab1
49cabd0b-0413-4201-9aed-8aca863e473e,Pavement,pavement,,https://www.siriusxm.com/player/talent/entity/49cabd0b-0413-4201-9aed-8aca863e473e
eafcdf88-3d7f-4f25-9a37-ef4a31c5b329,Payne Lindsey,payne-lindsey,,https://www.siriusxm.com/player/talent/entity/eafcdf88-3d7f-4f25-9a37-ef4a31c5b329
4c3f9136-a869-4381-945a-054faff69ef3,Pearl Jam,pearl-jam,https://imgsrv-sxm-prod-device.streaming.siriusxm.com/eyJrZXkiOiJlbnRpdHktbWFuYWdlbWVudC9lMC9lMDY3MTYwZGExYTk5M2Q0NDhhYzY4NTM2MWFiMzdkN18xNzAyMzE2NzM2NTA1LnBuZyIsImVkaXRzIjpbeyJmb3JtYXQiOnsidHlwZSI6ImpwZWcifX0seyJyZXNpemUiOnsid2lkdGgiOjYwMCwiaGVpZ2h0Ijo2MDB9fV19,https://www.siriusxm.com/player/talent/entity/4c3f9136-a869-4381-945a-054faff69ef3
09414d1c-67e7-4bb3-ac2f-1e8e58769ee0,Penn Badgley,penn-badgley,https://imgsrv-sxm-prod-device.streaming.siriusxm.com/eyJrZXkiOiJpZi82YS82YTYxNTMyZjZmYWEzOWYxYWVjYWY2Mjg4OWU3ZDVlNl8xNzU2ODQwNTY5LmpwZyIsImVkaXRzIjpbeyJmb3JtYXQiOnsidHlwZSI6ImpwZWcifX0seyJyZXNpemUiOnsid2lkdGgiOjYwMCwiaGVpZ2h0Ijo2MDB9fV19,https://www.siriusxm.com/player/talent/entity/09414d1c-67e7-4bb3-ac2f-1e8e58769ee0
d2ed1cf2-77f3-4469-af44-b88e7c261795,Penn Jillette,penn-jillette,,https://www.siriusxm.com/player/talent/entity/d2ed1cf2-77f3-4469-af44-b88e7c261795
5c453468-643e-4d90-9c1c-8989c536d2dc,Perri Peltz,perri-peltz,,https://www.siriusxm.com/player/talent/entity/5c453468-643e-4d90-9c1c-8989c536d2dc
591e7010-c457-4f04-88cf-4ece04367f1b,Pete Correale,pete-correale,,https://www.siriusxm.com/player/talent/entity/591e7010-c457-4f04-88cf-4ece04367f1b
1a198df2-0b1c-4f30-b01d-8bdfb139822c,Pete Davidson,pete-davidson,,https://www.siriusxm.com/player/talent/entity/1a198df2-0b1c-4f30-b01d-8bdfb139822c
948c1c06-c018-4e86-9733-376133cb06df,Peter Asher,peter-asher,https://imgsrv-sxm-prod-device.streaming.siriusxm.com/eyJrZXkiOiJlbnRpdHktbWFuYWdlbWVudC8yYi8yYmNiMTMwOTNlOTFlYzdhZGFkYWZkODk0YzlmYjRlN18xNzAyMjI2NjIyMTM3LnBuZyIsImVkaXRzIjpbeyJmb3JtYXQiOnsidHlwZSI6ImpwZWcifX0seyJyZXNpemUiOnsid2lkdGgiOjYwMCwiaGVpZ2h0Ijo2MDB9fV19,https://www.siriusxm.com/player/talent/entity/948c1c06-c018-4e86-9733-376133cb06df
75df08ae-c0e9-4822-a731-81a001b3aadb,Peter Bergen,peter-bergen,https://imgsrv-sxm-prod-device.streaming.siriusxm.com/eyJrZXkiOiJlbnRpdHktbWFuYWdlbWVudC8wNi8wNmZiM2NjYWE1NTQ3N2I2Zjg1ZWYwM2Q2ZjQ1YWZiMF8xNzI0Njk1MTQ1ODU3LmpwZWciLCJlZGl0cyI6W3siZm9ybWF0Ijp7InR5cGUiOiJqcGVnIn19LHsicmVzaXplIjp7IndpZHRoIjo2MDAsImhlaWdodCI6NjAwfX1dfQ==,https://www.siriusxm.com/player/talent/entity/75df08ae-c0e9-4822-a731-81a001b3aadb
94851596-63f6-428b-9953-2e6525e3a892,Peter Davison,peter-davison,,https://www.siriusxm.com/player/talent/entity/94851596-63f6-428b-9953-2e6525e3a892
2f91b387-6d23-43b9-bf74-e16ebaefbb71,Peter Frampton,peter-frampton,https://imgsrv-sxm-prod-device.streaming.siriusxm.com/eyJrZXkiOiJlbnRpdHktbWFuYWdlbWVudC81MS81MThmMTZiZjEzYjFlZGY3YzdlYjRhOTFjZjg3M2RkZV8xNzA0MzIzODQxNzQ5LmpwZWciLCJlZGl0cyI6W3siZm9ybWF0Ijp7InR5cGUiOiJqcGVnIn19LHsicmVzaXplIjp7IndpZHRoIjo2MDAsImhlaWdodCI6NjAwfX1dfQ==,https://www.siriusxm.com/player/talent/entity/2f91b387-6d23-43b9-bf74-e16ebaefbb71
c1d3e78e-b4c9-44ff-bc8b-89b7a5e2f05c,Peter Mansbridge,peter-mansbridge,,https://www.siriusxm.com/player/talent/entity/c1d3e78e-b4c9-44ff-bc8b-89b7a5e2f05c
a0992672-780c-4eff-8a28-b311552c161d,Peter Noone,peter-noone,,https://www.siriusxm.com/player/talent/entity/a0992672-780c-4eff-8a28-b311552c161d
b636d1ea-b694-4908-ad9f-645bc0a61f9c,Peter Sagal,peter-sagal,,https://www.siriusxm.com/player/talent/entity/b636d1ea-b694-4908-ad9f-645bc0a61f9c
ef51bb39-5214-4dcf-9b30-747b13618f40,Phil Hendrie,phil-hendrie,,https://www.siriusxm.com/player/talent/entity/ef51bb39-5214-4dcf-9b30-747b13618f40
9dbdc1d0-f36c-438b-bef6-ebf7dad55e41,Phil Lesh,phil-lesh,,https://www.siriusxm.com/player/talent/entity/9dbdc1d0-f36c-438b-bef6-ebf7dad55e41
82c891b7-057a-4eec-84e6-e5d1096626b1,Phil Savage,phil-savage,,https://www.siriusxm.com/player/talent/entity/82c891b7-057a-4eec-84e6-e5d1096626b1
e799b2e9-7ca4-460c-87c0-00fd26980f9b,Phil Schoen,phil-schoen,,https://www.siriusxm.com/player/talent/entity/e799b2e9-7ca4-460c-87c0-00fd26980f9b
e7457409-a1fc-43f8-9580-c9b6a706ce04,Phil Simms,phil-simms,,https://www.siriusxm.com/player/talent/entity/e7457409-a1fc-43f8-9580-c9b6a706ce04
43b1b6a8-e907-4d5a-b462-f9cb05fcd0f7,Phil Vassar,phil-vassar,,https://www.siriusxm.com/player/talent/entity/43b1b6a8-e907-4d5a-b462-f9cb05fcd0f7
291c7147-5282-4749-8433-cad790bd47f8,Phish,phish,https://imgsrv-sxm-prod-device.streaming.siriusxm.com/eyJrZXkiOiJlbnRpdHktbWFuYWdlbWVudC80Mi80MmVlMTBmZmI5OWQyNzBlNDVlNDE5ZTM2OTc4YjcwNV8xNzEwNTI2NTkwMzc4LmpwZWciLCJlZGl0cyI6W3siZm9ybWF0Ijp7InR5cGUiOiJqcGVnIn19LHsicmVzaXplIjp7IndpZHRoIjo2MDAsImhlaWdodCI6NjAwfX1dfQ==,https://www.siriusxm.com/player/talent/entity/291c7147-5282-4749-8433-cad790bd47f8
46db0750-b7ef-4dc9-8da7-ea17980d8a37,Phoebe Bridgers,phoebe-bridgers,https://imgsrv-sxm-prod-device.streaming.siriusxm.com/eyJrZXkiOiJlbnRpdHktbWFuYWdlbWVudC9iNS9iNTI3YWE2ZTE0OGExYjRlOTNlZTg3YTA2NGEzNGYxM18xNzAyMjI3MjcxMzY2LnBuZyIsImVkaXRzIjpbeyJmb3JtYXQiOnsidHlwZSI6ImpwZWcifX0seyJyZXNpemUiOnsid2lkdGgiOjYwMCwiaGVpZ2h0Ijo2MDB9fV19,https://www.siriusxm.com/player/talent/entity/46db0750-b7ef-4dc9-8da7-ea17980d8a37
4e0c146f-cc60-4486-ab1d-e2f764fc708b,Phoebe Gates,phoebe-gates,https://imgsrv-sxm-prod-device.streaming.siriusxm.com/eyJrZXkiOiJlbnRpdHktbWFuYWdlbWVudC80Ni80NjJmZDg1YWI1MDRmMDlhOGQzMWY3MzJkODEwODQ4YV8xNzQzNTMyMDgwMjg1LmpwZWciLCJlZGl0cyI6W3siZm9ybWF0Ijp7InR5cGUiOiJqcGVnIn19LHsicmVzaXplIjp7IndpZHRoIjo2MDAsImhlaWdodCI6NjAwfX1dfQ==,https://www.siriusxm.com/player/talent/entity/4e0c146f-cc60-4486-ab1d-e2f764fc708b
b9954a93-72fa-4e76-954e-d233f95de938,Phoebe Judge,phoebe-judge,,https://www.siriusxm.com/player/talent/entity/b9954a93-72fa-4e76-954e-d233f95de938
2ad1b10a-41ea-41a2-9013-792f9572ad26,Pitbull,pitbull,https://imgsrv-sxm-prod-device.streaming.siriusxm.com/eyJrZXkiOiJlbnRpdHktbWFuYWdlbWVudC9hNC9hNDM0NDRjOTVkMDRkMDU5Mzc0ODIzOGMwYWZjY2NlMl8xNzAyMzE2OTQ0NDMwLnBuZyIsImVkaXRzIjpbeyJmb3JtYXQiOnsidHlwZSI6ImpwZWcifX0seyJyZXNpemUiOnsid2lkdGgiOjYwMCwiaGVpZ2h0Ijo2MDB9fV19,https://www.siriusxm.com/player/talent/entity/2ad1b10a-41ea-41a2-9013-792f9572ad26
94970d7a-6626-4118-9af5-1953c46f85a4,Preston Trombly,preston-trombly,,https://www.siriusxm.com/player/talent/entity/94970d7a-6626-4118-9af5-1953c46f85a4
ee7ad419-9674-4606-afc5-2e3eb46dd405,Priyanka Wali,priyanka-wali,https://imgsrv-sxm-prod-device.streaming.siriusxm.com/eyJrZXkiOiJpZi8wOS8wOWYwMTUyMTJjZTAzYjAxYjM1YzA5OTE0NjYyMGRmM18xNzU2ODQwNjg3LmpwZyIsImVkaXRzIjpbeyJmb3JtYXQiOnsidHlwZSI6ImpwZWcifX0seyJyZXNpemUiOnsid2lkdGgiOjYwMCwiaGVpZ2h0Ijo2MDB9fV19,https://www.siriusxm.com/player/talent/entity/ee7ad419-9674-4606-afc5-2e3eb46dd405
88678b1c-a036-4907-9845-d9a15e0734e3,Punkie Johnson,punkie-johnson,https://imgsrv-sxm-prod-device.streaming.siriusxm.com/eyJrZXkiOiJlbnRpdHktbWFuYWdlbWVudC9jMi9jMjA2NjgxZTlkMzBmMjY0YmQ3MzcxMmEyZTY5NmFiNV8xNzQyMzkwNTE2NzY3LnBuZyIsImVkaXRzIjpbeyJmb3JtYXQiOnsidHlwZSI6ImpwZWcifX0seyJyZXNpemUiOnsid2lkdGgiOjYwMCwiaGVpZ2h0Ijo2MDB9fV19,https://www.siriusxm.com/player/talent/entity/88678b1c-a036-4907-9845-d9a15e0734e3
90aab0df-cb3a-4e78-9e91-eb9c48d4fa7a,Purple Disco Machine,purple-disco-machine,,https://www.siriusxm.com/player/talent/entity/90aab0df-cb3a-4e78-9e91-eb9c48d4fa7a
20e94976-3dfa-4602-8fc0-a9926cf581cb,Queen,queen,https://imgsrv-sxm-prod-device.streaming.siriusxm.com/eyJrZXkiOiJlbnRpdHktbWFuYWdlbWVudC9kOS9kOTQ0MGY3ZTVmMTliNWU2NGRhZmNkZTY0YjJiMzQyZV8xNzA0MzIzNjY2OTI5LmpwZWciLCJlZGl0cyI6W3siZm9ybWF0Ijp7InR5cGUiOiJqcGVnIn19LHsicmVzaXplIjp7IndpZHRoIjo2MDAsImhlaWdodCI6NjAwfX1dfQ==,https://www.siriusxm.com/player/talent/entity/20e94976-3dfa-4602-8fc0-a9926cf581cb
a87dd7f8-911f-448d-b6b7-c105c12f9a9d,Queen E,queen-e,https://imgsrv-sxm-prod-device.streaming.siriusxm.com/eyJrZXkiOiJlbnRpdHktbWFuYWdlbWVudC80MC80MDI0MzE2OGRjY2M3ZmZhMWEzMmIwYmJkYjM1MzEwNl8xNzM5NDcyNTMxNTgzLmpwZWciLCJlZGl0cyI6W3siZm9ybWF0Ijp7InR5cGUiOiJqcGVnIn19LHsicmVzaXplIjp7IndpZHRoIjo2MDAsImhlaWdodCI6NjAwfX1dfQ==,https://www.siriusxm.com/player/talent/entity/a87dd7f8-911f-448d-b6b7-c105c12f9a9d
e8cb7995-0a76-47a6-b9c6-b55f88667bef,RZA,rza,https://imgsrv-sxm-prod-device.streaming.siriusxm.com/eyJrZXkiOiJlbnRpdHktbWFuYWdlbWVudC9mYy9mYzYyNzg0ZTdlZDRiNzAxNzJiYzk2Y2YyOWJlYmFhM18xNzIyNDAxNzQ1ODU2LmpwZWciLCJlZGl0cyI6W3siZm9ybWF0Ijp7InR5cGUiOiJqcGVnIn19LHsicmVzaXplIjp7IndpZHRoIjo2MDAsImhlaWdodCI6NjAwfX1dfQ==,https://www.siriusxm.com/player/talent/entity/e8cb7995-0a76-47a6-b9c6-b55f88667bef
9d3fb74d-1b38-44f1-9093-d7ae3762f82f,Rabia Chaudry,rabia-chaudry,,https://www.siriusxm.com/player/talent/entity/9d3fb74d-1b38-44f1-9093-d7ae3762f82f
294a7669-407b-44f9-ab88-b84290d5038f,Rachel Friedman,rachel-friedman,https://imgsrv-sxm-prod-device.streaming.siriusxm.com/eyJrZXkiOiJlbnRpdHktbWFuYWdlbWVudC8zMC8zMDZmOTRiYjhmMzdhOTgzMGFiZTY5ZmUwN2M5OTQ4MF8xNzM5MjAxMzIxNzA3LmpwZWciLCJlZGl0cyI6W3siZm9ybWF0Ijp7InR5cGUiOiJqcGVnIn19LHsicmVzaXplIjp7IndpZHRoIjo2MDAsImhlaWdodCI6NjAwfX1dfQ==,https://www.siriusxm.com/player/talent/entity/294a7669-407b-44f9-ab88-b84290d5038f
9e5b8604-9e2e-4ffa-8537-4545318895ad,Rachel Hollis,rachel-hollis,,https://www.siriusxm.com/player/talent/entity/9e5b8604-9e2e-4ffa-8537-4545318895ad
99ec4e2e-e4ab-4bef-8079-90b9275187ef,Rachel Maddow,rachel-maddow,https://imgsrv-sxm-prod-device.streaming.siriusxm.com/eyJrZXkiOiJlbnRpdHktbWFuYWdlbWVudC9lYy9lYzNlZGRiYzY4ZGU4MjI0YjZiZmNlMjFhYTZmNzBlY18xNzIxODYwOTc4MTM4LmpwZWciLCJlZGl0cyI6W3siZm9ybWF0Ijp7InR5cGUiOiJqcGVnIn19LHsicmVzaXplIjp7IndpZHRoIjo2MDAsImhlaWdodCI6NjAwfX1dfQ==,https://www.siriusxm.com/player/talent/entity/99ec4e2e-e4ab-4bef-8079-90b9275187ef
5dff945e-fec0-4731-92ad-9475f306ba13,Rachel Smith,rachel-smith,,https://www.siriusxm.com/player/talent/entity/5dff945e-fec0-4731-92ad-9475f306ba13
29f7ce40-1a64-44c2-87a8-1ead8eca8256,Rachel Steele,rachel-steele,https://imgsrv-sxm-prod-device.streaming.siriusxm.com/eyJrZXkiOiJlbnRpdHktbWFuYWdlbWVudC9mNy9mNzY1NmZlNjIwODVjZGZhOWQ5ODNjMjI1M2VmMGUxZF8xNzAyMDYyNTA4MjQ4LmpwZWciLCJlZGl0cyI6W3siZm9ybWF0Ijp7InR5cGUiOiJqcGVnIn19LHsicmVzaXplIjp7IndpZHRoIjo2MDAsImhlaWdodCI6NjAwfX1dfQ==,https://www.siriusxm.com/player/talent/entity/29f7ce40-1a64-44c2-87a8-1ead8eca8256
980bee99-9a2f-4c15-96aa-71d1736a88e0,Raheem DeVaughn,raheem-devaughn,,https://www.siriusxm.com/player/talent/entity/980bee99-9a2f-4c15-96aa-71d1736a88e0
5cd34c6b-3398-4f77-b802-b2aa4216682d,Rainn Wilson,rainn-wilson,,https://www.siriusxm.com/player/talent/entity/5cd34c6b-3398-4f77-b802-b2aa4216682d
01e1e24d-df50-45da-9a70-2d6910664a58,Randi Zuckerberg,randi-zuckerberg,,https://www.siriusxm.com/player/talent/entity/01e1e24d-df50-45da-9a70-2d6910664a58
fa37fb8f-da8e-49cc-9046-09b24164a2a3,Randy Bachman,randy-bachman,,https://www.siriusxm.com/player/talent/entity/fa37fb8f-da8e-49cc-9046-09b24164a2a3
0f04c1f9-1f0c-49a8-bf43-e8fb9cc31ccf,Ray Hudson,ray-hudson,https://imgsrv-sxm-prod-device.streaming.siriusxm.com/eyJrZXkiOiJlbnRpdHktbWFuYWdlbWVudC9jMC9jMDRmM2E4YTM1YWJlY2Y4ZGQxOWI5YzBlYTE5ZGQ0ZF8xNzQxMjg5NjkzMTY0LmpwZWciLCJlZGl0cyI6W3siZm9ybWF0Ijp7InR5cGUiOiJqcGVnIn19LHsicmVzaXplIjp7IndpZHRoIjo2MDAsImhlaWdodCI6NjAwfX1dfQ==,https://www.siriusxm.com/player/talent/entity/0f04c1f9-1f0c-49a8-bf43-e8fb9cc31ccf
307205fe-052f-4efe-b776-4e37b513700c,Reba McEntire,reba-mcentire,,https://www.siriusxm.com/player/talent/entity/307205fe-052f-4efe-b776-4e37b513700c
af260567-9374-4889-8438-7816bf7ab56e,Red Hot Chili Peppers,red-hot-chili-peppers,https://imgsrv-sxm-prod-device.streaming.siriusxm.com/eyJrZXkiOiJlbnRpdHktbWFuYWdlbWVudC9kMC9kMDMxNjVkZDVhMjJjMTYyNDUwYzg1MjBjOGQyOTYwMF8xNzE0Njg1NTc4NTQ4LnBuZyIsImVkaXRzIjpbeyJmb3JtYXQiOnsidHlwZSI6ImpwZWcifX0seyJyZXNpemUiOnsid2lkdGgiOjYwMCwiaGVpZ2h0Ijo2MDB9fV19,https://www.siriusxm.com/player/talent/entity/af260567-9374-4889-8438-7816bf7ab56e
b147e72c-b6bb-49c5-91e3-9d4e32bd365c,Red Steagall,red-steagall,,https://www.siriusxm.com/player/talent/entity/b147e72c-b6bb-49c5-91e3-9d4e32bd365c
fdd589a3-85f5-403e-b88b-463e47d79978,Redman,redman,,https://www.siriusxm.com/player/talent/entity/fdd589a3-85f5-403e-b88b-463e47d79978
b3bbfe0d-b090-4bef-9946-7e63f5dc8efb,Reid Hoffman,reid-hoffman,,https://www.siriusxm.com/player/talent/entity/b3bbfe0d-b090-4bef-9946-7e63f5dc8efb
b9139c1e-5e36-4367-9d6c-b5d37163936a,Rev. Al Sharpton,rev-al-sharpton,https://imgsrv-sxm-prod-device.streaming.siriusxm.com/eyJrZXkiOiJlbnRpdHktbWFuYWdlbWVudC9kNi9kNjI0OWI4ZTc1YmIzMzk4YThlM2Y1ZGM2OTk0ZWQwYV8xNzEzOTgxNDk5MTU3LmpwZWciLCJlZGl0cyI6W3siZm9ybWF0Ijp7InR5cGUiOiJqcGVnIn19LHsicmVzaXplIjp7IndpZHRoIjo2MDAsImhlaWdodCI6NjAwfX1dfQ==,https://www.siriusxm.com/player/talent/entity/b9139c1e-5e36-4367-9d6c-b5d37163936a
e6baa671-ea18-4276-9e8f-aa21faf25b25,Rhett Miller,rhett-miller,,https://www.siriusxm.com/player/talent/entity/e6baa671-ea18-4276-9e8f-aa21faf25b25
f94af6d7-794c-487d-b9e4-b764240811ee,Rich Davis,rich-davis,,https://www.siriusxm.com/player/talent/entity/f94af6d7-794c-487d-b9e4-b764240811ee
ed2c65f6-6bf8-423e-92dc-b87e7417743b,Rich Eisen,rich-eisen,https://imgsrv-sxm-prod-device.streaming.siriusxm.com/eyJrZXkiOiJlbnRpdHktbWFuYWdlbWVudC82Ni82NjFlNTFhODY0ODQ2YWUyNzMyOGQzMWQwMjRjNmM4ZV8xNzM4MTk1MDEyNTE1LmpwZWciLCJlZGl0cyI6W3siZm9ybWF0Ijp7InR5cGUiOiJqcGVnIn19LHsicmVzaXplIjp7IndpZHRoIjo2MDAsImhlaWdodCI6NjAwfX1dfQ==,https://www.siriusxm.com/player/talent/entity/ed2c65f6-6bf8-423e-92dc-b87e7417743b
7ec3c9f4-d11d-497a-b193-37e0e1c81898,Rich Gannon,rich-gannon,,https://www.siriusxm.com/player/talent/entity/7ec3c9f4-d11d-497a-b193-37e0e1c81898
80490506-1311-48ab-adde-a905aa462ad8,Rich Vos,rich-vos,,https://www.siriusxm.com/player/talent/entity/80490506-1311-48ab-adde-a905aa462ad8
bc029f26-105c-453d-ba74-30d1d2e0d4a8,Richard Blade,richard-blade,https://imgsrv-sxm-prod-device.streaming.siriusxm.com/eyJrZXkiOiJlbnRpdHktbWFuYWdlbWVudC9iNC9iNGQ2YmM5YTE4ZjQ5MDdmMDVkNGY5Zjg3ODNjYzVmNF8xNzAyMjI5Nzg0OTk2LnBuZyIsImVkaXRzIjpbeyJmb3JtYXQiOnsidHlwZSI6ImpwZWcifX0seyJyZXNpemUiOnsid2lkdGgiOjYwMCwiaGVpZ2h0Ijo2MDB9fV19,https://www.siriusxm.com/player/talent/entity/bc029f26-105c-453d-ba74-30d1d2e0d4a8
b65d6c23-23cd-421f-9ba4-2b8de4c2128f,Richard Branson,richard-branson,,https://www.siriusxm.com/player/talent/entity/b65d6c23-23cd-421f-9ba4-2b8de4c2128f
bb2ff9dd-6899-48d6-bb0f-430b2e2574a4,Richard Dawkins,richard-dawkins,,https://www.siriusxm.com/player/talent/entity/bb2ff9dd-6899-48d6-bb0f-430b2e2574a4
bed37169-ec7b-435b-b3b8-df49129ede5d,Richard Marx,richard-marx,,https://www.siriusxm.com/player/talent/entity/bed37169-ec7b-435b-b3b8-df49129ede5d
a906d107-e172-4832-b785-5932c78d5843,Rick Kamla,rick-kamla,,https://www.siriusxm.com/player/talent/entity/a906d107-e172-4832-b785-5932c78d5843
3aae7d10-1720-4c5a-85eb-68e41b7955e5,Rick Springfield,rick-springfield,https://imgsrv-sxm-prod-device.streaming.siriusxm.com/eyJrZXkiOiJlbnRpdHktbWFuYWdlbWVudC85OS85OWUwMzRkOTE5MWZlZDM3ODVkMGFjMzI4MDdlY2MwZF8xNzA0MzIzODQ3Njc0LmpwZWciLCJlZGl0cyI6W3siZm9ybWF0Ijp7InR5cGUiOiJqcGVnIn19LHsicmVzaXplIjp7IndpZHRoIjo2MDAsImhlaWdodCI6NjAwfX1dfQ==,https://www.siriusxm.com/player/talent/entity/3aae7d10-1720-4c5a-85eb-68e41b7955e5
55b02797-fae1-44f5-ba7a-49f3fcbd87ff,Rida,rida,https://imgsrv-sxm-prod-device.streaming.siriusxm.com/eyJrZXkiOiJlbnRpdHktbWFuYWdlbWVudC85MS85MTY1ZmQ4MWIzMzBhYzQ1OWQ5ZDFmMTNjYmNjMGVmN18xNzAyMjI5OTM3NzU1LnBuZyIsImVkaXRzIjpbeyJmb3JtYXQiOnsidHlwZSI6ImpwZWcifX0seyJyZXNpemUiOnsid2lkdGgiOjYwMCwiaGVpZ2h0Ijo2MDB9fV19,https://www.siriusxm.com/player/talent/entity/55b02797-fae1-44f5-ba7a-49f3fcbd87ff
9a2c5fac-1337-4864-92c8-1bd1f98cd0c3,Ringo Starr,ringo-starr,,https://www.siriusxm.com/player/talent/entity/9a2c5fac-1337-4864-92c8-1bd1f98cd0c3
e993c789-2529-4fd7-bcc2-3a165bd621e6,Rita Wilson,rita-wilson,,https://www.siriusxm.com/player/talent/entity/e993c789-2529-4fd7-bcc2-3a165bd621e6
3ca01daf-c140-4713-9a20-03f7d442aae0,River Butcher,river-butcher,,https://www.siriusxm.com/player/talent/entity/3ca01daf-c140-4713-9a20-03f7d442aae0
b20e5d0b-c48a-4708-b7ef-03282e889e9f,Rob Lowe,rob-lowe,https://imgsrv-sxm-prod-device.streaming.siriusxm.com/eyJrZXkiOiJpZi8zYS8zYTIwMWIxODJhNWYzZDQ5YWMwODg5MGJmMGU5ODZlZl8xNzU2ODQwMzc5LmpwZyIsImVkaXRzIjpbeyJmb3JtYXQiOnsidHlwZSI6ImpwZWcifX0seyJyZXNpemUiOnsid2lkdGgiOjYwMCwiaGVpZ2h0Ijo2MDB9fV19,https://www.siriusxm.com/player/talent/entity/b20e5d0b-c48a-4708-b7ef-03282e889e9f
734d7278-726f-4362-9955-c33f29011bc6,Robbie Williams,robbie-williams,https://imgsrv-sxm-prod-device.streaming.siriusxm.com/eyJrZXkiOiJlbnRpdHktbWFuYWdlbWVudC80Ny80N2Q5NjUzOWVlOTgwZmUxOTQ2ZWRlMzgzYWRkYmIyMF8xNzAwNjIyMTA2MTQxLmpwZWciLCJlZGl0cyI6W3siZm9ybWF0Ijp7InR5cGUiOiJqcGVnIn19LHsicmVzaXplIjp7IndpZHRoIjo2MDAsImhlaWdodCI6NjAwfX1dfQ==,https://www.siriusxm.com/player/talent/entity/734d7278-726f-4362-9955-c33f29011bc6
201da46a-1993-467a-a765-cbf6b4a4553a,Robert Kelly,robert-kelly,https://imgsrv-sxm-prod-device.streaming.siriusxm.com/eyJrZXkiOiJlbnRpdHktbWFuYWdlbWVudC8zOC8zODZkZjU2ZWRiMGZjZWFkMmU3YTE3OWJmN2Y4YzM4ZF8xNzQ1NTE2NjEzNDU0LmpwZWciLCJlZGl0cyI6W3siZm9ybWF0Ijp7InR5cGUiOiJqcGVnIn19LHsicmVzaXplIjp7IndpZHRoIjo2MDAsImhlaWdodCI6NjAwfX1dfQ==,https://www.siriusxm.com/player/talent/entity/201da46a-1993-467a-a765-cbf6b4a4553a
9ec25401-ab16-4f4d-89e9-2bcda6ffe55c,Robert Krulwich,robert-krulwich,,https://www.siriusxm.com/player/talent/entity/9ec25401-ab16-4f4d-89e9-2bcda6ffe55c
0569f167-eeb9-4d5d-b0f5-99d5823b41e0,Robert Plant,robert-plant,,https://www.siriusxm.com/player/talent/entity/0569f167-eeb9-4d5d-b0f5-99d5823b41e0
3e3e3f54-5256-4a94-9144-53a6b0a13141,Robert Smith,robert-smith,,https://www.siriusxm.com/player/talent/entity/3e3e3f54-5256-4a94-9144-53a6b0a13141
63b3b4d7-00ff-4137-9927-2f1fddee2d33,Robin Lundberg,robin-lundberg,,https://www.siriusxm.com/player/talent/entity/63b3b4d7-00ff-4137-9927-2f1fddee2d33
1f229c50-e9bd-4d7f-a16b-025c2b2ecb3e,Robin Quivers,robin-quivers,https://imgsrv-sxm-prod-device.streaming.siriusxm.com/eyJrZXkiOiJlbnRpdHktbWFuYWdlbWVudC9jZS9jZWEwODNlOGE1MGZiYTM5Mzk0NzY3NGJjZGY1NWVjYl8xNzAxMzk4NTU2NTI5LnBuZyIsImVkaXRzIjpbeyJmb3JtYXQiOnsidHlwZSI6ImpwZWcifX0seyJyZXNpemUiOnsid2lkdGgiOjYwMCwiaGVpZ2h0Ijo2MDB9fV19,https://www.siriusxm.com/player/talent/entity/1f229c50-e9bd-4d7f-a16b-025c2b2ecb3e
4a5c5b2f-4d4d-44c2-9581-b7b4b92a867f,Rod Stewart,rod-stewart,,https://www.siriusxm.com/player/talent/entity/4a5c5b2f-4d4d-44c2-9581-b7b4b92a867f
fb842a5f-b045-4381-a5c5-8dde20001d45,Rodney Bingenheimer,rodney-bingenheimer,https://imgsrv-sxm-prod-device.streaming.siriusxm.com/eyJrZXkiOiJlbnRpdHktbWFuYWdlbWVudC8zOC8zODIwZmJiOTZjMGYzMTJjOWNlYTAwNTMwMWIzMTFjY18xNzAyMDgwMDgwNzY3LmpwZWciLCJlZGl0cyI6W3siZm9ybWF0Ijp7InR5cGUiOiJqcGVnIn19LHsicmVzaXplIjp7IndpZHRoIjo2MDAsImhlaWdodCI6NjAwfX1dfQ==,https://www.siriusxm.com/player/talent/entity/fb842a5f-b045-4381-a5c5-8dde20001d45
7e2373d7-c076-4d52-a236-5adc722da256,Rodney Crowell,rodney-crowell,,https://www.siriusxm.com/player/talent/entity/7e2373d7-c076-4d52-a236-5adc722da256
95c5ae09-eda7-4ffb-9473-a92c3185ca02,Rodney Marsh,rodney-marsh,https://imgsrv-sxm-prod-device.streaming.siriusxm.com/eyJrZXkiOiJlbnRpdHktbWFuYWdlbWVudC85OC85OGMxMDllNjE5MzZhOTljMzE5MTBhMDVjM2EyODg1Y18xNzQxMjc4MzUzNjY5LmpwZWciLCJlZGl0cyI6W3siZm9ybWF0Ijp7InR5cGUiOiJqcGVnIn19LHsicmVzaXplIjp7IndpZHRoIjo2MDAsImhlaWdodCI6NjAwfX1dfQ==,https://www.siriusxm.com/player/talent/entity/95c5ae09-eda7-4ffb-9473-a92c3185ca02
dbafbedc-0df6-4f87-91af-b8a82e2f1eff,Roger Alan Wade,roger-alan-wade,,https://www.siriusxm.com/player/talent/entity/dbafbedc-0df6-4f87-91af-b8a82e2f1eff
c93afc6b-9c7c-4a9b-a128-36c9f5a28249,Roman Mars,roman-mars,https://imgsrv-sxm-prod-device.streaming.siriusxm.com/eyJrZXkiOiJlbnRpdHktbWFuYWdlbWVudC9kZi9kZmY4NWI2MjYzOTg3MTQ0YzQwODBiNGQwNDE2MmY3Nl8xNzE3NjIzOTE4OTU3LmpwZWciLCJlZGl0cyI6W3siZm9ybWF0Ijp7InR5cGUiOiJqcGVnIn19LHsicmVzaXplIjp7IndpZHRoIjo2MDAsImhlaWdodCI6NjAwfX1dfQ==,https://www.siriusxm.com/player/talent/entity/c93afc6b-9c7c-4a9b-a128-36c9f5a28249
c9e504bc-1238-474c-a648-9dfa5aea2374,Ron Bennington,ron-bennington,https://imgsrv-sxm-prod-device.streaming.siriusxm.com/eyJrZXkiOiJlbnRpdHktbWFuYWdlbWVudC80ZS80ZTAyNzQxY2E0ODdlMGRhODZlNmY0ZTEzM2UxMzcxOV8xNzAyMDEwNzE2MDE3LnBuZyIsImVkaXRzIjpbeyJmb3JtYXQiOnsidHlwZSI6ImpwZWcifX0seyJyZXNpemUiOnsid2lkdGgiOjYwMCwiaGVpZ2h0Ijo2MDB9fV19,https://www.siriusxm.com/player/talent/entity/c9e504bc-1238-474c-a648-9dfa5aea2374
731fcb83-e12b-4e76-89ca-6aa35b792163,Ronan Farrow,ronan-farrow,https://imgsrv-sxm-prod-device.streaming.siriusxm.com/eyJrZXkiOiJpZi9kMi9kMmY2Y2U4YjliN2QzN2YwYjIxNzE4MGRiYTAyMDZiNF8xNzU2ODQwNDMxLmpwZyIsImVkaXRzIjpbeyJmb3JtYXQiOnsidHlwZSI6ImpwZWcifX0seyJyZXNpemUiOnsid2lkdGgiOjYwMCwiaGVpZ2h0Ijo2MDB9fV19,https://www.siriusxm.com/player/talent/entity/731fcb83-e12b-4e76-89ca-6aa35b792163
66d6b5ce-129d-4d61-b914-aa4009eba361,Ronnie Dunn,ronnie-dunn,,https://www.siriusxm.com/player/talent/entity/66d6b5ce-129d-4d61-b914-aa4009eba361
da50fdac-4a7c-4e0f-ad6e-2e2458831521,Rory Scovel,rory-scovel,,https://www.siriusxm.com/player/talent/entity/da50fdac-4a7c-4e0f-ad6e-2e2458831521
abfb9c37-f675-4fbb-bffc-5caf0ab53289,Rosalyn Gold-Onwude,rosalyn-gold-onwude,,https://www.siriusxm.com/player/talent/entity/abfb9c37-f675-4fbb-bffc-5caf0ab53289
f2b85ef4-da64-4ba8-9817-e89fa6cd82ba,Roxanne Shante,roxanne-shante,https://imgsrv-sxm-prod-device.streaming.siriusxm.com/eyJrZXkiOiJlbnRpdHktbWFuYWdlbWVudC81MC81MGI5NGQ2NGQ4Zjc1Nzk4MTMzMTU0YjQ3MjEwMzhjMF8xNzAyMjMwMDU1MjUyLnBuZyIsImVkaXRzIjpbeyJmb3JtYXQiOnsidHlwZSI6ImpwZWcifX0seyJyZXNpemUiOnsid2lkdGgiOjYwMCwiaGVpZ2h0Ijo2MDB9fV19,https://www.siriusxm.com/player/talent/entity/f2b85ef4-da64-4ba8-9817-e89fa6cd82ba
72d8d050-6ef4-4f0c-beb7-abc8c5002879,Roy Wood Jr.,roy-wood-jr,https://imgsrv-sxm-prod-device.streaming.siriusxm.com/eyJrZXkiOiJpZi81MS81MTU0ZGNmZDRiZDgzMjhiOWQ4MjNjZjk4ZjFhMWE5NF8xNzU2ODQwNTU0LmpwZyIsImVkaXRzIjpbeyJmb3JtYXQiOnsidHlwZSI6ImpwZWcifX0seyJyZXNpemUiOnsid2lkdGgiOjYwMCwiaGVpZ2h0Ijo2MDB9fV19,https://www.siriusxm.com/player/talent/entity/72d8d050-6ef4-4f0c-beb7-abc8c5002879
55966fa4-6bfc-4ec6-929a-d133a6266a82,Rude Jude,rude-jude,,https://www.siriusxm.com/player/talent/entity/55966fa4-6bfc-4ec6-929a-d133a6266a82
640a1f4b-8929-4d5b-bd48-0b5d0e1456de,Rudy Giuliani,rudy-giuliani,,https://www.siriusxm.com/player/talent/entity/640a1f4b-8929-4d5b-bd48-0b5d0e1456de
cb271fc0-0625-4baf-96d9-0345b1647bee,Russell Howard,russell-howard,https://imgsrv-sxm-prod-device.streaming.siriusxm.com/eyJrZXkiOiJpZi9lZS9lZWNjMzI2ZmUzMDMzNTVmYmUzYmU2MWMyYWFkN2QwNl8xNzU2ODQwNDY1LmpwZyIsImVkaXRzIjpbeyJmb3JtYXQiOnsidHlwZSI6ImpwZWcifX0seyJyZXNpemUiOnsid2lkdGgiOjYwMCwiaGVpZ2h0Ijo2MDB9fV19,https://www.siriusxm.com/player/talent/entity/cb271fc0-0625-4baf-96d9-0345b1647bee
39401bd8-eeae-4d10-9c0c-b4446151d3ba,Ryan Leaf,ryan-leaf,,https://www.siriusxm.com/player/talent/entity/39401bd8-eeae-4d10-9c0c-b4446151d3ba
ddbef86c-961c-442b-a53c-d1abdbc773cf,Ryan Sampson,ryan-sampson,https://imgsrv-sxm-prod-device.streaming.siriusxm.com/eyJrZXkiOiJlbnRpdHktbWFuYWdlbWVudC9iYS9iYWJmODk5ZTQ3MzEzOGM5NjVhMzRlMDE0OWQ1ZDE4OV8xNzA4MDMwNDA2NDg2LmpwZWciLCJlZGl0cyI6W3siZm9ybWF0Ijp7InR5cGUiOiJqcGVnIn19LHsicmVzaXplIjp7IndpZHRoIjo2MDAsImhlaWdodCI6NjAwfX1dfQ==,https://www.siriusxm.com/player/talent/entity/ddbef86c-961c-442b-a53c-d1abdbc773cf
bbf0256f-a9c9-4485-8b4b-459530e844bc,Sam Harris,sam-harris,https://imgsrv-sxm-prod-device.streaming.siriusxm.com/eyJrZXkiOiJlbnRpdHktbWFuYWdlbWVudC8wNC8wNGIyYjEwNjI0OTAzMWVmMTE1OTAwZTY4OGVjNmJmOV8xNzIxNjc5MjcyNjM5LmpwZWciLCJlZGl0cyI6W3siZm9ybWF0Ijp7InR5cGUiOiJqcGVnIn19LHsicmVzaXplIjp7IndpZHRoIjo2MDAsImhlaWdodCI6NjAwfX1dfQ==,https://www.siriusxm.com/player/talent/entity/bbf0256f-a9c9-4485-8b4b-459530e844bc
8a784928-8269-4c0b-8468-ccb421239716,Sam Roberts,sam-roberts,https://imgsrv-sxm-prod-device.streaming.siriusxm.com/eyJrZXkiOiJpZi9mMS9mMTEyMGZhZTJhYWIzZGNjYWU3NGRjMmU0MzBiMjdiYV8xNzY0NzExNDA2LnBuZyIsImVkaXRzIjpbeyJmb3JtYXQiOnsidHlwZSI6ImpwZWcifX0seyJyZXNpemUiOnsid2lkdGgiOjYwMCwiaGVpZ2h0Ijo2MDB9fV19,https://www.siriusxm.com/player/talent/entity/8a784928-8269-4c0b-8468-ccb421239716
285e86f3-07be-4985-90fe-7de26fd4c5cc,Sam Sanders,sam-sanders,,https://www.siriusxm.com/player/talent/entity/285e86f3-07be-4985-90fe-7de26fd4c5cc
b67cf91c-f2bf-4bfe-9084-6f17a3b28377,Sam Seder,sam-seder,,https://www.siriusxm.com/player/talent/entity/b67cf91c-f2bf-4bfe-9084-6f17a3b28377
0816adf0-7221-40d5-a3c9-9820a073531a,Sam Smith,sam-smith,https://imgsrv-sxm-prod-device.streaming.siriusxm.com/eyJrZXkiOiJlbnRpdHktbWFuYWdlbWVudC9lMi9lMjhmYzE2Njg2ODIwNjdlY2QxZjdmNGQ2NjM0ZWEyZV8xNzA0MzIzODEwMTQ5LmpwZWciLCJlZGl0cyI6W3siZm9ybWF0Ijp7InR5cGUiOiJqcGVnIn19LHsicmVzaXplIjp7IndpZHRoIjo2MDAsImhlaWdodCI6NjAwfX1dfQ==,https://www.siriusxm.com/player/talent/entity/0816adf0-7221-40d5-a3c9-9820a073531a
52188b85-e426-4717-af06-331c7427a3ea,Samantha Bee,samantha-bee,,https://www.siriusxm.com/player/talent/entity/52188b85-e426-4717-af06-331c7427a3ea
cda62b3a-fcab-4934-84d6-1b9d08fab9b7,Sandra Bernhard,sandra-bernhard,https://imgsrv-sxm-prod-device.streaming.siriusxm.com/eyJrZXkiOiJlbnRpdHktbWFuYWdlbWVudC80ZC80ZDkyMzJkMmM0YzE1NGRkMTg5MTUzODcyYTQyY2RjMl8xNzAyMzQxNzcxOTg0LmpwZWciLCJlZGl0cyI6W3siZm9ybWF0Ijp7InR5cGUiOiJqcGVnIn19LHsicmVzaXplIjp7IndpZHRoIjo2MDAsImhlaWdodCI6NjAwfX1dfQ==,https://www.siriusxm.com/player/talent/entity/cda62b3a-fcab-4934-84d6-1b9d08fab9b7
79c0e6e4-54a4-4121-ae7c-4d6cad4d6f3f,Sanjay Gupta,sanjay-gupta,,https://www.siriusxm.com/player/talent/entity/79c0e6e4-54a4-4121-ae7c-4d6cad4d6f3f
00cf4ed5-6437-4f70-9b02-aead1355392e,Santigold,santigold,,https://www.siriusxm.com/player/talent/entity/00cf4ed5-6437-4f70-9b02-aead1355392e
1951031e-b0c3-429f-aea7-5ccc848b3d4d,Sarah Koenig,sarah-koenig,,https://www.siriusxm.com/player/talent/entity/1951031e-b0c3-429f-aea7-5ccc848b3d4d
cfe83a3d-49aa-4cd9-b7ca-4c114f745ec6,Sarah Paulson,sarah-paulson,https://imgsrv-sxm-prod-device.streaming.siriusxm.com/eyJrZXkiOiJpZi84NC84NGVmN2I1MTM0ODIzNTU5YTdlODFiODM4ODlhYzZiZV8xNzU2ODQwNTc2LmpwZyIsImVkaXRzIjpbeyJmb3JtYXQiOnsidHlwZSI6ImpwZWcifX0seyJyZXNpemUiOnsid2lkdGgiOjYwMCwiaGVpZ2h0Ijo2MDB9fV19,https://www.siriusxm.com/player/talent/entity/cfe83a3d-49aa-4cd9-b7ca-4c114f745ec6
bc0adfb3-765e-4b0d-b4a0-2b0271c3be37,Sarah Rafferty,sarah-rafferty,https://imgsrv-sxm-prod-device.streaming.siriusxm.com/eyJrZXkiOiJpZi9kYy9kY2U4NDkxNTI0MzUzM2MwYTlmZTBkZmRmMjY1ZGI4MV8xNzU2ODQwNTY0LmpwZyIsImVkaXRzIjpbeyJmb3JtYXQiOnsidHlwZSI6ImpwZWcifX0seyJyZXNpemUiOnsid2lkdGgiOjYwMCwiaGVpZ2h0Ijo2MDB9fV19,https://www.siriusxm.com/player/talent/entity/bc0adfb3-765e-4b0d-b4a0-2b0271c3be37
ff727541-987d-4362-8dec-3e965e6cd895,Sarah Silverman,sarah-silverman,https://imgsrv-sxm-prod-device.streaming.siriusxm.com/eyJrZXkiOiJlbnRpdHktbWFuYWdlbWVudC9lMi9lMjViOTBjMGIwYmU1NGZhMDA4ZDA1NzZhYTdjMWE5Ml8xNzIyNDM4ODg3NjE0LmpwZWciLCJlZGl0cyI6W3siZm9ybWF0Ijp7InR5cGUiOiJqcGVnIn19LHsicmVzaXplIjp7IndpZHRoIjo2MDAsImhlaWdodCI6NjAwfX1dfQ==,https://www.siriusxm.com/player/talent/entity/ff727541-987d-4362-8dec-3e965e6cd895
98df252f-7c4b-4c0f-a84a-b9974916a287,Sarah Spain,sarah-spain,,https://www.siriusxm.com/player/talent/entity/98df252f-7c4b-4c0f-a84a-b9974916a287
16836083-fab9-425c-8aac-5792f8bcf59c,Sasheer Zamata,sasheer-zamata,https://imgsrv-sxm-prod-device.streaming.siriusxm.com/eyJrZXkiOiJpZi84Zi84ZjExNzJiNmM5MGQzNDY1OTg1YjEzMzFlMTJkYjAwOV8xNzU2ODQwNDQ4LmpwZyIsImVkaXRzIjpbeyJmb3JtYXQiOnsidHlwZSI6ImpwZWcifX0seyJyZXNpemUiOnsid2lkdGgiOjYwMCwiaGVpZ2h0Ijo2MDB9fV19,https://www.siriusxm.com/player/talent/entity/16836083-fab9-425c-8aac-5792f8bcf59c
1adb688b-cd86-4ed3-ad93-193ad3c82bc2,Scott Aukerman,scott-aukerman,https://imgsrv-sxm-prod-device.streaming.siriusxm.com/eyJrZXkiOiJlbnRpdHktbWFuYWdlbWVudC9hZC9hZDkwMWViZWVkMGNiOWE2MzUwOWIwY2E4OGU4ZmJhM18xNzE3NTM3NzcyNTEyLmpwZWciLCJlZGl0cyI6W3siZm9ybWF0Ijp7InR5cGUiOiJqcGVnIn19LHsicmVzaXplIjp7IndpZHRoIjo2MDAsImhlaWdodCI6NjAwfX1dfQ==,https://www.siriusxm.com/player/talent/entity/1adb688b-cd86-4ed3-ad93-193ad3c82bc2
370749df-2632-4661-9d6f-1a53017fbed8,Scott Ian,scott-ian,,https://www.siriusxm.com/player/talent/entity/370749df-2632-4661-9d6f-1a53017fbed8
b3982eea-21ba-453d-9574-ac785f18db8e,Scott Sigler,scott-sigler,,https://www.siriusxm.com/player/talent/entity/b3982eea-21ba-453d-9574-ac785f18db8e
51ab4b4e-0abd-4e7a-b787-a9890007beed,Scotty,scotty,,https://www.siriusxm.com/player/talent/entity/51ab4b4e-0abd-4e7a-b787-a9890007beed
5462ed00-f157-4203-90f7-5b4774893bd1,Scotty McCreery,scotty-mccreery,,https://www.siriusxm.com/player/talent/entity/5462ed00-f157-4203-90f7-5b4774893bd1
bb8178cd-eab6-4eb8-8522-f949c37a7de1,Sean Burke,sean-burke,,https://www.siriusxm.com/player/talent/entity/bb8178cd-eab6-4eb8-8522-f949c37a7de1
029e4d59-e529-4cc7-a648-a224c7207ced,Sean Hannity,sean-hannity,https://imgsrv-sxm-prod-device.streaming.siriusxm.com/eyJrZXkiOiJpZi80YS80YTI1YmRjYzUzNzczZGI0YTczZjY4NTEyMWZlMTA3Y18xNzU2ODM4NTI2LmpwZyIsImVkaXRzIjpbeyJmb3JtYXQiOnsidHlwZSI6ImpwZWcifX0seyJyZXNpemUiOnsid2lkdGgiOjYwMCwiaGVpZ2h0Ijo2MDB9fV19,https://www.siriusxm.com/player/talent/entity/029e4d59-e529-4cc7-a648-a224c7207ced
1ddb090b-842b-4470-a282-b3af3ce348fd,Sean Hayes,sean-hayes,https://imgsrv-sxm-prod-device.streaming.siriusxm.com/eyJrZXkiOiJpZi9jYy9jYzJhYjQxZGE1NWMzZDg5YTU2OGNkNGI3NGIwN2EwM18xNzU2ODQwNDM3LmpwZyIsImVkaXRzIjpbeyJmb3JtYXQiOnsidHlwZSI6ImpwZWcifX0seyJyZXNpemUiOnsid2lkdGgiOjYwMCwiaGVpZ2h0Ijo2MDB9fV19,https://www.siriusxm.com/player/talent/entity/1ddb090b-842b-4470-a282-b3af3ce348fd
533b217d-15cf-4027-858c-f18bbdc4a976,Sean Jordan,sean-jordan,,https://www.siriusxm.com/player/talent/entity/533b217d-15cf-4027-858c-f18bbdc4a976
70591d4f-7b86-4096-b55e-029801085768,Sebastian Maniscalco,sebastian-maniscalco,https://imgsrv-sxm-prod-device.streaming.siriusxm.com/eyJrZXkiOiJlbnRpdHktbWFuYWdlbWVudC8yMy8yMzE2YTkyNDNhNTdiOGNlNTc1NmM4MDc3MWVmZTcyM18xNzAwNjIyMDg3NjkzLmpwZWciLCJlZGl0cyI6W3siZm9ybWF0Ijp7InR5cGUiOiJqcGVnIn19LHsicmVzaXplIjp7IndpZHRoIjo2MDAsImhlaWdodCI6NjAwfX1dfQ==,https://www.siriusxm.com/player/talent/entity/70591d4f-7b86-4096-b55e-029801085768
b877e132-2220-4e4a-b242-f7d1e4cae021,Selena Gomez,selena-gomez,https://imgsrv-sxm-prod-device.streaming.siriusxm.com/eyJrZXkiOiJlbnRpdHktbWFuYWdlbWVudC84Zi84ZmU2ZDdiMTMzMzVkNzFhNjg0ZDc4OTVlYTNkMWQxZV8xNzA0MzIzNzU3ODYxLmpwZWciLCJlZGl0cyI6W3siZm9ybWF0Ijp7InR5cGUiOiJqcGVnIn19LHsicmVzaXplIjp7IndpZHRoIjo2MDAsImhlaWdodCI6NjAwfX1dfQ==,https://www.siriusxm.com/player/talent/entity/b877e132-2220-4e4a-b242-f7d1e4cae021
2c7a09d2-504e-4339-9dfe-49a6cedf2ee2,Sequoia Holmes,sequoia-holmes,https://imgsrv-sxm-prod-device.streaming.siriusxm.com/eyJrZXkiOiJpZi9jYy9jYzU3YTFhNDVmY2MzOTQyYTJiYzk3OGMyMmU3MDI4Zl8xNzU2ODQwNjM0LmpwZyIsImVkaXRzIjpbeyJmb3JtYXQiOnsidHlwZSI6ImpwZWcifX0seyJyZXNpemUiOnsid2lkdGgiOjYwMCwiaGVpZ2h0Ijo2MDB9fV19,https://www.siriusxm.com/player/talent/entity/2c7a09d2-504e-4339-9dfe-49a6cedf2ee2
a69baa04-35b3-4d77-8eb6-db846dbe3704,Seth Greenberg,seth-greenberg,,https://www.siriusxm.com/player/talent/entity/a69baa04-35b3-4d77-8eb6-db846dbe3704
a02d486a-6059-457d-9cb3-ef13b7aebc1a,Seth Meyers,seth-meyers,,https://www.siriusxm.com/player/talent/entity/a02d486a-6059-457d-9cb3-ef13b7aebc1a
bb249904-8814-4c4d-b698-a6fbb9e4f295,Seth Rogen,seth-rogen,https://imgsrv-sxm-prod-device.streaming.siriusxm.com/eyJrZXkiOiJlbnRpdHktbWFuYWdlbWVudC8zOS8zOWM0MGFkZGNjZWExNDQ0ODk3NWM2YTZiY2U3M2JiMF8xNzIxNjg5NDA4OTE0LmpwZWciLCJlZGl0cyI6W3siZm9ybWF0Ijp7InR5cGUiOiJqcGVnIn19LHsicmVzaXplIjp7IndpZHRoIjo2MDAsImhlaWdodCI6NjAwfX1dfQ==,https://www.siriusxm.com/player/talent/entity/bb249904-8814-4c4d-b698-a6fbb9e4f295
438dd61c-6dc8-4262-a659-7d29cb6d9b69,Seth Rudetsky,seth-rudetsky,https://imgsrv-sxm-prod-device.streaming.siriusxm.com/eyJrZXkiOiJlbnRpdHktbWFuYWdlbWVudC80Ny80N2E1OWJmM2VjYTBjMmUyZmRjNGVmMTk2MDUxZmE5ZF8xNzAyNTA2MzkwMjMzLmpwZWciLCJlZGl0cyI6W3siZm9ybWF0Ijp7InR5cGUiOiJqcGVnIn19LHsicmVzaXplIjp7IndpZHRoIjo2MDAsImhlaWdodCI6NjAwfX1dfQ==,https://www.siriusxm.com/player/talent/entity/438dd61c-6dc8-4262-a659-7d29cb6d9b69
f33a76da-53aa-46ba-aaf9-51dc909b5fd0,Sevendust,sevendust,https://imgsrv-sxm-prod-device.streaming.siriusxm.com/eyJrZXkiOiJlbnRpdHktbWFuYWdlbWVudC81Yi81YjcwZDNmYTY5NTJhNWQyZjUzZTlmYTliMWY1OTc0Ml8xNzA0MzIzNzk0MTk3LmpwZWciLCJlZGl0cyI6W3siZm9ybWF0Ijp7InR5cGUiOiJqcGVnIn19LHsicmVzaXplIjp7IndpZHRoIjo2MDAsImhlaWdodCI6NjAwfX1dfQ==,https://www.siriusxm.com/player/talent/entity/f33a76da-53aa-46ba-aaf9-51dc909b5fd0
fce122a7-feec-4864-91db-64661998e6e7,Shaggy,shaggy,https://imgsrv-sxm-prod-device.streaming.siriusxm.com/eyJrZXkiOiJlbnRpdHktbWFuYWdlbWVudC9jOC9jODA3MDBjYzVjZjExM2I1ZDE2OTMzNzQ0MWU0YTU4MF8xNzAyMzE4MzQ4NTc0LnBuZyIsImVkaXRzIjpbeyJmb3JtYXQiOnsidHlwZSI6ImpwZWcifX0seyJyZXNpemUiOnsid2lkdGgiOjYwMCwiaGVpZ2h0Ijo2MDB9fV19,https://www.siriusxm.com/player/talent/entity/fce122a7-feec-4864-91db-64661998e6e7
f31ad9ba-2aef-4eb0-a800-78ded7e3b1be,Shania Twain,shania-twain,,https://www.siriusxm.com/player/talent/entity/f31ad9ba-2aef-4eb0-a800-78ded7e3b1be
40379dd3-e68d-4839-9674-636e298c40b0,Shankar Vedantam,shankar-vedantam,,https://www.siriusxm.com/player/talent/entity/40379dd3-e68d-4839-9674-636e298c40b0
ddca9143-381e-421d-bdfb-b8aa9399356b,Shannon Gunz,shannon-gunz,https://imgsrv-sxm-prod-device.streaming.siriusxm.com/eyJrZXkiOiJlbnRpdHktbWFuYWdlbWVudC9kNS9kNTE0NWM2NDk4M2NiZjI1NDI4N2FjYjMxYzQ4MmViYV8xNzAyMjMwMTk4ODMxLnBuZyIsImVkaXRzIjpbeyJmb3JtYXQiOnsidHlwZSI6ImpwZWcifX0seyJyZXNpemUiOnsid2lkdGgiOjYwMCwiaGVpZ2h0Ijo2MDB9fV19,https://www.siriusxm.com/player/talent/entity/ddca9143-381e-421d-bdfb-b8aa9399356b
69cd0fc0-ec1b-4293-b36d-cd42ec563da9,Shannon Sharpe,shannon-sharpe,https://imgsrv-sxm-prod-device.streaming.siriusxm.com/eyJrZXkiOiJlbnRpdHktbWFuYWdlbWVudC9kNC9kNDg3YzUzZTFkNjE4NmQ3MTg1N2ExZWJkMTc0YzYxNV8xNzM5NDYzOTQyNjEyLmpwZWciLCJlZGl0cyI6W3siZm9ybWF0Ijp7InR5cGUiOiJqcGVnIn19LHsicmVzaXplIjp7IndpZHRoIjo2MDAsImhlaWdodCI6NjAwfX1dfQ==,https://www.siriusxm.com/player/talent/entity/69cd0fc0-ec1b-4293-b36d-cd42ec563da9
ccb04e15-d14b-4f0a-8503-96e66ac47f34,Shannon Spake,shannon-spake,,https://www.siriusxm.com/player/talent/entity/ccb04e15-d14b-4f0a-8503-96e66ac47f34
53c5bdb3-9086-4d1f-a965-7915940be725,Shaquille O'Neal,shaquille-oneal,,https://www.siriusxm.com/player/talent/entity/53c5bdb3-9086-4d1f-a965-7915940be725
0ec744ff-e362-4f2e-b511-f64a0793da3d,Shawn Levy,shawn-levy,https://imgsrv-sxm-prod-device.streaming.siriusxm.com/eyJrZXkiOiJpZi84Yi84YmU4YmY5NmIwNzkzZDZmYmIyNzQ5NmFkMWYwNTc3MF8xNzU2ODQwNjQzLmpwZyIsImVkaXRzIjpbeyJmb3JtYXQiOnsidHlwZSI6ImpwZWcifX0seyJyZXNpemUiOnsid2lkdGgiOjYwMCwiaGVpZ2h0Ijo2MDB9fV19,https://www.siriusxm.com/player/talent/entity/0ec744ff-e362-4f2e-b511-f64a0793da3d
9c1eefbb-aed3-41eb-821f-3ea1bd46841f,Shawn Winkler,shawn-winkler,,https://www.siriusxm.com/player/talent/entity/9c1eefbb-aed3-41eb-821f-3ea1bd46841f
d1371b1c-9f8f-4cbd-b839-79170d6df0c2,Shemekia Copeland,shemekia-copeland,,https://www.siriusxm.com/player/talent/entity/d1371b1c-9f8f-4cbd-b839-79170d6df0c2
ae907d63-bcb5-47cf-842a-50c69b132667,Sheryl Underwood,sheryl-underwood,,https://www.siriusxm.com/player/talent/entity/ae907d63-bcb5-47cf-842a-50c69b132667
5a440b86-f335-4f72-8dab-a2240fa4fe02,Shinedown,shinedown,https://imgsrv-sxm-prod-device.streaming.siriusxm.com/eyJrZXkiOiJlbnRpdHktbWFuYWdlbWVudC9iMC9iMDgyOTEzMjJlZGJlOTU1ZjBlZjM5MTM2NDA0MjM0N18xNzA0MzIzNjgyOTQ4LmpwZWciLCJlZGl0cyI6W3siZm9ybWF0Ijp7InR5cGUiOiJqcGVnIn19LHsicmVzaXplIjp7IndpZHRoIjo2MDAsImhlaWdodCI6NjAwfX1dfQ==,https://www.siriusxm.com/player/talent/entity/5a440b86-f335-4f72-8dab-a2240fa4fe02
57e62221-311b-40fd-bc3e-92c6a57adb48,Shooter Jennings,shooter-jennings,https://imgsrv-sxm-prod-device.streaming.siriusxm.com/eyJrZXkiOiJlbnRpdHktbWFuYWdlbWVudC80OC80ODkyMTFjNGRmMTg4YzRlNDM5YTM0YzkzY2RlZjZhNl8xNzAyMjI4NjE4NDE1LnBuZyIsImVkaXRzIjpbeyJmb3JtYXQiOnsidHlwZSI6ImpwZWcifX0seyJyZXNpemUiOnsid2lkdGgiOjYwMCwiaGVpZ2h0Ijo2MDB9fV19,https://www.siriusxm.com/player/talent/entity/57e62221-311b-40fd-bc3e-92c6a57adb48
b58783fd-e356-409b-9703-737406784c13,Shotgun Tom Kelly,shotgun-tom-kelly,,https://www.siriusxm.com/player/talent/entity/b58783fd-e356-409b-9703-737406784c13
795bcdcf-1950-4427-87a8-a5ffd4e4e424,Simon Le Bon,simon-le-bon,https://imgsrv-sxm-prod-device.streaming.siriusxm.com/eyJrZXkiOiJlbnRpdHktbWFuYWdlbWVudC8wMS8wMWI4MTg1NGVmMGNmODRhYjA3ZWRiYzNmZTYxYzg4ZF8xNzIyNjE5OTU3NTUyLmpwZWciLCJlZGl0cyI6W3siZm9ybWF0Ijp7InR5cGUiOiJqcGVnIn19LHsicmVzaXplIjp7IndpZHRoIjo2MDAsImhlaWdodCI6NjAwfX1dfQ==,https://www.siriusxm.com/player/talent/entity/795bcdcf-1950-4427-87a8-a5ffd4e4e424
c2efd752-39e2-4057-bd0b-74498cefd4f0,Simon Mayo,simon-mayo,,https://www.siriusxm.com/player/talent/entity/c2efd752-39e2-4057-bd0b-74498cefd4f0
2eef1958-4859-4c67-b895-17616853991e,Simon Sinek,simon-sinek,,https://www.siriusxm.com/player/talent/entity/2eef1958-4859-4c67-b895-17616853991e
5c1e9c5e-c064-4c81-9875-af91c12a3d23,Sinclair Skinner,sinclair-skinner,,https://www.siriusxm.com/player/talent/entity/5c1e9c5e-c064-4c81-9875-af91c12a3d23
a5d6c204-92c4-4037-b603-c77e1b70bb54,Skip Bayless,skip-bayless,,https://www.siriusxm.com/player/talent/entity/a5d6c204-92c4-4037-b603-c77e1b70bb54
874811ae-dacf-408b-8875-8f9dabfa6a63,Slim Jim Phantom,slim-jim-phantom,,https://www.siriusxm.com/player/talent/entity/874811ae-dacf-408b-8875-8f9dabfa6a63
0de07cc7-3432-45f7-9778-53a034c3041e,Smith Sisters,smith-sisters,https://imgsrv-sxm-prod-device.streaming.siriusxm.com/eyJrZXkiOiJlbnRpdHktbWFuYWdlbWVudC8xMC8xMGE3OGRhZTQwYmE2ZmU4YjU1MDJjYWJhMjQyZTEyZl8xNzE3NjEyOTYyMjYxLmpwZWciLCJlZGl0cyI6W3siZm9ybWF0Ijp7InR5cGUiOiJqcGVnIn19LHsicmVzaXplIjp7IndpZHRoIjo2MDAsImhlaWdodCI6NjAwfX1dfQ==,https://www.siriusxm.com/player/talent/entity/0de07cc7-3432-45f7-9778-53a034c3041e
91734c4b-65cd-4a82-92d3-144b3c67f946,Smokey Robinson,smokey-robinson,https://imgsrv-sxm-prod-device.streaming.siriusxm.com/eyJrZXkiOiJlbnRpdHktbWFuYWdlbWVudC9iNC9iNDc0MzMxYWQyOTg3MmRkYjg2ZTg3ODdlNzBiNzAwZF8xNzAyMzE4NDcwNzg3LnBuZyIsImVkaXRzIjpbeyJmb3JtYXQiOnsidHlwZSI6ImpwZWcifX0seyJyZXNpemUiOnsid2lkdGgiOjYwMCwiaGVpZ2h0Ijo2MDB9fV19,https://www.siriusxm.com/player/talent/entity/91734c4b-65cd-4a82-92d3-144b3c67f946
fcb2ddf3-5248-4411-b603-9552aa12f2aa,Snoop Dogg,snoop-dogg,https://imgsrv-sxm-prod-device.streaming.siriusxm.com/eyJrZXkiOiJlbnRpdHktbWFuYWdlbWVudC83YS83YTIzOTVhMWJhMzIxYzNmNmFjNjY1OWYyNzRjYmE0YV8xNzAwNjIxMzY3MDEyLmpwZWciLCJlZGl0cyI6W3siZm9ybWF0Ijp7InR5cGUiOiJqcGVnIn19LHsicmVzaXplIjp7IndpZHRoIjo2MDAsImhlaWdodCI6NjAwfX1dfQ==,https://www.siriusxm.com/player/talent/entity/fcb2ddf3-5248-4411-b603-9552aa12f2aa
5a8182b2-42c0-4092-b3c9-817ceb3da0a4,Sona Movsesian,sona-movsesian,https://imgsrv-sxm-prod-device.streaming.siriusxm.com/eyJrZXkiOiJlbnRpdHktbWFuYWdlbWVudC83MS83MTA2NTg4NWYxNDExOWE1NzZiNzQ2YWZjODdiYzlmMF8xNzEzOTEwMjEzNjU5LmpwZWciLCJlZGl0cyI6W3siZm9ybWF0Ijp7InR5cGUiOiJqcGVnIn19LHsicmVzaXplIjp7IndpZHRoIjo2MDAsImhlaWdodCI6NjAwfX1dfQ==,https://www.siriusxm.com/player/talent/entity/5a8182b2-42c0-4092-b3c9-817ceb3da0a4
f0fe87af-ea42-47a8-bbbf-61b056c16386,Sophia Kianni,sophia-kianni,https://imgsrv-sxm-prod-device.streaming.siriusxm.com/eyJrZXkiOiJlbnRpdHktbWFuYWdlbWVudC82NS82NTAzYTkwOGNlOTE3MGZjM2I5MzE3NTYwOGUyYWQ0M18xNzQzNTMzMTEzNjU2LmpwZWciLCJlZGl0cyI6W3siZm9ybWF0Ijp7InR5cGUiOiJqcGVnIn19LHsicmVzaXplIjp7IndpZHRoIjo2MDAsImhlaWdodCI6NjAwfX1dfQ==,https://www.siriusxm.com/player/talent/entity/f0fe87af-ea42-47a8-bbbf-61b056c16386
0dc8f48c-6785-4738-8bae-8bcbf42beb73,Spyder Harrison,spyder-harrison,https://imgsrv-sxm-prod-device.streaming.siriusxm.com/eyJrZXkiOiJlbnRpdHktbWFuYWdlbWVudC83MS83MTQwYzgwY2IzNjI4MzZhMTNmYjc5N2I1ZDg3YjU3OV8xNzIyNTM1NzQxNjAzLmpwZWciLCJlZGl0cyI6W3siZm9ybWF0Ijp7InR5cGUiOiJqcGVnIn19LHsicmVzaXplIjp7IndpZHRoIjo2MDAsImhlaWdodCI6NjAwfX1dfQ==,https://www.siriusxm.com/player/talent/entity/0dc8f48c-6785-4738-8bae-8bcbf42beb73
37b60600-d103-43ea-bff0-b039d39dd1cc,Stacey Abrams,stacey-abrams,https://imgsrv-sxm-prod-device.streaming.siriusxm.com/eyJrZXkiOiJpZi9mNy9mN2JjMzg5NTVjNzYzNjBkOWIyM2I2NmExMzAwNzNlYl8xNzU2ODQwNTQyLmpwZyIsImVkaXRzIjpbeyJmb3JtYXQiOnsidHlwZSI6ImpwZWcifX0seyJyZXNpemUiOnsid2lkdGgiOjYwMCwiaGVpZ2h0Ijo2MDB9fV19,https://www.siriusxm.com/player/talent/entity/37b60600-d103-43ea-bff0-b039d39dd1cc
7d7bf7de-9b61-4d5c-9e45-d0004ea29045,Stacy Washington,stacy-washington,https://imgsrv-sxm-prod-device.streaming.siriusxm.com/eyJrZXkiOiJlbnRpdHktbWFuYWdlbWVudC9hNy9hN2ZjYjcxNGI2NDFjMTcxODBmNjM2ZWE3NGIxMDI4OF8xNzMxMzczMzk0OTU0LmpwZWciLCJlZGl0cyI6W3siZm9ybWF0Ijp7InR5cGUiOiJqcGVnIn19LHsicmVzaXplIjp7IndpZHRoIjo2MDAsImhlaWdodCI6NjAwfX1dfQ==,https://www.siriusxm.com/player/talent/entity/7d7bf7de-9b61-4d5c-9e45-d0004ea29045
829db8a4-90ad-4284-abc6-697ec1503e22,Stanley T,stanley-t,https://imgsrv-sxm-prod-device.streaming.siriusxm.com/eyJrZXkiOiJlbnRpdHktbWFuYWdlbWVudC9lZi9lZjVjMzRkNzI0MzFjMDJjYTIzMjFlNzA2N2MwMGE1Yl8xNzA4MDMwNTAwNTg2LmpwZWciLCJlZGl0cyI6W3siZm9ybWF0Ijp7InR5cGUiOiJqcGVnIn19LHsicmVzaXplIjp7IndpZHRoIjo2MDAsImhlaWdodCI6NjAwfX1dfQ==,https://www.siriusxm.com/player/talent/entity/829db8a4-90ad-4284-abc6-697ec1503e22
c6ae1881-6a3b-46ca-b389-d2bd7cf7d678,Statik Selektah,statik-selektah,,https://www.siriusxm.com/player/talent/entity/c6ae1881-6a3b-46ca-b389-d2bd7cf7d678
80f0828e-c973-48d5-af72-e9fc9b44a8cd,Stefan Molyneux,stefan-molyneux,,https://www.siriusxm.com/player/talent/entity/80f0828e-c973-48d5-af72-e9fc9b44a8cd
a4c9240f-9a9f-449b-be7e-4284df75ba0b,Steph Tolev,steph-tolev,https://imgsrv-sxm-prod-device.streaming.siriusxm.com/eyJrZXkiOiJlbnRpdHktbWFuYWdlbWVudC85MS85MTViMzg3N2ExNjg3MzkwM2FlN2EyYThlMjQzZTFiZl8xNzQ0Mjk3ODg0NjY3LmpwZWciLCJlZGl0cyI6W3siZm9ybWF0Ijp7InR5cGUiOiJqcGVnIn19LHsicmVzaXplIjp7IndpZHRoIjo2MDAsImhlaWdodCI6NjAwfX1dfQ==,https://www.siriusxm.com/player/talent/entity/a4c9240f-9a9f-449b-be7e-4284df75ba0b
1d412291-06b7-42a3-8f9f-bddb66377f2f,Stephanie Miller,stephanie-miller,,https://www.siriusxm.com/player/talent/entity/1d412291-06b7-42a3-8f9f-bddb66377f2f
1f574be0-7427-4827-8bda-034d132e8a03,Stephanie Ruhle,stephanie-ruhle,,https://www.siriusxm.com/player/talent/entity/1f574be0-7427-4827-8bda-034d132e8a03
2aa47542-02d5-49d5-a602-c870c0d529d6,Stephen A. Smith,stephen-a-smith,https://imgsrv-sxm-prod-device.streaming.siriusxm.com/eyJrZXkiOiJpZi9mZi9mZmRmZmI0OTAzYzgzZTBjOGFkYjQ4NTI1NjE0YTUwNV8xNzU2ODQ4NjUwLmpwZyIsImVkaXRzIjpbeyJmb3JtYXQiOnsidHlwZSI6ImpwZWcifX0seyJyZXNpemUiOnsid2lkdGgiOjYwMCwiaGVpZ2h0Ijo2MDB9fV19,https://www.siriusxm.com/player/talent/entity/2aa47542-02d5-49d5-a602-c870c0d529d6
a1ed9d5f-9b9e-41eb-ba1c-868db0ef17c6,Stephen Colbert,stephen-colbert,https://imgsrv-sxm-prod-device.streaming.siriusxm.com/eyJrZXkiOiJpZi82Yy82YzlkOTBjZDliMzAzYTY2YTcyMmY4MmI3ZGQyMDhjM18xNzU2ODQwNjE0LmpwZyIsImVkaXRzIjpbeyJmb3JtYXQiOnsidHlwZSI6ImpwZWcifX0seyJyZXNpemUiOnsid2lkdGgiOjYwMCwiaGVpZ2h0Ijo2MDB9fV19,https://www.siriusxm.com/player/talent/entity/a1ed9d5f-9b9e-41eb-ba1c-868db0ef17c6
35afd77f-c31e-41a5-87a0-8c741edd3abc,Stephen Colbert,stephen-colbert,,https://www.siriusxm.com/player/talent/entity/35afd77f-c31e-41a5-87a0-8c741edd3abc
7243f97a-247b-43a6-8e27-f94eba79b2bf,Stephen Dubner,stephen-dubner,,https://www.siriusxm.com/player/talent/entity/7243f97a-247b-43a6-8e27-f94eba79b2bf
f46b15e7-6e8c-47d4-8258-a211461a3563,Steve Aoki,steve-aoki,https://imgsrv-sxm-prod-device.streaming.siriusxm.com/eyJrZXkiOiJlbnRpdHktbWFuYWdlbWVudC9mZi9mZjhhNGY2NzQwNWI2YmQ0Nzc2ZjU1NjE4YzU3YjZhNl8xNzAyMzIwMjYxOTg3LnBuZyIsImVkaXRzIjpbeyJmb3JtYXQiOnsidHlwZSI6ImpwZWcifX0seyJyZXNpemUiOnsid2lkdGgiOjYwMCwiaGVpZ2h0Ijo2MDB9fV19,https://www.siriusxm.com/player/talent/entity/f46b15e7-6e8c-47d4-8258-a211461a3563
332eb9b2-8b6b-4ebd-914c-f9e1f0569c86,Steve Byrne,steve-byrne,,https://www.siriusxm.com/player/talent/entity/332eb9b2-8b6b-4ebd-914c-f9e1f0569c86
76e4b0cc-6c9b-4f26-92af-a88cea2ab182,Steve Covino,steve-covino,https://imgsrv-sxm-prod-device.streaming.siriusxm.com/eyJrZXkiOiJlbnRpdHktbWFuYWdlbWVudC9kMC9kMDg4MmU5ZTIxNGEzNTk1ZjFkYzY2OWViNmZmMGVlYV8xNzA4NTcwMzA0MjQyLmpwZWciLCJlZGl0cyI6W3siZm9ybWF0Ijp7InR5cGUiOiJqcGVnIn19LHsicmVzaXplIjp7IndpZHRoIjo2MDAsImhlaWdodCI6NjAwfX1dfQ==,https://www.siriusxm.com/player/talent/entity/76e4b0cc-6c9b-4f26-92af-a88cea2ab182
0fb5eb70-b47a-4404-b29c-6ef1f66b6943,Steve Earle,steve-earle,https://imgsrv-sxm-prod-device.streaming.siriusxm.com/eyJrZXkiOiJlbnRpdHktbWFuYWdlbWVudC8zZS8zZTcwOGU0MTEyOTA5YzNjNTQ0YzgzZDlmOTRiODM3M18xNzAyNDEzMjY3NDY3LmpwZWciLCJlZGl0cyI6W3siZm9ybWF0Ijp7InR5cGUiOiJqcGVnIn19LHsicmVzaXplIjp7IndpZHRoIjo2MDAsImhlaWdodCI6NjAwfX1dfQ==,https://www.siriusxm.com/player/talent/entity/0fb5eb70-b47a-4404-b29c-6ef1f66b6943
b3b81d50-a73a-47cb-8ea5-f8b3b3839239,Steve Harvey,steve-harvey,https://imgsrv-sxm-prod-device.streaming.siriusxm.com/eyJrZXkiOiJpZi8zMS8zMWEyNWM5NDU5NjMzMjc4YTRkM2IyODgxNDJlNjI5MV8xNzU2ODQwMzc1LmpwZyIsImVkaXRzIjpbeyJmb3JtYXQiOnsidHlwZSI6ImpwZWcifX0seyJyZXNpemUiOnsid2lkdGgiOjYwMCwiaGVpZ2h0Ijo2MDB9fV19,https://www.siriusxm.com/player/talent/entity/b3b81d50-a73a-47cb-8ea5-f8b3b3839239
61edb0f8-9ce2-41b1-8083-2959d1d32b3e,Steve Harvey,steve-harvey,,https://www.siriusxm.com/player/talent/entity/61edb0f8-9ce2-41b1-8083-2959d1d32b3e
6f3633bc-72e5-4193-9d88-7b3541c127af,Steve Phillips,steve-phillips,,https://www.siriusxm.com/player/talent/entity/6f3633bc-72e5-4193-9d88-7b3541c127af
8b172125-a5bb-4396-91a3-43f67d862472,Steve Scully,steve-scully,https://imgsrv-sxm-prod-device.streaming.siriusxm.com/eyJrZXkiOiJlbnRpdHktbWFuYWdlbWVudC8yZC8yZGJhYmJmMWUwOTUwMTE4Yjk0ZGZkYTJkMjNhOGJlMV8xNzAxNDUzNjc0NzgwLmpwZWciLCJlZGl0cyI6W3siZm9ybWF0Ijp7InR5cGUiOiJqcGVnIn19LHsicmVzaXplIjp7IndpZHRoIjo2MDAsImhlaWdodCI6NjAwfX1dfQ==,https://www.siriusxm.com/player/talent/entity/8b172125-a5bb-4396-91a3-43f67d862472
6d2daa82-3b56-4954-97e8-b94c965a5a7c,Steven Crowder,steven-crowder,,https://www.siriusxm.com/player/talent/entity/6d2daa82-3b56-4954-97e8-b94c965a5a7c
acf8a01d-96b8-4174-bd0d-dd32abd9887b,Steven Kapp Perry,steven-kapp-perry,,https://www.siriusxm.com/player/talent/entity/acf8a01d-96b8-4174-bd0d-dd32abd9887b
6ca915cb-cc7e-4ee8-9bd9-b905ce97a87d,Steven Levitt,steven-levitt,,https://www.siriusxm.com/player/talent/entity/6ca915cb-cc7e-4ee8-9bd9-b905ce97a87d
19f68ee5-31df-4c2d-a87f-32b262afb735,Steven Rinella,steven-rinella,,https://www.siriusxm.com/player/talent/entity/19f68ee5-31df-4c2d-a87f-32b262afb735
cbbe2f92-e1fd-4cae-83ea-6c57ff806af3,Steven Wilson,steven-wilson,,https://www.siriusxm.com/player/talent/entity/cbbe2f92-e1fd-4cae-83ea-6c57ff806af3
373d9470-9711-4601-ac70-76bc849604d7,Stevie Nicks,stevie-nicks,,https://www.siriusxm.com/player/talent/entity/373d9470-9711-4601-ac70-76bc849604d7
9d8b8527-c218-41f3-820a-ae0dcc95e910,Sugar Ray,sugar-ray,,https://www.siriusxm.com/player/talent/entity/9d8b8527-c218-41f3-820a-ae0dcc95e910
1c75863c-4ed7-461a-a44f-9d024b3c771c,Sum 41,sum-41,,https://www.siriusxm.com/player/talent/entity/1c75863c-4ed7-461a-a44f-9d024b3c771c
967af678-dcde-4e62-a033-e4bb449dc6a4,Sunny Sweeney,sunny-sweeney,,https://www.siriusxm.com/player/talent/entity/967af678-dcde-4e62-a033-e4bb449dc6a4
017b0f93-12a0-4174-90aa-02b3f6d337f4,Swaggy Sie,swaggy-sie,https://imgsrv-sxm-prod-device.streaming.siriusxm.com/eyJrZXkiOiJlbnRpdHktbWFuYWdlbWVudC9kMi9kMjJkNTEyYjY1MGNhYzkyMzE3MjExYjc0OWYwMDQ5Y18xNzAyMjMwNzE4MjcwLnBuZyIsImVkaXRzIjpbeyJmb3JtYXQiOnsidHlwZSI6ImpwZWcifX0seyJyZXNpemUiOnsid2lkdGgiOjYwMCwiaGVpZ2h0Ijo2MDB9fV19,https://www.siriusxm.com/player/talent/entity/017b0f93-12a0-4174-90aa-02b3f6d337f4
e956cd97-f9e7-41f3-b317-0eac0521d58b,Sway,sway,,https://www.siriusxm.com/player/talent/entity/e956cd97-f9e7-41f3-b317-0eac0521d58b
1a2132b2-24ca-4f2b-b42a-cd2b4ba6c431,Sway Calloway,sway-calloway,https://imgsrv-sxm-prod-device.streaming.siriusxm.com/eyJrZXkiOiJlbnRpdHktbWFuYWdlbWVudC83My83MzE3YWUxMTc0YWNkYzgyOGFkZWY0NTQwNzVhZTgwNl8xNzAyMjI1MzQyODQ3LnBuZyIsImVkaXRzIjpbeyJmb3JtYXQiOnsidHlwZSI6ImpwZWcifX0seyJyZXNpemUiOnsid2lkdGgiOjYwMCwiaGVpZ2h0Ijo2MDB9fV19,https://www.siriusxm.com/player/talent/entity/1a2132b2-24ca-4f2b-b42a-cd2b4ba6c431
e9841a14-8419-47c8-a359-f4dc5dbf38f3,Swedish Egil,swedish-egil,https://imgsrv-sxm-prod-device.streaming.siriusxm.com/eyJrZXkiOiJlbnRpdHktbWFuYWdlbWVudC81Mi81MjUzNTE0N2QxZWU2ZTQwY2VjNWZkMzI4YmYyNDI4Nl8xNzA5NjY5NjE1MjgyLnBuZyIsImVkaXRzIjpbeyJmb3JtYXQiOnsidHlwZSI6ImpwZWcifX0seyJyZXNpemUiOnsid2lkdGgiOjYwMCwiaGVpZ2h0Ijo2MDB9fV19,https://www.siriusxm.com/player/talent/entity/e9841a14-8419-47c8-a359-f4dc5dbf38f3
c5fa7c95-9e4d-42bc-8037-0b77da10f244,Switchfoot,switchfoot,https://imgsrv-sxm-prod-device.streaming.siriusxm.com/eyJrZXkiOiJlbnRpdHktbWFuYWdlbWVudC83Ny83NzRhZjBlZTg1NGQ0ZmJhNjVkZjBkNzMxNzU1MDdmMl8xNzA0MzIzNzcwODg2LmpwZWciLCJlZGl0cyI6W3siZm9ybWF0Ijp7InR5cGUiOiJqcGVnIn19LHsicmVzaXplIjp7IndpZHRoIjo2MDAsImhlaWdodCI6NjAwfX1dfQ==,https://www.siriusxm.com/player/talent/entity/c5fa7c95-9e4d-42bc-8037-0b77da10f244
89f5a7b1-4781-469b-b290-e45cd03358c2,Symon,symon,,https://www.siriusxm.com/player/talent/entity/89f5a7b1-4781-469b-b290-e45cd03358c2
122192a5-51d3-4ea0-838e-c5955f709e79,T-Pain,t-pain,,https://www.siriusxm.com/player/talent/entity/122192a5-51d3-4ea0-838e-c5955f709e79
1d39658e-98be-42fe-938d-a7e87907989d,T. Graham Brown,t-graham-brown,,https://www.siriusxm.com/player/talent/entity/1d39658e-98be-42fe-938d-a7e87907989d
dd772508-844a-4343-949d-3679d7c3357a,T.D. Jakes,t-d-jakes,,https://www.siriusxm.com/player/talent/entity/dd772508-844a-4343-949d-3679d7c3357a
85687dde-a0c5-49ff-9fbe-cf92707274b6,T.G. Sheppard,t-g-sheppard,,https://www.siriusxm.com/player/talent/entity/85687dde-a0c5-49ff-9fbe-cf92707274b6
0c59ae82-fc03-4d35-9b71-dc558fe4b061,Talent (Comedy),talent-comedy,,https://www.siriusxm.com/player/talent/entity/0c59ae82-fc03-4d35-9b71-dc558fe4b061
d1de822a-e140-454b-8ea4-d810902bf2a0,Talib Kweli,talib-kweli,,https://www.siriusxm.com/player/talent/entity/d1de822a-e140-454b-8ea4-d810902bf2a0
71b9f241-a9e7-4e93-b413-44db51751521,Tamar Braxton,tamar-braxton,,https://www.siriusxm.com/player/talent/entity/71b9f241-a9e7-4e93-b413-44db51751521
44e0b176-e8a3-4a53-a521-c965cd8a4316,Tanya Tucker,tanya-tucker,,https://www.siriusxm.com/player/talent/entity/44e0b176-e8a3-4a53-a521-c965cd8a4316
04d73afd-df31-42d9-8854-1f5540ab0a89,Taylor Tomlinson,taylor-tomlinson,https://imgsrv-sxm-prod-device.streaming.siriusxm.com/eyJrZXkiOiJlbnRpdHktbWFuYWdlbWVudC83OC83OGNiMDBjMmUwYjY0Y2M1Mjk0ODYzN2E2MDQ3ZWYxNV8xNzQ0ODM4NTMwMjU2LmpwZWciLCJlZGl0cyI6W3siZm9ybWF0Ijp7InR5cGUiOiJqcGVnIn19LHsicmVzaXplIjp7IndpZHRoIjo2MDAsImhlaWdodCI6NjAwfX1dfQ==,https://www.siriusxm.com/player/talent/entity/04d73afd-df31-42d9-8854-1f5540ab0a89
a306974c-c0c4-4c9e-8e1d-664600a24db2,Ted Cruz,ted-cruz,,https://www.siriusxm.com/player/talent/entity/a306974c-c0c4-4c9e-8e1d-664600a24db2
4b2fc2e5-fdab-44da-bb4c-cab8456b0498,Ted Danson,ted-danson,https://imgsrv-sxm-prod-device.streaming.siriusxm.com/eyJrZXkiOiJpZi80ZC80ZDZhMjE0MzA5ZDczMTQwOGNjMjg5YzZmNmVkNTQwOF8xNzU2ODQwMzI2LmpwZyIsImVkaXRzIjpbeyJmb3JtYXQiOnsidHlwZSI6ImpwZWcifX0seyJyZXNpemUiOnsid2lkdGgiOjYwMCwiaGVpZ2h0Ijo2MDB9fV19,https://www.siriusxm.com/player/talent/entity/4b2fc2e5-fdab-44da-bb4c-cab8456b0498
bc8f4bb3-1a10-44bb-aeed-7e8fd47c9549,Terry Gross,terry-gross,,https://www.siriusxm.com/player/talent/entity/bc8f4bb3-1a10-44bb-aeed-7e8fd47c9549
230a05cb-6863-4a1c-ba87-65c37ad0789b,Teyana Taylor,teyana-taylor,,https://www.siriusxm.com/player/talent/entity/230a05cb-6863-4a1c-ba87-65c37ad0789b
c3c2125d-73e6-40c1-be29-5750692c1450,The Allman Brothers Band,the-allman-brothers-band,,https://www.siriusxm.com/player/talent/entity/c3c2125d-73e6-40c1-be29-5750692c1450
8d88a591-816e-443c-9cfa-d1efdb45e210,The Black Crowes,the-black-crowes,,https://www.siriusxm.com/player/talent/entity/8d88a591-816e-443c-9cfa-d1efdb45e210
8baec0c0-94e1-4ef3-90ac-2bd18d7a03f4,The Chainsmokers,the-chainsmokers,https://imgsrv-sxm-prod-device.streaming.siriusxm.com/eyJrZXkiOiJlbnRpdHktbWFuYWdlbWVudC9mNC9mNDcxY2M3ZjI3NjFmYThjODkzYWJhOGUwODBmZTg2NV8xNzA0MzIzNzMwNDU4LmpwZWciLCJlZGl0cyI6W3siZm9ybWF0Ijp7InR5cGUiOiJqcGVnIn19LHsicmVzaXplIjp7IndpZHRoIjo2MDAsImhlaWdodCI6NjAwfX1dfQ==,https://www.siriusxm.com/player/talent/entity/8baec0c0-94e1-4ef3-90ac-2bd18d7a03f4
065abaa9-39a0-4cad-ad34-087d6bef3881,The Doobie Brothers,the-doobie-brothers,,https://www.siriusxm.com/player/talent/entity/065abaa9-39a0-4cad-ad34-087d6bef3881
e6a9f06c-5e00-45b3-a838-d0ecf17b1954,The Edge,the-edge,,https://www.siriusxm.com/player/talent/entity/e6a9f06c-5e00-45b3-a838-d0ecf17b1954
09f1080d-c6c7-4f89-8480-241a622657c8,The Lonely Island,the-lonely-island,,https://www.siriusxm.com/player/talent/entity/09f1080d-c6c7-4f89-8480-241a622657c8
44aff7e3-43ce-4d75-a6b2-ce48e979a1cd,The Lumineers,the-lumineers,https://imgsrv-sxm-prod-device.streaming.siriusxm.com/eyJrZXkiOiJlbnRpdHktbWFuYWdlbWVudC9iMC9iMDBkZGVjNzdmZTQxN2M0MGUxOTgwZTk2N2FjYzZlOF8xNzA0MzIzNjY5ODQ1LmpwZWciLCJlZGl0cyI6W3siZm9ybWF0Ijp7InR5cGUiOiJqcGVnIn19LHsicmVzaXplIjp7IndpZHRoIjo2MDAsImhlaWdodCI6NjAwfX1dfQ==,https://www.siriusxm.com/player/talent/entity/44aff7e3-43ce-4d75-a6b2-ce48e979a1cd
cd667832-99df-4109-8f7f-84f88b1e3dd0,The Oak Ridge Boys,the-oak-ridge-boys,,https://www.siriusxm.com/player/talent/entity/cd667832-99df-4109-8f7f-84f88b1e3dd0
78757faf-4bfa-4207-ab8c-15ddabb393a7,The Presidents Of The United States Of America,the-presidents-of-the-united-states-of-america,,https://www.siriusxm.com/player/talent/entity/78757faf-4bfa-4207-ab8c-15ddabb393a7
3090e283-a81e-4552-bdb0-b9d1c7ffbf55,The Sklar Brothers,the-sklar-brothers,,https://www.siriusxm.com/player/talent/entity/3090e283-a81e-4552-bdb0-b9d1c7ffbf55
c81e3128-3581-47b0-be8a-b6036ad50985,The Struts,the-struts,,https://www.siriusxm.com/player/talent/entity/c81e3128-3581-47b0-be8a-b6036ad50985
d8927972-39ff-42b9-9cc4-e540fcbc95aa,The Tragically Hip,the-tragically-hip,https://imgsrv-sxm-prod-device.streaming.siriusxm.com/eyJrZXkiOiJlbnRpdHktbWFuYWdlbWVudC84MS84MTYwNDRkZTYyZjQ2NmNhMTkyYTYyZWQ3YjNlMDEyMl8xNzAxNDAyMjI1MzkzLmpwZWciLCJlZGl0cyI6W3siZm9ybWF0Ijp7InR5cGUiOiJqcGVnIn19LHsicmVzaXplIjp7IndpZHRoIjo2MDAsImhlaWdodCI6NjAwfX1dfQ==,https://www.siriusxm.com/player/talent/entity/d8927972-39ff-42b9-9cc4-e540fcbc95aa
49a98549-31d3-4fa5-8500-1b7adf29a34a,Theo Von,theo-von,,https://www.siriusxm.com/player/talent/entity/49a98549-31d3-4fa5-8500-1b7adf29a34a
2bae6449-bb88-403f-be01-b3b5b7f8b327,Theo Von,theo-von,,https://www.siriusxm.com/player/talent/entity/2bae6449-bb88-403f-be01-b3b5b7f8b327
06406690-0586-4c10-be06-b98571347be8,Theodora Richards,theodora-richards,https://imgsrv-sxm-prod-device.streaming.siriusxm.com/eyJrZXkiOiJlbnRpdHktbWFuYWdlbWVudC84MS84MWY3YTEwODM0ODc1NDc2NGI3NmRkN2ZhY2Q2Y2ZjNF8xNzAyMDgwMDEyNjg5LmpwZWciLCJlZGl0cyI6W3siZm9ybWF0Ijp7InR5cGUiOiJqcGVnIn19LHsicmVzaXplIjp7IndpZHRoIjo2MDAsImhlaWdodCI6NjAwfX1dfQ==,https://www.siriusxm.com/player/talent/entity/06406690-0586-4c10-be06-b98571347be8
a0415525-8924-4317-9544-33b469a100d8,Thom Hartmann,thom-hartmann,,https://www.siriusxm.com/player/talent/entity/a0415525-8924-4317-9544-33b469a100d8
5dfc078a-4e45-4470-a934-1091dbb93ea1,Thomas Rhett,thomas-rhett,https://imgsrv-sxm-prod-device.streaming.siriusxm.com/eyJrZXkiOiJlbnRpdHktbWFuYWdlbWVudC80My80M2JiNGU3ZGIyMDBkOWIwYTk2NWEyZTA3ZmJkODcwOV8xNzA0MzIzNjUzMzM5LmpwZWciLCJlZGl0cyI6W3siZm9ybWF0Ijp7InR5cGUiOiJqcGVnIn19LHsicmVzaXplIjp7IndpZHRoIjo2MDAsImhlaWdodCI6NjAwfX1dfQ==,https://www.siriusxm.com/player/talent/entity/5dfc078a-4e45-4470-a934-1091dbb93ea1
1eb4393e-2a3c-432f-83c2-6a619920c6ce,Thunder Rosa,thunder-rosa,,https://www.siriusxm.com/player/talent/entity/1eb4393e-2a3c-432f-83c2-6a619920c6ce
580aec29-81f6-449d-b477-868c739b46d0,Tig Notaro,tig-notaro,https://imgsrv-sxm-prod-device.streaming.siriusxm.com/eyJrZXkiOiJlbnRpdHktbWFuYWdlbWVudC83ZS83ZWEzYzhlMmNkMmJlNjE0OTMxZmFkMWJiODhjNDkwNl8xNzM5MzgyMTAwMjMzLmpwZWciLCJlZGl0cyI6W3siZm9ybWF0Ijp7InR5cGUiOiJqcGVnIn19LHsicmVzaXplIjp7IndpZHRoIjo2MDAsImhlaWdodCI6NjAwfX1dfQ==,https://www.siriusxm.com/player/talent/entity/580aec29-81f6-449d-b477-868c739b46d0
433785f6-c8fe-45fc-add8-7db538d804c6,Tiger Woods,tiger-woods,https://imgsrv-sxm-prod-device.streaming.siriusxm.com/eyJrZXkiOiJlbnRpdHktbWFuYWdlbWVudC9jZi9jZmU4YjI4NTYwMjdiYmM1ZjVkZDE1YzIwNDE2ZWU2ZV8xNzIzMjIxNTQ0MzI3LmpwZWciLCJlZGl0cyI6W3siZm9ybWF0Ijp7InR5cGUiOiJqcGVnIn19LHsicmVzaXplIjp7IndpZHRoIjo2MDAsImhlaWdodCI6NjAwfX1dfQ==,https://www.siriusxm.com/player/talent/entity/433785f6-c8fe-45fc-add8-7db538d804c6
64ad4834-4432-4465-b6be-3825d9e4557b,Tim Harford,tim-harford,,https://www.siriusxm.com/player/talent/entity/64ad4834-4432-4465-b6be-3825d9e4557b
14d13530-15bd-421d-9702-3d9ffb69bada,Tim Howard,tim-howard,,https://www.siriusxm.com/player/talent/entity/14d13530-15bd-421d-9702-3d9ffb69bada
5f801eab-7412-4c39-9095-51e3132a0f14,Tim Legler,tim-legler,,https://www.siriusxm.com/player/talent/entity/5f801eab-7412-4c39-9095-51e3132a0f14
e3842d68-0e1e-4f18-a70e-c051334c1dcb,Tim O'Brien,tim-obrien,,https://www.siriusxm.com/player/talent/entity/e3842d68-0e1e-4f18-a70e-c051334c1dcb
8a93a0cd-a7e3-4bb1-bfaa-108209b40903,Tim Pool,tim-pool,,https://www.siriusxm.com/player/talent/entity/8a93a0cd-a7e3-4bb1-bfaa-108209b40903
52c29f3c-a3de-45df-ba5c-8646b32bac3c,Tim Walz,tim-walz,https://imgsrv-sxm-prod-device.streaming.siriusxm.com/eyJrZXkiOiJlbnRpdHktbWFuYWdlbWVudC9jNS9jNThhZGQ0ZTc2YzY4Y2JjZWJiMmNjYTQ5NTg3MjY1MV8xNzI4NjczMjExMTEyLmpwZWciLCJlZGl0cyI6W3siZm9ybWF0Ijp7InR5cGUiOiJqcGVnIn19LHsicmVzaXplIjp7IndpZHRoIjo2MDAsImhlaWdodCI6NjAwfX1dfQ==,https://www.siriusxm.com/player/talent/entity/52c29f3c-a3de-45df-ba5c-8646b32bac3c
f9f3553a-d83b-4fd7-a29e-42cb1e2c50f9,Tinx,tinx,https://imgsrv-sxm-prod-device.streaming.siriusxm.com/eyJrZXkiOiJlbnRpdHktbWFuYWdlbWVudC8wYi8wYjA5ZmNkYzU3YzgxMzlkOWRkNGNlMzY3OTFiZDVkNV8xNzA5MTQ2NDk4NjI0LmpwZWciLCJlZGl0cyI6W3siZm9ybWF0Ijp7InR5cGUiOiJqcGVnIn19LHsicmVzaXplIjp7IndpZHRoIjo2MDAsImhlaWdodCI6NjAwfX1dfQ==,https://www.siriusxm.com/player/talent/entity/f9f3553a-d83b-4fd7-a29e-42cb1e2c50f9
5116d6dd-641a-4946-96e0-309995156ea0,Tiësto,ti-sto,https://imgsrv-sxm-prod-device.streaming.siriusxm.com/eyJrZXkiOiJlbnRpdHktbWFuYWdlbWVudC84NS84NTU5NGVjMGQ1MDE5MTIwYjU3ZjVkNTMyM2VlOTA2NF8xNzA0MzIzNzAzNDA0LmpwZWciLCJlZGl0cyI6W3siZm9ybWF0Ijp7InR5cGUiOiJqcGVnIn19LHsicmVzaXplIjp7IndpZHRoIjo2MDAsImhlaWdodCI6NjAwfX1dfQ==,https://www.siriusxm.com/player/talent/entity/5116d6dd-641a-4946-96e0-309995156ea0
88c52ba7-dee9-4d22-8a7f-f03092fd1f28,Toby Keith,toby-keith,https://imgsrv-sxm-prod-device.streaming.siriusxm.com/eyJrZXkiOiJlbnRpdHktbWFuYWdlbWVudC83OS83OTU1ZDE3MzU0NjhjODIwNTUwMmVkOGZiODI1MGEwYV8xNzAwNjIxMzY3ODU0LmpwZWciLCJlZGl0cyI6W3siZm9ybWF0Ijp7InR5cGUiOiJqcGVnIn19LHsicmVzaXplIjp7IndpZHRoIjo2MDAsImhlaWdodCI6NjAwfX1dfQ==,https://www.siriusxm.com/player/talent/entity/88c52ba7-dee9-4d22-8a7f-f03092fd1f28
4de97846-62fc-476a-9a5a-2c3226ecd5ec,Todd Gordon,todd-gordon,,https://www.siriusxm.com/player/talent/entity/4de97846-62fc-476a-9a5a-2c3226ecd5ec
c764b4dc-a877-456e-964d-70de01644a2c,Tom Brady,tom-brady,,https://www.siriusxm.com/player/talent/entity/c764b4dc-a877-456e-964d-70de01644a2c
a8654186-c377-4d4a-96b9-502021e968cb,Tom Hanks,tom-hanks,https://imgsrv-sxm-prod-device.streaming.siriusxm.com/eyJrZXkiOiJlbnRpdHktbWFuYWdlbWVudC85Zi85ZjQ2M2RhNTUyNTY2N2U1MzcwZGUwODNhMWQ1NzdkYV8xNzE5NDk3NjkxMjU2LmpwZWciLCJlZGl0cyI6W3siZm9ybWF0Ijp7InR5cGUiOiJqcGVnIn19LHsicmVzaXplIjp7IndpZHRoIjo2MDAsImhlaWdodCI6NjAwfX1dfQ==,https://www.siriusxm.com/player/talent/entity/a8654186-c377-4d4a-96b9-502021e968cb
b257d09d-d750-44ff-bcab-09439ef6acc8,Tom Morello,tom-morello,https://imgsrv-sxm-prod-device.streaming.siriusxm.com/eyJrZXkiOiJlbnRpdHktbWFuYWdlbWVudC8wYy8wYzc0MGZlN2U4YmU0ZWI5N2FhOGM4NTMzZWI0ZGI1Ml8xNzAyMjI4ODA3MDM3LmpwZWciLCJlZGl0cyI6W3siZm9ybWF0Ijp7InR5cGUiOiJqcGVnIn19LHsicmVzaXplIjp7IndpZHRoIjo2MDAsImhlaWdodCI6NjAwfX1dfQ==,https://www.siriusxm.com/player/talent/entity/b257d09d-d750-44ff-bcab-09439ef6acc8
ed139028-7a3f-4d0a-99e6-b9c7e22573ec,Tom Papa,tom-papa,https://imgsrv-sxm-prod-device.streaming.siriusxm.com/eyJrZXkiOiJlbnRpdHktbWFuYWdlbWVudC9mNC9mNGQyYWMyYjY0ZGM4OTNjZjlmNWE2ODc5NGRjZDk2N18xNzA4OTc5NjY0OTA0LnBuZyIsImVkaXRzIjpbeyJmb3JtYXQiOnsidHlwZSI6ImpwZWcifX0seyJyZXNpemUiOnsid2lkdGgiOjYwMCwiaGVpZ2h0Ijo2MDB9fV19,https://www.siriusxm.com/player/talent/entity/ed139028-7a3f-4d0a-99e6-b9c7e22573ec
624c1777-351d-4ab4-bda6-9e76019cfd3b,Tom Papa,tom-papa,,https://www.siriusxm.com/player/talent/entity/624c1777-351d-4ab4-bda6-9e76019cfd3b
81d3c4ee-48da-4804-9618-c266cddc6f3e,Tom Rennie,tom-rennie,https://imgsrv-sxm-prod-device.streaming.siriusxm.com/eyJrZXkiOiJlbnRpdHktbWFuYWdlbWVudC83OC83ODRjNTYzMGY4MGVjZGUyZmRhMjEzYmFjZTFkNTYyNV8xNzQxMjAyNDQyMzI4LmpwZWciLCJlZGl0cyI6W3siZm9ybWF0Ijp7InR5cGUiOiJqcGVnIn19LHsicmVzaXplIjp7IndpZHRoIjo2MDAsImhlaWdodCI6NjAwfX1dfQ==,https://www.siriusxm.com/player/talent/entity/81d3c4ee-48da-4804-9618-c266cddc6f3e
63e5ae0e-83fb-4004-89d0-21c6636d2844,Tom Rhodes (Comedian),tom-rhodes-comedian,,https://www.siriusxm.com/player/talent/entity/63e5ae0e-83fb-4004-89d0-21c6636d2844
77f99c54-f234-4613-bfdf-3b41417c2f76,Tom Segura,tom-segura,,https://www.siriusxm.com/player/talent/entity/77f99c54-f234-4613-bfdf-3b41417c2f76
a24e3c88-54a8-49ff-b588-0601cd7b2f75,Tom Segura,tom-segura,,https://www.siriusxm.com/player/talent/entity/a24e3c88-54a8-49ff-b588-0601cd7b2f75
d2402ee8-c50e-4f94-a1af-34e418c405be,Tommee Profitt,tommee-profitt,,https://www.siriusxm.com/player/talent/entity/d2402ee8-c50e-4f94-a1af-34e418c405be
5a11faf7-8b2c-4835-94d5-d6cf0a1d78c5,Tommy Dreamer,tommy-dreamer,https://imgsrv-sxm-prod-device.streaming.siriusxm.com/eyJrZXkiOiJlbnRpdHktbWFuYWdlbWVudC9mMS9mMTFlOTc5NjEzOTQ2MjhiMjg3NTJjNmRlZjA2MzY2OV8xNzQxMjcwNTI5NDM3LmpwZWciLCJlZGl0cyI6W3siZm9ybWF0Ijp7InR5cGUiOiJqcGVnIn19LHsicmVzaXplIjp7IndpZHRoIjo2MDAsImhlaWdodCI6NjAwfX1dfQ==,https://www.siriusxm.com/player/talent/entity/5a11faf7-8b2c-4835-94d5-d6cf0a1d78c5
1ce1511a-6d37-4b61-8b6b-99f9aa2b118e,Tommy James,tommy-james,,https://www.siriusxm.com/player/talent/entity/1ce1511a-6d37-4b61-8b6b-99f9aa2b118e
c7aef8e7-6fc1-49c0-8828-a5029174f6ac,Tommy London,tommy-london,https://imgsrv-sxm-prod-device.streaming.siriusxm.com/eyJrZXkiOiJlbnRpdHktbWFuYWdlbWVudC81Yy81Y2RiM2VlN2Q2MTY0YmQ1ZGZkMzBlODhlYzM5YWM5ZV8xNzA5NjgxMTIxNjE5LmpwZWciLCJlZGl0cyI6W3siZm9ybWF0Ijp7InR5cGUiOiJqcGVnIn19LHsicmVzaXplIjp7IndpZHRoIjo2MDAsImhlaWdodCI6NjAwfX1dfQ==,https://www.siriusxm.com/player/talent/entity/c7aef8e7-6fc1-49c0-8828-a5029174f6ac
8f2338d5-e63a-4f05-8405-8a7e0fe0be2d,Tommy Vietor,tommy-vietor,,https://www.siriusxm.com/player/talent/entity/8f2338d5-e63a-4f05-8405-8a7e0fe0be2d
ea5e73c1-6285-4e83-ad55-96b2a7dbeb2a,Tony Fly,tony-fly,,https://www.siriusxm.com/player/talent/entity/ea5e73c1-6285-4e83-ad55-96b2a7dbeb2a
9b77e4e6-b65e-47be-a537-3526fab35a37,Tony Fly & Symon,tony-fly-symon,https://imgsrv-sxm-prod-device.streaming.siriusxm.com/eyJrZXkiOiJlbnRpdHktbWFuYWdlbWVudC9mNy9mN2QwNGEzZmMxNjA4ZTM4NTI3NzQwN2E3MTBlNmVmYV8xNzAyMjAyMDI4NjMzLnBuZyIsImVkaXRzIjpbeyJmb3JtYXQiOnsidHlwZSI6ImpwZWcifX0seyJyZXNpemUiOnsid2lkdGgiOjYwMCwiaGVpZ2h0Ijo2MDB9fV19,https://www.siriusxm.com/player/talent/entity/9b77e4e6-b65e-47be-a537-3526fab35a37
309fe630-ad4a-4312-a658-32627350b1e7,Tony Reali,tony-reali,,https://www.siriusxm.com/player/talent/entity/309fe630-ad4a-4312-a658-32627350b1e7
ba3e77ff-be5f-481c-bc7d-ccda37c9bfe4,Tony Yayo,tony-yayo,,https://www.siriusxm.com/player/talent/entity/ba3e77ff-be5f-481c-bc7d-ccda37c9bfe4
94eb52ea-f433-41da-8749-e55ce94f78de,Too $hort,too-hort,https://imgsrv-sxm-prod-device.streaming.siriusxm.com/eyJrZXkiOiJlbnRpdHktbWFuYWdlbWVudC84MS84MWZiYWUxMWUxNGQ1YTY3MzRlZTAzMzdlMmEyMDc4ZF8xNzAwNjIyMzE5NjU2LmpwZWciLCJlZGl0cyI6W3siZm9ybWF0Ijp7InR5cGUiOiJqcGVnIn19LHsicmVzaXplIjp7IndpZHRoIjo2MDAsImhlaWdodCI6NjAwfX1dfQ==,https://www.siriusxm.com/player/talent/entity/94eb52ea-f433-41da-8749-e55ce94f78de
0a60285c-d0e1-426e-8b0e-7ee23a00672c,Torae,torae,https://imgsrv-sxm-prod-device.streaming.siriusxm.com/eyJrZXkiOiJlbnRpdHktbWFuYWdlbWVudC80Ni80NmNkMzc0MTljMmIxMDliNjNmZjU4OGMzYjY3OGFhOF8xNzEzNzk4MDExMzc2LmpwZWciLCJlZGl0cyI6W3siZm9ybWF0Ijp7InR5cGUiOiJqcGVnIn19LHsicmVzaXplIjp7IndpZHRoIjo2MDAsImhlaWdodCI6NjAwfX1dfQ==,https://www.siriusxm.com/player/talent/entity/0a60285c-d0e1-426e-8b0e-7ee23a00672c
3f841cc9-2c1b-4524-a7de-a368d9103a1a,Torry Holt,torry-holt,,https://www.siriusxm.com/player/talent/entity/3f841cc9-2c1b-4524-a7de-a368d9103a1a
b37157de-81cd-436b-9630-515cd6c939ad,Trace Adkins,trace-adkins,,https://www.siriusxm.com/player/talent/entity/b37157de-81cd-436b-9630-515cd6c939ad
e2e2d3fb-31b8-4948-848a-2613dd9eb2c1,Train,train,https://imgsrv-sxm-prod-device.streaming.siriusxm.com/eyJrZXkiOiJlbnRpdHktbWFuYWdlbWVudC80NS80NWVhNDgwZjQzMDEwZjQwMmYxMWU3MmEyYmExYjM1OV8xNzIwNTUwNDIzNTg4LmpwZWciLCJlZGl0cyI6W3siZm9ybWF0Ijp7InR5cGUiOiJqcGVnIn19LHsicmVzaXplIjp7IndpZHRoIjo2MDAsImhlaWdodCI6NjAwfX1dfQ==,https://www.siriusxm.com/player/talent/entity/e2e2d3fb-31b8-4948-848a-2613dd9eb2c1
fd3216a0-b364-4c8d-9764-8e8a78b3158d,Travis Kelce,travis-kelce,https://imgsrv-sxm-prod-device.streaming.siriusxm.com/eyJrZXkiOiJpZi8yNS8yNWNhZDNmNmNjY2EzNGRmYTljZTQxNzE5ZTZlZGE4Yl8xNzU2ODQwNDcwLmpwZyIsImVkaXRzIjpbeyJmb3JtYXQiOnsidHlwZSI6ImpwZWcifX0seyJyZXNpemUiOnsid2lkdGgiOjYwMCwiaGVpZ2h0Ijo2MDB9fV19,https://www.siriusxm.com/player/talent/entity/fd3216a0-b364-4c8d-9764-8e8a78b3158d
db8ce726-cf14-4e66-8fcf-12ec5ef972b4,Travis McElroy,travis-mcelroy,,https://www.siriusxm.com/player/talent/entity/db8ce726-cf14-4e66-8fcf-12ec5ef972b4
1d1b3bae-75c4-405c-aaf6-df3d89f7183a,Trevor May,trevor-may,https://imgsrv-sxm-prod-device.streaming.siriusxm.com/eyJrZXkiOiJpZi8zYS8zYWIxYTYzYTBkYjEzY2ZjYWY2YWQxYTlmMWM1OTlmNF8xNzU3MDAwNDQyLmpwZyIsImVkaXRzIjpbeyJmb3JtYXQiOnsidHlwZSI6ImpwZWcifX0seyJyZXNpemUiOnsid2lkdGgiOjYwMCwiaGVpZ2h0Ijo2MDB9fV19,https://www.siriusxm.com/player/talent/entity/1d1b3bae-75c4-405c-aaf6-df3d89f7183a
c399865b-f262-4c4b-b881-865ab4c995bf,Trevor Noah,trevor-noah,https://imgsrv-sxm-prod-device.streaming.siriusxm.com/eyJrZXkiOiJlbnRpdHktbWFuYWdlbWVudC8xNS8xNWJlZTZkMDNmM2NlMWQ5YmI0YTczNjM2MGQxNTZmMF8xNzE2OTI4NzIzMzUzLmpwZWciLCJlZGl0cyI6W3siZm9ybWF0Ijp7InR5cGUiOiJqcGVnIn19LHsicmVzaXplIjp7IndpZHRoIjo2MDAsImhlaWdodCI6NjAwfX1dfQ==,https://www.siriusxm.com/player/talent/entity/c399865b-f262-4c4b-b881-865ab4c995bf
b0634235-a142-469a-ba04-c80351ad4238,Trey Wingo,trey-wingo,,https://www.siriusxm.com/player/talent/entity/b0634235-a142-469a-ba04-c80351ad4238
b78a5de5-51dc-41b0-bc7f-0aee60d728ed,Trick Daddy,trick-daddy,,https://www.siriusxm.com/player/talent/entity/b78a5de5-51dc-41b0-bc7f-0aee60d728ed
cde4a41f-4b64-437d-8728-60fc850d61aa,Trippie Redd,trippie-redd,,https://www.siriusxm.com/player/talent/entity/cde4a41f-4b64-437d-8728-60fc850d61aa
f611e9d1-a14e-4f7a-9b36-36e1b94be304,Trisha Yearwood,trisha-yearwood,,https://www.siriusxm.com/player/talent/entity/f611e9d1-a14e-4f7a-9b36-36e1b94be304
3b023175-c13b-4f1c-9c9f-7c9db0690fb2,Trivium,trivium,,https://www.siriusxm.com/player/talent/entity/3b023175-c13b-4f1c-9c9f-7c9db0690fb2
28f0457f-4be3-4d96-9f74-f0b58d05644e,Tucker Carlson,tucker-carlson,,https://www.siriusxm.com/player/talent/entity/28f0457f-4be3-4d96-9f74-f0b58d05644e
67b121f7-9bd5-4cdd-9235-041a4bfc11cb,Tyler Perry,tyler-perry,,https://www.siriusxm.com/player/talent/entity/67b121f7-9bd5-4cdd-9235-041a4bfc11cb
8b638bd5-b033-4a49-a401-b8a1a5cd19f4,Tyler Terens,tyler-terens,https://imgsrv-sxm-prod-device.streaming.siriusxm.com/eyJrZXkiOiJlbnRpdHktbWFuYWdlbWVudC9iYS9iYTI3OWQzZWQwZDQ0Y2U1NTVjZjc4MjE2MTMwMTg0OV8xNzQyMjM4MDIzMzkyLmpwZWciLCJlZGl0cyI6W3siZm9ybWF0Ijp7InR5cGUiOiJqcGVnIn19LHsicmVzaXplIjp7IndpZHRoIjo2MDAsImhlaWdodCI6NjAwfX1dfQ==,https://www.siriusxm.com/player/talent/entity/8b638bd5-b033-4a49-a401-b8a1a5cd19f4
e9189f03-c1c9-4d1d-a313-a77094db9324,U2,u2,https://imgsrv-sxm-prod-device.streaming.siriusxm.com/eyJrZXkiOiJlbnRpdHktbWFuYWdlbWVudC9iMy9iMzdmZjVhNjEzYjEzNzk0NWFkZDMzNDU1OTc1ZjAwY18xNzAyMzIxNzc2MjExLnBuZyIsImVkaXRzIjpbeyJmb3JtYXQiOnsidHlwZSI6ImpwZWcifX0seyJyZXNpemUiOnsid2lkdGgiOjYwMCwiaGVpZ2h0Ijo2MDB9fV19,https://www.siriusxm.com/player/talent/entity/e9189f03-c1c9-4d1d-a313-a77094db9324
4d549208-003c-465d-a5fd-fbb6681048b7,Ultra Naté,ultra-nat,https://imgsrv-sxm-prod-device.streaming.siriusxm.com/eyJrZXkiOiJlbnRpdHktbWFuYWdlbWVudC9lZC9lZGE1MDZmZWU3YmY1OTZmMTJlYjQ3OThiNzBjMDIwOF8xNzA0MzIzODU3NDEwLmpwZWciLCJlZGl0cyI6W3siZm9ybWF0Ijp7InR5cGUiOiJqcGVnIn19LHsicmVzaXplIjp7IndpZHRoIjo2MDAsImhlaWdodCI6NjAwfX1dfQ==,https://www.siriusxm.com/player/talent/entity/4d549208-003c-465d-a5fd-fbb6681048b7
4dcd5519-4f62-420a-aed8-9f441b9c90ac,Uncle Murda,uncle-murda,,https://www.siriusxm.com/player/talent/entity/4dcd5519-4f62-420a-aed8-9f441b9c90ac
c6fa8bdc-dc0e-4b12-9191-533fdcd2239b,Valentino Khan,valentino-khan,,https://www.siriusxm.com/player/talent/entity/c6fa8bdc-dc0e-4b12-9191-533fdcd2239b
41a66b09-d9cc-4e26-8618-682cb9158801,Vampire Weekend,vampire-weekend,https://imgsrv-sxm-prod-device.streaming.siriusxm.com/eyJrZXkiOiJlbnRpdHktbWFuYWdlbWVudC83Zi83ZjQ0ODFiNDQxNjIzYTJhYzhkOGI0MDc4Y2IxOGU1MF8xNjk5OTE2OTkwMDQ0LmpwZWciLCJlZGl0cyI6W3siZm9ybWF0Ijp7InR5cGUiOiJqcGVnIn19LHsicmVzaXplIjp7IndpZHRoIjo2MDAsImhlaWdodCI6NjAwfX1dfQ==,https://www.siriusxm.com/player/talent/entity/41a66b09-d9cc-4e26-8618-682cb9158801
9bc16c63-0a59-475c-ba99-a8ae2d3e148d,Vanessa Bayer,vanessa-bayer,https://imgsrv-sxm-prod-device.streaming.siriusxm.com/eyJrZXkiOiJpZi8zYS8zYWQ3YTJhYmIzOTAzY2U4YTVlMmMxYjVjMjk5MDg3NF8xNzU2ODQwNjIzLmpwZyIsImVkaXRzIjpbeyJmb3JtYXQiOnsidHlwZSI6ImpwZWcifX0seyJyZXNpemUiOnsid2lkdGgiOjYwMCwiaGVpZ2h0Ijo2MDB9fV19,https://www.siriusxm.com/player/talent/entity/9bc16c63-0a59-475c-ba99-a8ae2d3e148d
244c744f-aff8-4367-813d-6c9a3f314bfc,Violent J,violent-j,,https://www.siriusxm.com/player/talent/entity/244c744f-aff8-4367-813d-6c9a3f314bfc
04d7eff9-06ae-4cb4-885e-5ad39d5d48b8,W. Kamau Bell,w-kamau-bell,https://imgsrv-sxm-prod-device.streaming.siriusxm.com/eyJrZXkiOiJlbnRpdHktbWFuYWdlbWVudC85My85MzU4MjY4MTdhMDU2MDQ1MGYwZmRhNjQxZTA2MmM2ZF8xNzIyMjY1NjM4MzM3LmpwZWciLCJlZGl0cyI6W3siZm9ybWF0Ijp7InR5cGUiOiJqcGVnIn19LHsicmVzaXplIjp7IndpZHRoIjo2MDAsImhlaWdodCI6NjAwfX1dfQ==,https://www.siriusxm.com/player/talent/entity/04d7eff9-06ae-4cb4-885e-5ad39d5d48b8
643bd532-98a5-4cb3-b568-8d6176d039f5,Waka Flocka Flame,waka-flocka-flame,,https://www.siriusxm.com/player/talent/entity/643bd532-98a5-4cb3-b568-8d6176d039f5
747ce7c6-780c-46a3-998a-8b418503b938,Wallo267,wallo267,https://imgsrv-sxm-prod-device.streaming.siriusxm.com/eyJrZXkiOiJpZi9kMi9kMjEwMGE4MDAwNDgzMDg0OTliNjIxYmE3NDU1MjEwN18xNzU2ODQwNTc1LmpwZyIsImVkaXRzIjpbeyJmb3JtYXQiOnsidHlwZSI6ImpwZWcifX0seyJyZXNpemUiOnsid2lkdGgiOjYwMCwiaGVpZ2h0Ijo2MDB9fV19,https://www.siriusxm.com/player/talent/entity/747ce7c6-780c-46a3-998a-8b418503b938
c10e23f3-4bad-4863-8c39-6e181a233e11,Walter Isaacson,walter-isaacson,,https://www.siriusxm.com/player/talent/entity/c10e23f3-4bad-4863-8c39-6e181a233e11
281fb8e1-b5c3-406f-9e88-3c6beb2f2eca,Wayne Gretzky,wayne-gretzky,https://imgsrv-sxm-prod-device.streaming.siriusxm.com/eyJrZXkiOiJpZi8yMS8yMTZhOTQzYmQ4ZjMzMjljOGY3NjY1NDc3N2I0ZTI0NF8xNzU2ODQwNjM3LmpwZyIsImVkaXRzIjpbeyJmb3JtYXQiOnsidHlwZSI6ImpwZWcifX0seyJyZXNpemUiOnsid2lkdGgiOjYwMCwiaGVpZ2h0Ijo2MDB9fV19,https://www.siriusxm.com/player/talent/entity/281fb8e1-b5c3-406f-9e88-3c6beb2f2eca
1a3fbc5a-0c71-4b73-8a74-d884eae40731,Wes Hall,wes-hall,,https://www.siriusxm.com/player/talent/entity/1a3fbc5a-0c71-4b73-8a74-d884eae40731
5b168968-2fd9-4083-beb7-c98654ff595a,Wesley Morris,wesley-morris,,https://www.siriusxm.com/player/talent/entity/5b168968-2fd9-4083-beb7-c98654ff595a
82b214d8-6e27-4419-ab2a-7ae80d268c80,Wheeler Walker Jr.,wheeler-walker-jr,,https://www.siriusxm.com/player/talent/entity/82b214d8-6e27-4419-ab2a-7ae80d268c80
472db769-f173-4746-bf08-7cf02e497c09,Whitney Cummings,whitney-cummings,https://imgsrv-sxm-prod-device.streaming.siriusxm.com/eyJrZXkiOiJlbnRpdHktbWFuYWdlbWVudC84ZC84ZDAzNTgyZTcyNTIyOThmYzQzNTA1Yjc5MjBkMjZlYV8xNzQxODkxMTk1NzI3LmpwZWciLCJlZGl0cyI6W3siZm9ybWF0Ijp7InR5cGUiOiJqcGVnIn19LHsicmVzaXplIjp7IndpZHRoIjo2MDAsImhlaWdodCI6NjAwfX1dfQ==,https://www.siriusxm.com/player/talent/entity/472db769-f173-4746-bf08-7cf02e497c09
78918051-ff3b-4df5-a204-dad2d5a60576,Whitney Cummings,whitney-cummings,,https://www.siriusxm.com/player/talent/entity/78918051-ff3b-4df5-a204-dad2d5a60576
a5314f6e-03eb-49eb-8b48-bd73534581cb,Whoopi Goldberg,whoopi-goldberg,https://imgsrv-sxm-prod-device.streaming.siriusxm.com/eyJrZXkiOiJlbnRpdHktbWFuYWdlbWVudC80Yy80YzQwNWFjNjhiN2Q4MDU0ZTczNWQ2ZDA4ZmRhYzZjNV8xNzMwMjE2NTY0ODYyLmpwZWciLCJlZGl0cyI6W3siZm9ybWF0Ijp7InR5cGUiOiJqcGVnIn19LHsicmVzaXplIjp7IndpZHRoIjo2MDAsImhlaWdodCI6NjAwfX1dfQ==,https://www.siriusxm.com/player/talent/entity/a5314f6e-03eb-49eb-8b48-bd73534581cb
35d2b7f5-4a30-481b-a43a-773027b30ae1,Wil Wheaton,wil-wheaton,,https://www.siriusxm.com/player/talent/entity/35d2b7f5-4a30-481b-a43a-773027b30ae1
0b217687-463c-4ad8-8def-7d327e6b69e8,Will Arnett,will-arnett,https://imgsrv-sxm-prod-device.streaming.siriusxm.com/eyJrZXkiOiJpZi9lZS9lZTQxNTY5YmZjYTkzNjRmYWYyMzRmNTYzYmJjMTBmY18xNzU2ODQwNDU5LmpwZyIsImVkaXRzIjpbeyJmb3JtYXQiOnsidHlwZSI6ImpwZWcifX0seyJyZXNpemUiOnsid2lkdGgiOjYwMCwiaGVpZ2h0Ijo2MDB9fV19,https://www.siriusxm.com/player/talent/entity/0b217687-463c-4ad8-8def-7d327e6b69e8
888d5521-1555-4c64-9e3f-157584733c9c,Will Cain,will-cain,,https://www.siriusxm.com/player/talent/entity/888d5521-1555-4c64-9e3f-157584733c9c
d371757b-95f0-4d86-aa04-76d5dece0973,Will Ferrell,will-ferrell,https://imgsrv-sxm-prod-device.streaming.siriusxm.com/eyJrZXkiOiJlbnRpdHktbWFuYWdlbWVudC84ZC84ZDQzYWZlZTU3NzhmMzhkNjg2MGY0ZmEzZmQ0MmRlNl8xNzIxNzcxMTU4NjQwLmpwZWciLCJlZGl0cyI6W3siZm9ybWF0Ijp7InR5cGUiOiJqcGVnIn19LHsicmVzaXplIjp7IndpZHRoIjo2MDAsImhlaWdodCI6NjAwfX1dfQ==,https://www.siriusxm.com/player/talent/entity/d371757b-95f0-4d86-aa04-76d5dece0973
8c77324d-9419-46d2-9235-de80866739c5,Will Perdue,will-perdue,,https://www.siriusxm.com/player/talent/entity/8c77324d-9419-46d2-9235-de80866739c5
d177c69d-b9b9-4501-ba09-0998801dc6c2,Will Smith,will-smith,,https://www.siriusxm.com/player/talent/entity/d177c69d-b9b9-4501-ba09-0998801dc6c2
4c013120-0c7f-4067-ac89-38a3831a00b3,Willie Colón,willie-col-n,,https://www.siriusxm.com/player/talent/entity/4c013120-0c7f-4067-ac89-38a3831a00b3
6d3cd053-1976-407c-8bb6-cdccfc220098,Willie Geist,willie-geist,https://imgsrv-sxm-prod-device.streaming.siriusxm.com/eyJrZXkiOiJlbnRpdHktbWFuYWdlbWVudC8zYy8zYzgyNDEyYTQyMDAxM2RlY2ZlNjFkMjg1NzVmYWQ1Y18xNzE0NDAxMzI3MTUwLmpwZWciLCJlZGl0cyI6W3siZm9ybWF0Ijp7InR5cGUiOiJqcGVnIn19LHsicmVzaXplIjp7IndpZHRoIjo2MDAsImhlaWdodCI6NjAwfX1dfQ==,https://www.siriusxm.com/player/talent/entity/6d3cd053-1976-407c-8bb6-cdccfc220098
ba2999bc-070d-4d23-8648-08e81067576e,Willie Nelson,willie-nelson,https://imgsrv-sxm-prod-device.streaming.siriusxm.com/eyJrZXkiOiJlbnRpdHktbWFuYWdlbWVudC8zOC8zODg5NTBkNWE5Njk4MDgxMGRhZmM2MWMxNjdjMGZjNF8xNjk5MDUwMzgxNzkxLmpwZWciLCJlZGl0cyI6W3siZm9ybWF0Ijp7InR5cGUiOiJqcGVnIn19LHsicmVzaXplIjp7IndpZHRoIjo2MDAsImhlaWdodCI6NjAwfX1dfQ==,https://www.siriusxm.com/player/talent/entity/ba2999bc-070d-4d23-8648-08e81067576e
ac2e896d-719a-4efa-90db-0f7362b8a37d,Willy Chirino,willy-chirino,,https://www.siriusxm.com/player/talent/entity/ac2e896d-719a-4efa-90db-0f7362b8a37d
3d2d6c0c-1e97-4177-bb4e-19bdc6dd30b4,Wolf Blitzer,wolf-blitzer,,https://www.siriusxm.com/player/talent/entity/3d2d6c0c-1e97-4177-bb4e-19bdc6dd30b4
908eea34-36b5-49c8-a30c-e5af9e11de46,Wolfgang Van Halen,wolfgang-van-halen,,https://www.siriusxm.com/player/talent/entity/908eea34-36b5-49c8-a30c-e5af9e11de46
617331b3-4f87-491d-be8f-701c9aec673c,Woody Harrelson,woody-harrelson,https://imgsrv-sxm-prod-device.streaming.siriusxm.com/eyJrZXkiOiJpZi8zMS8zMWQxYTY1NzA4NGIzMzgwYmE4ODkzOTg5Y2Y3MWM2M18xNzU2ODQwNDM2LmpwZyIsImVkaXRzIjpbeyJmb3JtYXQiOnsidHlwZSI6ImpwZWcifX0seyJyZXNpemUiOnsid2lkdGgiOjYwMCwiaGVpZ2h0Ijo2MDB9fV19,https://www.siriusxm.com/player/talent/entity/617331b3-4f87-491d-be8f-701c9aec673c
95acfc47-b9c5-4792-bc9f-a21a27ff84d8,Wynton Marsalis,wynton-marsalis,,https://www.siriusxm.com/player/talent/entity/95acfc47-b9c5-4792-bc9f-a21a27ff84d8
c7379b39-3353-4aa9-bead-70aa64f9db23,Xavier Scruggs,xavier-scruggs,https://imgsrv-sxm-prod-device.streaming.siriusxm.com/eyJrZXkiOiJlbnRpdHktbWFuYWdlbWVudC8wYy8wY2RiNWUzYWZlMmE5ZTU1ODkwMjIzNWMwMDFiZWY3Nl8xNzE3NjgxOTc2MjUxLmpwZWciLCJlZGl0cyI6W3siZm9ybWF0Ijp7InR5cGUiOiJqcGVnIn19LHsicmVzaXplIjp7IndpZHRoIjo2MDAsImhlaWdodCI6NjAwfX1dfQ==,https://www.siriusxm.com/player/talent/entity/c7379b39-3353-4aa9-bead-70aa64f9db23
46ac1ae9-7b9a-495b-a783-746d2f4bd846,Yamaneika Saunders,yamaneika-saunders,https://imgsrv-sxm-prod-device.streaming.siriusxm.com/eyJrZXkiOiJlbnRpdHktbWFuYWdlbWVudC84Ny84NzlkNTU4YjYzMjYwNTQ1MjgxZDE4MDRkMTllZmI0OF8xNzE2MjM4NzM1MTI2LmpwZWciLCJlZGl0cyI6W3siZm9ybWF0Ijp7InR5cGUiOiJqcGVnIn19LHsicmVzaXplIjp7IndpZHRoIjo2MDAsImhlaWdodCI6NjAwfX1dfQ==,https://www.siriusxm.com/player/talent/entity/46ac1ae9-7b9a-495b-a783-746d2f4bd846
0aebbbce-2c5c-4cb5-b83e-0315d87c23ef,Yara Shahidi,yara-shahidi,https://imgsrv-sxm-prod-device.streaming.siriusxm.com/eyJrZXkiOiJlbnRpdHktbWFuYWdlbWVudC9iZS9iZWNkYTgzODBmZDgwMjY1OTY0ODRjYzVmZmFjNmFjOF8xNzM2OTY4MjkwNDc5LnBuZyIsImVkaXRzIjpbeyJmb3JtYXQiOnsidHlwZSI6ImpwZWcifX0seyJyZXNpemUiOnsid2lkdGgiOjYwMCwiaGVpZ2h0Ijo2MDB9fV19,https://www.siriusxm.com/player/talent/entity/0aebbbce-2c5c-4cb5-b83e-0315d87c23ef
d41798c5-0637-411c-b8c9-f796447e9c1a,Yo-Yo Ma,yo-yo-ma,,https://www.siriusxm.com/player/talent/entity/d41798c5-0637-411c-b8c9-f796447e9c1a
7e502ad6-83f7-494c-8794-9922090c7e2e,Zach Braff,zach-braff,,https://www.siriusxm.com/player/talent/entity/7e502ad6-83f7-494c-8794-9922090c7e2e
eef305fa-cb14-4c31-ad79-45b59440e02f,Zach Noe Towers,zach-noe-towers,https://imgsrv-sxm-prod-device.streaming.siriusxm.com/eyJrZXkiOiJlbnRpdHktbWFuYWdlbWVudC9lOC9lOGNhYTg3Mzg5OTMzMTEzNGJjNThmNDc2ZDNlMTc0MF8xNzUwOTY1MzE5MjM5LmpwZWciLCJlZGl0cyI6W3siZm9ybWF0Ijp7InR5cGUiOiJqcGVnIn19LHsicmVzaXplIjp7IndpZHRoIjo2MDAsImhlaWdodCI6NjAwfX1dfQ==,https://www.siriusxm.com/player/talent/entity/eef305fa-cb14-4c31-ad79-45b59440e02f
50fe6da7-3fdf-4ee8-95d5-f5a834401821,Zach Sang,zach-sang,,https://www.siriusxm.com/player/talent/entity/50fe6da7-3fdf-4ee8-95d5-f5a834401821
40b16cc1-e2af-42ba-8346-ddb94cc72884,Zach Stafford,zach-stafford,https://imgsrv-sxm-prod-device.streaming.siriusxm.com/eyJrZXkiOiJpZi8yYi8yYjU1ZDc3OWY3Y2IzOGVjOWEyMDAyNTI3NDBlMDhkZV8xNzU2ODQwNTE5LmpwZyIsImVkaXRzIjpbeyJmb3JtYXQiOnsidHlwZSI6ImpwZWcifX0seyJyZXNpemUiOnsid2lkdGgiOjYwMCwiaGVpZ2h0Ijo2MDB9fV19,https://www.siriusxm.com/player/talent/entity/40b16cc1-e2af-42ba-8346-ddb94cc72884
84f202a6-f16e-42e0-ad25-ed6c9f5eeea7,Zakk Wylde,zakk-wylde,,https://www.siriusxm.com/player/talent/entity/84f202a6-f16e-42e0-ad25-ed6c9f5eeea7
903576d4-db2a-49e0-acaa-7447f862e098,Zerlina Maxwell,zerlina-maxwell,https://imgsrv-sxm-prod-device.streaming.siriusxm.com/eyJrZXkiOiJlbnRpdHktbWFuYWdlbWVudC8xZC8xZDVkY2E4MzUxMDk2N2E0YjljYWM5M2RjZDk5ZTNjN18xNzQxMDQzNDgyNjkwLmpwZWciLCJlZGl0cyI6W3siZm9ybWF0Ijp7InR5cGUiOiJqcGVnIn19LHsicmVzaXplIjp7IndpZHRoIjo2MDAsImhlaWdodCI6NjAwfX1dfQ==,https://www.siriusxm.com/player/talent/entity/903576d4-db2a-49e0-acaa-7447f862e098
d9daf4bb-a08a-4527-b970-ced9747cbf06,benny blanco,benny-blanco,,https://www.siriusxm.com/player/talent/entity/d9daf4bb-a08a-4527-b970-ced9747cbf06
8ad93bb2-d1ec-4141-ad3c-e9a900f305b6,charli d'amelio,charli-damelio,,https://www.siriusxm.com/player/talent/entity/8ad93bb2-d1ec-4141-ad3c-e9a900f305b6
af21ddc0-912e-4c32-a560-d5c750507936,mxmtoon,mxmtoon,,https://www.siriusxm.com/player/talent/entity/af21ddc0-912e-4c32-a560-d5c750507936
653506c4-be0f-4454-91b8-12aa4dfd35c1,will.i.am,will-i-am,https://imgsrv-sxm-prod-device.streaming.siriusxm.com/eyJrZXkiOiJlbnRpdHktbWFuYWdlbWVudC9iZS9iZWUwOWVhMWQ5ZGYyYmQ2ZmEzNzY3ODIzZDU1MzU2Y18xNzAwNjIxMzgwNzk5LmpwZWciLCJlZGl0cyI6W3siZm9ybWF0Ijp7InR5cGUiOiJqcGVnIn19LHsicmVzaXplIjp7IndpZHRoIjo2MDAsImhlaWdodCI6NjAwfX1dfQ==,https://www.siriusxm.com/player/talent/entity/653506c4-be0f-4454-91b8-12aa4dfd35c1
