talent_entity_id,talent_name,talent_type,related_entity_id,related_entity_type,relationship
db997c4b-66a0-4a4f-95fc-1f13157f4172,Joy Reid,HOST,13d5d2f3-ecaa-38a9-acc1-42c75c2b58f1,show-podcast,HOST
8ad46c02-0ae2-4a8a-acb9-5b4b716600af,Jim Duquette,SXM_HOST,869855d7-4e5b-4833-93ed-b06b5b033784,show,HOST
8b74ce98-5fe1-4c0b-adf2-d6d26da4a9bf,Michael Fabiano,SXM_HOST,ca54ad16-541d-44be-61f8-9fe6f31c8040,show,HOST
68482535-9a25-4411-8286-56ff28e32d8e,Caity Babs,SXM_HOST,73553275-0d3f-f980-cd86-f212fe86e38b,show,HOST
23d6b91e-5b90-4c4d-9ac0-48c79034beb3,Christopher Russo,SXM_HOST,f7853fbf-a8a6-b0ed-28d5-8961d0be7d96,show,HOST
576e0cc7-63eb-41e7-88c3-7be1bad19043,Billy Joel,ARTIST,794a6955-8315-7027-3482-535fd249a0de,show,HOST
1dfbce37-46f6-4e26-aec1-d0519939eed4,John Tartaglia,SXM_HOST,98865d8b-db09-412e-9732-3429ab910137,show,HOST
4d9640d8-35ef-47f7-9fed-fa10d49a4b78,Howard Stern,SXM_HOST,f306b8d3-d0e5-e3d1-e03e-f64adf98a7ac,show,HOST
62304359-cd8e-4c03-b070-af4d00b43273,Dana Carvey,HOST,5379c67f-e2c6-3b2e-9798-08f08614cd42,show-podcast,HOST
de372321-84e2-4506-a55d-2704bbf56f85,Neil Young,ARTIST,428f3f62-aed2-0502-bddd-1a77f2788b7a,show,HOST
5ee3bf3c-abf5-4b90-a78a-c9a94d23c735,David Fricke,SXM_HOST,03f0c122-97a0-27ec-100e-5584c058f2a0,show,HOST
ae3a96db-2291-4913-a4f4-8be838c8ec30,Bonnie McFarlane,ARTIST,68828dc2-d040-391d-8973-92e11ab564b6,show-podcast,HOST
576e0cc7-63eb-41e7-88c3-7be1bad19043,Billy Joel,ARTIST,9abcc96c-36d7-4399-bdad-f508cbacbf0f,show,HOST
fb03def4-df1a-492e-ade8-41a47a3a183e,Bing Crosby,ARTIST,4088aa02-3c7e-0a17-889a-26d8f135798d,show,HOST
a5caab89-3fd3-4774-b6eb-86787d847981,Mark Levin,SXM_HOST,a812dbef-a734-48f3-99f3-0a1284ce7575,show,HOST
25cf7d58-a248-4778-af00-027a434b31f1,Bill Gaither,ARTIST,15f2ff0b-fac2-bb47-8ece-fb09320b839d,show,HOST
3c13422a-0df2-47b9-8cb0-50c10dbd5ba8,Heather B,SXM_HOST,eec77cbe-a79a-2494-867d-a6c0d6a9e4e6,show,HOST
1f574be0-7427-4827-8bda-034d132e8a03,Stephanie Ruhle,HOST,abc1a01f-ed4a-3f04-86ee-d255bcaf440d,show-podcast,HOST
a9a23ed6-2bf3-486b-85fc-2f9dd822c49f,Guy Raz,SXM_HOST,f2a86f1a-d4dd-573d-ebdf-ee9025d7a7d5,show,HOST
4704faf8-123e-4070-859d-4bcf2005f71a,Andrew Schulz,ARTIST,cd404112-95e0-3040-9dde-1147f8b4c7a9,show-podcast,HOST
db8ce726-cf14-4e66-8fcf-12ec5ef972b4,Travis McElroy,HOST,0d76a09c-5b07-3c64-93a1-b726880b17e9,show-podcast,HOST
397f99b7-e204-4ff1-8be7-971654076a70,Jackson Browne,ARTIST,1cdbbb6d-72bc-7e41-1539-42409873a19a,show,HOST
e6a9f06c-5e00-45b3-a838-d0ecf17b1954,The Edge,ARTIST,827aaaa1-c1bf-ae19-79a2-104cdeef2acc,show,HOST
67390169-c16a-459b-ab99-bf591c4b1777,Jon Lovett,SXM_HOST,8b97a469-aebf-4186-9989-462a0ceb7b51,show,HOST
b6442f28-06ea-4904-9d0c-f31508d8c157,June Diane Raphael,HOST,e8998502-b2ce-3211-90c1-4ecb1b2a8ebb,show-podcast,HOST
af21ddc0-912e-4c32-a560-d5c750507936,mxmtoon,ARTIST,89c5b496-b616-3046-8fd3-d4fd24057865,show-podcast,HOST
75eb8e53-0bf4-4a44-9ec2-468295e0b8a6,Johnny Knoxville,SXM_HOST,f8fcddaf-b203-4b7f-ae2e-8b540f8e2677,show,HOST
21798dc1-3e87-4e39-8075-c2efadde4cfa,John Fugelsang,SXM_HOST,13bc87ba-3da4-0b5c-cb84-aa27fb4323f8,show,HOST
747ce7c6-780c-46a3-998a-8b418503b938,Wallo267,HOST,3f826384-f445-3265-8985-172c1d50b7f0,show-podcast,HOST
065abaa9-39a0-4cad-ad34-087d6bef3881,The Doobie Brothers,ARTIST,b40dfb8e-0a06-2ea6-e240-9f15a8e3e9e1,show,HOST
7a6d8b4c-ed70-4115-860a-559813ae2f18,Drew Barrymore,ARTIST,764f83d6-fecf-3745-87c3-1f8a85bcb70f,show-podcast,HOST
fef90617-3cdc-4765-93fa-d6eecdd58761,Paul McCartney,ARTIST,fe06d34b-ca1e-3ba0-8df0-5c54f5c61fab,show-podcast,GUEST
c3c2125d-73e6-40c1-be29-5750692c1450,The Allman Brothers Band,ARTIST,7492d3c2-54e0-d38e-afb4-508ad2cadecd,show,PERFORMER
c7379b39-3353-4aa9-bead-70aa64f9db23,Xavier Scruggs,SXM_HOST,4c4d60e0-db5c-22bd-b127-e0cb8cd8985f,show,HOST
edd3dd88-1ff0-42e3-8718-b54ea835001d,Michael Smerconish,SXM_HOST,c4387c03-bf69-4899-596e-fce650f0642c,show,HOST
9b76961e-f194-4120-a9f8-fa909b55140b,Jim Norton,SXM_HOST,e6f4dd8c-3e06-1710-b236-45e2cc92b7b5,show,HOST
39e2db56-2ba1-4ba1-9dfe-ec9b59194033,Hoda Kotb,SXM_HOST,e64314c9-05a0-4802-38b6-8899427fd652,show,HOST
5ee3bf3c-abf5-4b90-a78a-c9a94d23c735,David Fricke,SXM_HOST,5469fc09-d702-826a-cd7a-95cfe410e64a,show,HOST
72c91999-5a6b-4bb3-bc9a-d9584c2f5a81,Jim Jefferies,ARTIST,0ebee85c-8db8-3958-8882-44be75e7132f,show-podcast,HOST
d85b9510-719b-4777-809f-1c96b0e7cabe,Gail Bennington,SXM_HOST,44f0880a-9354-a01b-8937-e4956c3739e5,show,HOST
3ca01daf-c140-4713-9a20-03f7d442aae0,River Butcher,ARTIST,683987ed-b1c5-3d41-bb75-dd16c05626bc,show-podcast,HOST
cb865a68-42dd-4d28-b75e-7b667aa89673,Andy Cohen,SXM_HOST,9cbf0d26-5888-1943-1f3b-f4fe1bceaf5f,show,HOST
06406690-0586-4c10-be06-b98571347be8,Theodora Richards,HOST,934d4dd1-00dd-7d93-7fb3-ef428d72d722,show,HOST
4cc371ba-9963-4531-b3b1-19c59c99dc48,Mike Florio,SXM_HOST,8dbbeb10-b4d7-edf4-20dd-eeb36debc232,show,HOST
266bf3c5-ad56-454a-81f2-25b93f0dbfd2,Amy Nicholson,HOST,8460e529-6369-34f4-9732-e53208716c55,show-podcast,HOST
d7ca3853-0588-4da7-8276-dbbb7cfccb0b,Jim Cornette,HOST,2ce1b15b-d043-3fe9-9fe2-2f2df5ece57a,show-podcast,HOST
b7b5a874-8976-427c-bd19-052504df827f,Doug Benson,ARTIST,0d0ae0fb-7a03-31be-869a-12de0a882c8d,show-podcast,HOST
b224ffae-fe91-4a3b-a024-815fa202b0dd,Chelsea Handler,HOST,a7534ee8-f1aa-33b7-ac42-9b13f5506707,show-podcast,HOST
8ad46c02-0ae2-4a8a-acb9-5b4b716600af,Jim Duquette,SXM_HOST,0ef07069-5b09-d1de-0f9d-24f347b21bc7,show,HOST
ed2c65f6-6bf8-423e-92dc-b87e7417743b,Rich Eisen,SXM_HOST,9a48f724-1ea8-3b3f-b0e6-f4143106aa5f,show-podcast,HOST
df276c93-3fc1-46b2-a85c-84ece61e77e6,Larry the Cable Guy,SXM_HOST,eeab21f3-792e-0dbe-c1e9-1721edcaf3fb,show,HOST
8e9de81d-1f56-47d2-98a5-1167cb9c9a35,Alicia Keys,ARTIST,117f77b4-1335-cb61-333f-abc33c4426b5,show,HOST
72b3d19c-0ac0-4557-b177-d997a03ce3c9,James Corden,ARTIST,4e2f69b9-42ae-f437-3623-c9ebe77782e2,show,HOST
553256ea-a93c-4401-9339-781b29c0db5a,Conan O'Brien,SXM_HOST,cddcdd58-9b3a-2d75-9169-838cdb4456b3,show,HOST
5dff945e-fec0-4731-92ad-9475f306ba13,Rachel Smith,SXM_HOST,3560349d-2365-3c57-b866-7a037021b271,show-podcast,HOST
b22ced9a-1cea-440f-b28a-b0c625ab9518,Greg Levine,HOST,f9061988-1b53-3480-b024-f9213bdaf201,show-podcast,HOST
fbe5cdd5-3eb3-442d-abe7-84e9a33f0a54,Katie Nolan,SXM_HOST,9e865856-78c9-3c1a-89bf-4f5b63083212,show-podcast,HOST
6d369b6b-c95b-43cc-889c-68616e4be0f6,Lori Majewski,SXM_HOST,db3eeac6-d55c-dad4-5caf-f31fbc666a35,show,HOST
efdf31e3-e321-473a-8abd-8ab6dd15e58a,Cardinal Dolan,SXM_HOST,57210e5b-3ae9-48b5-9bc7-ba5dd849682b,show,HOST
1018267a-5fde-405e-90de-9af07cec4f85,Clay Cane,SXM_HOST,d59fc7f6-bf7b-588a-7cd7-6669226a498d,show,HOST
e4ed5636-1395-4187-8121-8050160157de,Jenny Eliscu,SXM_HOST,8bf28935-c635-4c04-ae01-11aa6504308f,show,HOST
eb92040a-3515-4493-a6b8-b11878041063,Adam Conover,HOST,097f4937-cba0-3cb6-a9d5-854e67578e25,show-podcast,HOST
30933ec6-d26c-4dd4-9a59-14906cdc7d35,Nicole Ryan,SXM_HOST,4c4b5428-9b30-35d7-9336-23210594f510,show-podcast,HOST
5f4078d1-1770-48ec-9295-fbd3e50bdca8,Kesha,ARTIST,9bb1990c-9b27-3620-9986-b6d69d48cdb9,show-podcast,PERFORMER
ddbef86c-961c-442b-a53c-d1abdbc773cf,Ryan Sampson,SXM_HOST,b0cb68e6-a901-466b-ac7b-414bf57cd50f,show,HOST
b65d6c23-23cd-421f-9ba4-2b8de4c2128f,Richard Branson,HOST,0c2f0f80-e818-55c9-b782-1167f0cd9514,show,HOST
c0e860c6-c88f-406e-929a-2b1b490cb62e,Charlie Kirk,HOST,58e2a633-b0f4-3f10-ac4f-efb5b6722c31,show-podcast,HOST
ed2c65f6-6bf8-423e-92dc-b87e7417743b,Rich Eisen,SXM_HOST,e16315ca-827c-347e-2d12-e7fb67a773a7,show,HOST
972bb22f-8a5d-4684-b8b8-ac5ce9254507,Heather McDonald,HOST,f50b16d3-9ff4-3f78-a065-41a90e85ab77,show-podcast,HOST
cb271fc0-0625-4baf-96d9-0345b1647bee,Russell Howard,HOST,06b29031-300d-a8c0-bde9-5aaea4daf39d,show,HOST
1708c2b9-cd92-43ab-b775-c47a5bdad49a,Monica Lewinsky,HOST,cac0b435-ee86-3ff9-8c3e-862ec7c2fe4a,show-podcast,HOST
3d5f62df-214d-4c9a-9184-6afe3f63681e,Billie Eilish,ARTIST,7cd70df9-94af-df73-a223-14b55bfdf948,show,PERFORMER
5ef375d7-ee0e-4de2-82e2-1a1a43790f43,Carrie Underwood,ARTIST,ed709b25-0b28-5be4-dbee-180e84e05180,show,HOST
58cdfc84-25c6-4361-86f3-9dde0207d528,Mark Goodman,SXM_HOST,13159afb-8b4d-4a7a-a79c-1e285c8bb6cf,show,HOST
bea76fb4-a595-4d80-add6-0d35b489919f,Joyce Meyer,HOST,3a286a6a-b2d6-39b1-86f9-8330241d70ec,show-podcast,HOST
2ad1b10a-41ea-41a2-9013-792f9572ad26,Pitbull,ARTIST,f77ac21a-32b2-3ff7-a4b5-1a7dd0840ac5,show-podcast,HOST
d434d92a-61b6-471c-8fb2-f82af6d59afd,Ozzy Osbourne,ARTIST,cce5a4cb-a040-d5c3-6f6f-663383df85f9,show,HOST
95acfc47-b9c5-4792-bc9f-a21a27ff84d8,Wynton Marsalis,ARTIST,4477e163-fe6c-8d04-0952-8492d9bcea77,show,HOST
4590fc71-e8f9-4865-a782-5282656c8237,Big Jay Oakerson,SXM_HOST,e8b70d6b-b129-31b4-84f3-4a0825f52842,show-podcast,HOST
436f44f2-5810-41e2-b59c-92cc28f7bbef,Miesha Tate,SXM_HOST,6e4303e6-415c-319d-8517-52fcc93fc3fa,show,HOST
66d6b5ce-129d-4d61-b914-aa4009eba361,Ronnie Dunn,ARTIST,d582a5a1-5953-dabc-ee0a-1bb7c128f08e,show,HOST
0b42d869-b8d9-4f26-ba7c-4f028e938be5,Emma Chamberlain,HOST,cfd5cc57-a0ad-32d6-a9d1-1b4f6766c8e3,show-podcast,HOST
62470ac9-ce57-4141-8bde-8f007791847c,Jess Cagle,SXM_HOST,39386a1a-2c3f-7265-519d-ae1447620634,show,HOST
316dbc64-d6a6-4fcb-8f47-7719571e18ff,Mike Love,ARTIST,8581fd28-a51f-2bd1-8ab6-9c16744b0797,show,HOST
88fa2cf8-aea0-4597-801f-a75a7964e3a4,Jim Daly,SXM_HOST,686f2f11-f346-19ca-997f-f2c3069720c5,show,HOST
ae907d63-bcb5-47cf-842a-50c69b132667,Sheryl Underwood,SXM_HOST,c6983bac-ad1b-346a-9adc-2b89180d5906,show-podcast,HOST
4a3f8765-4b92-44d9-9068-67e86783064a,Nikki Glaser,ARTIST,2778c1ef-0567-f4e5-96b7-08f854e18fbd,show,HOST
58cdfc84-25c6-4361-86f3-9dde0207d528,Mark Goodman,SXM_HOST,d3276ed8-f8db-38c9-b371-9574ac84b21c,show-podcast,HOST
b0d6bda1-0071-433c-b611-5f025b7398a6,Jessica Charman,SXM_HOST,9e908ef9-fa90-090e-bdb1-e6af8e1b6a70,show,HOST
e9ecebce-7928-415e-a4f0-5dadaa453eb1,Kim Ashley,SXM_HOST,9500b9a2-1b49-4983-a962-57fbf495c0c9,show,HOST
45de66f5-03fc-4581-9723-237e1b5bd09c,Jimmy Sturr,ARTIST,25d4ac6d-d139-43c8-8b36-ec033e2e38dd,show,HOST
4c3f9136-a869-4381-945a-054faff69ef3,Pearl Jam,ARTIST,be1bdcae-5474-9d41-e92b-e1f43e81e8f1,show,HOST
b20e5d0b-c48a-4708-b7ef-03282e889e9f,Rob Lowe,HOST,bdbbe6c2-31a1-3716-ae8c-97f387764d38,show-podcast,HOST
33ad5cb8-e322-4802-aed2-b2bdfd54415f,Matt Besser,HOST,d1a5c00d-b12a-360b-81df-64ef8660d831,show-podcast,HOST
bd6a677b-5d5c-419b-a4d0-16913b4fed4e,Jason Bateman,HOST,40adc29b-d29b-edda-a76b-f02c2184d255,show,HOST
71621d95-bc61-429c-b771-1f202f6c1819,Jay Sekulow,SXM_HOST,de8c48aa-7e7e-4c90-a9b8-7fac6be154e9,show,HOST
cd032653-5515-4474-bf68-cd56ec970d93,Alan Hunter,SXM_HOST,13159afb-8b4d-4a7a-a79c-1e285c8bb6cf,show,HOST
cfb3cdbf-141a-4236-a985-0bd13badd884,Downtown Julie Brown,SXM_HOST,349e58e0-a1f9-4652-91f1-e389eab9db02,show,HOST
8b950473-b62d-4c3b-970f-6e0c99ee0986,Casey Kasem,SXM_HOST,874efc67-7783-4c1b-891e-00dbc5a10049,show,HOST
8b524aef-91af-45f8-85d5-65b05a0823d5,Jen Psaki,HOST,7e911803-6568-3925-a3f8-4acc6ba981d6,show-podcast,HOST
7f1dda79-b711-4be4-89af-fad3da147c23,Kurt Braunohler,ARTIST,fa8cffb2-a43b-3c96-9a3f-4b9c7688cf99,show-podcast,HOST
23d6b91e-5b90-4c4d-9ac0-48c79034beb3,Christopher Russo,SXM_HOST,b4eeb7a0-19d5-f099-d704-e70dec4af547,show,HOST
4d9640d8-35ef-47f7-9fed-fa10d49a4b78,Howard Stern,SXM_HOST,5ad6890a-adaf-48bf-adbf-d0bf28def878,show,HOST
d9a58eca-0f41-485c-8605-17e1fb947c94,Paul F. Tompkins,ARTIST,4ee30f39-6a45-3e13-af29-ba75b2440452,show-podcast,HOST
fe7d8a29-383b-466d-8669-1f146528cc82,Elliott Kalan,HOST,96fe2776-a5c2-3c59-9e24-76c9e286bad4,show-podcast,HOST
9c95223a-ff8c-42eb-84be-fb51b734076d,Blackstreet,ARTIST,556bd7a0-adef-ac68-435d-9ead612aacb7,show,PERFORMER
46faad40-5b1b-40a7-9bfc-ec76cb172677,Lewis Howes,HOST,8fb7d501-b208-3114-8523-e724d51f6098,show-podcast,HOST
aa3c8db3-83ee-4644-a0a9-6db1df7ea05f,Michael Rapaport,HOST,dcd2953d-ad5c-3c4d-a9a9-a9b7220d9ae7,show-podcast,HOST
4656512c-482b-4581-b668-410afd387f3d,Frank Sinatra,ARTIST,74d97d5b-fcf0-6206-1069-2715c7f32e27,show,PERFORMER
6f3633bc-72e5-4193-9d88-7b3541c127af,Steve Phillips,SXM_HOST,86958740-3176-bf1b-9028-b69eb6739e8b,show,HOST
1d092068-0924-4107-b446-7533447a97d9,Jeff Foxworthy,SXM_HOST,b1b48191-ceee-5d03-fea2-6c24c3388b66,show,HOST
05da5119-de9a-4625-8c74-b03deb345182,Björk,ARTIST,61d2caa8-4b6f-310c-ba79-a3f7817f1f76,show-podcast,HOST
1e9b050f-6989-4afe-88fd-3829597ee32c,Måneskin,ARTIST,02e6c3c4-c6c1-cf8f-4c4a-e5861226573c,show,PERFORMER
291c7147-5282-4749-8433-cad790bd47f8,Phish,ARTIST,1dea9355-10f4-8fa5-f9fa-a447d1e0b9f0,show,HOST
77f99c54-f234-4613-bfdf-3b41417c2f76,Tom Segura,ARTIST,277e8ef1-7061-315f-a81b-c2d88736a3c5,show-podcast,HOST
291c7147-5282-4749-8433-cad790bd47f8,Phish,ARTIST,533225c4-e6f6-9c1a-d1e7-73eadf75f960,show,HOST
3177a68b-d4e6-4976-a1f4-f741523ff78f,Kevin Hart,SXM_HOST,0d3554ac-5919-3492-b0b0-71c43163ad90,show-podcast,HOST
f0f13d9f-b1e6-4bcf-b4da-7d66df710ef6,Ezra Klein,HOST,c2526fc4-3046-38cd-9ab6-064d63edad41,show-podcast,HOST
fedc2c0d-b2ca-44c0-bbc6-541e5ccdefbc,Dangerous Darren,SXM_HOST,01538ed3-d2ec-42f8-b18b-f2f223394b02,show,HOST
bed37169-ec7b-435b-b3b8-df49129ede5d,Richard Marx,ARTIST,b0347d1d-8349-6622-cd3a-02010b2a9e55,show,HOST
1cd67191-8866-483e-a473-3719c96fe736,Bully Ray,SXM_HOST,5299813b-b120-b278-242e-67ad85a1e41b,show,HOST
f600f325-d107-4306-82e4-e305f9eac062,Joel Osteen,SXM_HOST,1984f5ed-78b7-068b-e36a-1fcbae9af2a9,show,HOST
5314100e-2a6a-423e-ac37-2648feb24413,Bert Kreischer,HOST,277e8ef1-7061-315f-a81b-c2d88736a3c5,show-podcast,HOST
1cd67191-8866-483e-a473-3719c96fe736,Bully Ray,SXM_HOST,9ee1e6db-a5aa-31ae-bb1e-7d32edcb47bf,show-podcast,HOST
36822f76-672f-4559-a033-fbb47f996910,Jesse Watters,HOST,67fde960-92e8-344b-a33f-9c0626dd7e15,show-podcast,HOST
290017fe-2a0c-4ec7-a31f-0bd4aa9c2f0e,Giuseppe Verdi,ARTIST,0a4384ef-6eb6-20e2-acef-bda4c71af0f6,show,PERFORMER
b5c2dfaf-4820-4e1a-a195-181d0a8afe82,Griffin McElroy,HOST,d0a4c4de-d41c-341a-84f0-08e149c98c55,show-podcast,HOST
553256ea-a93c-4401-9339-781b29c0db5a,Conan O'Brien,SXM_HOST,417aee0d-91ea-0339-11a3-1677fa755f5d,show,HOST
6d369b6b-c95b-43cc-889c-68616e4be0f6,Lori Majewski,SXM_HOST,35a57cf4-cffe-877a-ad92-59827a39b095,show,HOST
0af82f30-47b0-47c1-a6c2-2141c45395fe,Angela Kinsey,HOST,0262ea51-92f6-3dae-af49-c0297401ed7d,show-podcast,HOST
184fe930-9b9a-4ad9-af7a-a64f177c0a11,John Legend,ARTIST,89fa5b7f-45ba-1856-3a54-0223f95e1d5e,show,PERFORMER
6f3633bc-72e5-4193-9d88-7b3541c127af,Steve Phillips,SXM_HOST,1852b3ee-c0e8-1730-60f6-d5de04ae99f3,show,HOST
266bf3c5-ad56-454a-81f2-25b93f0dbfd2,Amy Nicholson,HOST,2ec64d2d-3469-3306-99c5-461ca435ab47,show-podcast,HOST
88fa2cf8-aea0-4597-801f-a75a7964e3a4,Jim Daly,SXM_HOST,63306fc4-b3a9-4ee0-89de-a6e55a3a2d6b,show,HOST
1e51bb63-9b18-44bb-8ff4-f39963999dad,Megyn Kelly,SXM_HOST,886a27ad-eda6-e653-5ff3-93871250322c,show,HOST
201da46a-1993-467a-a765-cbf6b4a4553a,Robert Kelly,SXM_HOST,e8b70d6b-b129-31b4-84f3-4a0825f52842,show-podcast,HOST
23d6b91e-5b90-4c4d-9ac0-48c79034beb3,Christopher Russo,SXM_HOST,eaa8a676-ce51-9317-14f4-89d5d49d0044,show,HOST
0faf1591-d68d-40fa-8caf-e85d0e321df3,Alec Ingold,SXM_HOST,def1d118-cb38-c092-2b14-d25db274d6ac,show,HOST
874811ae-dacf-408b-8875-8f9dabfa6a63,Slim Jim Phantom,SXM_HOST,eab32899-8863-ebaf-965d-9f21725bd0f8,show,HOST
fd55de60-1629-451a-af22-980caa138c28,Cameron Esposito,HOST,683987ed-b1c5-3d41-bb75-dd16c05626bc,show-podcast,HOST
576e0cc7-63eb-41e7-88c3-7be1bad19043,Billy Joel,ARTIST,c19ded57-8d46-13b3-211b-5d644577d151,show,HOST
f48a45c8-068f-422e-b8c7-1adb32f65b78,Bob Harris,SXM_HOST,e728bf18-1c3d-9375-d676-2e1c257ecc8d,show,HOST
ba1c7541-c769-4c37-ba5e-099faff8632e,Mike Birbiglia,ARTIST,8562953f-159f-3597-a67a-da07a50e8fae,show-podcast,HOST
a14a7f49-4d80-418c-a93a-2d13a0b4a0ff,Jimmy Buffett,ARTIST,2ace05a8-9de9-c378-7f47-d06daeb54861,show,PERFORMER
34234f68-f46a-4a93-bc17-b613a8898ffb,Jose Mangin,SXM_HOST,bc215e85-e759-4e34-1a9c-acdb629e9f76,show,HOST
780b6d56-668f-4da3-ab64-d221b5d37ea0,Hari Kondabolu,ARTIST,6e1b74d3-6222-302b-aff6-36956114af39,show-podcast,HOST
8359e07f-dc79-490b-8b42-e81350b497f5,Ne-Yo,ARTIST,e348d866-3fbe-36f6-f25a-72cc68b7f4a5,show,HOST
a8a67e6e-e5bc-43bd-ab99-35ed54880d3a,Dan Savage,HOST,03ee242f-64d3-3a03-9ce3-90a5f87f3ae2,show-podcast,HOST
23d6b91e-5b90-4c4d-9ac0-48c79034beb3,Christopher Russo,SXM_HOST,472b0fd3-d495-4410-a858-046b5ad9a5a4,show,HOST
f319c835-5ca8-4e64-9ac3-af3fff839c79,Grace O'Malley,SXM_HOST,ee73d32c-5702-3d06-a885-01fb0ff6b1d1,show-podcast,HOST
8fe863fc-3155-443a-9bab-9db9b48a1dfa,Michelangelo Signorile,SXM_HOST,15343f0b-11fa-81af-9cd0-42ea706439a5,show,HOST
4d9640d8-35ef-47f7-9fed-fa10d49a4b78,Howard Stern,SXM_HOST,af7721ad-abb1-4e83-e3c6-3dc6046ee648,show,HOST
3d2d6c0c-1e97-4177-bb4e-19bdc6dd30b4,Wolf Blitzer,SXM_HOST,634bccc8-e362-3d82-b2e2-e979ccb9eb05,show-podcast,HOST
291c7147-5282-4749-8433-cad790bd47f8,Phish,ARTIST,e426cc08-80e6-d493-5f79-33c2747df836,show,HOST
db8ce726-cf14-4e66-8fcf-12ec5ef972b4,Travis McElroy,HOST,d0a4c4de-d41c-341a-84f0-08e149c98c55,show-podcast,HOST
618c4071-80ac-4f35-bd4a-529c2c78d06e,Fortune Feimster,SXM_HOST,e6f4dd8c-3e06-1710-b236-45e2cc92b7b5,show,HOST
c764b4dc-a877-456e-964d-70de01644a2c,Tom Brady,SXM_HOST,435a6ced-3c4e-8403-db42-e317f201c77c,show,HOST
c5a6ae8e-3725-4ec7-8b1f-f28173f1e87b,Jason Smith,SXM_HOST,4ae2cafb-b5d6-3e78-cab7-9f357bf78926,show,HOST
3177a68b-d4e6-4976-a1f4-f741523ff78f,Kevin Hart,SXM_HOST,445c96fa-5eb3-8dff-d897-ef920aa91476,show,HOST
0c3ec5e4-24ef-48ab-8890-6d923431d6a0,Keith Richards,ARTIST,82705672-dfa1-23ca-6651-62bef336beaa,show,GUEST
6989a235-e8d9-4644-81a1-73df761f3fc9,Bruce Springsteen,ARTIST,5acd9fe4-04ce-4618-b491-8688731495a3,show,HOST
d1241f1a-979a-4dc4-8eab-38360ae10748,Jim O'Heir,HOST,f9061988-1b53-3480-b024-f9213bdaf201,show-podcast,HOST
3c13422a-0df2-47b9-8cb0-50c10dbd5ba8,Heather B,SXM_HOST,346252cd-cd6a-9ec0-f96e-6504aae40317,show,HOST
6eed3020-3671-4579-bafd-b521650f27c3,Marky Ramone,ARTIST,7d3dc07a-2e91-277b-2e4a-8eee297a1f47,show,HOST
0a60285c-d0e1-426e-8b0e-7ee23a00672c,Torae,SXM_HOST,e51e0208-cc1a-237a-77e3-0c5a29786552,show,HOST
a56de98e-98a9-4ee3-95c3-cef8ca5b2188,Michael Lewis,GUEST,717a8bcc-98b8-3e59-8337-951f68c55369,show-podcast,HOST
01e1e24d-df50-45da-9a70-2d6910664a58,Randi Zuckerberg,SXM_HOST,09245ff1-897f-3c82-a3bb-6bf9f6c705c0,show-podcast,HOST
3c13422a-0df2-47b9-8cb0-50c10dbd5ba8,Heather B,SXM_HOST,f8bc644d-6368-4837-a230-7503b9bb0537,show,HOST
7be60aa9-ebd8-4c63-b8e1-228fe47da08d,Mike Babchik,SXM_HOST,560d39d9-9559-8951-c373-84dd04e2c625,show,HOST
7f1dda79-b711-4be4-89af-fad3da147c23,Kurt Braunohler,ARTIST,fb7401d3-a4c6-3346-8de6-6bdea66b3331,show-podcast,HOST
95ffacc4-89f7-4d34-990d-95856aee90b9,Jeff Lewis,SXM_HOST,2c7f0054-7d01-30bf-a25b-149005313a1c,show-podcast,HOST
f600f325-d107-4306-82e4-e305f9eac062,Joel Osteen,SXM_HOST,2c1d1fc4-d503-2d62-8f1b-716e25146715,show,HOST
09e2e360-64f0-4ccf-9251-94da2d6fbdb0,Norah Jones,ARTIST,cb726512-34e2-373d-92ed-bda1904bf002,show-podcast,HOST
fcb86638-d6d1-49e1-8bcf-efa10b97dd82,David Westin,SXM_HOST,f2cf2096-7c28-5759-317b-746ba34d8c34,show,HOST
7a52f074-985b-4282-9ff7-2fb1944c54a6,Bevy Smith,SXM_HOST,f21d409e-56aa-a643-59a5-47a550b02d3c,show,HOST
281fb8e1-b5c3-406f-9e88-3c6beb2f2eca,Wayne Gretzky,HOST,44ccdd25-ffd4-406d-d470-255d564ab13e,show,HOST
df276c93-3fc1-46b2-a85c-84ece61e77e6,Larry the Cable Guy,SXM_HOST,819a81c3-7f8a-3805-0453-4f6a1fd12d8f,show,HOST
c9e504bc-1238-474c-a648-9dfa5aea2374,Ron Bennington,SXM_HOST,0b5d14d5-11d8-8651-39c7-c86901d86100,show,HOST
290017fe-2a0c-4ec7-a31f-0bd4aa9c2f0e,Giuseppe Verdi,ARTIST,40c773ba-a1c8-5f54-7f07-753054acdb32,show,PERFORMER
bb249904-8814-4c4d-b698-a6fbb9e4f295,Seth Rogen,HOST,79b02dcd-f1b4-e0ea-b291-6da58729cc37,show,GUEST
50813ada-7c53-4e3e-ba4e-37881c8bc12e,Lupe Fiasco,ARTIST,57cf61ad-a220-3917-21e5-266326cf1467,show,HOST
af260567-9374-4889-8438-7816bf7ab56e,Red Hot Chili Peppers,ARTIST,32af7db5-1c7e-b166-cfa1-999efdf6f9bf,show,PERFORMER
0257b139-6b49-4f39-bcd5-1f9d62cab61b,Hallie Batchelder,HOST,db0f4145-4fb9-3735-9651-52d2d2a12adb,show-podcast,HOST
8b524aef-91af-45f8-85d5-65b05a0823d5,Jen Psaki,HOST,7707672d-f090-3e82-a34a-007f0d1c19c1,show-podcast,HOST
4c3f9136-a869-4381-945a-054faff69ef3,Pearl Jam,ARTIST,9e1fc9bd-8267-054a-b10f-147d0c9fc4ff,show,PERFORMER
55457c1f-f4b7-4872-8960-ea6a62e5c77f,Foo Fighters,ARTIST,809ddc19-3c09-7fb1-2630-31f5661b25a9,show,HOST
d2abf286-3802-44b1-984a-d8ee010545b5,Laura Coates,SXM_HOST,c491d306-db21-3934-b64b-ddeb2793bfe0,show-podcast,HOST
1a0d89c4-cab7-4087-b80b-63897bef70de,Ken Coleman,SXM_HOST,327d4a23-492d-0b55-199d-b5669fb28f52,show,HOST
7804ae9e-2188-40be-86de-92f54f5f5a0f,Morning Mash Up,SXM_HOST,b0cb68e6-a901-466b-ac7b-414bf57cd50f,show,HOST
77f99c54-f234-4613-bfdf-3b41417c2f76,Tom Segura,ARTIST,fa02583f-690b-37b0-9401-5b3b29c99350,show-podcast,HOST
69cd0fc0-ec1b-4293-b36d-cd42ec563da9,Shannon Sharpe,HOST,d4dbec8f-8ecd-364c-9da5-8647c0786272,show-podcast,HOST
097f5246-4311-45b9-a275-ee62e6cd6e17,Bapu Jena,HOST,60a4e430-e2ec-3ec9-9f9b-c96d279eed18,show-podcast,HOST
1e51bb63-9b18-44bb-8ff4-f39963999dad,Megyn Kelly,SXM_HOST,9df62a73-3d64-9dfe-125b-46b7e590bee1,show,HOST
017b0f93-12a0-4174-90aa-02b3f6d337f4,Swaggy Sie,SXM_HOST,916fef38-0988-40f4-81fc-8127afde9a04,show,HOST
0d015cfa-abd4-482d-847b-80607e68a89a,Bob Buchmann,SXM_HOST,132b2bf7-504f-89d4-d028-91e0fccc7a01,show,HOST
2eef1958-4859-4c67-b895-17616853991e,Simon Sinek,HOST,d110fa88-376e-3368-92f2-fe06721d4e59,show-podcast,HOST
d42ec99a-356a-455e-8d2d-c400e1028baa,Ariel Helwani,HOST,fde67176-2bb2-3641-b0b2-be0350477261,show-podcast,HOST
576e0cc7-63eb-41e7-88c3-7be1bad19043,Billy Joel,ARTIST,810f7e59-a408-dce2-2d13-b5a18234d010,show,HOST
307205fe-052f-4efe-b776-4e37b513700c,Reba McEntire,ARTIST,01e52c83-458d-33ec-9089-fb3c053b42a2,show-podcast,HOST
0139c5b4-585f-41bb-a8d2-16e1a6c02709,Father Dave Dwyer,SXM_HOST,57210e5b-3ae9-48b5-9bc7-ba5dd849682b,show,HOST
1d9054b1-3447-4da9-86f0-270347f2bce7,Paul Finebaum,SXM_HOST,82e539c6-fa31-0b1b-c19c-9895cfd1cffb,show,HOST
68903b16-7885-46dc-8616-ecfd700d054d,LeSean McCoy,HOST,ac0b2b37-6c2b-0df6-f256-17835eb0447d,show,HOST
06f07f95-1c9a-4c5e-b662-ae55c0099872,Joe Madison,SXM_HOST,e6020803-00ba-36e2-9de7-5f97d4428bcd,show-podcast,HOST
cfb3cdbf-141a-4236-a985-0bd13badd884,Downtown Julie Brown,SXM_HOST,c95acc52-fef5-44c3-bf15-b139b71655f5,show,HOST
b257d09d-d750-44ff-bcab-09439ef6acc8,Tom Morello,ARTIST,1ace8769-7049-0737-2ca8-d92623a0cd75,show,HOST
3177a68b-d4e6-4976-a1f4-f741523ff78f,Kevin Hart,SXM_HOST,25736c38-3fce-deab-a7a3-a4cd8a5dbff7,show,HOST
b3b81d50-a73a-47cb-8ea5-f8b3b3839239,Steve Harvey,HOST,177c0992-a2dc-3209-94dc-c9b52a48e446,show-podcast,HOST
b257d09d-d750-44ff-bcab-09439ef6acc8,Tom Morello,ARTIST,526bb09a-3325-32a4-9e38-3646d2fea1d2,show-podcast,HOST
c9e504bc-1238-474c-a648-9dfa5aea2374,Ron Bennington,SXM_HOST,ee265530-82cc-89d2-678d-9917680b6a67,show,HOST
dd772508-844a-4343-949d-3679d7c3357a,T.D. Jakes,ARTIST,5638f0c9-5e8a-3b78-a167-ff093c7ee5f4,show-podcast,HOST
58cdfc84-25c6-4361-86f3-9dde0207d528,Mark Goodman,SXM_HOST,bb5184d2-b3b8-31a9-accf-15d2782273ea,show,HOST
be05a8d2-7762-4bdf-8c82-db9c33a1622a,Kellie Pickler,ARTIST,1c1678c9-e0ee-ab65-a7b6-893fc61ba4c9,show,HOST
140adf09-5d19-4deb-8d07-e2b4d640e5c9,Drew Carey,ARTIST,4ba01ce5-7ac9-4060-9fe9-59ac7687fb57,show,HOST
22cf61b0-906e-4c17-920f-a2d9192ef356,Amy Sedaris,GUEST,79c4f9f4-2959-36c2-9352-b848234e2954,show-podcast,PERFORMER
517c6c46-c03e-4cc3-ade7-d4cecbcd0208,Nas,ARTIST,61a640df-bf70-3deb-a8e1-7dfd7ebacee9,show-podcast,HOST
653506c4-be0f-4454-91b8-12aa4dfd35c1,will.i.am,ARTIST,89dcca7f-deb3-347e-9ba5-a191162509de,show-podcast,HOST
bf3e4085-7679-43c6-b2d8-d6cff1231439,Gareth Reynolds,HOST,c12fb442-d0c4-38b2-be40-47a763ae0864,show-podcast,HOST
dc13664c-aef4-4f7f-a216-37203d2ca289,Howie Mandel,ARTIST,e45b5e3a-3d46-3312-9bf9-e15c196705c8,show-podcast,HOST
238493ba-01ed-475c-b146-1ab1389a7c19,Al Roker,SXM_HOST,fb2366bc-e6a2-93c6-0282-615a0677610d,show,HOST
7f1dda79-b711-4be4-89af-fad3da147c23,Kurt Braunohler,ARTIST,fb7401d3-a4c6-3346-8de6-6bdea66b3331,show-podcast,HOST
7094ec7e-52ff-4333-a504-7316ffd1acb2,Jim Bowden,SXM_HOST,1781d186-b709-4896-a203-21da0ebe718c,show,HOST
9e9bd8a5-402c-457b-8822-2294d499b4a2,Kat Corbett,SXM_HOST,f4a1cffa-d364-97ec-78b2-2b0e2b1a509b,show,HOST
f0f13d9f-b1e6-4bcf-b4da-7d66df710ef6,Ezra Klein,HOST,c2526fc4-3046-38cd-9ab6-064d63edad41,show-podcast,HOST
2ec12d8c-3e87-4bba-8a10-e5255423b7da,Chad Daniels,ARTIST,3b599f4e-a756-38b7-675e-6138b4d464f9,show,GUEST
7094ec7e-52ff-4333-a504-7316ffd1acb2,Jim Bowden,SXM_HOST,4c4d60e0-db5c-22bd-b127-e0cb8cd8985f,show,HOST
34c66b35-634e-480c-8e9b-f9c0ca649a1f,Ben Stiller,GUEST,e38f98ce-bf0b-30fc-86e7-473788a261f1,show-podcast,HOST
16d15af0-54ad-4fbb-85e5-6e3af0353a26,Adam Carolla,HOST,838062e5-9998-3e1e-b02c-816abbf3bfc9,show-podcast,HOST
196a5f47-f9b1-4124-9a47-17ad431538a3,Barbara Corcoran,HOST,7996b2d9-6d76-38d2-8b89-9f3f81ee9aef,show-podcast,HOST
b146753f-482a-4ea3-8dc2-fb07b4115522,Anderson Cooper,HOST,e739b27d-a9ee-357b-b026-e965e4d5b5e2,show-podcast,HOST
1d39658e-98be-42fe-938d-a7e87907989d,T. Graham Brown,ARTIST,40547832-9363-c2b4-64cc-93f8c06711e3,show,HOST
290017fe-2a0c-4ec7-a31f-0bd4aa9c2f0e,Giuseppe Verdi,ARTIST,06fadc64-826d-45e8-1bdc-02884979ff14,show,PERFORMER
6d269c92-6274-4c75-93f0-79ff61c015f9,Jillian Michaels,HOST,649f282b-8b3b-3314-a6eb-88bd5707ffcd,show-podcast,HOST
ddca9143-381e-421d-bdfb-b8aa9399356b,Shannon Gunz,SXM_HOST,a0ba4c6e-f0d5-7497-f110-a7b8416e109b,show,HOST
4ae34145-8849-4842-8c8c-3f12d5b2958d,Larry McReynolds,SXM_HOST,0f3279fe-c118-558a-15ad-9fa9f237adb0,show,HOST
86d2b065-d2a4-48e4-8b4e-1a140e6cdc58,Julie Mason,SXM_HOST,65cfb29a-195e-4b44-91fb-9e855ad51e03,show,HOST
efdf31e3-e321-473a-8abd-8ab6dd15e58a,Cardinal Dolan,SXM_HOST,6c026851-dfe4-450a-b4c2-b0cb0dd1c857,show,HOST
d1371b1c-9f8f-4cbd-b839-79170d6df0c2,Shemekia Copeland,ARTIST,eba9ea25-e4d1-9fa3-f242-0b4acf94b0bc,show,HOST
4df006ed-5faf-4bc0-b028-aab3206dfae3,Adam McKay,HOST,1e81a153-9101-3564-8049-8071c3c374d7,show-podcast,HOST
1ddb090b-842b-4470-a282-b3af3ce348fd,Sean Hayes,HOST,e1479d9d-9226-3804-9e21-e82f92cfb2c1,show-podcast,HOST
b7b5a874-8976-427c-bd19-052504df827f,Doug Benson,ARTIST,36403f66-5256-322d-8002-74494d14e6cc,show-podcast,HOST
4d9640d8-35ef-47f7-9fed-fa10d49a4b78,Howard Stern,SXM_HOST,9f9cccf9-f3f4-e77e-cedc-7d22a85d2f0a,show,HOST
c764b4dc-a877-456e-964d-70de01644a2c,Tom Brady,SXM_HOST,bfaab108-f1bb-d2a5-e7ac-71b432285d9f,show,HOST
291c7147-5282-4749-8433-cad790bd47f8,Phish,ARTIST,26ba9fb3-fef9-9167-eb05-57125059955f,show,HOST
8f2338d5-e63a-4f05-8405-8a7e0fe0be2d,Tommy Vietor,SXM_HOST,8b97a469-aebf-4186-9989-462a0ceb7b51,show,HOST
01d37bbb-09b1-403a-8abc-6a241e3b2533,Jon Gabrus,HOST,7d22fea8-0a0e-a1b2-e21d-1a66aa71f9ee,show,HOST
789e9d24-383c-418d-85c9-8b41ff70c841,Joel Osteen Ministry,ARTIST,6bf95307-abae-a9f1-f6fc-219e2c324f92,show,HOST
ff727541-987d-4362-8dec-3e965e6cd895,Sarah Silverman,HOST,19088856-c7d6-d08d-6431-62b8c999ce8b,show,HOST
e9189f03-c1c9-4d1d-a313-a77094db9324,U2,ARTIST,9f065cea-f71e-efa3-adee-d7b662739283,show,PERFORMER
25cf7d58-a248-4778-af00-027a434b31f1,Bill Gaither,ARTIST,d882b7a4-7263-edcc-25a1-88ade5ad650d,show,HOST
99ec4e2e-e4ab-4bef-8079-90b9275187ef,Rachel Maddow,SXM_HOST,4724d9ac-890a-3385-aaac-2e5f06602a7a,show-podcast,HOST
a857750b-1a36-4ecf-ba94-1a886226ce11,Amanda Seales,SXM_HOST,27d1a249-ed1e-be6b-7cc0-86accc747e08,show,HOST
553256ea-a93c-4401-9339-781b29c0db5a,Conan O'Brien,SXM_HOST,c4c73cad-832c-f565-b1d8-949ea43fbc58,show,HOST
f600f325-d107-4306-82e4-e305f9eac062,Joel Osteen,SXM_HOST,c085d2e9-f7f7-4420-e71d-90c7bb5783ae,show,HOST
c7aef8e7-6fc1-49c0-8828-a5029174f6ac,Tommy London,SXM_HOST,c8decbc4-9de7-44b1-a571-d6c568f178c2,show,HOST
576e0cc7-63eb-41e7-88c3-7be1bad19043,Billy Joel,ARTIST,d5a3c4cf-9f54-3673-e93d-19d60fbe5257,show,HOST
b146753f-482a-4ea3-8dc2-fb07b4115522,Anderson Cooper,HOST,e241c361-bae8-5cb4-2088-09a68cde1df9,show,HOST
f600f325-d107-4306-82e4-e305f9eac062,Joel Osteen,SXM_HOST,a0e2b235-6734-ff39-8270-5b849cbd707d,show,HOST
bb6f09fc-b980-4378-8b69-3417a68133a3,Paris Hilton,ARTIST,3069ec66-9e02-304e-8db5-37211bbcba9c,show-podcast,HOST
1bcae0f2-d614-4f97-b1b8-43dd01f867c2,John Mayer,ARTIST,ebdabc3f-b970-8a7d-150a-10d8652dcb96,show,HOST
8231c8f9-d2e1-44f7-88ca-674139e0ddf8,Kenny Chesney,ARTIST,adda81fb-1e30-336f-1895-d069d9280784,show,HOST
89c9bcb8-704a-435e-a047-30840e7ee70d,Diplo,ARTIST,be3a3876-0b31-1673-111a-b3679bff2e37,show,HOST
58cdfc84-25c6-4361-86f3-9dde0207d528,Mark Goodman,SXM_HOST,2492c1d6-793d-4fac-adbf-ddd9d4df9dea,show,HOST
0c8cc8df-c310-4fc1-b991-ddb442a373d7,Martha Higareda,HOST,91f892f3-b18e-3abc-9117-9ed82a4b8b40,show-podcast,HOST
91f502e4-6bd9-44e0-9da0-bacd07b3ecbe,Bono,ARTIST,be290018-61ef-70c0-65ef-a8908889c0a7,show,HOST
cd032653-5515-4474-bf68-cd56ec970d93,Alan Hunter,SXM_HOST,b14bb422-81d3-4652-938d-40e30a170a35,show,HOST
a933a7a2-b9b1-4399-a8bb-736b6bfd9ce6,Chris Gethard,HOST,84d65d0f-a3b6-342c-9122-3375026dea20,show-podcast,HOST
8d88a591-816e-443c-9cfa-d1efdb45e210,The Black Crowes,ARTIST,a160753f-450f-8cd0-c453-bd6c4809e845,show,PERFORMER
747c3163-c1a2-4862-9b6a-5b473e5254d6,Jim Cramer,HOST,eb65e22d-382b-4594-81a9-b8ae489d4883,show,HOST
cdb99af9-98b0-42e1-8c58-29bd0bb505ad,Colin Cowherd,SXM_HOST,f75d6711-221a-0be7-734f-63698c631cfd,show,HOST
1c62c94a-3fcf-477a-852b-fda248492ea6,Emily Heller,ARTIST,36b5e2d7-e26c-3aa0-bf88-264764808072,show-podcast,HOST
69cd0fc0-ec1b-4293-b36d-cd42ec563da9,Shannon Sharpe,HOST,d4dbec8f-8ecd-364c-9da5-8647c0786272,show-podcast,HOST
381226a7-e933-4d56-ac17-e5a7e7222787,Kirk Franklin,ARTIST,9831d4d9-bede-552b-afc0-d220c70e5d35,show,HOST
90a5cedd-3b5e-4098-ab09-e1522b833d08,Brandi Carlile,SXM_HOST,054f9cc1-439b-0526-9378-9962dd7d1b25,show,HOST
7c203ebe-0a80-47e6-8564-035ef6adde15,Bob McCown,SXM_HOST,10b1fdfd-1eb2-3262-89ed-8b46e893886e,show,HOST
034271a4-2f41-4db5-8c46-29135a5b2112,Cody Alan,SXM_HOST,82cdcab8-f5ff-48cb-14a0-219d60af2c65,show,HOST
e01bb338-0b76-4ee7-9617-f6d2ffed92b5,Joe Scarborough,SXM_HOST,8424f5ce-5f27-32db-83c5-444ef2173024,show-podcast,HOST
74a66893-1c68-4620-84a6-36a394db113c,Lurie Daniel Favors,SXM_HOST,db5cb995-8426-3bfc-8596-ef30d9191f82,show-podcast,HOST
f46b15e7-6e8c-47d4-8258-a211461a3563,Steve Aoki,ARTIST,1e841142-6e41-5bac-126d-e1464d9c56f3,show,HOST
5eb35ea7-28f4-452a-9847-2fe5ebb45644,Kristen Soltis Anderson,SXM_HOST,2dbb4911-9a32-b0df-8072-e0dfe2b83171,show,HOST
74a66893-1c68-4620-84a6-36a394db113c,Lurie Daniel Favors,SXM_HOST,db5cb995-8426-3bfc-8596-ef30d9191f82,show-podcast,HOST
cde4a41f-4b64-437d-8728-60fc850d61aa,Trippie Redd,ARTIST,e6370832-a9c5-30ad-bf6e-46110386d22a,show-podcast,PERFORMER
95ffacc4-89f7-4d34-990d-95856aee90b9,Jeff Lewis,SXM_HOST,1499ff4b-22c8-102e-cacb-e0856af058f7,show,HOST
c7a799c7-18da-4c5b-aa34-c2a0415126af,B.B. King,ARTIST,26daf06b-745e-8774-0129-0cf5943a4a1b,show,PERFORMER
fe9a0722-a9fa-4b3b-a40c-cc49cede590a,Maren Morris,ARTIST,354714ac-2121-1142-db3c-2294c6bbc12e,show,HOST
780b6d56-668f-4da3-ab64-d221b5d37ea0,Hari Kondabolu,ARTIST,6e1b74d3-6222-302b-aff6-36956114af39,show-podcast,HOST
3765720b-3749-437c-bf9d-0ad8a04c62e1,Bon Jovi,ARTIST,1d365f49-3bc6-4a5f-725a-ace15ba2c49c,show,PERFORMER
d431a767-449c-45b9-ba4a-5fa848695f50,Jim Ross,HOST,114c2add-4fc1-3463-8a49-e4c8b33e492b,show-podcast,HOST
f813d43f-090b-4832-809b-9173787cd060,Patton Oswalt,ARTIST,a1c5df6b-3fba-fcd8-f038-2b0ec487c14e,show,HOST
2a432919-925e-4557-b3c6-e945ba58029e,Alan Light,SXM_HOST,d3276ed8-f8db-38c9-b371-9574ac84b21c,show-podcast,HOST
64ad4834-4432-4465-b6be-3825d9e4557b,Tim Harford,HOST,00192cd6-9dc1-3209-b8c8-700dfdea2be3,show-podcast,HOST
bc5e2252-3e8f-496a-8231-7412f7450abc,Jeremy Siegel,SXM_HOST,9d0f7574-1a53-4577-8280-531519892eb8,show,HOST
0f09fbac-05f9-48e1-b0f8-f5453164f1fc,Madison,SXM_HOST,74d06afe-0584-101e-ed75-50666e68906d,show,HOST
e7d9699d-dea5-474f-b1d5-d0bf5a0224f5,Logan Paul,ARTIST,633c34a6-6f53-3beb-a2ee-b6868ae0819f,show-podcast,HOST
158f24fc-c3d7-4c38-8653-0d9a7fae8995,Michelle Obama,HOST,e4826604-26bb-dc8f-78cd-ff6d94176045,show,HOST
381226a7-e933-4d56-ac17-e5a7e7222787,Kirk Franklin,ARTIST,b19fb1aa-6260-f1f4-104a-7e77673cb912,show,HOST
bc029f26-105c-453d-ba74-30d1d2e0d4a8,Richard Blade,SXM_HOST,0a812925-55f4-a359-7d11-698dc2f514b3,show,HOST
c5e1a3f8-b60f-4d44-96dc-2f08c9d21b42,Ian Edwards,ARTIST,cd888c79-c430-3d35-b265-501b367f2537,show-podcast,HOST
829db8a4-90ad-4284-abc6-697ec1503e22,Stanley T,SXM_HOST,b0cb68e6-a901-466b-ac7b-414bf57cd50f,show,HOST
d41798c5-0637-411c-b8c9-f796447e9c1a,Yo-Yo Ma,ARTIST,21d77a92-9127-a82a-4303-502edee7cab1,show,HOST
13d5e4aa-8ec4-4d1b-80d2-e9e535725e28,Chris Matthews,HOST,ecedfe9d-8fb2-3a87-a997-7b0940176320,show-podcast,HOST
576e0cc7-63eb-41e7-88c3-7be1bad19043,Billy Joel,ARTIST,34bbd8e5-7e4a-788e-c90b-6be244032f1b,show,HOST
2576058d-8b5c-40c8-b4e4-bde4887d3360,CJ McCollum,HOST,8560350f-e650-31d2-a65d-5cf5e5aac10e,show-podcast,HOST
edd3dd88-1ff0-42e3-8718-b54ea835001d,Michael Smerconish,SXM_HOST,bbe9bad3-a857-488e-b7fe-af079bd1185f,show,HOST
93efa9b7-0ca2-49fc-8d91-a7d1bec0086d,John Oliver,HOST,c934de69-127c-3018-b6d7-68691bc684ca,show-podcast,HOST
9aa7f56e-092f-429d-923e-16f7c8488451,Dave Matthews Band,ARTIST,02efb206-63c1-67b8-5b7c-24fc06c01a68,show,PERFORMER
c9e504bc-1238-474c-a648-9dfa5aea2374,Ron Bennington,SXM_HOST,e7fac8cd-406c-f9f5-454f-316da04966e6,show,HOST
1d070efe-6392-4e03-b201-7d8783199246,George Ezra,ARTIST,4387aacf-1247-31df-a364-a97c03958d3c,show-podcast,HOST
9b76961e-f194-4120-a9f8-fa909b55140b,Jim Norton,SXM_HOST,0589c2ac-cec9-3fcb-a363-214138d95b7e,show-podcast,HOST
5584a9a1-0531-42cc-8412-565d6f630c71,Lisa Loeb,ARTIST,ad9099cb-6439-22f1-0eb6-4f5bf6edce30,show,HOST
f600f325-d107-4306-82e4-e305f9eac062,Joel Osteen,SXM_HOST,5a4e6963-8127-875c-9796-9d36dda5e96c,show,HOST
01d37bbb-09b1-403a-8abc-6a241e3b2533,Jon Gabrus,HOST,593bdc12-99c0-3430-9afb-9a9e274419df,show-podcast,HOST
ad0d3572-2b38-46b4-a47c-be8861b34dd8,Donald Faison,HOST,58f3432e-bba9-3f5f-8d50-108143871fc7,show-podcast,HOST
433785f6-c8fe-45fc-add8-7db538d804c6,Tiger Woods,GUEST,adbcd874-9e75-4a2e-7102-620bfe400897,show,HOST
215c9a48-8089-4e33-95ab-17e757aadf2d,Mack & Jen,SXM_HOST,5db586d9-4c05-a7fb-396b-5512a8f601b6,show,HOST
45d2477e-ccad-41e4-bd7a-cd094b19a83f,Adam Scott,HOST,fb8a7ff9-7460-3311-948f-580fb372660f,show-podcast,HOST
4d9640d8-35ef-47f7-9fed-fa10d49a4b78,Howard Stern,SXM_HOST,872f3487-26d2-af2e-787f-6bf016663ab9,show,HOST
618c4071-80ac-4f35-bd4a-529c2c78d06e,Fortune Feimster,SXM_HOST,6712cc70-8420-679f-a0d0-e927f78a22b3,show,HOST
6d3cd053-1976-407c-8bb6-cdccfc220098,Willie Geist,SXM_HOST,8424f5ce-5f27-32db-83c5-444ef2173024,show-podcast,HOST
4d9640d8-35ef-47f7-9fed-fa10d49a4b78,Howard Stern,SXM_HOST,7480055f-bdd6-b22f-d47b-39340bfadac2,show,HOST
206494da-25d6-433f-94d7-e30c97218560,Andy Richter,SXM_HOST,f918b1d5-af15-a16f-48fe-9a0d597dd14e,show,HOST
a307b369-926a-44f4-a323-65163a7e68f1,Matt Gourley,SXM_HOST,dc3bb054-831b-3999-8536-1db54fc42aab,show-podcast,HOST
e073b565-7f64-4ba1-aa16-e4484b8b85ee,Josie Totah,HOST,cb8fca1d-1003-87ac-617b-2b768ba8e09a,show,HOST
6983bdb1-003a-4aae-a304-bd5fac212bfa,Nicole Byer,HOST,211a7719-2dbe-ef7b-a6c1-66abc44412a7,show,HOST
ed4c853c-def0-4482-8892-acf445d94c92,Lisa Marie Presley,ARTIST,747d7589-41df-5366-7624-c857e348b84b,show,HOST
b9954a93-72fa-4e76-954e-d233f95de938,Phoebe Judge,HOST,f7a34e96-ea1d-3037-bdfc-3f070f17686a,show-podcast,HOST
290017fe-2a0c-4ec7-a31f-0bd4aa9c2f0e,Giuseppe Verdi,ARTIST,455638e0-d1e1-21ea-856a-11ae0350fbd2,show,PERFORMER
5462ed00-f157-4203-90f7-5b4774893bd1,Scotty McCreery,ARTIST,6c3daee0-91c9-668d-f240-0f56fb70e7d7,show,HOST
4a0d8856-ad25-4870-89ac-47fddc1dc8e1,Gerry Cooney,SXM_HOST,a8bda7a3-0b5c-4cff-940d-9216f66eae06,show,HOST
fbb7033b-79c7-4f5c-b893-690f577578f2,Glenn Beck,HOST,b4420b92-6226-32dc-a63a-8282783eb751,show-podcast,HOST
793d02bb-d93b-4ae5-a4e8-ab35610c7f61,Jake Tapper,HOST,8e39a050-1f20-4971-5014-8c251d7d3eda,show,HOST
31dbf862-0794-4acf-acb9-18a911a6cfc4,Metallica,ARTIST,fc74163c-2756-e6a6-aa8e-82206c64a2dc,show,PERFORMER
fffc9020-0cf2-43bf-8fad-83da7c2c4db1,Buck Sexton,HOST,67ca5e06-70e7-3207-9309-b41d365e56fc,show-podcast,HOST
4cbfebee-4021-45f7-9486-5fc35a59e127,Billy Wayne Davis,HOST,ad7cd7ae-3d52-3f7a-934e-2287c31136e4,show-podcast,HOST
16d15af0-54ad-4fbb-85e5-6e3af0353a26,Adam Carolla,HOST,04f5e2a2-8f88-3d7c-ba1e-fdc0b43d36f5,show-podcast,HOST
f600f325-d107-4306-82e4-e305f9eac062,Joel Osteen,SXM_HOST,770773eb-b8af-1f81-7b13-c4c441704dd9,show,HOST
8b950473-b62d-4c3b-970f-6e0c99ee0986,Casey Kasem,SXM_HOST,a1bf2c19-7646-4f42-9f93-788fe5af14b5,show,HOST
5314100e-2a6a-423e-ac37-2648feb24413,Bert Kreischer,HOST,185b6512-42a7-3d84-875f-7c309a268c75,show-podcast,HOST
617331b3-4f87-491d-be8f-701c9aec673c,Woody Harrelson,HOST,bc310d10-542b-36da-898d-5a5c77bc2322,show-podcast,HOST
25cf7d58-a248-4778-af00-027a434b31f1,Bill Gaither,ARTIST,eafdafef-70bb-8bfa-c11e-847c75a9ade7,show,HOST
cdb99af9-98b0-42e1-8c58-29bd0bb505ad,Colin Cowherd,SXM_HOST,40cd16ff-10f2-c1a6-5d3e-c4b5d41354e3,show,HOST
9a2c5fac-1337-4864-92c8-1bd1f98cd0c3,Ringo Starr,ARTIST,82a1999f-5156-1d6e-3e83-a611be702e21,show,HOST
f09a27b9-0883-475d-bdf8-a79ba2b3c412,Ben Hartsock,GUEST,bb2d254f-8667-3069-c09c-7d753b3a3912,show,HOST
1a75f6e7-2816-4f7e-b2c0-448b5cff0ab1,Paula Nelson,SXM_HOST,73e7abd5-f853-9936-9aa7-ff69119ada68,show,HOST
29201d93-77a3-4f10-99a6-b5a44e3630ec,Mark Kermode,HOST,a8697847-55ff-3f58-a041-971ea3fdcfa1,show-podcast,HOST
04d7eff9-06ae-4cb4-885e-5ad39d5d48b8,W. Kamau Bell,HOST,d1aaa85a-8437-3d59-8d12-c21b5ab6d1bb,show-podcast,HOST
7d115605-92c2-4609-89d9-0848bc708fd4,Elle Fanning,GUEST,15c51572-bd10-372a-bbe4-0f214c96e80a,show-podcast,HOST
465a14e8-9e78-464e-80b2-13202e658eb7,"Johnny ""El Picoso""",SXM_HOST,5aa56613-acaf-4727-8497-6bdfe4bb5d81,show,HOST
86b308af-6abf-48cd-a509-0fb65c8929a6,Del McCoury,ARTIST,89a8328b-69b9-4bde-527a-c78bf0c8be52,show,HOST
89c9bcb8-704a-435e-a047-30840e7ee70d,Diplo,ARTIST,86219994-f35c-1298-fc93-ba2bfb213dfc,show,HOST
94611a90-4cc4-4c44-95fe-55378fa12214,Brian Simpson,SXM_HOST,62365699-324f-faa0-0603-61d154f804aa,show,HOST
247b5794-8210-4acd-a09d-b955b9f4c96f,Dave Matthews,ARTIST,91e33f41-52fc-83c5-e096-49caa527f991,show,HOST
9fabcaae-ccb0-4901-8d8a-af6d035d69eb,John Hansen,SXM_HOST,45b3cb89-e5b7-d789-8800-70705c69a221,show,HOST
0fb5eb70-b47a-4404-b29c-6ef1f66b6943,Steve Earle,ARTIST,981b655f-1ae8-4faa-a726-774f59117f74,show,HOST
dd2b06c2-842b-41ac-bf74-8ccf3bdc2a76,Michelle Buteau,ARTIST,b204df70-855a-38fa-a85b-0723384395ff,show-podcast,HOST
3e497ce2-22e3-4266-9d47-85e6caa29e3c,Gioacchino Rossini,ARTIST,fe86dca1-2554-477b-924b-5a31a2322f4e,show,PERFORMER
60e83aff-8da9-4a35-b297-f2d024659d36,Dana Perino,HOST,2ba9a0c6-2283-31fd-9895-e6236d92b8ef,show-podcast,HOST
85a80f3f-f816-4acb-92fc-7ad27b67dbdd,Glennon Doyle,HOST,ce3238c8-52d2-3ff8-b7c8-cccbb450ecbc,show-podcast,HOST
af260567-9374-4889-8438-7816bf7ab56e,Red Hot Chili Peppers,ARTIST,9a11c70e-850c-5790-094c-6e6ddb80e8be,show,HOST
e31de336-4c59-4934-bc69-81db104bc399,Bob Papa,SXM_HOST,7ceb33b0-8470-f1d7-29a5-4015efa3d82a,show,HOST
b2658d13-8433-4f5a-affb-588df035bd1c,Chris Jones,ARTIST,ff079ab4-1ef3-4b20-9579-3ec976dec75f,show,HOST
c6fa8bdc-dc0e-4b12-9191-533fdcd2239b,Valentino Khan,ARTIST,e285885b-497a-f388-f26a-bdb62d56727d,show,HOST
cb865a68-42dd-4d28-b75e-7b667aa89673,Andy Cohen,SXM_HOST,265d722e-7caa-5779-bf79-4c7ecc68e109,show,HOST
48c4392c-2394-4a80-83d6-b3cf736eb66d,Joel Pollak,GUEST,ef3abc03-56b0-4dab-917d-66e58a7cd550,show,HOST
95ffacc4-89f7-4d34-990d-95856aee90b9,Jeff Lewis,SXM_HOST,ece71f38-6fa8-b930-5e82-d2f2e1a0685b,show,HOST
cb865a68-42dd-4d28-b75e-7b667aa89673,Andy Cohen,SXM_HOST,1a3982ac-0991-a8ba-2299-df94d1bbadee,show,HOST
cb865a68-42dd-4d28-b75e-7b667aa89673,Andy Cohen,SXM_HOST,2ca62db0-635c-0cd4-3e6e-7fda9a89b3ec,show,HOST
09880fa4-950a-46e6-ab1a-21c4ca751447,Cardi B,ARTIST,c2d6e301-3bf9-9dd4-d265-553d2a3236f2,show,PERFORMER
ab201cb5-5f7f-4bd7-acfd-1ad9b71ce750,John C. Dvorak,HOST,3f5073b6-08de-333b-9659-e742fc0a8eb9,show-podcast,HOST
b617a8b0-758e-4b6d-908f-35066d5745fa,Marshawn Lynch,GUEST,96b70bfc-c9df-35e6-9a37-eb1616ac5fed,show-podcast,HOST
903576d4-db2a-49e0-acaa-7447f862e098,Zerlina Maxwell,SXM_HOST,15343f0b-11fa-81af-9cd0-42ea706439a5,show,HOST
8f2338d5-e63a-4f05-8405-8a7e0fe0be2d,Tommy Vietor,SXM_HOST,cb8fca1d-1003-87ac-617b-2b768ba8e09a,show,HOST
1a75f6e7-2816-4f7e-b2c0-448b5cff0ab1,Paula Nelson,SXM_HOST,6dae9e42-95f6-d1f4-32e7-4d32840a1005,show,HOST
fbe5cdd5-3eb3-442d-abe7-84e9a33f0a54,Katie Nolan,SXM_HOST,9e865856-78c9-3c1a-89bf-4f5b63083212,show-podcast,HOST
01e1e24d-df50-45da-9a70-2d6910664a58,Randi Zuckerberg,SXM_HOST,a2c34cd9-2e51-dde9-d8b2-41ed4817ae44,show,HOST
60e83aff-8da9-4a35-b297-f2d024659d36,Dana Perino,HOST,00e5dbc2-3f5e-f6d8-d2a4-0a40a1102650,show,HOST
c46f82d0-119a-492e-b4ee-47ae71aa7a17,Jenna Fischer,HOST,0262ea51-92f6-3dae-af49-c0297401ed7d,show-podcast,HOST
d8927972-39ff-42b9-9cc4-e540fcbc95aa,The Tragically Hip,ARTIST,4431d1fb-1a9e-1582-d82f-4ecf4d36635c,show,HOST
4e0c146f-cc60-4486-ab1d-e2f764fc708b,Phoebe Gates,SXM_HOST,e497263b-0e8a-3585-8cba-18b64640c945,show-podcast,HOST
2e72399e-8aa1-428c-beb7-87971529acd0,Chris Doering,SXM_HOST,b78aaa76-b550-7534-9f55-c1d442a3ee12,show,HOST
94d3d43f-c608-4826-8a74-3385cd311c53,Mike Duncan,HOST,cba56ab2-86c6-37e7-897f-c021b03d69c0,show-podcast,GUEST
089d6a2e-7075-4e91-85b4-9d04a58512e3,Dr. Laura,SXM_HOST,ece8496d-9a33-3785-ad72-9b30a8350f43,show-podcast,HOST
c764b4dc-a877-456e-964d-70de01644a2c,Tom Brady,SXM_HOST,a5bd824e-1a4f-489e-5e7e-17dfb8c2d49e,show,HOST
b257d09d-d750-44ff-bcab-09439ef6acc8,Tom Morello,ARTIST,7fc226df-86a4-e6b1-b4ef-bc93c7c680d6,show,HOST
bea76fb4-a595-4d80-add6-0d35b489919f,Joyce Meyer,HOST,3a286a6a-b2d6-39b1-86f9-8330241d70ec,show-podcast,HOST
4a3f8765-4b92-44d9-9068-67e86783064a,Nikki Glaser,ARTIST,2778c1ef-0567-f4e5-96b7-08f854e18fbd,show,HOST
1d1b3bae-75c4-405c-aaf6-df3d89f7183a,Trevor May,SXM_HOST,f3ea98ad-341e-7dd2-3954-64fdf87639e7,show,HOST
291c7147-5282-4749-8433-cad790bd47f8,Phish,ARTIST,561f976e-a070-6f48-e274-97e66bb174a8,show,HOST
291ec7fe-81da-4f5a-912f-85a55d9242d3,David Cross,ARTIST,9f630d74-6bc2-3bae-8bc4-232000a5dd5c,show-podcast,HOST
a0d2f731-f500-4b2c-8f24-89da7db2832d,N.O.R.E.,ARTIST,c1072a4d-52a9-3bb3-b4fc-b49842850eca,show-podcast,HOST
81d3c4ee-48da-4804-9618-c266cddc6f3e,Tom Rennie,SXM_HOST,ecf533d8-e72a-381b-923d-ba3ee7048151,show-podcast,HOST
6f3633bc-72e5-4193-9d88-7b3541c127af,Steve Phillips,SXM_HOST,35da3623-de6f-6d00-8321-cf26f5f0418e,show,HOST
5a8182b2-42c0-4092-b3c9-817ceb3da0a4,Sona Movsesian,SXM_HOST,51c8536b-3279-d6b3-1f83-269c03a2d064,show,HOST
58cdfc84-25c6-4361-86f3-9dde0207d528,Mark Goodman,SXM_HOST,e7e0eaf5-85ce-3e53-a3c3-36bcdc33f023,show,HOST
e853a5b7-aba4-4809-9383-78f33da97568,Jason Davis,SXM_HOST,ab56bbba-0bc3-8544-39e1-732f0ed9cfba,show,HOST
c5e1a3f8-b60f-4d44-96dc-2f08c9d21b42,Ian Edwards,ARTIST,cd888c79-c430-3d35-b265-501b367f2537,show-podcast,HOST
ba2999bc-070d-4d23-8648-08e81067576e,Willie Nelson,ARTIST,cc0718e0-14a0-7fb4-e24b-98dd61aa6223,show,HOST
1e653b75-f04b-4f80-b76b-e8f3d704e0df,Belinda Carlisle,ARTIST,88f88fa4-a10f-7fe2-b275-45ecb85a36ff,show,HOST
f600f325-d107-4306-82e4-e305f9eac062,Joel Osteen,SXM_HOST,1984f5ed-78b7-068b-e36a-1fcbae9af2a9,show,HOST
b6a66b81-b9f1-4691-98b6-4d98cec8a445,Cody Alan & Macie Banks,SXM_HOST,ddda2579-e907-d1c3-8b12-0c465a2ea8e7,show,HOST
5a8182b2-42c0-4092-b3c9-817ceb3da0a4,Sona Movsesian,SXM_HOST,dda7a483-bb47-3d5f-a075-e4d2d4b58117,show-podcast,HOST
b257d09d-d750-44ff-bcab-09439ef6acc8,Tom Morello,ARTIST,3369925d-519c-1168-d9d3-640fe89a1592,show,HOST
3e497ce2-22e3-4266-9d47-85e6caa29e3c,Gioacchino Rossini,ARTIST,5c4e040e-9e82-5062-dd1f-66787e4fc30a,show,PERFORMER
df276c93-3fc1-46b2-a85c-84ece61e77e6,Larry the Cable Guy,SXM_HOST,33a5f91e-b19d-7d3b-4812-568690830dad,show,HOST
2150c178-ffc0-4c2b-89ce-74c07dbd3f15,Elvis Presley,ARTIST,c75851ad-7742-4b45-b114-f035cdb25131,show,PERFORMER
c270ff90-f7e8-4472-b1eb-f0256730d723,Dan Carlin,HOST,9c9a2bed-f2d4-3a23-a539-64b5eb460f1c,show-podcast,HOST
df187e5e-0f84-4a5d-8628-71b383d7de33,Julie Andrews,ARTIST,ba1af9ac-7289-3ac2-adc6-a31124bb0dc9,show-podcast,HOST
fffc9020-0cf2-43bf-8fad-83da7c2c4db1,Buck Sexton,HOST,6e197756-5382-35d2-a777-2ccf2dc6dc41,show-podcast,HOST
cde4a41f-4b64-437d-8728-60fc850d61aa,Trippie Redd,ARTIST,e6370832-a9c5-30ad-bf6e-46110386d22a,show-podcast,PERFORMER
63e5ae0e-83fb-4004-89d0-21c6636d2844,Tom Rhodes (Comedian),ARTIST,41c785d9-b245-34d5-8162-308f07021153,show-podcast,HOST
6983bdb1-003a-4aae-a304-bd5fac212bfa,Nicole Byer,HOST,93557b2b-ee2d-5710-384f-0b2155f04f8e,show,HOST
553256ea-a93c-4401-9339-781b29c0db5a,Conan O'Brien,SXM_HOST,0e8dd3af-060c-9782-d43c-543541d42433,show,HOST
cb863e51-2f68-4bf2-af6a-e2da451b3901,Karen Kilgariff,HOST,e4adf156-41b5-3b13-9aa2-69859c3781e2,show-podcast,HOST
8a784928-8269-4c0b-8468-ccb421239716,Sam Roberts,SXM_HOST,b7527c67-738e-1ddd-0720-a5862cceffbf,show,HOST
381226a7-e933-4d56-ac17-e5a7e7222787,Kirk Franklin,ARTIST,16b5aec7-142c-641f-feb7-fb26873215a3,show,HOST
0f09fbac-05f9-48e1-b0f8-f5453164f1fc,Madison,SXM_HOST,cdcf543e-2f6a-bcbf-f44b-6e8d3b83e56a,show,HOST
617572a6-c9a1-4f39-84b0-9a48cd389d34,Mase,ARTIST,ea6eec49-84b7-3779-b0d8-6f3555d7cc46,show-podcast,HOST
6fc0b5c5-cc7c-4eaf-9d0d-a7823e4e1859,Griffin Newman,HOST,b0400eb5-49f8-3bd6-bb90-647b7a5cf52c,show-podcast,HOST
476675ac-8864-4fc8-a92c-a5c46b26595b,Brooks Wheelan,ARTIST,d7ccb350-64fa-37d5-8955-2059746f81fc,show-podcast,HOST
91f502e4-6bd9-44e0-9da0-bacd07b3ecbe,Bono,ARTIST,6690551d-f60d-d87a-965a-63d1e633c2b2,show,GUEST
b65d6c23-23cd-421f-9ba4-2b8de4c2128f,Richard Branson,HOST,0c2f0f80-e818-55c9-b782-1167f0cd9514,show,HOST
edd3dd88-1ff0-42e3-8718-b54ea835001d,Michael Smerconish,SXM_HOST,cc2060b9-20c1-3b86-b3f4-96fbb9ffa7e4,show-podcast,HOST
e88572e7-0260-4b06-9baa-e50c46f5dc25,Oprah Winfrey,HOST,4f090315-aa7c-3012-b8e0-e6da2491736d,show-podcast,HOST
d761fdc5-3526-4fe3-855d-0b7349745786,Eminem,ARTIST,6a6a63f6-eb35-c6f3-0021-f3ee11ff55f5,show,HOST
1d9054b1-3447-4da9-86f0-270347f2bce7,Paul Finebaum,SXM_HOST,dda543ee-599f-4c80-8d56-0b60698c72c9,show,HOST
28f0457f-4be3-4d96-9f74-f0b58d05644e,Tucker Carlson,HOST,9a51fb8c-cd02-3fe3-a95a-ea8c0900a96a,show-podcast,HOST
cf66eef5-8d36-4828-b370-08093a469c49,Kelly Ripa,SXM_HOST,ed9f1087-7a5d-3fdb-ab1b-a21b606e87b7,show-podcast,HOST
85f6d312-333d-4585-a743-d9c418ec446a,Mark Dominik,SXM_HOST,b14d328d-30f0-4c28-a5c7-6fb16f2ad3a9,show,HOST
309fe630-ad4a-4312-a658-32627350b1e7,Tony Reali,HOST,05c8dc5a-5161-3cb5-b8e7-974537f8b734,show-podcast,HOST
34234f68-f46a-4a93-bc17-b613a8898ffb,Jose Mangin,SXM_HOST,97419dd7-4db5-46b6-b4c5-688970b0673b,show,HOST
22d3482d-4f51-435b-8d2e-e64d24ca7e05,Kiki Monique,SXM_HOST,c5f07a04-6de3-083d-4b5d-dd29115532c8,show,HOST
c6f79647-5ae8-4253-9d97-8a15fac07892,Frank Isola,SXM_HOST,ad5c1569-e430-443e-86dd-785500ad7f81,show,HOST
d486ce37-ce90-44fc-9640-36ad144f34b8,Dan Le Batard,HOST,8e9f9bfb-8824-4f93-aa00-a229a11487bc,show,HOST
9c794913-1fde-4a64-b351-de7d83397771,Jerry Cantrell,ARTIST,0fe416d7-be44-233f-13c6-667ea4cb0612,show,HOST
fe66aa77-6ca2-495b-9f8a-470e1c86fbea,Joe Biden,GUEST,605b61da-37f5-3c15-1c11-248340a8c2a1,show,GUEST
54932246-4c11-4fa6-8946-07b1b5ad1cd0,Keith Roth,SXM_HOST,7ec55f4c-0b62-4b7f-9754-7b4ac5baa5a7,show,HOST
d1241f1a-979a-4dc4-8eab-38360ae10748,Jim O'Heir,HOST,f9061988-1b53-3480-b024-f9213bdaf201,show-podcast,HOST
f600f325-d107-4306-82e4-e305f9eac062,Joel Osteen,SXM_HOST,39cb996b-0754-3018-bc81-92941d333084,show-podcast,HOST
13754410-d934-43d2-a462-56e59a2018f4,Kai Ryssdal,HOST,b837ab5a-6af7-315c-88d5-fe6da5ed60bc,show-podcast,HOST
ba2999bc-070d-4d23-8648-08e81067576e,Willie Nelson,ARTIST,a02bff0c-bd42-cf87-105a-eefd44781d11,show,HOST
f94af6d7-794c-487d-b9e4-b764240811ee,Rich Davis,SXM_HOST,4c5bf7cf-1e4b-7b07-cfad-71a295c0b5e8,show,HOST
5ee3bf3c-abf5-4b90-a78a-c9a94d23c735,David Fricke,SXM_HOST,fc674189-dc0d-cd74-2a26-dc147dad0e04,show,HOST
215fc1af-9508-44d0-a2ad-04192de652c2,Megless Griffin,SXM_HOST,afa1cecd-3e97-7c04-da55-b310cdca8737,show,HOST
e853a5b7-aba4-4809-9383-78f33da97568,Jason Davis,SXM_HOST,8e4a30af-583a-7b69-5438-72f6deb38b14,show,HOST
beae1f52-dd20-4fdf-8625-76f61fb44c82,Matthew Mercer,HOST,4f6de356-ad05-393e-9754-e776e7417181,show-podcast,HOST
89e50246-89f4-4693-99ea-78d03ec7c050,Jackie Kashian,ARTIST,74f4aa9a-9b37-3ee1-a17a-2465ecda73e9,show-podcast,HOST
72d8d050-6ef4-4f0c-beb7-abc8c5002879,Roy Wood Jr.,SXM_HOST,a7eacc0d-a0e5-39a7-8357-8e312aa253c4,show-podcast,HOST
79507419-9d74-4c8c-8a43-0e5346f4216d,Jesse Thorn,SXM_HOST,c6d9402e-bac8-33ac-a207-c0682a927047,show-podcast,HOST
10251d79-e0fc-4cc7-900f-2cc867136cdd,Bruce Murray,SXM_HOST,14e5fdea-ff19-3404-b0a5-232773e2b3d5,show-podcast,HOST
1adb688b-cd86-4ed3-ad93-193ad3c82bc2,Scott Aukerman,HOST,8fc764cf-5188-3b7a-8800-cb1b4325e297,show-podcast,HOST
553256ea-a93c-4401-9339-781b29c0db5a,Conan O'Brien,SXM_HOST,29959418-0da1-4773-7e0b-5e7828c43856,show,HOST
017b0f93-12a0-4174-90aa-02b3f6d337f4,Swaggy Sie,SXM_HOST,eb1136f9-77a9-82f1-fb49-f4eac938343c,show,HOST
e76e149a-0816-4d73-9136-4403dce6bcc6,Echosmith,ARTIST,2c3f5510-0928-567f-bca3-7583a5f6f2db,show,HOST
9c81b45d-3e15-4fce-8a45-f9a515ee1bcc,Lisa Ann,SXM_HOST,36a69b8e-cd2a-6e1a-977b-67d9b5723e46,show,HOST
9b76961e-f194-4120-a9f8-fa909b55140b,Jim Norton,SXM_HOST,03075d58-0423-b2d2-d6fd-051594c59ebe,show,HOST
81d3c4ee-48da-4804-9618-c266cddc6f3e,Tom Rennie,SXM_HOST,ecf533d8-e72a-381b-923d-ba3ee7048151,show-podcast,HOST
bd923964-afad-40ba-ab82-db57d833eb73,Nathaniel Rateliff,ARTIST,aa0d8f33-611b-ebc2-6b4b-b08c979f6ae8,show,PERFORMER
21798dc1-3e87-4e39-8075-c2efadde4cfa,John Fugelsang,SXM_HOST,13bc87ba-3da4-0b5c-cb84-aa27fb4323f8,show,HOST
3c13422a-0df2-47b9-8cb0-50c10dbd5ba8,Heather B,SXM_HOST,f8bc644d-6368-4837-a230-7503b9bb0537,show,HOST
98df252f-7c4b-4c0f-a84a-b9974916a287,Sarah Spain,SXM_HOST,3979aaa1-3aeb-300e-ba3a-2bc84765b2a7,show-podcast,HOST
9fabcaae-ccb0-4901-8d8a-af6d035d69eb,John Hansen,SXM_HOST,d533a255-585c-e59a-2c37-fb080fdcf4ba,show,HOST
79c0e6e4-54a4-4121-ae7c-4d6cad4d6f3f,Sanjay Gupta,SXM_HOST,ef1dda5f-b471-31d1-b75b-6c542eda26cc,show-podcast,HOST
1317a8a3-2f32-406e-88b1-bdd680a23af5,Michael Ian Black,ARTIST,95fc761d-2ed3-340b-befa-ed09e1896734,show-podcast,HOST
e42e030f-4839-48e6-b28e-b75826ba05fa,Jacob Hester,SXM_HOST,cfda84b5-c90d-4dff-8a73-331226bc7201,show,HOST
d371757b-95f0-4d86-aa04-76d5dece0973,Will Ferrell,GUEST,8a499120-c4d3-3e31-88b8-409842dcf2ef,show-podcast,HOST
ddbef86c-961c-442b-a53c-d1abdbc773cf,Ryan Sampson,SXM_HOST,69defb18-7f8a-482f-a493-641fdbb500a8,show,HOST
43fc3b13-94f3-45ae-85c7-ea9324a6e723,Chris Wittyngham,SXM_HOST,ecf8dfbf-d353-3f4f-9ecb-ccfb513a3326,show-podcast,HOST
789e9d24-383c-418d-85c9-8b41ff70c841,Joel Osteen Ministry,ARTIST,61bb88e0-567f-41db-a783-b9efc025c02a,show,HOST
bd6a677b-5d5c-419b-a4d0-16913b4fed4e,Jason Bateman,HOST,a3c08c83-d23a-6df9-f59e-84b0cca9da0a,show,HOST
cb863e51-2f68-4bf2-af6a-e2da451b3901,Karen Kilgariff,HOST,1afcc736-bbf0-323e-ab9c-9c563a28958f,show-podcast,HOST
ba1c7541-c769-4c37-ba5e-099faff8632e,Mike Birbiglia,ARTIST,73671f6e-1dfe-50dc-0725-66b826080a85,show,HOST
0a75a1b3-5075-4858-97be-2ce40a34c7a6,Brian Regan,ARTIST,4c25ab8f-4d99-036a-cbf1-b617074c77a8,show,PERFORMER
bd106ed4-c85f-40e4-ac1f-31351bc0aa9f,Nancy Grace,HOST,ee3f0b07-7dde-364e-8eed-2712a355d221,show-podcast,HOST
747c3163-c1a2-4862-9b6a-5b473e5254d6,Jim Cramer,HOST,f1cafc76-7a48-41f7-a896-2cfe6b8fee37,show,HOST
04a2b1d3-2186-4172-bee6-38fba295811b,Bill Flanagan,GUEST,e50199d0-daa3-6851-f357-70c2ab9b7311,show,HOST
68903b16-7885-46dc-8616-ecfd700d054d,LeSean McCoy,HOST,ac0b2b37-6c2b-0df6-f256-17835eb0447d,show,HOST
247b5794-8210-4acd-a09d-b955b9f4c96f,Dave Matthews,ARTIST,7b6f7c64-0749-8590-48bb-ef22b348c842,show,HOST
c9e504bc-1238-474c-a648-9dfa5aea2374,Ron Bennington,SXM_HOST,d72647c1-8626-da89-5107-3e8629721cef,show,HOST
01d37bbb-09b1-403a-8abc-6a241e3b2533,Jon Gabrus,HOST,593bdc12-99c0-3430-9afb-9a9e274419df,show-podcast,HOST
3d5f62df-214d-4c9a-9184-6afe3f63681e,Billie Eilish,ARTIST,3ff29edd-711e-ec5b-1bc8-d6dddddd2487,show,PERFORMER
c38ed3e0-0624-4992-ade9-f4a0133e3008,Mike Campbell,SXM_HOST,22020050-7a89-b7d3-a1f1-3f7123dc0673,show,HOST
c9e504bc-1238-474c-a648-9dfa5aea2374,Ron Bennington,SXM_HOST,a4493e14-6bce-59a6-3a93-1b89c65c9fe8,show,HOST
70591d4f-7b86-4096-b55e-029801085768,Sebastian Maniscalco,ARTIST,6dac137e-e8d0-3dd0-ad9d-1502f6995bf1,show-podcast,HOST
9b76961e-f194-4120-a9f8-fa909b55140b,Jim Norton,SXM_HOST,861c1e81-cfd9-3f7b-9d38-114fb4b3da4b,show-podcast,HOST
cb865a68-42dd-4d28-b75e-7b667aa89673,Andy Cohen,SXM_HOST,c00ce48c-6648-9ff6-aa28-bb5376cb1fa8,show,HOST
89c9bcb8-704a-435e-a047-30840e7ee70d,Diplo,ARTIST,af3125bd-8ebf-aa56-7404-99c79097b5d5,show,HOST
fe7d8a29-383b-466d-8669-1f146528cc82,Elliott Kalan,HOST,96fe2776-a5c2-3c59-9e24-76c9e286bad4,show-podcast,HOST
766a8927-8d96-424c-815f-42e6dda89696,Dolly Parton,ARTIST,cca8ff8e-abd7-3ef2-8dd8-73ab658cfa66,show-podcast,GUEST
8b950473-b62d-4c3b-970f-6e0c99ee0986,Casey Kasem,SXM_HOST,599272fd-5f1e-4681-777a-5218955a7930,show,HOST
23d6b91e-5b90-4c4d-9ac0-48c79034beb3,Christopher Russo,SXM_HOST,aba9967a-d062-1163-c77e-d7a3fa4287ae,show,HOST
ff89b5a9-2215-4d02-a89b-11462269c517,Alaska Thunderfuck,ARTIST,cef91b4b-98c8-3a72-8a6f-75143e68399b,show-podcast,HOST
9b76961e-f194-4120-a9f8-fa909b55140b,Jim Norton,SXM_HOST,7d47ba13-17ac-177e-9ec9-3fb74be82f50,show,HOST
4a3f8765-4b92-44d9-9068-67e86783064a,Nikki Glaser,ARTIST,d2254d96-b97e-3668-bbe1-0c07ed09c748,show-podcast,HOST
3177a68b-d4e6-4976-a1f4-f741523ff78f,Kevin Hart,SXM_HOST,ba3539ed-eebd-f16e-dcf3-f41df436c0fe,show,HOST
e1468bf7-aab8-4f4b-91cf-261102a4d0cc,Dylan Marron,HOST,b3ad8a3b-fa90-3ae3-9732-8010e502da1b,show-podcast,HOST
0def432a-0cc6-444f-a63f-c9cfdcf065bd,Jimmie Johnson,SXM_HOST,e3cfb1ee-fc42-309a-aac0-97a4a65b5950,show-podcast,HOST
b3bbfe0d-b090-4bef-9946-7e63f5dc8efb,Reid Hoffman,HOST,c96e03f7-fadc-349e-8845-e06491cde97d,show-podcast,HOST
bd106ed4-c85f-40e4-ac1f-31351bc0aa9f,Nancy Grace,HOST,0331b984-abba-3ee2-a48b-47260d130f3a,show-podcast,HOST
c2efd752-39e2-4057-bd0b-74498cefd4f0,Simon Mayo,HOST,a8697847-55ff-3f58-a041-971ea3fdcfa1,show-podcast,HOST
309fe630-ad4a-4312-a658-32627350b1e7,Tony Reali,HOST,e9fb23c0-35f6-3868-029e-32b18c1eccbd,show,HOST
8ad46c02-0ae2-4a8a-acb9-5b4b716600af,Jim Duquette,SXM_HOST,4c4d60e0-db5c-22bd-b127-e0cb8cd8985f,show,HOST
30933ec6-d26c-4dd4-9a59-14906cdc7d35,Nicole Ryan,SXM_HOST,5db586d9-4c05-a7fb-396b-5512a8f601b6,show,HOST
52b192c8-2aba-4090-b655-c38fa54a4893,Julie James,SXM_HOST,dd856bbc-9574-4361-93de-624f42249655,show,HOST
9c1eefbb-aed3-41eb-821f-3ea1bd46841f,Shawn Winkler,SXM_HOST,a6c60dad-208a-90aa-f8da-03bf868508ac,show,HOST
a4c9240f-9a9f-449b-be7e-4284df75ba0b,Steph Tolev,HOST,cdcb0a8e-691b-fd14-4261-a4bc3f6e2a55,show,HOST
47254fbc-5a59-42af-a0c2-b88504e34853,Manoush Zomorodi,HOST,0d53df7e-091b-391d-8e8a-2cf32777bb45,show-podcast,HOST
7e4ae8c6-3f05-4b99-adbe-d0cfb116e4fc,Dani Wexelman,SXM_HOST,d6d309b8-c11e-b5f5-4c85-a4ebe3059d50,show,HOST
e7049ede-b71e-42f5-82ed-f64a67550342,Mindy,SXM_HOST,7201b29e-90da-5558-ea5b-d80a9431357e,show,HOST
ec8e3eb2-40bf-4068-8b1f-9d7906a86675,Mark Henry,SXM_HOST,9289992c-04e8-1af3-1117-ac26a1a3121e,show,HOST
8fe863fc-3155-443a-9bab-9db9b48a1dfa,Michelangelo Signorile,SXM_HOST,df2a3167-4c3c-41a2-a73a-92053d781e1f,show,HOST
617331b3-4f87-491d-be8f-701c9aec673c,Woody Harrelson,HOST,0840bac2-43f7-77fc-0b81-99e11ca41fd8,show,HOST
bf05e17d-bf08-4a31-9e95-38456e0d9219,Ania Hammar,SXM_HOST,7294dcf9-bb88-4c4e-abf0-9230d4554a3b,show,HOST
a02d486a-6059-457d-9cb3-ef13b7aebc1a,Seth Meyers,HOST,c934de69-127c-3018-b6d7-68691bc684ca,show-podcast,HOST
a1a2fdbd-5602-49f5-bbe9-20cf385c1118,Akon,ARTIST,aa8b982b-9696-1cf5-c52f-d258fb34236a,show,HOST
7243f97a-247b-43a6-8e27-f94eba79b2bf,Stephen Dubner,HOST,beead3f6-2c3b-369b-9da1-b899973ffa0f,show-podcast,HOST
e88572e7-0260-4b06-9baa-e50c46f5dc25,Oprah Winfrey,HOST,1fe1b83c-4538-36cf-91ad-ebaa991d3ee7,show-podcast,HOST
d9a58eca-0f41-485c-8605-17e1fb947c94,Paul F. Tompkins,ARTIST,4ee30f39-6a45-3e13-af29-ba75b2440452,show-podcast,HOST
dbafbedc-0df6-4f87-91af-b8a82e2f1eff,Roger Alan Wade,ARTIST,f8fcddaf-b203-4b7f-ae2e-8b540f8e2677,show,HOST
1a6f37a2-d7cc-472d-b65c-289a5fcd442d,Jason Whitlock,SXM_HOST,1c062d50-e8c6-35c5-91ef-a2e2a5e886dc,show-podcast,HOST
291c7147-5282-4749-8433-cad790bd47f8,Phish,ARTIST,8985427b-08ef-8414-946f-33761f395387,show,HOST
43b937bd-5481-46b7-a386-5d2cf66bd922,Marc Maron,ARTIST,a82d8a70-955a-3bbc-9be9-988ec68cd5e3,show-podcast,HOST
23d6b91e-5b90-4c4d-9ac0-48c79034beb3,Christopher Russo,SXM_HOST,1e2ea7be-d430-f952-e0ac-8e5cab280b8b,show,HOST
c4f713c8-2a04-4e97-9c39-e9617fb7bb90,Kevin Harvick,SXM_HOST,f0e73c8d-8a23-5630-feb1-34c58c78075b,show,HOST
247b5794-8210-4acd-a09d-b955b9f4c96f,Dave Matthews,ARTIST,02efb206-63c1-67b8-5b7c-24fc06c01a68,show,PERFORMER
ec8e3eb2-40bf-4068-8b1f-9d7906a86675,Mark Henry,SXM_HOST,3bcf5595-380b-af4e-f2e5-b6aef314687b,show,HOST
4590fc71-e8f9-4865-a782-5282656c8237,Big Jay Oakerson,SXM_HOST,7d7de60b-787e-ab95-dbe6-f51129576160,show,HOST
a1ed9d5f-9b9e-41eb-ba1c-868db0ef17c6,Stephen Colbert,HOST,0e8cacd1-142c-373b-94e9-6891c1effbb3,show-podcast,HOST
a3bf78c9-15c9-451e-8055-d8854fd66d22,Denny Hamlin,SXM_HOST,88cb0a02-f1de-3b11-baa9-beb685638cca,show-podcast,HOST
d2c4fe11-4719-479d-b229-59083a88d01b,Brad Gillie,SXM_HOST,659309e1-6820-ce9f-c227-b9ebbe92ef8a,show,HOST
aadb25be-45ee-4639-86e5-9aa0da776eb6,Amy Poehler,HOST,a1af2c17-77a2-39bd-9ce9-b46c97c079a9,show-podcast,PERFORMER
379a4bb4-ad08-4184-9806-714aaded5a1c,KIDZ BOP Kids,ARTIST,01d9c043-fd0e-3908-b8dc-5259d22be918,show-podcast,HOST
5fe6ce30-0656-416c-8219-4b5c4f3ac17d,Eric Church,ARTIST,39d51e92-9689-da14-356d-52acc161228c,show,HOST
a14a7f49-4d80-418c-a93a-2d13a0b4a0ff,Jimmy Buffett,ARTIST,f77a1402-bb5f-5185-de34-36c1e58f5921,show,PERFORMER
47180fae-690d-4651-bace-e65cae420809,Kumail Nanjiani,ARTIST,02e22d96-687e-371f-92e0-6682cb71f640,show-podcast,HOST
7defdd83-99c2-425b-9520-ee76222e1a9b,Jack Harlow,ARTIST,b18f2683-ab3b-71e4-f7b6-05dfb6e14c62,show,PERFORMER
bf05e17d-bf08-4a31-9e95-38456e0d9219,Ania Hammar,SXM_HOST,86354d3a-d250-f03d-3884-f02141c622cf,show,HOST
5a7645cb-0c6c-44cd-bd2b-0219ce9698ad,Ben Shapiro,HOST,937da451-85a2-3471-8a2e-70ff23b19dec,show-podcast,HOST
fb03def4-df1a-492e-ade8-41a47a3a183e,Bing Crosby,ARTIST,a3aae47c-e6a1-263e-ada0-e42134fa417b,show,HOST
69cd0fc0-ec1b-4293-b36d-cd42ec563da9,Shannon Sharpe,HOST,fc8236cb-7564-3f68-b216-5809ea80cafd,show-podcast,HOST
16836083-fab9-425c-8aac-5792f8bcf59c,Sasheer Zamata,HOST,93557b2b-ee2d-5710-384f-0b2155f04f8e,show,HOST
bb2ff9dd-6899-48d6-bb0f-430b2e2574a4,Richard Dawkins,HOST,f1344de0-3924-3608-9ffb-15fc94eaee64,show-podcast,HOST
ec8e3eb2-40bf-4068-8b1f-9d7906a86675,Mark Henry,SXM_HOST,9ee1e6db-a5aa-31ae-bb1e-7d32edcb47bf,show-podcast,HOST
048a7114-9962-4315-bd34-1a46c2cc1a16,Dan Abrams,SXM_HOST,673c0ac1-cb1b-1079-9b07-d22075ae4ec4,show,HOST
908eea34-36b5-49c8-a30c-e5af9e11de46,Wolfgang Van Halen,SXM_HOST,c6597996-4dd3-0129-866c-af75f633ca2b,show,HOST
5fe6ce30-0656-416c-8219-4b5c4f3ac17d,Eric Church,ARTIST,6bc0ce81-c868-e9c8-c6ea-74bf60b93c7d,show,HOST
5624be1c-1869-4898-a117-1725493dc478,Nephew Tommy,ARTIST,36551066-265d-3365-95c5-a1ad1a30d711,show-podcast,HOST
656341f1-18bd-434c-b82d-08ae0c1e0be4,Paul Scheer,HOST,5c2db1ed-c989-3c4a-ad2a-4e7e83b35d23,show-podcast,HOST
28f0457f-4be3-4d96-9f74-f0b58d05644e,Tucker Carlson,HOST,13c1b0fa-96b6-3110-b922-ab014ed1d360,show-podcast,HOST
09f1080d-c6c7-4f89-8480-241a622657c8,The Lonely Island,ARTIST,38b8c56e-c0d5-3ef4-85d9-9ae4592d934c,show-podcast,HOST
5a11faf7-8b2c-4835-94d5-d6cf0a1d78c5,Tommy Dreamer,SXM_HOST,9ee1e6db-a5aa-31ae-bb1e-7d32edcb47bf,show-podcast,HOST
5fe6ce30-0656-416c-8219-4b5c4f3ac17d,Eric Church,ARTIST,70300c55-4366-5714-c53c-63c7018112f6,show,HOST
0a126318-e2f2-4019-96f4-269d390b5f3c,"Dr. Michael Perskin, MD",SXM_HOST,7625b996-0b48-b674-6f0f-bad3121a224f,show,HOST
90a5cedd-3b5e-4098-ab09-e1522b833d08,Brandi Carlile,SXM_HOST,01792aeb-b8f5-2c87-f362-3942be1ae98b,show,GUEST
a7f46015-04f6-4050-a171-1a6b68042177,CeCe Winans,ARTIST,81478035-5127-b479-ddfe-32794569191e,show,HOST
db997c4b-66a0-4a4f-95fc-1f13157f4172,Joy Reid,HOST,b27d154e-9378-30bd-9079-9105971697f4,show-podcast,HOST
8b172125-a5bb-4396-91a3-43f67d862472,Steve Scully,SXM_HOST,69075102-70fc-84cd-2ea3-121bd682f296,show,HOST
62304359-cd8e-4c03-b070-af4d00b43273,Dana Carvey,HOST,11e76241-cf61-392a-9f8e-ed5b96fb35a8,show-podcast,HOST
b6414c13-a56d-427b-be29-c3a74f3bd00c,Mac McAnally,ARTIST,9ec007c4-83a0-f2c9-4128-a2f7e7c41005,show,HOST
62470ac9-ce57-4141-8bde-8f007791847c,Jess Cagle,SXM_HOST,7a1bd503-e97d-4893-7b33-8c805a14d89f,show,HOST
a6dba161-8d1a-4627-abd1-670db29319d0,Katya Zamolodchikova,HOST,c2d66c79-935f-3529-b32b-2ab22aaa88a4,show-podcast,HOST
ae1c85fd-12bd-418b-be67-b79d6783aac8,Joe Dolan,SXM_HOST,d533a255-585c-e59a-2c37-fb080fdcf4ba,show,HOST
793d02bb-d93b-4ae5-a4e8-ab35610c7f61,Jake Tapper,HOST,6f6db5cb-91fd-4df4-b86c-54a8e860746b,show,HOST
5512ac26-532d-4b3a-95c5-b612b35c24cf,Dave LaGreca,SXM_HOST,3bcf5595-380b-af4e-f2e5-b6aef314687b,show,HOST
1adb688b-cd86-4ed3-ad93-193ad3c82bc2,Scott Aukerman,HOST,9082384a-69be-34de-a817-0c0e6aaab2e4,show-podcast,HOST
1bcae0f2-d614-4f97-b1b8-43dd01f867c2,John Mayer,ARTIST,942e690c-c0ca-11cc-2e94-fa1a1ce8e4cb,show,HOST
d8927972-39ff-42b9-9cc4-e540fcbc95aa,The Tragically Hip,ARTIST,db2bc254-d194-6ad2-93a2-e50edc67bb9b,show,HOST
2662f8e7-bd70-4cae-91f6-68a9c372d6d9,Duncan Robinson (basketball),GUEST,857bfead-bc63-3c29-81c5-f6fee84c851e,show-podcast,HOST
f94af6d7-794c-487d-b9e4-b764240811ee,Rich Davis,SXM_HOST,71fabafa-4967-ee17-96b5-5d2a372b5544,show,HOST
f6537406-3f02-42bb-968b-1a60fa739f13,Grateful Dead,ARTIST,cf30a640-e484-4bf5-991f-b5ef3c2ff5d1,show,PERFORMER
16836083-fab9-425c-8aac-5792f8bcf59c,Sasheer Zamata,HOST,ef6bb68b-776d-3079-ac9b-efe36577b5e6,show-podcast,HOST
1018267a-5fde-405e-90de-9af07cec4f85,Clay Cane,SXM_HOST,f2076da2-75e1-2783-f08d-29e1c316d3f9,show,HOST
973459ad-9cf6-4c56-aa4f-4b90b7f8c63a,Julia Cunningham,SXM_HOST,f50381d1-4bb3-8417-0f5b-b2d50b075b63,show,HOST
a9a23ed6-2bf3-486b-85fc-2f9dd822c49f,Guy Raz,SXM_HOST,7303b3d0-2d71-32fa-bfcd-5a248a8cf3cd,show-podcast,HOST
3d5f62df-214d-4c9a-9184-6afe3f63681e,Billie Eilish,ARTIST,7cd70df9-94af-df73-a223-14b55bfdf948,show,PERFORMER
7a52f074-985b-4282-9ff7-2fb1944c54a6,Bevy Smith,SXM_HOST,cf9c4ca1-87a8-b46c-6ef9-0c6765c7b0cd,show,HOST
01a846a2-2779-482f-9788-0dceb11c1ea1,Adam Caplan,SXM_HOST,d533a255-585c-e59a-2c37-fb080fdcf4ba,show,HOST
1729aa27-b7cb-437a-8e31-bdf84ec04a8a,Mika Brzezinski,SXM_HOST,8424f5ce-5f27-32db-83c5-444ef2173024,show-podcast,HOST
23d6b91e-5b90-4c4d-9ac0-48c79034beb3,Christopher Russo,SXM_HOST,7fef3ed9-b5cb-8507-a3c9-e2e93fb23ef2,show,HOST
f94af6d7-794c-487d-b9e4-b764240811ee,Rich Davis,SXM_HOST,28457e50-1e45-392d-9ebb-50385cca7e76,show-podcast,HOST
bb8178cd-eab6-4eb8-8522-f949c37a7de1,Sean Burke,SXM_HOST,63518e7f-cf08-e544-8780-d5949e1a052b,show,HOST
9b76961e-f194-4120-a9f8-fa909b55140b,Jim Norton,SXM_HOST,fc5583a8-0698-f68b-c261-6df3afa426ce,show,HOST
09e2e360-64f0-4ccf-9251-94da2d6fbdb0,Norah Jones,ARTIST,cb726512-34e2-373d-92ed-bda1904bf002,show-podcast,HOST
b146753f-482a-4ea3-8dc2-fb07b4115522,Anderson Cooper,HOST,35e4f401-2432-a494-5cc4-4bb8b69e108f,show,HOST
f319c835-5ca8-4e64-9ac3-af3fff839c79,Grace O'Malley,SXM_HOST,ee73d32c-5702-3d06-a885-01fb0ff6b1d1,show-podcast,HOST
d486ce37-ce90-44fc-9640-36ad144f34b8,Dan Le Batard,HOST,4fb86ad4-fc9d-3639-b5d4-e8aa33ba00d5,show-podcast,HOST
a560afa9-de5a-41b6-8d63-705239c77e84,Joel McHale,HOST,f2b4f6ca-db67-39f7-be5c-eda4b647581d,show-podcast,PERFORMER
1c51633a-2c22-485c-ad95-bafc949238c8,Mike Sweeney,SXM_HOST,e6f6d0db-d256-3b76-8bec-a79fc46dd8bf,show-podcast,HOST
a9a56e49-4082-4286-b49e-7bdb2e0137a3,Nikole Hannah-Jones,HOST,3ab7681c-3a71-3760-9fbc-9c9896661634,show-podcast,HOST
ec8e3eb2-40bf-4068-8b1f-9d7906a86675,Mark Henry,SXM_HOST,9ee1e6db-a5aa-31ae-bb1e-7d32edcb47bf,show-podcast,HOST
f9220333-7423-44c4-9dd2-8b8eda76151d,Chris Hayes,HOST,7f44e669-8c3d-36aa-a492-38d2de78b26c,show-podcast,HOST
92723873-f172-4c83-8b36-bc92cefe7a1c,Bryan Adams,ARTIST,86d1a676-7900-fa3d-5fdd-feff3d792fd2,show,GUEST
c9e504bc-1238-474c-a648-9dfa5aea2374,Ron Bennington,SXM_HOST,e7fac8cd-406c-f9f5-454f-316da04966e6,show,HOST
76a2999a-983f-461b-92a9-d6d952812ba1,Bella Poarch,ARTIST,6898d575-50ca-6cee-6597-48ed9710814e,show,HOST
0aebbbce-2c5c-4cb5-b83e-0315d87c23ef,Yara Shahidi,SXM_HOST,f1c07734-cf6d-3fa3-901f-60398e6bd3ea,show-podcast,HOST
7e4ae8c6-3f05-4b99-adbe-d0cfb116e4fc,Dani Wexelman,SXM_HOST,0ef07069-5b09-d1de-0f9d-24f347b21bc7,show,HOST
9b76961e-f194-4120-a9f8-fa909b55140b,Jim Norton,SXM_HOST,080721ff-ecee-7ea2-3817-e05b606e1cd2,show,HOST
aa00cd50-532c-4181-8b83-f6ea6ed582e6,Joe Bonamassa,SXM_HOST,a9f331ea-ffd6-06a4-978b-d597c6c2122e,show,HOST
35907760-e973-430c-b4c2-5bef8b70defe,David Webb,SXM_HOST,d81ce79d-3804-4072-9668-82173174c412,show,HOST
f5a822e1-e05e-4641-b430-0703e685ed61,Eddie Trunk,SXM_HOST,b2f01aae-2b1d-5677-9fce-b25d2227905c,show,HOST
f714020c-975d-426a-95a3-287ef0a9db12,Andrew Wilkow,SXM_HOST,9077818b-610a-7b27-a0a3-737ae47c5348,show,HOST
2ad1b10a-41ea-41a2-9013-792f9572ad26,Pitbull,ARTIST,f77ac21a-32b2-3ff7-a4b5-1a7dd0840ac5,show-podcast,HOST
bc21328b-c8b9-46b3-b86c-0df34a6bab13,Chris Jericho,SXM_HOST,cbd577b8-d4fb-39fb-81e7-b5b2cab90af5,show-podcast,HOST
23d6b91e-5b90-4c4d-9ac0-48c79034beb3,Christopher Russo,SXM_HOST,0404a7d1-63a4-3168-b9f7-36dcb236463c,show-podcast,HOST
4d9640d8-35ef-47f7-9fed-fa10d49a4b78,Howard Stern,SXM_HOST,5d35ec08-9d00-4b9c-b1aa-2d2b70fd278b,show,HOST
c1b86f35-571c-4aee-a6fc-af936400d0cd,Cayman Kelly,SXM_HOST,9f8a0515-6b18-4164-a426-24f8cfbd1385,show,HOST
96654df3-fc45-4f2d-9dc4-929d97be3d0b,Octavia Spencer,GUEST,7231db5e-a52e-3d28-9cd4-a656cdb16348,show-podcast,PERFORMER
1729aa27-b7cb-437a-8e31-bdf84ec04a8a,Mika Brzezinski,SXM_HOST,8424f5ce-5f27-32db-83c5-444ef2173024,show-podcast,HOST
f70cc005-98e0-4c56-962e-47be8d8e2740,Greg Fitzsimmons,HOST,943bb9e4-601f-3034-b022-0ca10bb4e7a9,show-podcast,HOST
39e2db56-2ba1-4ba1-9dfe-ec9b59194033,Hoda Kotb,SXM_HOST,0501f02e-9be2-4813-01f4-9eb561f8602a,show,HOST
44e0b176-e8a3-4a53-a521-c965cd8a4316,Tanya Tucker,ARTIST,7a901267-a1c5-26cc-807c-9db3ee8c666d,show,HOST
b81b1ebe-f593-4269-9aa8-a1b8bb02171f,Jon Favreau,SXM_HOST,f9797aec-44d2-374a-96d4-f4870f8f796c,show-podcast,HOST
50fe6da7-3fdf-4ee8-95d5-f5a834401821,Zach Sang,HOST,e372ab5e-18ca-30a8-b794-a281bde547a2,show-podcast,HOST
fedc2c0d-b2ca-44c0-bbc6-541e5ccdefbc,Dangerous Darren,SXM_HOST,c8decbc4-9de7-44b1-a571-d6c568f178c2,show,HOST
e9ecebce-7928-415e-a4f0-5dadaa453eb1,Kim Ashley,SXM_HOST,42eb9918-5250-4643-954d-4f3e826a2650,show,HOST
60e3fba8-09ce-42f3-baf2-7796b7219818,Grant Random,SXM_HOST,4465563c-a6a9-5420-2208-4aeb9b8350bb,show,HOST
f94af6d7-794c-487d-b9e4-b764240811ee,Rich Davis,SXM_HOST,f7953536-5cc2-3f56-b9b8-6c6ea96476d0,show-podcast,HOST
55729a52-a36a-49f1-9caf-97d2f2ac59dc,Carey Mulligan,GUEST,6e28eb60-e29f-36c6-b990-446be43bfb12,show-podcast,HOST
e65193b7-d072-415c-a46f-b13b5f50618c,Alison Wonderland,ARTIST,cab8f38e-3c80-99a9-39d1-3c0857e74244,show,HOST
efdf31e3-e321-473a-8abd-8ab6dd15e58a,Cardinal Dolan,SXM_HOST,6c026851-dfe4-450a-b4c2-b0cb0dd1c857,show,HOST
903576d4-db2a-49e0-acaa-7447f862e098,Zerlina Maxwell,SXM_HOST,7f69a2fc-c429-accd-3673-fd282907b1e0,show,HOST
029e4d59-e529-4cc7-a648-a224c7207ced,Sean Hannity,SXM_HOST,db508a4b-0f05-3410-b12f-f5fd73125682,show-podcast,HOST
af260567-9374-4889-8438-7816bf7ab56e,Red Hot Chili Peppers,ARTIST,39fd43e3-a00f-bcb9-1035-94dee0634f5f,show,PERFORMER
89c9bcb8-704a-435e-a047-30840e7ee70d,Diplo,ARTIST,be3a3876-0b31-1673-111a-b3679bff2e37,show,HOST
03bcc0d2-bf4e-41a9-a8b4-0dd305d1f94e,Blanco Brown,ARTIST,e6370832-a9c5-30ad-bf6e-46110386d22a,show-podcast,PERFORMER
e2553cd3-bfb7-4a51-85ff-cd33d2ca6798,Nicole Scherzinger,ARTIST,83d8714a-1146-1287-b226-b1c6ab4afacc,show,GUEST
4d9640d8-35ef-47f7-9fed-fa10d49a4b78,Howard Stern,SXM_HOST,af7721ad-abb1-4e83-e3c6-3dc6046ee648,show,HOST
436f44f2-5810-41e2-b59c-92cc28f7bbef,Miesha Tate,SXM_HOST,6e4303e6-415c-319d-8517-52fcc93fc3fa,show,HOST
a9a23ed6-2bf3-486b-85fc-2f9dd822c49f,Guy Raz,SXM_HOST,ced90284-954c-3327-9b74-cb14b62db3cf,show-podcast,HOST
aa466c80-47c3-4a6f-b5ba-86e9f60c8463,John Clare,SXM_HOST,c172d595-1404-ba40-1e2c-3e3608fa2d13,show,HOST
28362a29-9c95-47d2-8380-89621451e055,Anthony Herron,SXM_HOST,5a84836d-efec-fc67-af5a-d4f849ac6d26,show,HOST
646d1829-c3ba-4f7f-8462-205ac6960f9a,John Hodgman,HOST,5286fbb3-3e06-329c-af4a-0f5defee51f3,show-podcast,HOST
9b76961e-f194-4120-a9f8-fa909b55140b,Jim Norton,SXM_HOST,12e2034d-7f81-c64b-dcd7-af6dce6d1c53,show,HOST
bd106ed4-c85f-40e4-ac1f-31351bc0aa9f,Nancy Grace,HOST,f4dc2377-5ec2-480e-8f9d-e4e05bea765b,show,HOST
5a440b86-f335-4f72-8dab-a2240fa4fe02,Shinedown,ARTIST,5b08d0a2-b680-3b3b-9c9e-658fe623af37,show,HOST
8a784928-8269-4c0b-8468-ccb421239716,Sam Roberts,SXM_HOST,146f9f61-c592-39ff-8876-f0779a1a9dc3,show-podcast,HOST
40379dd3-e68d-4839-9674-636e298c40b0,Shankar Vedantam,HOST,449e4814-322e-7d75-40d8-728fc9d8c861,show,HOST
c6f79647-5ae8-4253-9d97-8a15fac07892,Frank Isola,SXM_HOST,ea50146b-09c9-54ab-287a-ff857bb47ad9,show,HOST
a5235f06-3c3e-48bb-ac94-f55699fd0396,Anthony Bourdain,HOST,bbbafa48-60b5-3a8a-9175-4631a2d66f66,show-podcast,HOST
f600f325-d107-4306-82e4-e305f9eac062,Joel Osteen,SXM_HOST,b4f9f0a0-0ba7-61c7-87b5-e5223881fdbe,show,HOST
62470ac9-ce57-4141-8bde-8f007791847c,Jess Cagle,SXM_HOST,659b01e4-810e-af24-326e-df57046da19a,show,HOST
d9a58eca-0f41-485c-8605-17e1fb947c94,Paul F. Tompkins,ARTIST,06a3ac9e-91d1-3431-8eee-f40c738a07b6,show-podcast,HOST
3ae5598d-a013-4ab7-93cc-ea6a742a45d1,Madeline Argy,HOST,a3c2c3b4-b402-7594-c011-75f8613353e0,show,HOST
fb03def4-df1a-492e-ade8-41a47a3a183e,Bing Crosby,ARTIST,a3aae47c-e6a1-263e-ada0-e42134fa417b,show,HOST
545e0d78-8881-4425-9d21-4230aaf99d83,Bobbi Brown,HOST,6e2b4a45-6601-3f56-bb25-81484e044ff8,show-podcast,HOST
b446cc0d-2e76-4ea9-b400-696067ba6825,MUNA,ARTIST,2aad323f-7725-39b3-a893-01c70b488864,show-podcast,HOST
47feaf2a-db0c-45a7-9c5f-c28552c086f4,Fareed Zakaria,HOST,db1f5757-91d0-35a1-b118-8358dfc51e0f,show-podcast,HOST
731fcb83-e12b-4e76-89ca-6aa35b792163,Ronan Farrow,HOST,b3b95928-92c1-3411-8752-5b3bbb872816,show-podcast,HOST
b257d09d-d750-44ff-bcab-09439ef6acc8,Tom Morello,ARTIST,6f1da2e5-5685-9a50-baa1-96c118d2abd8,show,HOST
ba2999bc-070d-4d23-8648-08e81067576e,Willie Nelson,ARTIST,494d78d1-cf8f-c3cc-ddcf-f4f736053a50,show,HOST
39e2db56-2ba1-4ba1-9dfe-ec9b59194033,Hoda Kotb,SXM_HOST,4ef0ca37-0503-04a0-b70e-a9fc9969fb76,show,HOST
69bb74c4-df09-4972-9f7f-a70fde552b22,Jimmy Kimmel,HOST,c934de69-127c-3018-b6d7-68691bc684ca,show-podcast,HOST
0aac79b7-93fc-4ce8-b204-a43e65e983e4,Kathryn Hahn,GUEST,79b02dcd-f1b4-e0ea-b291-6da58729cc37,show,GUEST
576e0cc7-63eb-41e7-88c3-7be1bad19043,Billy Joel,ARTIST,cce98dd1-bb6e-44a2-2395-fa1c215fecfb,show,HOST
4cc371ba-9963-4531-b3b1-19c59c99dc48,Mike Florio,SXM_HOST,72ec50cf-5eb6-3985-9e60-0b7e5e874dfa,show-podcast,HOST
39e2db56-2ba1-4ba1-9dfe-ec9b59194033,Hoda Kotb,SXM_HOST,dd3aadaf-8047-1675-e802-1c1023582d82,show,HOST
2677513a-73ff-41e7-926d-e12b36c23e4b,Armin Van Buuren,ARTIST,be7f4809-6fcf-5422-f4cc-f7f44cf8f2d8,show,HOST
4b3cf73e-bd53-47eb-91a0-65cb9aa97fab,Katie Couric,HOST,229272b6-c6fa-36a2-b419-0119a4865e44,show-podcast,HOST
8b172125-a5bb-4396-91a3-43f67d862472,Steve Scully,SXM_HOST,673c0ac1-cb1b-1079-9b07-d22075ae4ec4,show,HOST
6eed3020-3671-4579-bafd-b521650f27c3,Marky Ramone,ARTIST,7d3dc07a-2e91-277b-2e4a-8eee297a1f47,show,HOST
f5a822e1-e05e-4641-b430-0703e685ed61,Eddie Trunk,SXM_HOST,19305fd8-c999-fbb6-1084-cb23008ce0fe,show,HOST
907de37b-067d-4df5-951c-a22b0ef79857,Jeannie Seely,ARTIST,aa2c75c1-1005-ad38-18cd-b50a2f387b49,show,HOST
fe66aa77-6ca2-495b-9f8a-470e1c86fbea,Joe Biden,GUEST,2623f310-49ec-f657-c6c3-1ed4a8296e5e,show,HOST
47e45ffa-5f2f-46f9-b39d-a7c0805d0ebd,Chris D'Elia,HOST,e1a8db17-d5e5-35f4-a5f7-4266300aadbd,show-podcast,HOST
edd3dd88-1ff0-42e3-8718-b54ea835001d,Michael Smerconish,SXM_HOST,cc2060b9-20c1-3b86-b3f4-96fbb9ffa7e4,show-podcast,HOST
66d6b5ce-129d-4d61-b914-aa4009eba361,Ronnie Dunn,ARTIST,4eefa5ef-3d26-102b-3ce8-6aec6ad7bce8,show,HOST
683c9053-26bc-4e17-bed1-2a64d80e217a,Andrea Mitchell,SXM_HOST,1a3f1e88-3dcf-3cc6-3ce7-28a8dbb05430,show,HOST
201da46a-1993-467a-a765-cbf6b4a4553a,Robert Kelly,SXM_HOST,b2f9e172-ffc0-7e10-ea5d-955e85b4f11f,show,HOST
ed139028-7a3f-4d0a-99e6-b9c7e22573ec,Tom Papa,ARTIST,3789d97f-9c29-3d9c-a930-3167a99d5a33,show-podcast,HOST
7094ec7e-52ff-4333-a504-7316ffd1acb2,Jim Bowden,SXM_HOST,ce323528-a948-4934-a68a-d28f4f7f4bc9,show,HOST
95ffacc4-89f7-4d34-990d-95856aee90b9,Jeff Lewis,SXM_HOST,5e8da2bd-acda-e90a-e29e-e095e9e927b8,show,HOST
c7aef8e7-6fc1-49c0-8828-a5029174f6ac,Tommy London,SXM_HOST,42e4a142-dd13-b5c5-9d49-1d5f1580298b,show,HOST
46db0750-b7ef-4dc9-8da7-ea17980d8a37,Phoebe Bridgers,ARTIST,ae6ee9c9-c523-34cb-5afa-a352003f71a4,show,HOST
291c7147-5282-4749-8433-cad790bd47f8,Phish,ARTIST,de12819b-f538-1cb1-21f7-eca276300f38,show,HOST
ed2c65f6-6bf8-423e-92dc-b87e7417743b,Rich Eisen,SXM_HOST,e16315ca-827c-347e-2d12-e7fb67a773a7,show,HOST
a1f7491a-f6d1-48da-9864-e81c27928fcd,Angela Duckworth,SXM_HOST,15dc6010-df0a-34bf-8827-deb3671cb8b7,show-podcast,HOST
9e92cc1d-11f7-4db2-89bb-170531848c23,Chris Spatola,SXM_HOST,0d641ba5-f0df-7246-e488-6422ba4b91ad,show,HOST
e6baa671-ea18-4276-9e8f-aa21faf25b25,Rhett Miller,ARTIST,f559b526-4825-3f05-94ea-c95025a2248c,show-podcast,HOST
958cad82-2605-4e8a-9a19-f442c4c610c3,"Marisol ""El Bombón"" Vargas",SXM_HOST,15dd2d23-ab25-4230-8f5b-591bbe87c6f8,show,HOST
1d092068-0924-4107-b446-7533447a97d9,Jeff Foxworthy,SXM_HOST,9e9583ee-9b64-c550-1169-b0fffdda6d67,show,HOST
5fe6ce30-0656-416c-8219-4b5c4f3ac17d,Eric Church,ARTIST,70300c55-4366-5714-c53c-63c7018112f6,show,HOST
8baec0c0-94e1-4ef3-90ac-2bd18d7a03f4,The Chainsmokers,ARTIST,a767a0c7-2248-e107-b737-8ee6298a48ad,show,HOST
403d927c-4fa7-4262-abf2-4405e7b1c66b,Dan Patrick,SXM_HOST,305ae7e5-4e2a-3680-8292-ce041357c422,show-podcast,HOST
e6df99e4-31a8-4560-8280-518831e678ae,James Altucher,HOST,e5adce69-16be-3029-b995-609446ac5420,show-podcast,HOST
a0992672-780c-4eff-8a28-b311552c161d,Peter Noone,SXM_HOST,1a47af22-93d5-47cf-95fa-4d7ade370711,show,HOST
47e45ffa-5f2f-46f9-b39d-a7c0805d0ebd,Chris D'Elia,HOST,e1a8db17-d5e5-35f4-a5f7-4266300aadbd,show-podcast,HOST
2db6dc18-8bd6-44f2-bf34-2607f80c0267,Chris Carter,SXM_HOST,a104029f-4bbc-4331-a3d3-38fd33176789,show,HOST
b5c2dfaf-4820-4e1a-a195-181d0a8afe82,Griffin McElroy,HOST,0d76a09c-5b07-3c64-93a1-b726880b17e9,show-podcast,HOST
fd3216a0-b364-4c8d-9764-8e8a78b3158d,Travis Kelce,HOST,540d5faa-236d-34f1-8878-9bec5e6b1e3f,show-podcast,HOST
3922da90-be59-4bb2-a7c0-e23ffccbd8f9,Duran Duran,ARTIST,348ec552-0d3e-bc4f-5591-73541efdba7f,show,HOST
d177c69d-b9b9-4501-ba09-0998801dc6c2,Will Smith,ARTIST,346252cd-cd6a-9ec0-f96e-6504aae40317,show,GUEST
5314100e-2a6a-423e-ac37-2648feb24413,Bert Kreischer,HOST,504f6ebc-4da3-3d94-85b1-3d3e755b23e9,show-podcast,HOST
40b16cc1-e2af-42ba-8346-ddb94cc72884,Zach Stafford,HOST,2a552602-eeb0-30d4-abb2-84fae384285a,show-podcast,HOST
d38bdbed-7461-4022-b6e9-e3a45c74c001,Kevin Frandsen,SXM_HOST,0ef07069-5b09-d1de-0f9d-24f347b21bc7,show,HOST
967af678-dcde-4e62-a033-e4bb449dc6a4,Sunny Sweeney,ARTIST,0685bf36-6fed-2a23-f9ea-d2da80d133d5,show,HOST
5b73b42a-be13-43c5-8caf-5f621b722d14,Billy Idol,ARTIST,bae64b44-79c8-387e-ab1e-e75c6fe58b10,show-podcast,HOST
2f91b387-6d23-43b9-bf74-e16ebaefbb71,Peter Frampton,ARTIST,cddcdd58-9b3a-2d75-9169-838cdb4456b3,show,HOST
fbb7033b-79c7-4f5c-b893-690f577578f2,Glenn Beck,HOST,b4420b92-6226-32dc-a63a-8282783eb751,show-podcast,HOST
ffb97b94-7cc4-4574-bb32-d4eac8bbc591,Lee Ritenour,ARTIST,d5df5320-7e38-97ec-3b8e-f3e393dec6bd,show,HOST
19f68ee5-31df-4c2d-a87f-32b262afb735,Steven Rinella,HOST,80e284f8-dd09-3a0f-bb0e-a62eea0231d9,show-podcast,HOST
b1eddd40-b8ca-4d6a-a1aa-5088c474106c,Danny Valentino,SXM_HOST,30441abd-6444-35e5-82fd-2e212b6a5b42,show-podcast,HOST
23d6b91e-5b90-4c4d-9ac0-48c79034beb3,Christopher Russo,SXM_HOST,25a53940-78ec-4ae1-91ae-ea54b1ac8999,show,HOST
290017fe-2a0c-4ec7-a31f-0bd4aa9c2f0e,Giuseppe Verdi,ARTIST,206f36b6-7d81-6a0e-5d5d-e69b2239657e,show,PERFORMER
4bb546c0-7f5e-40f7-8084-2712d6c3f598,Chelsea Peretti,HOST,20372d96-0cab-3f1c-bca0-068cffbfd269,show-podcast,HOST
973459ad-9cf6-4c56-aa4f-4b90b7f8c63a,Julia Cunningham,SXM_HOST,18b528dc-3774-faaf-7797-42dd95f23e29,show,HOST
8b226596-16eb-4ae2-b0c5-61db4c363e8d,Bill Burr,ARTIST,cfdd1797-c1e2-364f-aef4-c568e8131402,show-podcast,HOST
bb304757-92c2-45e2-9677-34e26b69844a,Adam Curry,HOST,3f5073b6-08de-333b-9659-e742fc0a8eb9,show-podcast,HOST
b257d09d-d750-44ff-bcab-09439ef6acc8,Tom Morello,ARTIST,78d89073-5aad-152c-0f7a-b5fdd0be0907,show,HOST
bea76fb4-a595-4d80-add6-0d35b489919f,Joyce Meyer,HOST,e9d2e99e-5b10-3a17-abd4-ccdbb1f5e667,show-podcast,HOST
6989a235-e8d9-4644-81a1-73df761f3fc9,Bruce Springsteen,ARTIST,4f08b5b6-1486-4c34-a3ab-579837f97692,show,PERFORMER
0a75a1b3-5075-4858-97be-2ce40a34c7a6,Brian Regan,ARTIST,4c25ab8f-4d99-036a-cbf1-b617074c77a8,show,PERFORMER
a14a7f49-4d80-418c-a93a-2d13a0b4a0ff,Jimmy Buffett,ARTIST,d322de9f-debb-4704-93bb-26e68be2e8c7,show,HOST
49a98549-31d3-4fa5-8500-1b7adf29a34a,Theo Von,ARTIST,691dc020-e100-3633-9fbb-e222ed418c07,show-podcast,HOST
7c203ebe-0a80-47e6-8564-035ef6adde15,Bob McCown,SXM_HOST,10b1fdfd-1eb2-3262-89ed-8b46e893886e,show,HOST
13aecdec-d269-4a06-9f1a-23d911f888ae,Matt Nathanson,ARTIST,c1d6ca53-01b4-8914-b6c2-75a1266f96a6,show,PERFORMER
4a02b0ae-653c-4569-a312-f5c2b1070e36,Jimi Hendrix,ARTIST,0fc6dbff-d43d-0030-7af4-8ba882a61180,show,PERFORMER
3a58a6ee-a25c-42d2-af82-55e854938e1b,Gayle King,SXM_HOST,852bc6c7-0bd8-697e-9b8c-c629f996364b,show,HOST
4b2fc2e5-fdab-44da-bb4c-cab8456b0498,Ted Danson,HOST,65e867ff-7c50-84f2-2310-c90c10e21897,show,HOST
8f1cc742-0854-44a7-98a6-810aeed575be,Jon Hamm,GUEST,9ce2456b-4db1-d7c2-f8c6-7593f172745e,show,GUEST
3177a68b-d4e6-4976-a1f4-f741523ff78f,Kevin Hart,SXM_HOST,d0e3e8f8-ff85-6c23-fa19-93ec5970f45c,show,HOST
c1d3e78e-b4c9-44ff-bc8b-89b7a5e2f05c,Peter Mansbridge,SXM_HOST,42243682-3e8e-51bb-728b-a937196a2578,show,HOST
238493ba-01ed-475c-b146-1ab1389a7c19,Al Roker,SXM_HOST,4ef0ca37-0503-04a0-b70e-a9fc9969fb76,show,HOST
5a76a926-842b-4b7c-ac87-b6f791696a51,Emma Gray,HOST,a3d5578a-83d5-32e7-8545-4c647589da1a,show-podcast,HOST
65db9eb6-6b4f-4385-94cf-a757cda409af,Ayman Mohyeldin,SXM_HOST,e8c753f5-e8aa-30c4-b2f1-5060a73c51f8,show-podcast,HOST
ddbef86c-961c-442b-a53c-d1abdbc773cf,Ryan Sampson,SXM_HOST,a2d2f69b-cb59-4064-83d9-0c46130fce24,show,HOST
21798dc1-3e87-4e39-8075-c2efadde4cfa,John Fugelsang,SXM_HOST,6b27e053-3631-605c-3a42-57a2c658e4f3,show,HOST
40379dd3-e68d-4839-9674-636e298c40b0,Shankar Vedantam,HOST,b59f11c4-2904-3373-94fc-3697bbe3547e,show-podcast,HOST
7d7bf7de-9b61-4d5c-9e45-d0004ea29045,Stacy Washington,SXM_HOST,aeb9c967-a1aa-f7f0-441e-e774a1a4bb50,show,HOST
1d1b3bae-75c4-405c-aaf6-df3d89f7183a,Trevor May,SXM_HOST,415d4f17-33cd-60b8-9c42-5b3189b2de69,show,HOST
58cdfc84-25c6-4361-86f3-9dde0207d528,Mark Goodman,SXM_HOST,5a2f35ff-c853-9e7a-65ef-6ed1a9336a41,show,HOST
b224ffae-fe91-4a3b-a024-815fa202b0dd,Chelsea Handler,HOST,a7534ee8-f1aa-33b7-ac42-9b13f5506707,show-podcast,HOST
973459ad-9cf6-4c56-aa4f-4b90b7f8c63a,Julia Cunningham,SXM_HOST,1b3c4bf1-c269-0aad-b4bb-4990b5441d52,show,HOST
c859e58b-b062-41e2-baa4-959f1dc4d847,Earle Bailey,SXM_HOST,42bfcd90-7f1f-983b-169a-62af5d2f051d,show,HOST
cb865a68-42dd-4d28-b75e-7b667aa89673,Andy Cohen,SXM_HOST,38feff0b-3395-89da-bc45-455145463644,show,HOST
c93afc6b-9c7c-4a9b-a128-36c9f5a28249,Roman Mars,HOST,407adfc9-b355-326c-a64e-e2d4baf44506,show-podcast,HOST
f813d43f-090b-4832-809b-9173787cd060,Patton Oswalt,ARTIST,54f97f2e-e41e-34fc-8cd8-501414e926a1,show-podcast,HOST
2835625e-b40c-4c35-92be-ea9d2f11d638,Jamie Loftus,HOST,04f22d95-8779-3c98-a295-35b562f8ade1,show-podcast,HOST
5b73b42a-be13-43c5-8caf-5f621b722d14,Billy Idol,ARTIST,de6fbdae-1ad8-866b-71a4-33c0ba7b18ad,show,HOST
bb2ff9dd-6899-48d6-bb0f-430b2e2574a4,Richard Dawkins,HOST,f1344de0-3924-3608-9ffb-15fc94eaee64,show-podcast,HOST
c381af86-d322-43ee-afa3-a79c03da7985,Hélio Castroneves,GUEST,502d6961-c59f-7234-c7f8-aae1f5e579bb,show,GUEST
d0449d64-2279-43d4-8a53-f14a855ef0c7,Andy Grammer,ARTIST,86ef74a6-64d7-356a-8c17-bc946449070d,show-podcast,HOST
8368bc23-8bc2-4021-bc1b-6b9b6387d685,Kara Swisher,HOST,555844ab-74df-365a-b54b-c5c9b6b35110,show-podcast,HOST
f600f325-d107-4306-82e4-e305f9eac062,Joel Osteen,SXM_HOST,b4f9f0a0-0ba7-61c7-87b5-e5223881fdbe,show,HOST
99ec4e2e-e4ab-4bef-8079-90b9275187ef,Rachel Maddow,SXM_HOST,49280d6e-2808-3c1e-9eee-d199ad0b49ce,show-podcast,HOST
39e2db56-2ba1-4ba1-9dfe-ec9b59194033,Hoda Kotb,SXM_HOST,92f9adec-9301-4db8-a8cc-538a6ae38543,show,HOST
da2ec82f-bda4-49e3-a054-760a0df7214c,Garth Brooks,ARTIST,6a84d4fd-a8fd-91bf-86d0-c7a3c5a40fe1,show,HOST
034271a4-2f41-4db5-8c46-29135a5b2112,Cody Alan,SXM_HOST,883de895-d381-3015-8f45-f947b19ebbd8,show-podcast,HOST
94c6c493-37db-4075-92e7-d97d00b13fe6,Hanna Rosin,HOST,f765550c-8b6c-375c-b257-e2f904c78cf9,show-podcast,HOST
67390169-c16a-459b-ab99-bf591c4b1777,Jon Lovett,SXM_HOST,953e5143-a6d5-3cee-ac8e-870b76675e67,show-podcast,HOST
2576058d-8b5c-40c8-b4e4-bde4887d3360,CJ McCollum,HOST,ededa690-a844-3028-b527-5d65304555eb,show-podcast,HOST
4d9640d8-35ef-47f7-9fed-fa10d49a4b78,Howard Stern,SXM_HOST,1357119f-6c9e-89cc-63b4-91cdb6ee8b7b,show,HOST
2d901977-12e7-4985-9b96-ba28cb6c1813,Mike Bagley,SXM_HOST,3f767107-1764-4723-9aa3-4ff65f3cc0df,show,HOST
1e51bb63-9b18-44bb-8ff4-f39963999dad,Megyn Kelly,SXM_HOST,c8abf755-adc3-eba8-7e00-58c1d7b8bcf4,show,HOST
8ce3d58f-2d58-4017-aab2-57aa7e319d1d,Brian Dunseth,SXM_HOST,6abc5f08-0e98-484a-838a-a560381cc27f,show,HOST
f5a822e1-e05e-4641-b430-0703e685ed61,Eddie Trunk,SXM_HOST,dd14cb3f-1335-7d31-4fd7-389832eeaf02,show,HOST
cb865a68-42dd-4d28-b75e-7b667aa89673,Andy Cohen,SXM_HOST,1a3982ac-0991-a8ba-2299-df94d1bbadee,show,HOST
190c6220-d0ca-4abd-9af0-c082793ac0ad,Elizabeth Cook,SXM_HOST,896f5787-45b2-b509-dab1-9dc87284c6d4,show,HOST
c764b4dc-a877-456e-964d-70de01644a2c,Tom Brady,SXM_HOST,a5bd824e-1a4f-489e-5e7e-17dfb8c2d49e,show,HOST
d85b9510-719b-4777-809f-1c96b0e7cabe,Gail Bennington,SXM_HOST,ee265530-82cc-89d2-678d-9917680b6a67,show,HOST
7aa8b5fd-d2ba-4a4d-aaad-64c20f4e006d,Freddie Wong,HOST,2e21d150-2d2f-3297-8cf6-0aaa17523ae4,show-podcast,HOST
80e61f99-7729-4516-8fc1-fb919153bb7f,Dave Ramsey,HOST,2bfd5395-24d1-3a1b-9ec1-e39780852d5b,show-podcast,HOST
9e9bd8a5-402c-457b-8822-2294d499b4a2,Kat Corbett,SXM_HOST,202a2f0f-2c01-1163-dfc6-25675abd42ff,show,HOST
62af4ed7-5976-46cc-bf81-e14bdaf1a697,Jermaine Dupri,ARTIST,b838148e-9721-4c49-1791-55165d754cb3,show,HOST
3975f8eb-6799-4b1a-b6f5-f0cdf6d5a8c9,Alex Jones,HOST,b5b10c3d-763f-38c0-bb3d-adea0d4ca544,show-podcast,HOST
1e51bb63-9b18-44bb-8ff4-f39963999dad,Megyn Kelly,SXM_HOST,c8abf755-adc3-eba8-7e00-58c1d7b8bcf4,show,HOST
b6442f28-06ea-4904-9d0c-f31508d8c157,June Diane Raphael,HOST,e8998502-b2ce-3211-90c1-4ecb1b2a8ebb,show-podcast,HOST
1ddb090b-842b-4470-a282-b3af3ce348fd,Sean Hayes,HOST,d7316255-680c-316e-982c-8a0347fa3956,show-podcast,HOST
f5a822e1-e05e-4641-b430-0703e685ed61,Eddie Trunk,SXM_HOST,c2962c78-f375-3836-b219-d95b9a69fba4,show-podcast,HOST
43b937bd-5481-46b7-a386-5d2cf66bd922,Marc Maron,ARTIST,a82d8a70-955a-3bbc-9be9-988ec68cd5e3,show-podcast,HOST
089d6a2e-7075-4e91-85b4-9d04a58512e3,Dr. Laura,SXM_HOST,2e424b7a-73ce-343e-a930-f7751a572dab,show-podcast,HOST
8ad93bb2-d1ec-4141-ad3c-e9a900f305b6,charli d'amelio,ARTIST,c6f73476-b194-3190-be82-e6081c25fd0d,show-podcast,HOST
5584a9a1-0531-42cc-8412-565d6f630c71,Lisa Loeb,ARTIST,d228bcc3-d40a-da7d-a103-cef7e541dc78,show,HOST
948c1c06-c018-4e86-9733-376133cb06df,Peter Asher,ARTIST,24aa6562-babe-0458-9ac6-3c8faa9f5113,show,HOST
15768756-e447-4edc-b87f-c2611cad0a36,Cyndi Lauper,ARTIST,111aaae0-7c62-3d6d-88bf-9b658932268b,show-podcast,HOST
41152268-9e36-4c37-bd5a-945c869d7a75,Alec Baldwin,HOST,596a49e9-c980-39eb-a49a-664803f0ca91,show-podcast,HOST
fd988efa-6654-42f3-80cc-25e0fe7400df,Jimmy Fallon,HOST,22d13afd-c1e6-8f40-f03c-358eb713cc88,show,HOST
247b5794-8210-4acd-a09d-b955b9f4c96f,Dave Matthews,ARTIST,91e33f41-52fc-83c5-e096-49caa527f991,show,HOST
973459ad-9cf6-4c56-aa4f-4b90b7f8c63a,Julia Cunningham,SXM_HOST,d0525a48-893e-3193-68f9-47d1a715d0d0,show,HOST
6f3633bc-72e5-4193-9d88-7b3541c127af,Steve Phillips,SXM_HOST,882f56c6-7104-7d0f-93d8-9eb094c5355b,show,HOST
ca4d14c0-fe16-48e8-a930-1ea3d6d248ec,Dave Koz,ARTIST,5f8d2baf-1e97-4c0d-bd3c-8facfa4518a3,show,HOST
d38bdbed-7461-4022-b6e9-e3a45c74c001,Kevin Frandsen,SXM_HOST,4c4d60e0-db5c-22bd-b127-e0cb8cd8985f,show,HOST
f600f325-d107-4306-82e4-e305f9eac062,Joel Osteen,SXM_HOST,61bb88e0-567f-41db-a783-b9efc025c02a,show,HOST
a8654186-c377-4d4a-96b9-502021e968cb,Tom Hanks,GUEST,39386a1a-2c3f-7265-519d-ae1447620634,show,GUEST
0c59ae82-fc03-4d35-9b71-dc558fe4b061,Talent (Comedy),ARTIST,be088caf-10ef-3ebe-a69c-dbe724756330,show-podcast,HOST
5c453468-643e-4d90-9c1c-8989c536d2dc,Perri Peltz,SXM_HOST,2fbb1028-9740-335f-b5e9-58aac271a7ff,show,HOST
953f0918-e510-4292-bdbd-2f98a1b77ec2,Jeff Mans,SXM_HOST,4df04f95-343d-1a03-7f6c-0914f8161c08,show,HOST
fbb7033b-79c7-4f5c-b893-690f577578f2,Glenn Beck,HOST,1b454efd-3b33-4aee-a03f-701c629d4bef,show,HOST
58973865-c476-47f3-9f1b-733fac246df7,Harry Jowsey,HOST,4e52b08f-ebc3-3265-b007-80d6f5d5e17d,show-podcast,HOST
39483717-e30e-441c-b447-56361c87c9cf,Karina Longworth,HOST,0b5683e6-92e6-35bc-9b20-5ca29cea1929,show-podcast,HOST
b6a66b81-b9f1-4691-98b6-4d98cec8a445,Cody Alan & Macie Banks,SXM_HOST,883de895-d381-3015-8f45-f947b19ebbd8,show-podcast,HOST
34234f68-f46a-4a93-bc17-b613a8898ffb,Jose Mangin,SXM_HOST,bc215e85-e759-4e34-1a9c-acdb629e9f76,show,HOST
62470ac9-ce57-4141-8bde-8f007791847c,Jess Cagle,SXM_HOST,51c56ea5-8f1a-c538-5761-9e228be7129e,show,HOST
2391c99c-c62d-441a-9089-6dcabbb48d40,Dr. Phil,HOST,9c5338be-1978-3acd-99d7-9e2a20979241,show-podcast,HOST
4d9640d8-35ef-47f7-9fed-fa10d49a4b78,Howard Stern,SXM_HOST,4df3a229-45e8-1000-21e6-2d95229de470,show,HOST
5dd6b1d9-99cb-485a-be51-f7236a260ffc,Nina Blackwood,SXM_HOST,630febb7-aa64-a946-6a13-92d5ac27b27e,show,HOST
ca4d14c0-fe16-48e8-a930-1ea3d6d248ec,Dave Koz,ARTIST,5f8d2baf-1e97-4c0d-bd3c-8facfa4518a3,show,HOST
a5314f6e-03eb-49eb-8b48-bd73534581cb,Whoopi Goldberg,HOST,ae769f1c-946e-3dfc-a911-f3b3cf46136f,show-podcast,HOST
ec8e3eb2-40bf-4068-8b1f-9d7906a86675,Mark Henry,SXM_HOST,3bcf5595-380b-af4e-f2e5-b6aef314687b,show,HOST
ce8ca423-85aa-48ee-810b-291b12139116,Keith Morrison,HOST,d7e1e1b9-b280-396e-b39a-51461641b621,show-podcast,HOST
90a5cedd-3b5e-4098-ab09-e1522b833d08,Brandi Carlile,SXM_HOST,afd13706-9f2f-0521-6f3d-3e36cf1e8ddb,show,PERFORMER
d486ce37-ce90-44fc-9640-36ad144f34b8,Dan Le Batard,HOST,4fb86ad4-fc9d-3639-b5d4-e8aa33ba00d5,show-podcast,HOST
45d2477e-ccad-41e4-bd7a-cd094b19a83f,Adam Scott,HOST,e38f98ce-bf0b-30fc-86e7-473788a261f1,show-podcast,HOST
ae29d90b-e23f-4ed4-9c32-d1e14dffe306,FINNEAS,ARTIST,e7fdde07-ff28-335b-92f9-2d7109d149ba,show-podcast,HOST
ae266bdd-7010-4ddf-9284-bc0074098eb7,Avril Lavigne,ARTIST,67d1a678-3edf-c24b-f838-e1b2a330f396,show,HOST
0af82f30-47b0-47c1-a6c2-2141c45395fe,Angela Kinsey,HOST,0262ea51-92f6-3dae-af49-c0297401ed7d,show-podcast,HOST
edd3dd88-1ff0-42e3-8718-b54ea835001d,Michael Smerconish,SXM_HOST,582e9eb1-c214-4448-b4e1-65bc996b1676,show,HOST
048a7114-9962-4315-bd34-1a46c2cc1a16,Dan Abrams,SXM_HOST,86794465-d78d-3bb4-a8fb-9dd7a7fa45a0,show-podcast,HOST
a56de98e-98a9-4ee3-95c3-cef8ca5b2188,Michael Lewis,GUEST,717a8bcc-98b8-3e59-8337-951f68c55369,show-podcast,HOST
57894bb7-5837-4234-89a6-4b55ef0b37b6,Pat McAfee,SXM_HOST,e48cc1dc-0f47-38ca-896e-fbac3b414cbb,show-podcast,HOST
bc21328b-c8b9-46b3-b86c-0df34a6bab13,Chris Jericho,SXM_HOST,aaa6e1a5-e6e9-7e1d-f5d6-51d9b5378c3b,show,HOST
b9954a93-72fa-4e76-954e-d233f95de938,Phoebe Judge,HOST,0f96dbba-759a-3046-baa1-ae60225f726b,show-podcast,HOST
184fe930-9b9a-4ad9-af7a-a64f177c0a11,John Legend,ARTIST,103b9f00-5e89-1428-dec4-98bc41a64d8b,show,PERFORMER
79c0e6e4-54a4-4121-ae7c-4d6cad4d6f3f,Sanjay Gupta,SXM_HOST,4345f699-7673-018b-7cbf-df8bd4817ae9,show,HOST
242c5b0e-6828-4c12-99d4-3e70bbb9e50d,Antonio Daniels,SXM_HOST,39d820d9-ebe6-fb3a-7c4e-290adef92d39,show,HOST
c2571af4-883b-406b-9ca6-3586dc220443,Jane Fonda,HOST,a1192b11-3cae-e38f-ab00-9bc917121f1c,show,HOST
b4623b5e-4454-4cf6-932b-0a674dc1615a,Charlamagne Tha God,HOST,8f8ddb14-0198-384d-8f5e-6242677486d9,show-podcast,HOST
e88572e7-0260-4b06-9baa-e50c46f5dc25,Oprah Winfrey,HOST,b432ef09-b558-32f6-9fff-700ac80ce178,show-podcast,HOST
ba2999bc-070d-4d23-8648-08e81067576e,Willie Nelson,ARTIST,31e3bda2-b527-9803-a09f-911e5191e775,show,HOST
a0552d01-9575-48a8-9959-fed49b77704b,Demi Lovato,ARTIST,135402af-5946-31dd-9096-ea73180988a9,show-podcast,HOST
f813d43f-090b-4832-809b-9173787cd060,Patton Oswalt,ARTIST,54f97f2e-e41e-34fc-8cd8-501414e926a1,show-podcast,HOST
953f0918-e510-4292-bdbd-2f98a1b77ec2,Jeff Mans,SXM_HOST,c1c99c64-fb67-3fc9-8059-5b217b8648b7,show-podcast,HOST
f5a822e1-e05e-4641-b430-0703e685ed61,Eddie Trunk,SXM_HOST,01538ed3-d2ec-42f8-b18b-f2f223394b02,show,HOST
60e83aff-8da9-4a35-b297-f2d024659d36,Dana Perino,HOST,67fde960-92e8-344b-a33f-9c0626dd7e15,show-podcast,HOST
b3b81d50-a73a-47cb-8ea5-f8b3b3839239,Steve Harvey,HOST,6144338f-b0bd-3aca-94d7-0bf1cd77e799,show-podcast,HOST
b5be30a5-5106-449a-be0f-9cf7cce6d45c,David Pakman,HOST,092e3aaf-ec89-3c31-88ba-ebb4b77decdd,show-podcast,HOST
0c7b5709-2c74-49b7-933b-4ae6ea218fb9,Bob the Drag Queen,HOST,aa221fa3-d5a7-35e4-88ad-70ec9783b58c,show-podcast,HOST
580aec29-81f6-449d-b477-868c739b46d0,Tig Notaro,ARTIST,5a8c7fea-3c58-3c33-b863-5624ea44efba,show-podcast,HOST
49cabd0b-0413-4201-9aed-8aca863e473e,Pavement,ARTIST,70160c8b-4522-36d9-8f22-163aaaa288ab,show-podcast,HOST
a933a7a2-b9b1-4399-a8bb-736b6bfd9ce6,Chris Gethard,HOST,84d65d0f-a3b6-342c-9122-3375026dea20,show-podcast,HOST
973459ad-9cf6-4c56-aa4f-4b90b7f8c63a,Julia Cunningham,SXM_HOST,d0525a48-893e-3193-68f9-47d1a715d0d0,show,HOST
2ef619f3-c7f5-4fd8-a52b-207600ffd13f,Al Madrigal,ARTIST,cfdd1797-c1e2-364f-aef4-c568e8131402,show-podcast,HOST
b57ad009-2579-4095-ae30-4ab04ef9933d,Nick Wright,SXM_HOST,9ae4c4d3-3073-f79a-a422-2b96a438fee1,show,HOST
3e3070d2-c925-49c8-acb1-ed607a371da8,Chloe x Halle,ARTIST,9bb1990c-9b27-3620-9986-b6d69d48cdb9,show-podcast,PERFORMER
6ad79ef9-fd97-4a67-84a0-f66ea01c0aeb,Green Day,ARTIST,3ff29edd-711e-ec5b-1bc8-d6dddddd2487,show,PERFORMER
9aa7f56e-092f-429d-923e-16f7c8488451,Dave Matthews Band,ARTIST,f3765933-7a23-bfb9-feaf-fbde29d61044,show,HOST
81417e94-d3b2-415b-b9a8-e68b032cdc78,Maria Bamford,ARTIST,0a01d3fe-786e-310d-a57b-ea9a7a135102,show-podcast,HOST
ddbef86c-961c-442b-a53c-d1abdbc773cf,Ryan Sampson,SXM_HOST,fd968f25-ddc7-8a04-d64d-21b3bcd53438,show,HOST
62470ac9-ce57-4141-8bde-8f007791847c,Jess Cagle,SXM_HOST,eca0a100-cf2a-8cc7-ce04-bf6b74350bf1,show,HOST
0de07cc7-3432-45f7-9778-53a034c3041e,Smith Sisters,SXM_HOST,3560349d-2365-3c57-b866-7a037021b271,show-podcast,HOST
3d2d6c0c-1e97-4177-bb4e-19bdc6dd30b4,Wolf Blitzer,SXM_HOST,634bccc8-e362-3d82-b2e2-e979ccb9eb05,show-podcast,HOST
048a7114-9962-4315-bd34-1a46c2cc1a16,Dan Abrams,SXM_HOST,673c0ac1-cb1b-1079-9b07-d22075ae4ec4,show,HOST
95c5ae09-eda7-4ffb-9473-a92c3185ca02,Rodney Marsh,SXM_HOST,9c41e590-503c-7595-da3c-3b20585b81dd,show,HOST
4590fc71-e8f9-4865-a782-5282656c8237,Big Jay Oakerson,SXM_HOST,7d7de60b-787e-ab95-dbe6-f51129576160,show,HOST
30933ec6-d26c-4dd4-9a59-14906cdc7d35,Nicole Ryan,SXM_HOST,db1924a4-0461-d111-2d1d-2e9070916d02,show,HOST
c81e3128-3581-47b0-be8a-b6036ad50985,The Struts,ARTIST,f035e7eb-8aae-3657-bc1f-f77b0f53fe97,show-podcast,GUEST
fc04435c-0b76-4f93-87f4-c29ba5a2241a,Lord Sear,SXM_HOST,a46069f2-6e41-a40a-79b0-3a6b5aa5287e,show,HOST
79507419-9d74-4c8c-8a43-0e5346f4216d,Jesse Thorn,SXM_HOST,c6d9402e-bac8-33ac-a207-c0682a927047,show-podcast,HOST
fffc9020-0cf2-43bf-8fad-83da7c2c4db1,Buck Sexton,HOST,6e197756-5382-35d2-a777-2ccf2dc6dc41,show-podcast,HOST
7be60aa9-ebd8-4c63-b8e1-228fe47da08d,Mike Babchik,SXM_HOST,d7a99226-e6cf-fd81-234d-4764b4d77882,show,HOST
4c3f9136-a869-4381-945a-054faff69ef3,Pearl Jam,ARTIST,9e1fc9bd-8267-054a-b10f-147d0c9fc4ff,show,PERFORMER
1cd67191-8866-483e-a473-3719c96fe736,Bully Ray,SXM_HOST,7dd172b7-268d-475a-a407-641544dfffc5,show,HOST
23d6b91e-5b90-4c4d-9ac0-48c79034beb3,Christopher Russo,SXM_HOST,eaa8a676-ce51-9317-14f4-89d5d49d0044,show,HOST
438dd61c-6dc8-4262-a659-7d29cb6d9b69,Seth Rudetsky,SXM_HOST,98865d8b-db09-412e-9732-3429ab910137,show,HOST
1d1b3bae-75c4-405c-aaf6-df3d89f7183a,Trevor May,SXM_HOST,bf04208b-1e6a-3088-b496-d19198927a17,show-podcast,HOST
d910e79a-948d-4203-9470-8dd65b0561fb,Laura Cantrell,ARTIST,d71e3e42-5cb5-1f48-d925-1e5f4ad12f37,show,HOST
95ffacc4-89f7-4d34-990d-95856aee90b9,Jeff Lewis,SXM_HOST,ab9eb142-5ee3-22b8-87e8-8ea594a85fed,show,HOST
21798dc1-3e87-4e39-8075-c2efadde4cfa,John Fugelsang,SXM_HOST,29658a8b-62c6-3ed7-0711-24a15efb24f6,show,HOST
9d3fb74d-1b38-44f1-9093-d7ae3762f82f,Rabia Chaudry,HOST,f43d2c5f-bea9-3110-b154-6faa6b9ace77,show-podcast,HOST
bb304757-92c2-45e2-9677-34e26b69844a,Adam Curry,HOST,3f5073b6-08de-333b-9659-e742fc0a8eb9,show-podcast,HOST
626cb2fd-c6dd-4ff8-bf2c-f32870257b10,Flea,ARTIST,6057f78e-673d-3b11-a3ff-dde18c7de7d1,show-podcast,HOST
bdb4feab-0625-402b-b3de-f95aad77c905,Cam'ron,ARTIST,ea6eec49-84b7-3779-b0d8-6f3555d7cc46,show-podcast,HOST
23d6b91e-5b90-4c4d-9ac0-48c79034beb3,Christopher Russo,SXM_HOST,d19338ad-0df5-13c5-1936-8ad03d51eb57,show,HOST
23d6b91e-5b90-4c4d-9ac0-48c79034beb3,Christopher Russo,SXM_HOST,e4ebe843-77ae-27cc-05ad-64fed29b129e,show,HOST
184fe930-9b9a-4ad9-af7a-a64f177c0a11,John Legend,ARTIST,5bb137dd-8962-37de-99ee-2af5d0248a8a,show-podcast,HOST
a0552d01-9575-48a8-9959-fed49b77704b,Demi Lovato,ARTIST,135402af-5946-31dd-9096-ea73180988a9,show-podcast,HOST
01fa3661-792e-42ea-ad4f-eacc5dd56b6d,Ana Marie Cox,HOST,9c5c68ef-812b-3e0e-aac2-df22058fd4c3,show-podcast,HOST
b257d09d-d750-44ff-bcab-09439ef6acc8,Tom Morello,ARTIST,c92c4d41-5097-b2a4-cf6e-2c2c2a241fe5,show,HOST
a933a7a2-b9b1-4399-a8bb-736b6bfd9ce6,Chris Gethard,HOST,60da8b81-c532-3a9c-aee9-71093ea79c07,show-podcast,HOST
3e497ce2-22e3-4266-9d47-85e6caa29e3c,Gioacchino Rossini,ARTIST,528c3ec4-e201-1316-d7d8-f7833a927331,show,PERFORMER
9f301f89-a80f-4da8-a827-9715229de828,George Noory,HOST,36939bcb-4dab-381a-bfae-b45c6b8d9a16,show-podcast,HOST
1214c329-1188-4120-9e48-d7676d18421e,Felipe Esparza,HOST,388e65e9-f12e-3a77-af95-865d9b117484,show-podcast,HOST
2576058d-8b5c-40c8-b4e4-bde4887d3360,CJ McCollum,HOST,ededa690-a844-3028-b527-5d65304555eb,show-podcast,HOST
15768756-e447-4edc-b87f-c2611cad0a36,Cyndi Lauper,ARTIST,111aaae0-7c62-3d6d-88bf-9b658932268b,show-podcast,HOST
c46f82d0-119a-492e-b4ee-47ae71aa7a17,Jenna Fischer,HOST,0262ea51-92f6-3dae-af49-c0297401ed7d,show-podcast,HOST
62d453bc-f799-4484-ae0f-67db8c27eb5d,Gil Brandt,SXM_HOST,7136bce9-fc02-4701-968a-7241c974a92c,show,HOST
de372321-84e2-4506-a55d-2704bbf56f85,Neil Young,ARTIST,428f3f62-aed2-0502-bddd-1a77f2788b7a,show,HOST
c4f713c8-2a04-4e97-9c39-e9617fb7bb90,Kevin Harvick,SXM_HOST,cf1a87ce-088b-31d9-833e-1950effac50d,show-podcast,HOST
daeb2ef0-13a3-4a12-ad2a-891468f91967,Backstreet Boys,ARTIST,4303e051-7aee-211e-6931-b29f159a5f82,show,HOST
958cad82-2605-4e8a-9a19-f442c4c610c3,"Marisol ""El Bombón"" Vargas",SXM_HOST,492a20f2-3a58-3ecd-5f0a-a9faf0d7f1a5,show,HOST
3e497ce2-22e3-4266-9d47-85e6caa29e3c,Gioacchino Rossini,ARTIST,a8bc9927-3363-24b0-b3ba-4bd3a2a04698,show,PERFORMER
34e23569-6cd1-4560-949d-7b62f1d501df,Dan Cummins,ARTIST,ef572f4e-e687-3e68-824e-38047389b0e7,show-podcast,HOST
ae907d63-bcb5-47cf-842a-50c69b132667,Sheryl Underwood,SXM_HOST,07378a8a-5858-dc86-85dd-8ed7af5249b1,show,HOST
d34f8a19-98fd-48c4-b76d-99e718859c30,Mel Robbins,HOST,0d881605-5dfe-30a2-8bfc-d9b49acf0243,show-podcast,HOST
660fc1e4-acb1-473a-993e-357c0f9e745b,Dean Obeidallah,SXM_HOST,5a18c7e0-053c-a738-c99f-dfde8152735d,show,HOST
553256ea-a93c-4401-9339-781b29c0db5a,Conan O'Brien,SXM_HOST,d7834655-f235-08cd-e945-8f9e073a2664,show,HOST
a14a7f49-4d80-418c-a93a-2d13a0b4a0ff,Jimmy Buffett,ARTIST,2ace05a8-9de9-c378-7f47-d06daeb54861,show,PERFORMER
99c4582c-b159-42c6-a265-8c2b84788280,Little Steven,SXM_HOST,ec84fd32-44ab-4d83-e7d1-7053e877aeae,show,HOST
1bcae0f2-d614-4f97-b1b8-43dd01f867c2,John Mayer,ARTIST,f8c09e75-d088-8f6b-f3cf-d9bde2aac0db,show,PERFORMER
1a2132b2-24ca-4f2b-b42a-cd2b4ba6c431,Sway Calloway,SXM_HOST,d634d98d-3858-9d3d-35c6-aa2b772bfc0a,show,HOST
50ba215f-8615-43d9-8fae-a180c1edd6b0,Dorinda Medley,SXM_HOST,c5f07a04-6de3-083d-4b5d-dd29115532c8,show,HOST
49ef4033-09d6-469f-83c4-d4c7ee9f39c2,Leslie Jones,ARTIST,e098c2c1-c09d-3084-8057-646d38133c56,show-podcast,HOST
c28dec72-f5a8-4e18-aae4-cca608eddaf1,Leo Laporte,HOST,bf8d692e-40fd-3fc3-852b-aa5ddb5c58e2,show-podcast,HOST
793d02bb-d93b-4ae5-a4e8-ab35610c7f61,Jake Tapper,HOST,0e5600c0-6e7c-d907-abc3-541b1e5ecb91,show,HOST
5a11faf7-8b2c-4835-94d5-d6cf0a1d78c5,Tommy Dreamer,SXM_HOST,4242527a-d16b-8c35-ed91-dc3dd6665461,show,HOST
4d9640d8-35ef-47f7-9fed-fa10d49a4b78,Howard Stern,SXM_HOST,64f66020-78eb-464b-b61e-d74d1fc48cce,show,HOST
379a4bb4-ad08-4184-9806-714aaded5a1c,KIDZ BOP Kids,ARTIST,01d9c043-fd0e-3908-b8dc-5259d22be918,show-podcast,HOST
215fc1af-9508-44d0-a2ad-04192de652c2,Megless Griffin,SXM_HOST,98b8148d-66cf-9679-fb3d-42fca0850946,show,HOST
7be60aa9-ebd8-4c63-b8e1-228fe47da08d,Mike Babchik,SXM_HOST,472b0fd3-d495-4410-a858-046b5ad9a5a4,show,HOST
3d10b766-e10e-49ea-930c-5776a79fb2e4,Andrew Klavan,HOST,ed3a439f-03cb-3b20-96a7-a55014db73be,show-podcast,HOST
aadb25be-45ee-4639-86e5-9aa0da776eb6,Amy Poehler,HOST,9d6ea2bd-2a51-370e-9879-7eefb9d0a8d8,show-podcast,HOST
d2ba91ef-9789-4584-af6c-0e92c8ab1c85,Glass Animals,ARTIST,519cde16-10a4-5811-daf2-a24190eede49,show,PERFORMER
381226a7-e933-4d56-ac17-e5a7e7222787,Kirk Franklin,ARTIST,b19fb1aa-6260-f1f4-104a-7e77673cb912,show,HOST
b81b1ebe-f593-4269-9aa8-a1b8bb02171f,Jon Favreau,SXM_HOST,70cff2e7-3e60-36f9-b362-4089517abfd7,show-podcast,HOST
ddbef86c-961c-442b-a53c-d1abdbc773cf,Ryan Sampson,SXM_HOST,f8e65d3d-6ea2-3342-8a33-82697d0cf559,show-podcast,HOST
39e2db56-2ba1-4ba1-9dfe-ec9b59194033,Hoda Kotb,SXM_HOST,0469ace0-2836-31c7-80f7-77938be9de45,show-podcast,HOST
793d02bb-d93b-4ae5-a4e8-ab35610c7f61,Jake Tapper,HOST,455f25f7-740f-3e65-9b7a-62337c48c0b0,show-podcast,HOST
2391c99c-c62d-441a-9089-6dcabbb48d40,Dr. Phil,HOST,9c5338be-1978-3acd-99d7-9e2a20979241,show-podcast,HOST
c034ab6b-4330-47a0-83b8-b20042599292,L. Joy Williams,SXM_HOST,16d33b16-17c7-b8fa-1a22-7031284062f0,show,HOST
2c2d7ffd-05ce-4137-9c1a-765591aca603,DJ Drama,SXM_HOST,c1f114d4-e0f9-beda-2bb3-8d09e4edd3cc,show,HOST
10251d79-e0fc-4cc7-900f-2cc867136cdd,Bruce Murray,SXM_HOST,b14d328d-30f0-4c28-a5c7-6fb16f2ad3a9,show,HOST
793d02bb-d93b-4ae5-a4e8-ab35610c7f61,Jake Tapper,HOST,fca5483b-e735-c82b-0603-6b834dea0570,show,HOST
89c9bcb8-704a-435e-a047-30840e7ee70d,Diplo,ARTIST,86219994-f35c-1298-fc93-ba2bfb213dfc,show,HOST
3975f8eb-6799-4b1a-b6f5-f0cdf6d5a8c9,Alex Jones,HOST,b5b10c3d-763f-38c0-bb3d-adea0d4ca544,show-podcast,HOST
d486ce37-ce90-44fc-9640-36ad144f34b8,Dan Le Batard,HOST,d98d68f8-7b2a-3c67-b78b-16facddb58f3,show-podcast,HOST
997c46e2-c7a0-4f16-b2b0-d3a4c8ae0d81,Ann Wilson,ARTIST,88ea91b2-9415-718f-5f28-213918c54596,show,HOST
c1b86f35-571c-4aee-a6fc-af936400d0cd,Cayman Kelly,SXM_HOST,d475ccb0-3753-16cf-3a52-c420d1aa8dce,show,HOST
fb721169-cf5a-41bf-949f-33c14d2ffa69,My Morning Jacket,ARTIST,221dbf73-17c3-860a-dceb-8b2e89120338,show,HOST
fe96a10d-d0a9-4bc8-844a-df4c5999813b,Mayim Bialik,HOST,daa3e602-4cfc-342f-ba1e-20c22f0320b8,show-podcast,HOST
2c7a09d2-504e-4339-9dfe-49a6cedf2ee2,Sequoia Holmes,SXM_HOST,1dffd64d-c8b9-3b0a-8d67-0ba7d5b209d4,show-podcast,HOST
469a253c-ea34-4350-86a3-dd2c0e5ca6c8,Carlos Vives,ARTIST,e5309bbf-3fd8-a021-7628-b3c9ac7f3aa3,show,HOST
894f2664-b7e4-4d28-b1a9-8d32f809bc2f,Paul Bachmann,SXM_HOST,1bff4cda-2408-480c-b6be-5dc86dd6cfce,show,HOST
13aecdec-d269-4a06-9f1a-23d911f888ae,Matt Nathanson,ARTIST,c1d6ca53-01b4-8914-b6c2-75a1266f96a6,show,PERFORMER
972bb22f-8a5d-4684-b8b8-ac5ce9254507,Heather McDonald,HOST,43a3b0f2-e8b2-3330-a8a3-9dc97a6d4c11,show-podcast,HOST
247b5794-8210-4acd-a09d-b955b9f4c96f,Dave Matthews,ARTIST,cd05da99-c23e-9bc8-4020-32044739a091,show,HOST
673b0a79-ff98-4803-a969-a8b010d83883,Nick Offerman,HOST,644cdcfc-d015-3947-8d0a-a81082502604,show-podcast,HOST
b5aa3c48-e048-4bff-8639-d3bbca000241,John Lennon,ARTIST,459390fc-7532-cf40-3ccd-a6da11b813d2,show,PERFORMER
4590fc71-e8f9-4865-a782-5282656c8237,Big Jay Oakerson,SXM_HOST,e8b70d6b-b129-31b4-84f3-4a0825f52842,show-podcast,HOST
2bff0c4d-a6fb-4bb5-8166-72351459388f,Kal Penn,HOST,d69847cb-09b0-311d-a78d-20ccb0de62c4,show-podcast,HOST
8b226596-16eb-4ae2-b0c5-61db4c363e8d,Bill Burr,ARTIST,1fb346d8-d219-38b1-982e-05086545a975,show-podcast,HOST
0f09fbac-05f9-48e1-b0f8-f5453164f1fc,Madison,SXM_HOST,c1a3ffd0-327d-1f53-200e-6896c3ed9224,show,HOST
7243f97a-247b-43a6-8e27-f94eba79b2bf,Stephen Dubner,HOST,beead3f6-2c3b-369b-9da1-b899973ffa0f,show-podcast,HOST
8b524aef-91af-45f8-85d5-65b05a0823d5,Jen Psaki,HOST,7e911803-6568-3925-a3f8-4acc6ba981d6,show-podcast,HOST
b98f1861-a916-4342-847f-a839a0f534de,Eduardo Pérez,SXM_HOST,4c4d60e0-db5c-22bd-b127-e0cb8cd8985f,show,HOST
4eca269a-faeb-41d5-8c99-5fea5373f194,Brett Favre,SXM_HOST,d8347845-8836-3dff-aeaa-9aeaf2765efa,show-podcast,HOST
af260567-9374-4889-8438-7816bf7ab56e,Red Hot Chili Peppers,ARTIST,5d57655b-4084-0944-748b-320aeee6c1f9,show,PERFORMER
159e4411-a91b-424d-8175-763b8deafb40,Barack Obama,GUEST,1b9f56e5-0af8-d04e-dda8-37204f9003aa,show,GUEST
ed139028-7a3f-4d0a-99e6-b9c7e22573ec,Tom Papa,ARTIST,6712cc70-8420-679f-a0d0-e927f78a22b3,show,HOST
5314100e-2a6a-423e-ac37-2648feb24413,Bert Kreischer,HOST,504f6ebc-4da3-3d94-85b1-3d3e755b23e9,show-podcast,HOST
291c7147-5282-4749-8433-cad790bd47f8,Phish,ARTIST,74cb5e1b-7319-10de-1fbd-ad0c6eb038cb,show,HOST
30121ddf-ea83-4576-a13b-b39b2907583e,Fred Couples,SXM_HOST,4685b425-fef6-66fa-72b1-d3827d93e474,show,HOST
7c203ebe-0a80-47e6-8564-035ef6adde15,Bob McCown,SXM_HOST,cfed52c9-6530-185a-3c25-ee3778b421f8,show,HOST
88678b1c-a036-4907-9845-d9a15e0734e3,Punkie Johnson,ARTIST,ba5b6abb-b19a-09e8-b9a6-5288fc7377de,show,HOST
5584a9a1-0531-42cc-8412-565d6f630c71,Lisa Loeb,ARTIST,d228bcc3-d40a-da7d-a103-cef7e541dc78,show,HOST
d282eea3-0f75-4c85-acd8-72b49ef540f1,Bun B,SXM_HOST,3b72ca3a-ca5e-64c3-07d3-49699bee50e3,show,HOST
cce2b0e0-5874-460e-a09b-b49910224a94,Dave Anthony,HOST,c12fb442-d0c4-38b2-be40-47a763ae0864,show-podcast,HOST
7094ec7e-52ff-4333-a504-7316ffd1acb2,Jim Bowden,SXM_HOST,869855d7-4e5b-4833-93ed-b06b5b033784,show,HOST
d34f8a19-98fd-48c4-b76d-99e718859c30,Mel Robbins,HOST,57f69c0c-22fb-a893-612d-15d700e31714,show,HOST
13ecb14a-7dc1-4125-a665-e24036a138bb,LL COOL J,ARTIST,02652f2a-0613-5df6-e066-a33ba28e257e,show,HOST
b4e3e507-00bf-4d68-8807-b74fc43704f7,Brad Faxon,GUEST,6dec876c-67c0-695d-c12b-00dee06bd50c,show,HOST
9b76961e-f194-4120-a9f8-fa909b55140b,Jim Norton,SXM_HOST,7d47ba13-17ac-177e-9ec9-3fb74be82f50,show,HOST
76e4b0cc-6c9b-4f26-92af-a88cea2ab182,Steve Covino,SXM_HOST,c8decbc4-9de7-44b1-a571-d6c568f178c2,show,HOST
66d6b5ce-129d-4d61-b914-aa4009eba361,Ronnie Dunn,ARTIST,d582a5a1-5953-dabc-ee0a-1bb7c128f08e,show,HOST
fd55de60-1629-451a-af22-980caa138c28,Cameron Esposito,HOST,e609fe97-3554-3a35-9c30-674fa0a8717b,show-podcast,HOST
13ecb14a-7dc1-4125-a665-e24036a138bb,LL COOL J,ARTIST,7e485fda-8105-f04f-0082-247d814e8e38,show,HOST
591e7010-c457-4f04-88cf-4ece04367f1b,Pete Correale,ARTIST,6dac137e-e8d0-3dd0-ad9d-1502f6995bf1,show-podcast,HOST
1bcae0f2-d614-4f97-b1b8-43dd01f867c2,John Mayer,ARTIST,14ce75e0-403c-fa54-1be8-3b3640dbcf21,show,HOST
13f7c77b-1fa8-4aed-ba2b-e2b3b82cf77a,Mark Halperin,SXM_HOST,8448e3e4-aa10-3556-8184-b19a90209bd5,show-podcast,HOST
edd3dd88-1ff0-42e3-8718-b54ea835001d,Michael Smerconish,SXM_HOST,feff37fd-a276-3235-973b-39036c84bf92,show-podcast,HOST
b5c2dfaf-4820-4e1a-a195-181d0a8afe82,Griffin McElroy,HOST,d0a4c4de-d41c-341a-84f0-08e149c98c55,show-podcast,HOST
238493ba-01ed-475c-b146-1ab1389a7c19,Al Roker,SXM_HOST,c9810e6d-0569-6a6f-7362-cd4abedb5a07,show,HOST
88c52ba7-dee9-4d22-8a7f-f03092fd1f28,Toby Keith,ARTIST,652bb70d-3978-6609-e62a-87368c67058b,show,HOST
36822f76-672f-4559-a033-fbb47f996910,Jesse Watters,HOST,8d429766-b8e2-34b4-a7ab-7cd5f3e6b1fb,show-podcast,HOST
275ce8ed-8e72-48aa-b66b-2c39610cba60,Craig Morgan,ARTIST,614aedc5-432d-dab4-a3ec-bd807ed21b66,show,PERFORMER
ae907d63-bcb5-47cf-842a-50c69b132667,Sheryl Underwood,SXM_HOST,07378a8a-5858-dc86-85dd-8ed7af5249b1,show,HOST
5ee3bf3c-abf5-4b90-a78a-c9a94d23c735,David Fricke,SXM_HOST,4a40aada-b07a-3880-07f3-8b9dd39ca378,show,HOST
322695d5-466f-4769-96a4-dc08adb98f0a,Andy Daly,HOST,0a01d3fe-786e-310d-a57b-ea9a7a135102,show-podcast,HOST
238493ba-01ed-475c-b146-1ab1389a7c19,Al Roker,SXM_HOST,92f9adec-9301-4db8-a8cc-538a6ae38543,show,HOST
874811ae-dacf-408b-8875-8f9dabfa6a63,Slim Jim Phantom,SXM_HOST,eab32899-8863-ebaf-965d-9f21725bd0f8,show,HOST
c38ed3e0-0624-4992-ade9-f4a0133e3008,Mike Campbell,SXM_HOST,22020050-7a89-b7d3-a1f1-3f7123dc0673,show,HOST
bf3e4085-7679-43c6-b2d8-d6cff1231439,Gareth Reynolds,HOST,e8618b66-ad01-3d23-9502-5659eddc4e16,show-podcast,HOST
6256e03b-124d-4dba-afd9-5a47d3bc9672,Dua Lipa,ARTIST,6f58d991-e2ea-334c-995e-09c9c776b00e,show-podcast,HOST
fe9a0722-a9fa-4b3b-a40c-cc49cede590a,Maren Morris,ARTIST,354714ac-2121-1142-db3c-2294c6bbc12e,show,HOST
4590fc71-e8f9-4865-a782-5282656c8237,Big Jay Oakerson,SXM_HOST,e6f4dd8c-3e06-1710-b236-45e2cc92b7b5,show,HOST
291c7147-5282-4749-8433-cad790bd47f8,Phish,ARTIST,2d3f36b5-dfd2-9d0b-16ad-3ba8faad8af4,show,HOST
cb865a68-42dd-4d28-b75e-7b667aa89673,Andy Cohen,SXM_HOST,79b02dcd-f1b4-e0ea-b291-6da58729cc37,show,HOST
1f229c50-e9bd-4d7f-a16b-025c2b2ecb3e,Robin Quivers,SXM_HOST,5ad6890a-adaf-48bf-adbf-d0bf28def878,show,HOST
55457c1f-f4b7-4872-8960-ea6a62e5c77f,Foo Fighters,ARTIST,dfc7ed5c-bb95-0ba0-e853-9c9cf7ded41d,show,HOST
1ddb090b-842b-4470-a282-b3af3ce348fd,Sean Hayes,HOST,d7316255-680c-316e-982c-8a0347fa3956,show-podcast,HOST
6eed3020-3671-4579-bafd-b521650f27c3,Marky Ramone,ARTIST,18efe94c-1e92-9bf8-429b-cb09deb6b346,show,HOST
c764b4dc-a877-456e-964d-70de01644a2c,Tom Brady,SXM_HOST,211bb0b7-b79a-e65b-54b7-f085b0c8c889,show,HOST
a8654186-c377-4d4a-96b9-502021e968cb,Tom Hanks,GUEST,b4dfd305-9c91-fddc-c9c9-47d862113904,show,GUEST
5cc4c7f4-feb4-4f50-869e-145a61cf42fd,Adam Schein,SXM_HOST,472b0fd3-d495-4410-a858-046b5ad9a5a4,show,HOST
f2b85ef4-da64-4ba8-9817-e89fa6cd82ba,Roxanne Shante,SXM_HOST,5179e3af-b093-847f-a73f-22fa4fe01a84,show,HOST
8ece48bf-d874-4779-8571-b480ec59e465,Alex Cooper,SXM_HOST,53709706-3071-335e-99bf-508d22cd9d96,show-podcast,HOST
f5a822e1-e05e-4641-b430-0703e685ed61,Eddie Trunk,SXM_HOST,ce1fe306-b83e-ea73-c32d-3f9389cdf6f9,show,HOST
291c7147-5282-4749-8433-cad790bd47f8,Phish,ARTIST,535bfdb7-7993-0f17-58c2-9ef350805391,show,HOST
0418067a-ca12-4c48-afe9-bbc26107c639,Eric McCormack,HOST,5dea98a5-1763-3ddf-ae6a-cd402b59efc8,show-podcast,HOST
39483717-e30e-441c-b447-56361c87c9cf,Karina Longworth,HOST,0b5683e6-92e6-35bc-9b20-5ca29cea1929,show-podcast,HOST
ce8ca423-85aa-48ee-810b-291b12139116,Keith Morrison,HOST,27b9760a-2503-3ccb-8fc2-f679cba8d683,show-podcast,HOST
14d13530-15bd-421d-9702-3d9ffb69bada,Tim Howard,HOST,26ce7480-79a7-3939-b9c0-58ef0ce3edd3,show-podcast,HOST
4d9640d8-35ef-47f7-9fed-fa10d49a4b78,Howard Stern,SXM_HOST,5d35ec08-9d00-4b9c-b1aa-2d2b70fd278b,show,HOST
53c5bdb3-9086-4d1f-a965-7915940be725,Shaquille O'Neal,ARTIST,19e1bd97-9190-3459-8847-4da2e251fe46,show-podcast,HOST
3a873920-8877-496b-b77f-9687daf0c845,Dwight Yoakam,ARTIST,9c002be5-f6f4-6375-6a3d-06a9f527cddc,show,HOST
340cf0ca-bdf8-4d24-be47-abb23f9b1a55,Jana Kramer,ARTIST,4da62c32-8f3c-379c-8cfe-e3e9120e00b7,show-podcast,HOST
5fb47d61-98f4-4b2c-9dba-658d4c59f8ee,Coldplay,ARTIST,ba452b5a-3e66-3a02-572c-9a2f25dd91c8,show,PERFORMER
29f7ce40-1a64-44c2-87a8-1ead8eca8256,Rachel Steele,SXM_HOST,13159afb-8b4d-4a7a-a79c-1e285c8bb6cf,show,HOST
79507419-9d74-4c8c-8a43-0e5346f4216d,Jesse Thorn,SXM_HOST,7c172f44-b060-38e5-8aad-0c500416162e,show-podcast,HOST
43fc3b13-94f3-45ae-85c7-ea9324a6e723,Chris Wittyngham,SXM_HOST,ecf8dfbf-d353-3f4f-9ecb-ccfb513a3326,show-podcast,HOST
238493ba-01ed-475c-b146-1ab1389a7c19,Al Roker,SXM_HOST,e1c6b7e4-1f00-ad4a-20ea-cf381a8d4f96,show,HOST
480275e7-e779-4351-9ddc-40d5a1493d74,Angela Yee,HOST,5a4f6103-197a-31b3-a032-d9185fefeff7,show-podcast,HOST
d2c4fe11-4719-479d-b229-59083a88d01b,Brad Gillie,SXM_HOST,c72642d2-587c-4e15-8863-878b7b23870e,show,HOST
576e0cc7-63eb-41e7-88c3-7be1bad19043,Billy Joel,ARTIST,794a6955-8315-7027-3482-535fd249a0de,show,HOST
acad5171-65df-422b-8614-2256087e330e,Ken Jennings,HOST,3b40b518-d4c6-32e9-b923-35ef93f888ed,show-podcast,HOST
cf66eef5-8d36-4828-b370-08093a469c49,Kelly Ripa,SXM_HOST,5a542754-587f-e997-8805-737eb62a56e4,show,HOST
82078c22-33f8-4df3-9a0a-188869ad94a3,Nate Silver,HOST,180b28d6-be53-3b43-a771-17f6893df8b8,show-podcast,HOST
86d2b065-d2a4-48e4-8b4e-1a140e6cdc58,Julie Mason,SXM_HOST,c3498441-d1ea-154c-afa1-c389e392ac02,show,HOST
08aa45af-02e6-4e56-bcb7-88217e4e1067,Joel Kim Booster,SXM_HOST,3bd8b61d-3dcd-3a9b-a9e0-c0b5712c5553,show-podcast,HOST
8a784928-8269-4c0b-8468-ccb421239716,Sam Roberts,SXM_HOST,4c4b5428-9b30-35d7-9336-23210594f510,show-podcast,HOST
2c2d7ffd-05ce-4137-9c1a-765591aca603,DJ Drama,SXM_HOST,59508a86-1e48-4dcf-bf78-a59c3b149f95,show,HOST
55457c1f-f4b7-4872-8960-ea6a62e5c77f,Foo Fighters,ARTIST,93a16026-2316-09db-1373-2e096167ea55,show,HOST
72d901ae-8d32-455e-bfea-24bbad2b410e,Alanis Morissette,ARTIST,6c7c5c0f-49d9-0029-b653-d78ef4f0d235,show,HOST
f600f325-d107-4306-82e4-e305f9eac062,Joel Osteen,SXM_HOST,1b083c60-966f-0088-3eeb-d7bb43d6742a,show,HOST
215fc1af-9508-44d0-a2ad-04192de652c2,Megless Griffin,SXM_HOST,b324df05-9216-6f49-a819-4e1e9f6fc8a3,show,HOST
a1ed9d5f-9b9e-41eb-ba1c-868db0ef17c6,Stephen Colbert,HOST,0e8cacd1-142c-373b-94e9-6891c1effbb3,show-podcast,HOST
acc1ee78-42d8-4d00-989c-0aae07dc27e5,Brady Quinn,SXM_HOST,080f12e6-3401-e822-5dbb-5cbe4bebc4a9,show,HOST
9bc16c63-0a59-475c-ba99-a8ae2d3e148d,Vanessa Bayer,HOST,573dd13e-2b72-3ef6-8728-2dd7a1d50a78,show-podcast,HOST
eb7bf6cd-d4bf-43d4-aecc-4f5ee0ccf601,Jon Stewart,HOST,fcacb7a2-4649-3107-85a8-0adc8094b3cc,show-podcast,HOST
ed2c65f6-6bf8-423e-92dc-b87e7417743b,Rich Eisen,SXM_HOST,9a48f724-1ea8-3b3f-b0e6-f4143106aa5f,show-podcast,HOST
4a5c5b2f-4d4d-44c2-9581-b7b4b92a867f,Rod Stewart,ARTIST,3ff29edd-711e-ec5b-1bc8-d6dddddd2487,show,PERFORMER
5a7645cb-0c6c-44cd-bd2b-0219ce9698ad,Ben Shapiro,HOST,dd9ce84c-b723-3add-aa84-70670141fc7d,show-podcast,HOST
e9b0672c-66eb-4d02-9d51-047e44a812af,Mike Krzyzewski,SXM_HOST,8491ccef-d637-2fe8-5643-fceb47cb4a01,show,HOST
762da86f-1824-4eb7-8454-887e8071d46c,Jason Mantzoukas,HOST,4c4bb506-c00b-392d-8aea-4e4fcccd0a5f,show-podcast,HOST
f038d22c-d34e-4d68-922f-98b8b60c976e,Craig Ferguson,ARTIST,f365ad6a-8dde-3326-9ba6-60e03fc37ea2,show-podcast,HOST
2c7a09d2-504e-4339-9dfe-49a6cedf2ee2,Sequoia Holmes,SXM_HOST,1dffd64d-c8b9-3b0a-8d67-0ba7d5b209d4,show-podcast,HOST
7f1dda79-b711-4be4-89af-fad3da147c23,Kurt Braunohler,ARTIST,fa8cffb2-a43b-3c96-9a3f-4b9c7688cf99,show-podcast,HOST
5512ac26-532d-4b3a-95c5-b612b35c24cf,Dave LaGreca,SXM_HOST,9289992c-04e8-1af3-1117-ac26a1a3121e,show,HOST
d1de822a-e140-454b-8ea4-d810902bf2a0,Talib Kweli,ARTIST,a1fb43b9-a737-3d75-bc42-98b8ef28cae3,show-podcast,HOST
1e51bb63-9b18-44bb-8ff4-f39963999dad,Megyn Kelly,SXM_HOST,93d2bb1b-b55c-9622-84cc-b91ba32cc580,show,HOST
bf3e4085-7679-43c6-b2d8-d6cff1231439,Gareth Reynolds,HOST,c12fb442-d0c4-38b2-be40-47a763ae0864,show-podcast,HOST
e9841a14-8419-47c8-a359-f4dc5dbf38f3,Swedish Egil,SXM_HOST,6aa30fe8-6223-43c3-bc3f-808055094da5,show,HOST
576e0cc7-63eb-41e7-88c3-7be1bad19043,Billy Joel,ARTIST,c81e88e1-9b88-2b8e-5f59-d45cc972ca9b,show,HOST
c5d5d59f-f31d-4e26-8022-ce39251dab7c,Def Leppard,ARTIST,7e418ad8-430d-5372-3334-160b227a9e5d,show,HOST
291ec7fe-81da-4f5a-912f-85a55d9242d3,David Cross,ARTIST,7739a34a-94a6-35e0-913e-53950aba3bfa,show-podcast,PERFORMER
a8956eec-f02e-4adf-97fd-aa7a3b4aa204,Ashley Flowers,HOST,4957ef51-ace2-31a2-93d4-05c2e4d9b0ea,show-podcast,HOST
973459ad-9cf6-4c56-aa4f-4b90b7f8c63a,Julia Cunningham,SXM_HOST,22aa6a15-ed96-c247-3a5e-6bb1bfb77f0f,show,HOST
591e7010-c457-4f04-88cf-4ece04367f1b,Pete Correale,ARTIST,6dac137e-e8d0-3dd0-ad9d-1502f6995bf1,show-podcast,HOST
76a2999a-983f-461b-92a9-d6d952812ba1,Bella Poarch,ARTIST,6898d575-50ca-6cee-6597-48ed9710814e,show,HOST
ddca9143-381e-421d-bdfb-b8aa9399356b,Shannon Gunz,SXM_HOST,c8decbc4-9de7-44b1-a571-d6c568f178c2,show,HOST
576e0cc7-63eb-41e7-88c3-7be1bad19043,Billy Joel,ARTIST,cce98dd1-bb6e-44a2-2395-fa1c215fecfb,show,HOST
08aa45af-02e6-4e56-bcb7-88217e4e1067,Joel Kim Booster,SXM_HOST,20f6e367-a419-3eac-8e51-95e21d70d41f,show-podcast,PERFORMER
cd0e1bc7-769d-4855-a65e-8bcaf38c5f76,Chris Shiflett,ARTIST,e78b185a-06bf-3a71-8b59-6f8fb577c9e5,show-podcast,HOST
948c1c06-c018-4e86-9733-376133cb06df,Peter Asher,ARTIST,6962418b-d160-6098-bffd-ba2a2a553873,show,HOST
cb865a68-42dd-4d28-b75e-7b667aa89673,Andy Cohen,SXM_HOST,7c5419e4-7bce-d78a-e44a-a2f2e307700a,show,HOST
1f229c50-e9bd-4d7f-a16b-025c2b2ecb3e,Robin Quivers,SXM_HOST,7480055f-bdd6-b22f-d47b-39340bfadac2,show,HOST
d970f12d-745a-486d-a7e8-d02f425b493e,Chris Powell,SXM_HOST,cdcb0a8e-691b-fd14-4261-a4bc3f6e2a55,show,HOST
09414d1c-67e7-4bb3-ac2f-1e8e58769ee0,Penn Badgley,HOST,5c12c60d-00e3-3741-8206-a3439691836f,show-podcast,HOST
0a60285c-d0e1-426e-8b0e-7ee23a00672c,Torae,SXM_HOST,47ce8cc3-53a3-09cb-1ad7-94dc8b2dcbc1,show,HOST
ce8ca423-85aa-48ee-810b-291b12139116,Keith Morrison,HOST,f13925f8-c5a3-3779-90d0-6bc0eba522a5,show-podcast,HOST
290017fe-2a0c-4ec7-a31f-0bd4aa9c2f0e,Giuseppe Verdi,ARTIST,40f874bd-504b-19c7-48fc-306d923001bd,show,PERFORMER
f813d43f-090b-4832-809b-9173787cd060,Patton Oswalt,ARTIST,c6d38fe2-4276-1453-ba7a-095eecb534b5,show,HOST
4a02b0ae-653c-4569-a312-f5c2b1070e36,Jimi Hendrix,ARTIST,744ed6b7-7d1c-d8c7-990c-d2ed2d6a8280,show,PERFORMER
5cc4c7f4-feb4-4f50-869e-145a61cf42fd,Adam Schein,SXM_HOST,67f0bdfa-fa47-2747-0b01-b5cbb3e5dcbc,show,HOST
30933ec6-d26c-4dd4-9a59-14906cdc7d35,Nicole Ryan,SXM_HOST,f7953536-5cc2-3f56-b9b8-6c6ea96476d0,show-podcast,HOST
4a0d8856-ad25-4870-89ac-47fddc1dc8e1,Gerry Cooney,SXM_HOST,a8bda7a3-0b5c-4cff-940d-9216f66eae06,show,HOST
ea5e73c1-6285-4e83-ad55-96b2a7dbeb2a,Tony Fly,SXM_HOST,67cb58e6-305e-3599-85c4-a1e3ef216662,show,HOST
bd106ed4-c85f-40e4-ac1f-31351bc0aa9f,Nancy Grace,HOST,3e08380a-bdd2-3233-a46e-ca749f2eca75,show,HOST
5ee3bf3c-abf5-4b90-a78a-c9a94d23c735,David Fricke,SXM_HOST,c5cf5cc7-b7b8-8cb4-199c-20c755913a96,show,HOST
f20bdae0-a211-47f0-892f-25efae8a6f2d,Keke Palmer,HOST,38835851-9d39-3e8f-b492-a909960502f7,show-podcast,HOST
122192a5-51d3-4ea0-838e-c5955f709e79,T-Pain,ARTIST,abaebb36-0f7f-31df-b354-63bdb3ee4508,show-podcast,HOST
0b675ad8-2a6f-45e3-a292-eab5d03b7779,Danny Brown,ARTIST,7e853ee4-fea2-34da-a5fc-564c9cc9fd44,show-podcast,HOST
747ce7c6-780c-46a3-998a-8b418503b938,Wallo267,HOST,3f826384-f445-3265-8985-172c1d50b7f0,show-podcast,HOST
08aa45af-02e6-4e56-bcb7-88217e4e1067,Joel Kim Booster,SXM_HOST,1a7f9e6e-fb6c-ca57-d734-3de1d0fd4e5d,show,HOST
7c203ebe-0a80-47e6-8564-035ef6adde15,Bob McCown,SXM_HOST,cfed52c9-6530-185a-3c25-ee3778b421f8,show,HOST
45d2477e-ccad-41e4-bd7a-cd094b19a83f,Adam Scott,HOST,fb8a7ff9-7460-3311-948f-580fb372660f,show-podcast,HOST
1cd67191-8866-483e-a473-3719c96fe736,Bully Ray,SXM_HOST,9ee1e6db-a5aa-31ae-bb1e-7d32edcb47bf,show-podcast,HOST
3f841cc9-2c1b-4524-a7de-a368d9103a1a,Torry Holt,SXM_HOST,356cb4b6-d54e-4c75-8a20-01101ca55bad,show,HOST
cb865a68-42dd-4d28-b75e-7b667aa89673,Andy Cohen,SXM_HOST,68e4d7eb-1f2c-7ce8-3fd6-d083194fbdfb,show,GUEST
8231c8f9-d2e1-44f7-88ca-674139e0ddf8,Kenny Chesney,ARTIST,11ac4532-0eb6-b2e7-72b9-b4a57b253608,show,PERFORMER
553256ea-a93c-4401-9339-781b29c0db5a,Conan O'Brien,SXM_HOST,fe3487e4-b0d5-e694-ce09-4a0ede2ea38c,show,HOST
3e497ce2-22e3-4266-9d47-85e6caa29e3c,Gioacchino Rossini,ARTIST,8153e9ae-c5d8-d02c-bc6d-0111329c8007,show,PERFORMER
553256ea-a93c-4401-9339-781b29c0db5a,Conan O'Brien,SXM_HOST,25ec0905-77fc-e414-11f4-4cde752566be,show,HOST
9c81b45d-3e15-4fce-8a45-f9a515ee1bcc,Lisa Ann,SXM_HOST,00606587-5671-2f35-1a5a-67731c90f962,show,HOST
3a3dbe0b-e0e9-49d6-b64e-dd9015aefa62,Drew Stoltz,SXM_HOST,c145b2c8-28d0-339a-6332-8cd0d7820a22,show,HOST
8b014677-25c7-4edc-be6b-3eec44bed44c,Mike Rowe,HOST,0da424d3-965b-2ca3-ac3b-5c503b33d588,show,HOST
b84e7d47-8310-4004-820c-bfa22ecc7741,Bill Evans,ARTIST,6b691cf4-4f49-42f9-585e-8686de36a098,show,HOST
36822f76-672f-4559-a033-fbb47f996910,Jesse Watters,HOST,86d52c0b-5c76-c065-d34b-2363c67c86a5,show,HOST
a698f507-693e-4524-83ed-db58c90da7ce,Ari Fink,SXM_HOST,be48a305-7274-8a27-d437-5e895d38fbc3,show,HOST
bea76fb4-a595-4d80-add6-0d35b489919f,Joyce Meyer,HOST,2d17b821-05da-4fbe-b561-7753645819b6,show,HOST
c93afc6b-9c7c-4a9b-a128-36c9f5a28249,Roman Mars,HOST,407adfc9-b355-326c-a64e-e2d4baf44506,show-podcast,HOST
e9b0672c-66eb-4d02-9d51-047e44a812af,Mike Krzyzewski,SXM_HOST,22f29675-cee4-b704-842c-665c28636af9,show,HOST
f94af6d7-794c-487d-b9e4-b764240811ee,Rich Davis,SXM_HOST,d84cc3ce-262c-44b2-9485-0eb83ab32f33,show,HOST
89f5a7b1-4781-469b-b290-e45cd03358c2,Symon,SXM_HOST,0d92d8a7-6178-c6b6-62c0-b1ef76530324,show,HOST
95ffacc4-89f7-4d34-990d-95856aee90b9,Jeff Lewis,SXM_HOST,2c7f0054-7d01-30bf-a25b-149005313a1c,show-podcast,HOST
1938fbc6-94ec-40a4-afe9-3f6cc49a983a,Carl Paulson,SXM_HOST,e89d4240-f56f-2117-866b-f5f5b027e5f3,show,HOST
3177a68b-d4e6-4976-a1f4-f741523ff78f,Kevin Hart,SXM_HOST,fbce3d2d-324f-315b-9095-74f8bb5b6e4e,show-podcast,HOST
8368bc23-8bc2-4021-bc1b-6b9b6387d685,Kara Swisher,HOST,3910c073-9d4d-36c6-81d3-bd70eecc63c0,show-podcast,HOST
cb865a68-42dd-4d28-b75e-7b667aa89673,Andy Cohen,SXM_HOST,f17d75a8-40dc-3c04-9596-1641839481e7,show,HOST
8a90b97e-bdd3-46bb-98aa-692232222fbd,Buzz Brainard,SXM_HOST,e31b3af3-d4eb-468f-96d7-9fa3b35a4829,show,HOST
6d369b6b-c95b-43cc-889c-68616e4be0f6,Lori Majewski,SXM_HOST,8d5e1261-d8f4-855a-9f76-a3733d314d01,show,HOST
30933ec6-d26c-4dd4-9a59-14906cdc7d35,Nicole Ryan,SXM_HOST,69defb18-7f8a-482f-a493-641fdbb500a8,show,HOST
58cdfc84-25c6-4361-86f3-9dde0207d528,Mark Goodman,SXM_HOST,f3414e55-1d44-2964-8d03-9114cd755e01,show,HOST
793d02bb-d93b-4ae5-a4e8-ab35610c7f61,Jake Tapper,HOST,2e67ed78-ee56-3d3e-a1a9-646daa1e3df7,show-podcast,HOST
9ba6b697-c0cd-4ccd-a2df-b6468db7ef29,Afrojack,ARTIST,79141559-9e6f-36a0-94f2-f4c8c195fefc,show,HOST
bd6a677b-5d5c-419b-a4d0-16913b4fed4e,Jason Bateman,HOST,82534c7b-09dd-3813-16f4-ac33de3c659b,show,HOST
c3727563-9e80-49b2-a9aa-079a04e97776,Allison Dore,SXM_HOST,645d7c22-9f2b-7b7d-43a3-916de3083bc4,show,HOST
ac13af4c-a689-45ad-80a6-8b616e3ba1fa,Patti Austin,ARTIST,fed5ef30-d0d3-3c5a-a04e-ace450b6ae19,show-podcast,HOST
e6f3bc8b-9c47-4088-bc08-4041a13fd418,Kylie Minogue,ARTIST,994ba3ef-473f-1a3f-6ad7-089e6df6f201,show,HOST
789e9d24-383c-418d-85c9-8b41ff70c841,Joel Osteen Ministry,ARTIST,61bb88e0-567f-41db-a783-b9efc025c02a,show,HOST
643bd532-98a5-4cb3-b568-8d6176d039f5,Waka Flocka Flame,ARTIST,d1fa38f6-4f28-36d9-a991-3e65aa549ef3,show-podcast,HOST
7094ec7e-52ff-4333-a504-7316ffd1acb2,Jim Bowden,SXM_HOST,4b5f6ebe-ddaa-4647-976d-56f5164e296e,show,HOST
f5a822e1-e05e-4641-b430-0703e685ed61,Eddie Trunk,SXM_HOST,fe08419e-8d06-eac2-851e-c5d3d84a9d9b,show,HOST
68482535-9a25-4411-8286-56ff28e32d8e,Caity Babs,SXM_HOST,21c376ec-08cb-5e39-1d98-594bba805a69,show,HOST
f2b85ef4-da64-4ba8-9817-e89fa6cd82ba,Roxanne Shante,SXM_HOST,61d7413a-443e-9116-a0f3-6ca898eb44d1,show,HOST
1018267a-5fde-405e-90de-9af07cec4f85,Clay Cane,SXM_HOST,8ac2b3d7-8a38-f29e-93b1-4b712da1cbe5,show,HOST
bc029f26-105c-453d-ba74-30d1d2e0d4a8,Richard Blade,SXM_HOST,93f598c4-5f66-77ec-f9d5-071d9b88a495,show,HOST
592ba2b8-c932-4014-a3c4-0e2b4e41df53,Neil deGrasse Tyson,HOST,c9d74a68-daaf-3742-a996-2ff4ce46c8f9,show-podcast,HOST
553256ea-a93c-4401-9339-781b29c0db5a,Conan O'Brien,SXM_HOST,51c8536b-3279-d6b3-1f83-269c03a2d064,show,HOST
5ee3bf3c-abf5-4b90-a78a-c9a94d23c735,David Fricke,SXM_HOST,e7a53350-5cc8-7dab-1bc5-c5252ae09c41,show,HOST
cd0e1bc7-769d-4855-a65e-8bcaf38c5f76,Chris Shiflett,ARTIST,626fbcbf-3f2b-3733-8b87-963c2a56f432,show-podcast,HOST
1a216e5f-89c1-4369-9915-e27eb08236cc,Michael Jackson,ARTIST,309448ac-5c16-c344-f504-a486db5604ed,show,HOST
b37157de-81cd-436b-9630-515cd6c939ad,Trace Adkins,ARTIST,2cdbfa58-fd00-7920-c915-b4c66113a6b2,show,PERFORMER
480275e7-e779-4351-9ddc-40d5a1493d74,Angela Yee,HOST,8f8ddb14-0198-384d-8f5e-6242677486d9,show-podcast,HOST
247b5794-8210-4acd-a09d-b955b9f4c96f,Dave Matthews,ARTIST,f3765933-7a23-bfb9-feaf-fbde29d61044,show,HOST
87476d9a-f157-40af-b5c0-e3760d1f33b5,Dr. Charles Marmar,SXM_HOST,7d7db084-aaab-45ca-ac26-87f4123bd5f0,show,HOST
e4ed5636-1395-4187-8121-8050160157de,Jenny Eliscu,SXM_HOST,e2e15ad3-2f88-2361-4f9c-b55584fc0001,show,HOST
a8956eec-f02e-4adf-97fd-aa7a3b4aa204,Ashley Flowers,HOST,669b0094-b755-788a-b68a-a6d6a7524dd9,show,HOST
ec8e3eb2-40bf-4068-8b1f-9d7906a86675,Mark Henry,SXM_HOST,4a75ab10-a358-3204-edbe-8cf24217bdfa,show,HOST
d2abf286-3802-44b1-984a-d8ee010545b5,Laura Coates,SXM_HOST,673c0ac1-cb1b-1079-9b07-d22075ae4ec4,show,HOST
8b2aa2f4-f572-4504-9db0-936e4588a854,Misha Collins,HOST,482bf140-f7ce-3904-a73d-cce428234dfb,show-podcast,PERFORMER
f94af6d7-794c-487d-b9e4-b764240811ee,Rich Davis,SXM_HOST,f7953536-5cc2-3f56-b9b8-6c6ea96476d0,show-podcast,HOST
5624be1c-1869-4898-a117-1725493dc478,Nephew Tommy,ARTIST,36551066-265d-3365-95c5-a1ad1a30d711,show-podcast,HOST
5b107084-3774-4c15-a0b3-01d833e028f6,Dan Loney,SXM_HOST,ff394c4b-4563-dff7-79c5-b9f17ddc4c0f,show,HOST
c6ae1881-6a3b-46ca-b389-d2bd7cf7d678,Statik Selektah,ARTIST,a4c3e0f1-1dd2-4644-af4a-d3f6b7b34560,show,HOST
19d1cda9-a759-4ede-a769-4ad78269872b,Mary Sue Twohy,SXM_HOST,d471e554-e116-47be-8333-dc68ca3e9b09,show,HOST
cb865a68-42dd-4d28-b75e-7b667aa89673,Andy Cohen,SXM_HOST,4ab9f117-dd8d-5f5b-ae6b-b11c671f94c5,show,HOST
e7d9699d-dea5-474f-b1d5-d0bf5a0224f5,Logan Paul,ARTIST,633c34a6-6f53-3beb-a2ee-b6868ae0819f,show-podcast,HOST
fe07155d-978f-4c37-ad61-ad55d799930d,Langston Kerman,ARTIST,e20dc84a-b3b2-37b7-9f35-83ac3d526b7e,show-podcast,HOST
aef96452-e915-4518-964c-7b9c4b2e25a0,Cody Jinks,ARTIST,2fa98cd8-cd11-98b6-be17-b5671b244370,show,PERFORMER
8231c8f9-d2e1-44f7-88ca-674139e0ddf8,Kenny Chesney,ARTIST,3c47d1c1-f6c4-2f59-9110-c09e09f6be6b,show,GUEST
1f86a5de-cf6b-4ecf-8711-b42e4124514a,Greg Laurie,HOST,40416ef7-4cb0-128a-d9e3-5f1f1de8a2e0,show,HOST
80e61f99-7729-4516-8fc1-fb919153bb7f,Dave Ramsey,HOST,2b8b5a66-bad8-3d25-9bdf-c8a890b631ba,show-podcast,HOST
50813ada-7c53-4e3e-ba4e-37881c8bc12e,Lupe Fiasco,ARTIST,57cf61ad-a220-3917-21e5-266326cf1467,show,HOST
da50fdac-4a7c-4e0f-ad6e-2e2458831521,Rory Scovel,ARTIST,42d9c0df-4b21-32fc-be8e-06d2f36c137c,show-podcast,HOST
53f5361f-57aa-49ab-b18b-927333be57aa,Marty Smith,SXM_HOST,e3cfb1ee-fc42-309a-aac0-97a4a65b5950,show-podcast,HOST
d761fdc5-3526-4fe3-855d-0b7349745786,Eminem,ARTIST,6a6a63f6-eb35-c6f3-0021-f3ee11ff55f5,show,HOST
71621d95-bc61-429c-b771-1f202f6c1819,Jay Sekulow,SXM_HOST,de8c48aa-7e7e-4c90-a9b8-7fac6be154e9,show,HOST
97a98a10-bbe5-4eca-9668-e0ab2addc6f1,Adam Ray,HOST,471272e4-f70c-3386-80f9-007a454a3c4c,show-podcast,HOST
c6f79647-5ae8-4253-9d97-8a15fac07892,Frank Isola,SXM_HOST,ad5c1569-e430-443e-86dd-785500ad7f81,show,HOST
7ec3c9f4-d11d-497a-b193-37e0e1c81898,Rich Gannon,SXM_HOST,b14d328d-30f0-4c28-a5c7-6fb16f2ad3a9,show,HOST
1d4f850b-9763-4c51-982f-02d865c13eff,Biz Markie,ARTIST,4647115c-41ba-ba77-8782-bdd387aaec75,show,HOST
ce8ca423-85aa-48ee-810b-291b12139116,Keith Morrison,HOST,27b9760a-2503-3ccb-8fc2-f679cba8d683,show-podcast,HOST
7be60aa9-ebd8-4c63-b8e1-228fe47da08d,Mike Babchik,SXM_HOST,3763eaf9-1e71-1368-395e-eecd3e572ea7,show,HOST
a5235f06-3c3e-48bb-ac94-f55699fd0396,Anthony Bourdain,HOST,4ec756a7-a001-6837-46d6-e201be1d7f01,show,HOST
fb5145ed-9c99-4a57-9386-d5bf077f0e73,Kathleen Madigan,ARTIST,bd7cd155-8c53-3981-ad65-e2188647b8e5,show-podcast,HOST
0dc8f48c-6785-4738-8bae-8bcbf42beb73,Spyder Harrison,SXM_HOST,a2d2f69b-cb59-4064-83d9-0c46130fce24,show,HOST
8ce3d58f-2d58-4017-aab2-57aa7e319d1d,Brian Dunseth,SXM_HOST,3b15a491-c96a-e01c-a401-b91d2de3f2ce,show,HOST
77605a18-2611-4b23-bab2-83d75d8e3754,George Harrison,ARTIST,11ded9f3-379b-57a0-9af5-a255bb1106bc,show,PERFORMER
903576d4-db2a-49e0-acaa-7447f862e098,Zerlina Maxwell,SXM_HOST,0599fdfc-88f5-6fdc-bb03-580b27af0c14,show,HOST
a8956eec-f02e-4adf-97fd-aa7a3b4aa204,Ashley Flowers,HOST,93679c20-96bc-3b39-b59e-a479a72904d4,show-podcast,HOST
8e9de81d-1f56-47d2-98a5-1167cb9c9a35,Alicia Keys,ARTIST,e3a0c4b4-d252-c991-ad05-725803af9846,show,HOST
618c4071-80ac-4f35-bd4a-529c2c78d06e,Fortune Feimster,SXM_HOST,6712cc70-8420-679f-a0d0-e927f78a22b3,show,HOST
d5edcc5a-edf7-4d24-ab1a-146b96ad7455,Pat Boone,ARTIST,deead1bb-0bdf-01e7-1b34-73617ffb0dd8,show,HOST
e6df99e4-31a8-4560-8280-518831e678ae,James Altucher,HOST,e5adce69-16be-3029-b995-609446ac5420,show-podcast,HOST
bc029f26-105c-453d-ba74-30d1d2e0d4a8,Richard Blade,SXM_HOST,46ff2160-e056-414e-ae65-829ca0689b2f,show,HOST
f8fb05af-4eb4-49fd-b2ca-8e69aaa3e890,Gwyneth Paltrow,HOST,e10afd28-4751-389f-85a2-ce25bb649f04,show-podcast,HOST
5584a9a1-0531-42cc-8412-565d6f630c71,Lisa Loeb,ARTIST,5296f253-0fef-c211-9409-cf811ce8cc49,show,HOST
f600f325-d107-4306-82e4-e305f9eac062,Joel Osteen,SXM_HOST,3e242f30-b92f-9b97-ceb9-fcab06177485,show,HOST
fe96a10d-d0a9-4bc8-844a-df4c5999813b,Mayim Bialik,HOST,daa3e602-4cfc-342f-ba1e-20c22f0320b8,show-podcast,HOST
e491e4ad-27a0-4fa3-84d3-cf9c7f755961,Michael Bublé,ARTIST,1889e2b4-c1ae-0df8-97ca-4b772b76941d,show,HOST
a6ece1aa-2898-4ed4-afd7-b2d412cd4ab3,David Axelrod,HOST,f1446a3b-edd6-341d-a34e-40c1f8a86dfc,show-podcast,HOST
ba2999bc-070d-4d23-8648-08e81067576e,Willie Nelson,ARTIST,cc0718e0-14a0-7fb4-e24b-98dd61aa6223,show,HOST
617572a6-c9a1-4f39-84b0-9a48cd389d34,Mase,ARTIST,ea6eec49-84b7-3779-b0d8-6f3555d7cc46,show-podcast,HOST
62304359-cd8e-4c03-b070-af4d00b43273,Dana Carvey,HOST,5379c67f-e2c6-3b2e-9798-08f08614cd42,show-podcast,HOST
bd6a677b-5d5c-419b-a4d0-16913b4fed4e,Jason Bateman,HOST,d7316255-680c-316e-982c-8a0347fa3956,show-podcast,HOST
a1f7491a-f6d1-48da-9864-e81c27928fcd,Angela Duckworth,SXM_HOST,15dc6010-df0a-34bf-8827-deb3671cb8b7,show-podcast,HOST
829db8a4-90ad-4284-abc6-697ec1503e22,Stanley T,SXM_HOST,a2d2f69b-cb59-4064-83d9-0c46130fce24,show,HOST
b877e132-2220-4e4a-b242-f7d1e4cae021,Selena Gomez,ARTIST,e040b2f3-e0e8-333c-134c-a12ec4d876d2,show,HOST
9fabcaae-ccb0-4901-8d8a-af6d035d69eb,John Hansen,SXM_HOST,0ea0372a-3a75-3801-801c-5f0888748707,show,HOST
e560c68f-21ac-4a82-b23c-8d24a5825ef2,Kevin Durant,HOST,2aa2f2ab-3f24-3043-9ee7-b03b1b01ee53,show-podcast,HOST
a857750b-1a36-4ecf-ba94-1a886226ce11,Amanda Seales,SXM_HOST,7bf45c5f-1166-3c9a-ac85-a87ba924c927,show-podcast,HOST
21798dc1-3e87-4e39-8075-c2efadde4cfa,John Fugelsang,SXM_HOST,6b27e053-3631-605c-3a42-57a2c658e4f3,show,HOST
ceb4ae37-1ed0-49c6-8d56-268045af84b5,Jim Florentine,ARTIST,b8601579-99fe-3619-a1f8-db5d7b48fef9,show-podcast,HOST
3e497ce2-22e3-4266-9d47-85e6caa29e3c,Gioacchino Rossini,ARTIST,ef035874-18b2-140e-c1b1-811f077370d4,show,PERFORMER
ac4b202c-9055-4905-8e16-fc572330c68b,Paul Anka,ARTIST,b13b3d95-6fc5-3c2d-83d2-2b2f85ec6ab1,show-podcast,HOST
99c4582c-b159-42c6-a265-8c2b84788280,Little Steven,SXM_HOST,5d3a5abf-2be5-33be-bcc5-d93c72d440dc,show,HOST
4a3f8765-4b92-44d9-9068-67e86783064a,Nikki Glaser,ARTIST,e6f4dd8c-3e06-1710-b236-45e2cc92b7b5,show,HOST
69cd0fc0-ec1b-4293-b36d-cd42ec563da9,Shannon Sharpe,HOST,65ad5021-6a32-11d8-c0ba-fc1fbad653f6,show,HOST
029e4d59-e529-4cc7-a648-a224c7207ced,Sean Hannity,SXM_HOST,00e5dbc2-3f5e-f6d8-d2a4-0a40a1102650,show,HOST
a8956eec-f02e-4adf-97fd-aa7a3b4aa204,Ashley Flowers,HOST,76578334-b703-3064-8595-8e33feeef8a1,show-podcast,HOST
0a126318-e2f2-4019-96f4-269d390b5f3c,"Dr. Michael Perskin, MD",SXM_HOST,8c48e2f2-b3b4-46ff-b1d8-a06b880ec3d7,show,HOST
96654df3-fc45-4f2d-9dc4-929d97be3d0b,Octavia Spencer,GUEST,7231db5e-a52e-3d28-9cd4-a656cdb16348,show-podcast,PERFORMER
b9e4e5d1-095a-4284-9a17-1625b683a63b,Erica LeAnn,SXM_HOST,19b09138-f04f-9a5d-fb3e-b754e9d2e69a,show,HOST
a14a7f49-4d80-418c-a93a-2d13a0b4a0ff,Jimmy Buffett,ARTIST,84a9c074-84ad-27ed-1042-8a8879f894bc,show,PERFORMER
a6e622c1-42f5-4dd1-af20-58ed44dd58ce,ILLENIUM,ARTIST,1e2ab960-dd8a-097c-60ac-528b725e33f6,show,HOST
b4623b5e-4454-4cf6-932b-0a674dc1615a,Charlamagne Tha God,HOST,cd404112-95e0-3040-9dde-1147f8b4c7a9,show-podcast,HOST
fb03def4-df1a-492e-ade8-41a47a3a183e,Bing Crosby,ARTIST,4088aa02-3c7e-0a17-889a-26d8f135798d,show,HOST
438dd61c-6dc8-4262-a659-7d29cb6d9b69,Seth Rudetsky,SXM_HOST,e05137dc-7acc-42ed-bf1f-b6bad71d40de,show,HOST
6d269c92-6274-4c75-93f0-79ff61c015f9,Jillian Michaels,HOST,8ef2e347-887d-328a-8645-e65fa0df3669,show-podcast,HOST
ad507585-3f93-4945-8e62-6da3bbc8d215,Mojo Nixon,ARTIST,a274ba19-07f9-b8be-f316-a88eb023d724,show,HOST
a1f7491a-f6d1-48da-9864-e81c27928fcd,Angela Duckworth,SXM_HOST,8699c579-390d-9c06-2cab-cb5e881b325e,show,HOST
39e2db56-2ba1-4ba1-9dfe-ec9b59194033,Hoda Kotb,SXM_HOST,832d2b3a-f412-ee72-bd4e-fc99c36f7c7f,show,HOST
a14a7f49-4d80-418c-a93a-2d13a0b4a0ff,Jimmy Buffett,ARTIST,f77a1402-bb5f-5185-de34-36c1e58f5921,show,PERFORMER
15e600e2-65ce-4f21-acff-3033b795c455,"Dr. Marc Siegel, MD",SXM_HOST,e7adfb79-ca09-4825-b8ca-1aa0c124dea0,show,HOST
fd988efa-6654-42f3-80cc-25e0fe7400df,Jimmy Fallon,HOST,97f5855d-45fd-52d6-07b1-df9a0691470e,show,HOST
3d2d6c0c-1e97-4177-bb4e-19bdc6dd30b4,Wolf Blitzer,SXM_HOST,b82aadfb-27aa-797e-06ee-2870d30809be,show,HOST
13754410-d934-43d2-a462-56e59a2018f4,Kai Ryssdal,HOST,420e3859-986e-47ad-99ef-1df768cafa12,show,HOST
984ca017-32b8-46b0-9526-a871a38ad2d8,Daniel Tosh,ARTIST,96335919-b76b-33a5-a6aa-7ba5cdc9db24,show-podcast,HOST
5a11faf7-8b2c-4835-94d5-d6cf0a1d78c5,Tommy Dreamer,SXM_HOST,5299813b-b120-b278-242e-67ad85a1e41b,show,HOST
8368bc23-8bc2-4021-bc1b-6b9b6387d685,Kara Swisher,HOST,ccc744ab-fd5e-346a-9f42-400beed0dbbb,show-podcast,HOST
f2f93ca0-b58c-4c3f-b533-8775ac006465,Matt Serra,HOST,861c1e81-cfd9-3f7b-9d38-114fb4b3da4b,show-podcast,HOST
aa3c8db3-83ee-4644-a0a9-6db1df7ea05f,Michael Rapaport,HOST,dcd2953d-ad5c-3c4d-a9a9-a9b7220d9ae7,show-podcast,HOST
a852fa1e-f8c2-4ae7-919b-d9ba502bdbf7,Erin Foley,ARTIST,30d79393-b563-3483-bc82-ba93cc7045c4,show-podcast,HOST
533b217d-15cf-4027-858c-f18bbdc4a976,Sean Jordan,ARTIST,e1ab6ce6-5d38-3df2-b56a-94b0b51d6e5a,show-podcast,HOST
594bbde4-5910-4f6e-86f5-4ebd2dd57188,Dan Pashman,HOST,fb369dfd-92ab-3bb9-80ec-77b3dacc95af,show-podcast,HOST
72d8d050-6ef4-4f0c-beb7-abc8c5002879,Roy Wood Jr.,SXM_HOST,a7eacc0d-a0e5-39a7-8357-8e312aa253c4,show-podcast,HOST
2d491164-d923-4869-8e0b-28850221fc4d,KC Phillips,SXM_HOST,d56c501c-25f8-4975-a4f4-24b626ae566f,show,HOST
5a7645cb-0c6c-44cd-bd2b-0219ce9698ad,Ben Shapiro,HOST,dd9ce84c-b723-3add-aa84-70670141fc7d,show-podcast,HOST
576e0cc7-63eb-41e7-88c3-7be1bad19043,Billy Joel,ARTIST,a322ace2-6a25-b7c7-9d94-5a6396400282,show,HOST
88fa2cf8-aea0-4597-801f-a75a7964e3a4,Jim Daly,SXM_HOST,686f2f11-f346-19ca-997f-f2c3069720c5,show,HOST
edd3dd88-1ff0-42e3-8718-b54ea835001d,Michael Smerconish,SXM_HOST,a9914a41-78d6-4402-8150-b8f14a44945b,show,HOST
4d9640d8-35ef-47f7-9fed-fa10d49a4b78,Howard Stern,SXM_HOST,c671f031-5194-96dc-368e-9eca6daf7f5c,show,HOST
ba2999bc-070d-4d23-8648-08e81067576e,Willie Nelson,ARTIST,31e3bda2-b527-9803-a09f-911e5191e775,show,HOST
5a11faf7-8b2c-4835-94d5-d6cf0a1d78c5,Tommy Dreamer,SXM_HOST,9ee1e6db-a5aa-31ae-bb1e-7d32edcb47bf,show-podcast,HOST
88c2c967-7da9-4b74-b84c-e19515711f97,Emily Sumlin,SXM_HOST,4cbc0d7d-5077-a299-4f75-ef071fa81759,show,HOST
8e9de81d-1f56-47d2-98a5-1167cb9c9a35,Alicia Keys,ARTIST,2da2401f-2d67-d41f-d0dc-210138082b62,show,HOST
00cf4ed5-6437-4f70-9b02-aead1355392e,Santigold,ARTIST,0589951c-4d3b-340a-9999-a5c370c95732,show-podcast,HOST
31d868a7-0dc8-4668-8206-3d3ef8c0fed4,Michael Yo,ARTIST,4c5bf7cf-1e4b-7b07-cfad-71a295c0b5e8,show,HOST
14e9eb97-7439-4d5a-808f-e21be62f09f3,Maureen Callahan,SXM_HOST,46c608c7-26a8-3462-a200-35411d531bd8,show-podcast,HOST
5340af12-c735-433c-8256-1cc4feb3ee7b,AC/DC,ARTIST,b7dbf6cc-22ec-3810-8f30-0dd32d0a40ef,show-podcast,GUEST
db8ce726-cf14-4e66-8fcf-12ec5ef972b4,Travis McElroy,HOST,d0a4c4de-d41c-341a-84f0-08e149c98c55,show-podcast,HOST
291ec7fe-81da-4f5a-912f-85a55d9242d3,David Cross,ARTIST,9f630d74-6bc2-3bae-8bc4-232000a5dd5c,show-podcast,HOST
32310951-bd52-4ac4-9350-a1f211e09780,Pam Tillis,ARTIST,f07c515f-a0a2-c33a-4499-c9755061741a,show,HOST
23d6b91e-5b90-4c4d-9ac0-48c79034beb3,Christopher Russo,SXM_HOST,65dca52d-bc15-6237-00b6-f0329a1fc756,show,HOST
e04bc626-6b05-4c27-8ab1-9648e056d478,Melissa Etheridge,ARTIST,d8db0a99-88eb-3639-b21e-8b934b7809df,show,HOST
77605a18-2611-4b23-bab2-83d75d8e3754,George Harrison,ARTIST,d71e3e42-5cb5-1f48-d925-1e5f4ad12f37,show,PERFORMER
a906d107-e172-4832-b785-5932c78d5843,Rick Kamla,GUEST,6832023a-653d-4412-4b99-409773f70a36,show,HOST
089d6a2e-7075-4e91-85b4-9d04a58512e3,Dr. Laura,SXM_HOST,2e424b7a-73ce-343e-a930-f7751a572dab,show-podcast,HOST
13ece3e8-c518-4509-b016-84b333b6a6d9,Claire Fallon,HOST,a3d5578a-83d5-32e7-8545-4c647589da1a,show-podcast,HOST
8368bc23-8bc2-4021-bc1b-6b9b6387d685,Kara Swisher,HOST,ccc744ab-fd5e-346a-9f42-400beed0dbbb,show-podcast,HOST
3aae7d10-1720-4c5a-85eb-68e41b7955e5,Rick Springfield,ARTIST,8a60b646-815f-2dc2-21b3-67465cbb3f15,show,HOST
5dfc078a-4e45-4470-a934-1091dbb93ea1,Thomas Rhett,ARTIST,2ba22135-f70b-dbaa-e7e9-edb00f8be5fc,show,PERFORMER
b9139c1e-5e36-4367-9d6c-b5d37163936a,Rev. Al Sharpton,SXM_HOST,5d8442e4-4991-0bc6-71e8-0df024c0457f,show,HOST
c38ed3e0-0624-4992-ade9-f4a0133e3008,Mike Campbell,SXM_HOST,55132306-ab7e-9c63-18ac-98787ca34e3e,show,HOST
3aae7d10-1720-4c5a-85eb-68e41b7955e5,Rick Springfield,ARTIST,8a60b646-815f-2dc2-21b3-67465cbb3f15,show,HOST
a14a7f49-4d80-418c-a93a-2d13a0b4a0ff,Jimmy Buffett,ARTIST,abcf2e73-0045-4fb0-8675-0412613b7f9e,show,PERFORMER
8b950473-b62d-4c3b-970f-6e0c99ee0986,Casey Kasem,SXM_HOST,a1bf2c19-7646-4f42-9f93-788fe5af14b5,show,HOST
5fe6ce30-0656-416c-8219-4b5c4f3ac17d,Eric Church,ARTIST,798cddbd-6506-61d5-709e-87a20f22c845,show,HOST
731c3acc-27e2-4141-a7e5-988410c40eda,Brené Brown,HOST,10880df1-dc9d-3533-861f-7d768f5d08c1,show-podcast,HOST
29f7ce40-1a64-44c2-87a8-1ead8eca8256,Rachel Steele,SXM_HOST,03c5135d-04d6-090b-5199-42d4d8dd7f02,show,HOST
15e600e2-65ce-4f21-acff-3033b795c455,"Dr. Marc Siegel, MD",SXM_HOST,e7adfb79-ca09-4825-b8ca-1aa0c124dea0,show,HOST
eb7bf6cd-d4bf-43d4-aecc-4f5ee0ccf601,Jon Stewart,HOST,fcacb7a2-4649-3107-85a8-0adc8094b3cc,show-podcast,HOST
58973865-c476-47f3-9f1b-733fac246df7,Harry Jowsey,HOST,01005abe-6bf5-7111-8f9e-92bbb5df00c0,show,HOST
ae266bdd-7010-4ddf-9284-bc0074098eb7,Avril Lavigne,ARTIST,faeaa4b9-c799-fac2-91e1-ecb1255509ea,show,PERFORMER
8d4b50f8-d37e-4ebf-905c-5c9f39119234,Barenaked Ladies,ARTIST,0da6ada6-3237-8750-9d58-71f45bbb5769,show,PERFORMER
be05a8d2-7762-4bdf-8c82-db9c33a1622a,Kellie Pickler,ARTIST,1c1678c9-e0ee-ab65-a7b6-893fc61ba4c9,show,HOST
61fb58ba-fb05-4d86-895a-ccd2a886aee8,Chris Hillman,ARTIST,97233b43-d73f-d19d-c047-55d329674aac,show,HOST
a7f46015-04f6-4050-a171-1a6b68042177,CeCe Winans,ARTIST,81478035-5127-b479-ddfe-32794569191e,show,HOST
a857750b-1a36-4ecf-ba94-1a886226ce11,Amanda Seales,SXM_HOST,7c5587b4-e0a0-36c9-af95-b73ed3e7777b,show-podcast,HOST
feff79ae-0778-461e-9779-7acc8328cae2,Paul Sweeney,SXM_HOST,6ebc1082-f5f7-0799-b5f7-4279e38cc56f,show,HOST
747c3163-c1a2-4862-9b6a-5b473e5254d6,Jim Cramer,HOST,5783bead-8de3-3451-8c87-225d3e47dbc6,show-podcast,HOST
1d070efe-6392-4e03-b201-7d8783199246,George Ezra,ARTIST,740d3bc1-b642-390b-9a88-5c14c831899b,show-podcast,HOST
43fc3b13-94f3-45ae-85c7-ea9324a6e723,Chris Wittyngham,SXM_HOST,06b29031-300d-a8c0-bde9-5aaea4daf39d,show,HOST
5a440b86-f335-4f72-8dab-a2240fa4fe02,Shinedown,ARTIST,5b08d0a2-b680-3b3b-9c9e-658fe623af37,show,HOST
290017fe-2a0c-4ec7-a31f-0bd4aa9c2f0e,Giuseppe Verdi,ARTIST,48b9a174-9275-1081-67b2-44c1b0fc7f9b,show,PERFORMER
00a15f22-9d45-4d81-80ee-f434b96b8467,Gretchen Rubin,HOST,49c34109-cbb5-396d-a967-3d739436823a,show-podcast,HOST
62470ac9-ce57-4141-8bde-8f007791847c,Jess Cagle,SXM_HOST,659b01e4-810e-af24-326e-df57046da19a,show,HOST
290017fe-2a0c-4ec7-a31f-0bd4aa9c2f0e,Giuseppe Verdi,ARTIST,e8143c67-f586-2830-6600-0717e88c9679,show,PERFORMER
5dd6b1d9-99cb-485a-be51-f7236a260ffc,Nina Blackwood,SXM_HOST,8a3d176b-87e9-4600-9f29-53350daca710,show,HOST
c764b4dc-a877-456e-964d-70de01644a2c,Tom Brady,SXM_HOST,eb95d4ef-4951-0666-34b1-3f41e2d896c2,show,HOST
1a2132b2-24ca-4f2b-b42a-cd2b4ba6c431,Sway Calloway,SXM_HOST,f8bc644d-6368-4837-a230-7503b9bb0537,show,HOST
c5fa7c95-9e4d-42bc-8037-0b77da10f244,Switchfoot,ARTIST,2a79028a-131a-3c36-bd12-418a4c912456,show,PERFORMER
b1b7bd99-b683-4a8f-acd8-da3f80d46c7b,Alix Earle,HOST,3e42dfc2-3d89-888a-930a-9356f8e7128c,show,HOST
576e0cc7-63eb-41e7-88c3-7be1bad19043,Billy Joel,ARTIST,810f7e59-a408-dce2-2d13-b5a18234d010,show,HOST
1317a8a3-2f32-406e-88b1-bdd680a23af5,Michael Ian Black,ARTIST,95fc761d-2ed3-340b-befa-ed09e1896734,show-podcast,HOST
df276c93-3fc1-46b2-a85c-84ece61e77e6,Larry the Cable Guy,SXM_HOST,9e9583ee-9b64-c550-1169-b0fffdda6d67,show,HOST
edd3dd88-1ff0-42e3-8718-b54ea835001d,Michael Smerconish,SXM_HOST,feff37fd-a276-3235-973b-39036c84bf92,show-podcast,HOST
ab201cb5-5f7f-4bd7-acfd-1ad9b71ce750,John C. Dvorak,HOST,3f5073b6-08de-333b-9659-e742fc0a8eb9,show-podcast,HOST
0d015cfa-abd4-482d-847b-80607e68a89a,Bob Buchmann,SXM_HOST,13159afb-8b4d-4a7a-a79c-1e285c8bb6cf,show,HOST
94970d7a-6626-4118-9af5-1953c46f85a4,Preston Trombly,SXM_HOST,4076740b-5521-b20f-1cbe-85b34bffe0c7,show,HOST
a9a23ed6-2bf3-486b-85fc-2f9dd822c49f,Guy Raz,SXM_HOST,27fe0f6f-7573-3515-8d02-906af9f3b59c,show-podcast,HOST
39e2db56-2ba1-4ba1-9dfe-ec9b59194033,Hoda Kotb,SXM_HOST,4ef0ca37-0503-04a0-b70e-a9fc9969fb76,show,HOST
b257d09d-d750-44ff-bcab-09439ef6acc8,Tom Morello,ARTIST,7da96e37-df44-2989-2363-002de407b02a,show,HOST
fd749b99-33b0-4680-8c26-f01e2e75ef21,"Dr. Jess Shatkin, MD, MPH",SXM_HOST,d1219c11-286e-447d-b2a5-960e02119731,show,HOST
6983bdb1-003a-4aae-a304-bd5fac212bfa,Nicole Byer,HOST,f7e3ac74-5c3b-31b0-80cf-acda6f98dd1a,show-podcast,HOST
3177a68b-d4e6-4976-a1f4-f741523ff78f,Kevin Hart,SXM_HOST,445c96fa-5eb3-8dff-d897-ef920aa91476,show,HOST
3e497ce2-22e3-4266-9d47-85e6caa29e3c,Gioacchino Rossini,ARTIST,4c264038-e514-dd26-5f85-9d5a31707d1a,show,PERFORMER
772740b1-2f8b-471e-ae15-27e970ddc991,Kelsea Ballerini,ARTIST,927f67df-6e71-bd73-5f7a-d5508f7ab338,show,HOST
52188b85-e426-4717-af06-331c7427a3ea,Samantha Bee,HOST,b4888f15-e4f1-38a7-9a9a-b0b10a318ffb,show-podcast,HOST
8f2338d5-e63a-4f05-8405-8a7e0fe0be2d,Tommy Vietor,SXM_HOST,70cff2e7-3e60-36f9-b362-4089517abfd7,show-podcast,HOST
fe7d8a29-383b-466d-8669-1f146528cc82,Elliott Kalan,HOST,925e145c-8a7a-3b22-b7b7-a4b6e0cdac85,show-podcast,HOST
660fc1e4-acb1-473a-993e-357c0f9e745b,Dean Obeidallah,SXM_HOST,15343f0b-11fa-81af-9cd0-42ea706439a5,show,HOST
40b16cc1-e2af-42ba-8346-ddb94cc72884,Zach Stafford,HOST,2a552602-eeb0-30d4-abb2-84fae384285a,show-podcast,HOST
c5516705-2802-4a01-8f67-425274548f97,Joe Elliott,SXM_HOST,baa93bd1-3d8d-763d-8d51-a76de59ddff9,show,HOST
5ef375d7-ee0e-4de2-82e2-1a1a43790f43,Carrie Underwood,ARTIST,d91e878b-1ff5-b983-e0cf-c2c19c8b920f,show,PERFORMER
029e4d59-e529-4cc7-a648-a224c7207ced,Sean Hannity,SXM_HOST,1402ccb6-3068-4496-8a58-ee1757923838,show,HOST
643bd532-98a5-4cb3-b568-8d6176d039f5,Waka Flocka Flame,ARTIST,d1fa38f6-4f28-36d9-a991-3e65aa549ef3,show-podcast,HOST
5dd6b1d9-99cb-485a-be51-f7236a260ffc,Nina Blackwood,SXM_HOST,7b62c9f2-188e-4c25-9296-ae4ca557df64,show,HOST
5ee3bf3c-abf5-4b90-a78a-c9a94d23c735,David Fricke,SXM_HOST,4a40aada-b07a-3880-07f3-8b9dd39ca378,show,HOST
b257d09d-d750-44ff-bcab-09439ef6acc8,Tom Morello,ARTIST,71eca827-3bf4-4391-2665-49d3a62f805e,show,HOST
a1399080-0c9f-4c21-92b4-8cc9cdeedf62,Danielle Peck,ARTIST,b85a5134-046a-7123-b985-cd8ad4195da2,show,HOST
1f229c50-e9bd-4d7f-a16b-025c2b2ecb3e,Robin Quivers,SXM_HOST,af7721ad-abb1-4e83-e3c6-3dc6046ee648,show,HOST
62470ac9-ce57-4141-8bde-8f007791847c,Jess Cagle,SXM_HOST,11ca428d-0327-96fb-6053-0ecfb21439ec,show,HOST
1f86a5de-cf6b-4ecf-8711-b42e4124514a,Greg Laurie,HOST,198f1890-a6b3-31db-8bc9-51a6097c40bc,show-podcast,HOST
a857750b-1a36-4ecf-ba94-1a886226ce11,Amanda Seales,SXM_HOST,27d1a249-ed1e-be6b-7cc0-86accc747e08,show,HOST
c8081904-d908-4771-ae74-44596f2483d0,Laverne Cox,HOST,9643b90e-a89b-34bf-9c47-d88ee7707aa8,show-podcast,HOST
75df08ae-c0e9-4822-a731-81a001b3aadb,Peter Bergen,HOST,ad8dd91c-8267-35d4-8882-b59d65c75577,show-podcast,HOST
65125864-f7ed-49ba-a802-90eb1fc713b2,Gary Vaynerchuk,HOST,89f4c31d-e392-3718-928e-8866a230506c,show-podcast,HOST
8967374a-6ad6-4f10-97ac-214586fa3b3d,Owen Thiele,HOST,541650bf-6fa6-3b2a-86b6-a25dcbda653b,show-podcast,HOST
a8a67e6e-e5bc-43bd-ab99-35ed54880d3a,Dan Savage,HOST,03ee242f-64d3-3a03-9ce3-90a5f87f3ae2,show-podcast,HOST
4c3f9136-a869-4381-945a-054faff69ef3,Pearl Jam,ARTIST,5efd93ba-1d67-ff4a-4815-3190970435b6,show,PERFORMER
e9ecebce-7928-415e-a4f0-5dadaa453eb1,Kim Ashley,SXM_HOST,2543461a-37ce-4b6f-b535-651343049a72,show,HOST
e9b0672c-66eb-4d02-9d51-047e44a812af,Mike Krzyzewski,SXM_HOST,0d641ba5-f0df-7246-e488-6422ba4b91ad,show,HOST
55b02797-fae1-44f5-ba7a-49f3fcbd87ff,Rida,SXM_HOST,01320210-fc0e-94fd-70d9-74d2e1138dde,show,HOST
8a784928-8269-4c0b-8468-ccb421239716,Sam Roberts,SXM_HOST,6d116a70-61f9-1252-1407-fddbae2948fc,show,HOST
1ddb090b-842b-4470-a282-b3af3ce348fd,Sean Hayes,HOST,82534c7b-09dd-3813-16f4-ac33de3c659b,show,HOST
03bcc0d2-bf4e-41a9-a8b4-0dd305d1f94e,Blanco Brown,ARTIST,e6370832-a9c5-30ad-bf6e-46110386d22a,show-podcast,PERFORMER
5512ac26-532d-4b3a-95c5-b612b35c24cf,Dave LaGreca,SXM_HOST,9ee1e6db-a5aa-31ae-bb1e-7d32edcb47bf,show-podcast,HOST
8a784928-8269-4c0b-8468-ccb421239716,Sam Roberts,SXM_HOST,080721ff-ecee-7ea2-3817-e05b606e1cd2,show,HOST
332eb9b2-8b6b-4ebd-914c-f9e1f0569c86,Steve Byrne,ARTIST,61023688-72dd-3f01-ba24-97fd821ae048,show-podcast,HOST
b257d09d-d750-44ff-bcab-09439ef6acc8,Tom Morello,ARTIST,ca543db0-b9a9-fee2-8dba-e72ff4da9775,show,HOST
ff727541-987d-4362-8dec-3e965e6cd895,Sarah Silverman,HOST,03dd7c34-eb07-36ff-a0d3-faa18f89930d,show-podcast,HOST
bb6f09fc-b980-4378-8b69-3417a68133a3,Paris Hilton,ARTIST,c88fe3b3-fcad-151e-1e93-1f2f24024313,show,HOST
2e40ea04-965b-4b49-9d1c-2934aedbf1a8,Dave Grohl,ARTIST,9ff85fd7-3904-2170-54ad-d8b2606040a2,show,GUEST
cb865a68-42dd-4d28-b75e-7b667aa89673,Andy Cohen,SXM_HOST,e9fdb33f-0ae7-49ae-f939-d455d5c4601b,show,HOST
23d6b91e-5b90-4c4d-9ac0-48c79034beb3,Christopher Russo,SXM_HOST,ad93847d-c57b-4905-ac74-5d450cb3642c,show,HOST
a0415525-8924-4317-9544-33b469a100d8,Thom Hartmann,SXM_HOST,ae5d4d94-106a-49a2-839f-06fc16b28664,show,HOST
39e2db56-2ba1-4ba1-9dfe-ec9b59194033,Hoda Kotb,SXM_HOST,cc708d49-43c4-dda1-fc31-b94a64344fbc,show,HOST
ec8e3eb2-40bf-4068-8b1f-9d7906a86675,Mark Henry,SXM_HOST,53657570-9e2a-4c74-b69c-7739625b021e,show,HOST
41924edf-c960-4d4f-8a83-c864160df8da,Jamal Adams,GUEST,129eee50-2f87-38e9-94a9-7f1734a01488,show-podcast,HOST
80e61f99-7729-4516-8fc1-fb919153bb7f,Dave Ramsey,HOST,1c89d949-df64-3515-a7a2-bbeba2db0cc8,show-podcast,HOST
b446cc0d-2e76-4ea9-b400-696067ba6825,MUNA,ARTIST,2aad323f-7725-39b3-a893-01c70b488864,show-podcast,HOST
c837641e-b01b-40ee-aaf7-dfe3e3e580eb,Fiona Shea,SXM_HOST,5a6b5de3-9098-a28d-9a74-18e459ff54e3,show,HOST
85a80f3f-f816-4acb-92fc-7ad27b67dbdd,Glennon Doyle,HOST,ce3238c8-52d2-3ff8-b7c8-cccbb450ecbc,show-podcast,HOST
3ba636b6-0e35-40ea-8294-7a7262e91e25,Heath Merryman,SXM_HOST,7986be5e-ce98-3ef1-9bb9-aa95a1321edf,show-podcast,HOST
a031396f-37e6-43a3-94a2-40ecf40fb0f7,Nicholas Hoult,GUEST,f50381d1-4bb3-8417-0f5b-b2d50b075b63,show,GUEST
47feaf2a-db0c-45a7-9c5f-c28552c086f4,Fareed Zakaria,HOST,db1f5757-91d0-35a1-b118-8358dfc51e0f,show-podcast,HOST
74ab0164-5325-4ab9-a802-5b5062ff642c,Karen Hunter,SXM_HOST,fb2716ef-2a80-3d05-adb7-b627fd3dc597,show-podcast,HOST
4cbfebee-4021-45f7-9486-5fc35a59e127,Billy Wayne Davis,HOST,ad7cd7ae-3d52-3f7a-934e-2287c31136e4,show-podcast,HOST
10251d79-e0fc-4cc7-900f-2cc867136cdd,Bruce Murray,SXM_HOST,5070d6e6-6fd3-9a54-44ec-278a2997ccf9,show,HOST
b636d1ea-b694-4908-ad9f-645bc0a61f9c,Peter Sagal,HOST,355931bd-d2d4-351d-881a-0f0f1771e957,show-podcast,HOST
53e357b0-6fd0-4dd2-a32e-a93c74f169f2,Carmen Aristegui,SXM_HOST,ca999408-50b0-4ff3-abc9-e5935e69e117,show,HOST
8ce3d58f-2d58-4017-aab2-57aa7e319d1d,Brian Dunseth,SXM_HOST,ecf533d8-e72a-381b-923d-ba3ee7048151,show-podcast,HOST
4bed27d7-fc94-44cb-b346-2e397a06b136,J. Cole,ARTIST,7358d418-aa22-407e-0f42-d7ff82a05cfb,show,HOST
4656512c-482b-4581-b668-410afd387f3d,Frank Sinatra,ARTIST,12750ef2-7134-4beb-a586-e256f37b5787,show,HOST
789e9d24-383c-418d-85c9-8b41ff70c841,Joel Osteen Ministry,ARTIST,0db6975d-a06b-7dea-a489-606207d9f537,show,HOST
62304359-cd8e-4c03-b070-af4d00b43273,Dana Carvey,HOST,11e76241-cf61-392a-9f8e-ed5b96fb35a8,show-podcast,HOST
eafcdf88-3d7f-4f25-9a37-ef4a31c5b329,Payne Lindsey,HOST,c9466625-49d6-3e3c-b8e9-a51f8cbad899,show-podcast,HOST
e1154baf-2252-41eb-a588-9751b61aef1d,Kate Hudson,ARTIST,62714ddc-8e2d-3267-9c4c-3204386000a2,show-podcast,HOST
8b638bd5-b033-4a49-a401-b8a1a5cd19f4,Tyler Terens,SXM_HOST,6abc5f08-0e98-484a-838a-a560381cc27f,show,HOST
ee028725-edef-44b9-88fb-b82eaa775b1c,Adam Pally,HOST,593bdc12-99c0-3430-9afb-9a9e274419df,show-podcast,HOST
5b168968-2fd9-4083-beb7-c98654ff595a,Wesley Morris,HOST,619832a9-e8e6-3287-91c3-a43b4096fc03,show-podcast,HOST
381226a7-e933-4d56-ac17-e5a7e7222787,Kirk Franklin,ARTIST,42f1d44f-1d71-8d33-5883-a26f2b9ca745,show,HOST
465a14e8-9e78-464e-80b2-13202e658eb7,"Johnny ""El Picoso""",SXM_HOST,63e59a19-0c80-44a6-92fa-3b63b4580c3c,show,HOST
2808c306-e53b-4192-9f27-f13ac6318127,Bill Belichick,GUEST,7e9b4ea4-0620-bb66-ed6c-3adef81b216d,show,HOST
b257d09d-d750-44ff-bcab-09439ef6acc8,Tom Morello,ARTIST,3369925d-519c-1168-d9d3-640fe89a1592,show,HOST
cb865a68-42dd-4d28-b75e-7b667aa89673,Andy Cohen,SXM_HOST,bf39f6b0-c9ea-81fb-4a19-240f712fda09,show,HOST
029e4d59-e529-4cc7-a648-a224c7207ced,Sean Hannity,SXM_HOST,db508a4b-0f05-3410-b12f-f5fd73125682,show-podcast,HOST
d6a0db0e-479b-48b6-b3e8-6b9f7133cce1,Patrick J. Adams,HOST,af3872ae-79e3-3da2-ab9c-5e4e802a1f7d,show-podcast,HOST
b7b5a874-8976-427c-bd19-052504df827f,Doug Benson,ARTIST,0d0ae0fb-7a03-31be-869a-12de0a882c8d,show-podcast,HOST
4c56e455-ce54-4944-8249-764cb5132e54,Mike Tyson,HOST,d13fe6f2-5299-3278-87f0-1842bae9fa7f,show-podcast,HOST
cd032653-5515-4474-bf68-cd56ec970d93,Alan Hunter,SXM_HOST,2cf43bc7-a226-59c8-45bc-9069879ef74d,show,HOST
089d6a2e-7075-4e91-85b4-9d04a58512e3,Dr. Laura,SXM_HOST,5aa081a3-623b-4609-9edd-0fa7e2b4be95,show,HOST
438dd61c-6dc8-4262-a659-7d29cb6d9b69,Seth Rudetsky,SXM_HOST,0f46055b-330a-1200-2796-5560692f39af,show,HOST
5ef375d7-ee0e-4de2-82e2-1a1a43790f43,Carrie Underwood,ARTIST,45d6132e-bfbb-77c6-1fa6-2393b3581636,show,HOST
472db769-f173-4746-bf08-7cf02e497c09,Whitney Cummings,ARTIST,5c2c9e99-7415-3df4-ba21-946239a43ded,show-podcast,HOST
5ef375d7-ee0e-4de2-82e2-1a1a43790f43,Carrie Underwood,ARTIST,82cdcab8-f5ff-48cb-14a0-219d60af2c65,show,HOST
30933ec6-d26c-4dd4-9a59-14906cdc7d35,Nicole Ryan,SXM_HOST,f7953536-5cc2-3f56-b9b8-6c6ea96476d0,show-podcast,HOST
7d6270c8-fde7-4147-8f49-43f5478258fe,Bryan Cranston,GUEST,eac99f15-79bd-293d-0256-62bdba7f2cf7,show,HOST
2150c178-ffc0-4c2b-89ce-74c07dbd3f15,Elvis Presley,ARTIST,c75851ad-7742-4b45-b114-f035cdb25131,show,PERFORMER
f09a27b9-0883-475d-bdf8-a79ba2b3c412,Ben Hartsock,GUEST,bb2d254f-8667-3069-c09c-7d753b3a3912,show,HOST
0aebbbce-2c5c-4cb5-b83e-0315d87c23ef,Yara Shahidi,SXM_HOST,f1c07734-cf6d-3fa3-901f-60398e6bd3ea,show-podcast,HOST
55457c1f-f4b7-4872-8960-ea6a62e5c77f,Foo Fighters,ARTIST,4774741c-92e6-ce1f-da3e-428f7da48b5e,show,HOST
3c747960-f4e9-43af-a054-fe5a310252f8,Bob Hope,ARTIST,059de9ea-8ef7-89f1-9faa-f5442fdbc0f5,show,HOST
23d6b91e-5b90-4c4d-9ac0-48c79034beb3,Christopher Russo,SXM_HOST,25a53940-78ec-4ae1-91ae-ea54b1ac8999,show,HOST
981ca18f-ba86-4605-9f77-8dc149db7fbe,24KGoldn,ARTIST,e0370f44-724a-a678-74b7-6f66b8d11a83,show,HOST
215fc1af-9508-44d0-a2ad-04192de652c2,Megless Griffin,SXM_HOST,7871f976-6416-46ca-a5d1-c9dd4d593cf8,show,HOST
b636d1ea-b694-4908-ad9f-645bc0a61f9c,Peter Sagal,HOST,355931bd-d2d4-351d-881a-0f0f1771e957,show-podcast,HOST
bbf0256f-a9c9-4485-8b4b-459530e844bc,Sam Harris,HOST,749279a9-29de-39fd-a252-57d1f86044cd,show-podcast,HOST
6dd9f690-ef9a-4dbd-a069-615dcaa25f7f,Michael B,SXM_HOST,f9ee46e0-8988-07b0-6fbe-0ce6071e7907,show,HOST
8b226596-16eb-4ae2-b0c5-61db4c363e8d,Bill Burr,ARTIST,cfdd1797-c1e2-364f-aef4-c568e8131402,show-podcast,HOST
986be8fc-dda2-4616-b139-d612abee039d,Ice-T,ARTIST,f1ff0945-f910-3880-8350-87cf54b21986,show-podcast,HOST
df276c93-3fc1-46b2-a85c-84ece61e77e6,Larry the Cable Guy,SXM_HOST,3b599f4e-a756-38b7-675e-6138b4d464f9,show,HOST
5ee3bf3c-abf5-4b90-a78a-c9a94d23c735,David Fricke,SXM_HOST,6720c7d3-c3c9-9331-48d5-3189692a71e6,show,HOST
7d7bf7de-9b61-4d5c-9e45-d0004ea29045,Stacy Washington,SXM_HOST,aeb9c967-a1aa-f7f0-441e-e774a1a4bb50,show,HOST
029e4d59-e529-4cc7-a648-a224c7207ced,Sean Hannity,SXM_HOST,35211b68-d838-3691-8cba-5a0f8de89154,show-podcast,HOST
b5ec6b52-8458-43af-b7ec-9ee2ec8690a6,Barry Ritholtz,SXM_HOST,50c8f903-c68b-7f2b-72d0-d3968387809c,show,HOST
60e3fba8-09ce-42f3-baf2-7796b7219818,Grant Random,SXM_HOST,c009a6e0-0e27-9f1c-9d72-48cf8df641d5,show,HOST
997c46e2-c7a0-4f16-b2b0-d3a4c8ae0d81,Ann Wilson,ARTIST,88ea91b2-9415-718f-5f28-213918c54596,show,HOST
8231c8f9-d2e1-44f7-88ca-674139e0ddf8,Kenny Chesney,ARTIST,014e7186-d744-c271-b592-171018bfc3e9,show,HOST
20e94976-3dfa-4602-8fc0-a9926cf581cb,Queen,ARTIST,27bc06ed-78a5-4f9c-fc23-00bc2f940068,show,GUEST
f319c835-5ca8-4e64-9ac3-af3fff839c79,Grace O'Malley,SXM_HOST,a204da47-19a5-10f6-8e93-ce41a63f7356,show,HOST
daeb2ef0-13a3-4a12-ad2a-891468f91967,Backstreet Boys,ARTIST,4303e051-7aee-211e-6931-b29f159a5f82,show,HOST
576e0cc7-63eb-41e7-88c3-7be1bad19043,Billy Joel,ARTIST,1a20f8fb-e69a-aed3-2dca-6eaa29ce031d,show,HOST
973459ad-9cf6-4c56-aa4f-4b90b7f8c63a,Julia Cunningham,SXM_HOST,7a1bd503-e97d-4893-7b33-8c805a14d89f,show,HOST
dd8409a5-7202-4291-b47f-303fed8f8c2b,Melissa McCarthy,GUEST,7231db5e-a52e-3d28-9cd4-a656cdb16348,show-podcast,PERFORMER
6256e03b-124d-4dba-afd9-5a47d3bc9672,Dua Lipa,ARTIST,6f58d991-e2ea-334c-995e-09c9c776b00e,show-podcast,HOST
af178d17-7103-4202-893d-9c306852b4b5,Avery Woods,SXM_HOST,aee1e65f-bb83-389d-9549-c5b1ca7faa93,show-podcast,HOST
1214c329-1188-4120-9e48-d7676d18421e,Felipe Esparza,HOST,388e65e9-f12e-3a77-af95-865d9b117484,show-podcast,HOST
358d9c97-2462-492d-9198-24f3ae5cc7f2,Dan Hardy,SXM_HOST,6e4303e6-415c-319d-8517-52fcc93fc3fa,show,HOST
bbb0ee5a-22a6-4408-842b-953b52700cb0,George Kurtz,GUEST,7425650b-0d41-3662-b146-a42e188f3527,show-podcast,HOST
49cabd0b-0413-4201-9aed-8aca863e473e,Pavement,ARTIST,70160c8b-4522-36d9-8f22-163aaaa288ab,show-podcast,HOST
291ec7fe-81da-4f5a-912f-85a55d9242d3,David Cross,ARTIST,7739a34a-94a6-35e0-913e-53950aba3bfa,show-podcast,PERFORMER
b9139c1e-5e36-4367-9d6c-b5d37163936a,Rev. Al Sharpton,SXM_HOST,ddccb4f5-d48b-38ab-9575-0dbaedcaebef,show-podcast,HOST
a1727015-f1db-4a2e-aaa3-886e78cf940a,"Dr. Billy Goldberg, MD",SXM_HOST,98dc7f36-1c83-4647-8414-0c468ebc8688,show,HOST
c93662e5-b5a8-4c81-9e49-b50c20bf352a,Kristine Stone,SXM_HOST,13159afb-8b4d-4a7a-a79c-1e285c8bb6cf,show,HOST
4c3f9136-a869-4381-945a-054faff69ef3,Pearl Jam,ARTIST,70ff0b92-1534-c638-d946-3ac778d1d36a,show,PERFORMER
290017fe-2a0c-4ec7-a31f-0bd4aa9c2f0e,Giuseppe Verdi,ARTIST,072e5d76-d218-d10b-173f-9fbfc3943886,show,PERFORMER
7f4a1c35-e3b8-4684-8598-f94d7f72da2c,Alison Rosen,HOST,b52f3cb3-7977-39b4-aa20-dd97b27a8fcd,show-podcast,HOST
f94af6d7-794c-487d-b9e4-b764240811ee,Rich Davis,SXM_HOST,28457e50-1e45-392d-9ebb-50385cca7e76,show-podcast,HOST
b146753f-482a-4ea3-8dc2-fb07b4115522,Anderson Cooper,HOST,ea78a273-a275-32a7-b493-d7145971f992,show-podcast,HOST
f600f325-d107-4306-82e4-e305f9eac062,Joel Osteen,SXM_HOST,3e242f30-b92f-9b97-ceb9-fcab06177485,show,HOST
f600f325-d107-4306-82e4-e305f9eac062,Joel Osteen,SXM_HOST,58ed9da4-96cf-adec-fa22-d476a71cc43c,show,HOST
c9e504bc-1238-474c-a648-9dfa5aea2374,Ron Bennington,SXM_HOST,84a8169c-a172-c6f2-f6c7-d8079e784403,show,HOST
b3bbfe0d-b090-4bef-9946-7e63f5dc8efb,Reid Hoffman,HOST,c96e03f7-fadc-349e-8845-e06491cde97d,show-podcast,HOST
a0448198-836e-4f29-8da9-78a69a88aa9b,D.L. Hughley,ARTIST,d2660d24-5c75-33fb-919f-62df2350715d,show-podcast,HOST
cda62b3a-fcab-4934-84d6-1b9d08fab9b7,Sandra Bernhard,ARTIST,2a2b65cb-b7aa-da3b-48e2-9ebd61225011,show,HOST
576e0cc7-63eb-41e7-88c3-7be1bad19043,Billy Joel,ARTIST,aed8218b-f5fa-c4aa-ba10-7c9acf909323,show,HOST
a14a7f49-4d80-418c-a93a-2d13a0b4a0ff,Jimmy Buffett,ARTIST,f012f44d-c0ea-4015-a156-68b6214523b7,show,HOST
eee8a3f0-c40f-4130-8075-fc07ce9adfb5,Julia Louis-Dreyfus,HOST,19e33e3b-61df-3a57-b79d-a0501a71d8a2,show-podcast,HOST
b240c279-9b85-47c9-b7bf-5178e0fb427e,Brittany Luse,HOST,273573d0-0f55-372b-9031-7361be2da80b,show-podcast,HOST
438dd61c-6dc8-4262-a659-7d29cb6d9b69,Seth Rudetsky,SXM_HOST,662ab893-fdf0-41d7-9252-8a9b1f31e014,show,HOST
36822f76-672f-4559-a033-fbb47f996910,Jesse Watters,HOST,86d52c0b-5c76-c065-d34b-2363c67c86a5,show,HOST
d8927972-39ff-42b9-9cc4-e540fcbc95aa,The Tragically Hip,ARTIST,4431d1fb-1a9e-1582-d82f-4ecf4d36635c,show,HOST
747c3163-c1a2-4862-9b6a-5b473e5254d6,Jim Cramer,HOST,98a5e04a-b044-3400-b218-469d54e188a2,show-podcast,HOST
4656512c-482b-4581-b668-410afd387f3d,Frank Sinatra,ARTIST,d56e30af-1d9c-8d2b-7a99-dafc725fd747,show,HOST
ef0c329a-c1e4-4bfe-a2dc-eda7b28d603f,Megan Mullally,HOST,644cdcfc-d015-3947-8d0a-a81082502604,show-podcast,HOST
ffce6faf-5338-4145-9b6e-fe76bff07eca,Glenn Crooks,SXM_HOST,6abc5f08-0e98-484a-838a-a560381cc27f,show,HOST
f600f325-d107-4306-82e4-e305f9eac062,Joel Osteen,SXM_HOST,0db6975d-a06b-7dea-a489-606207d9f537,show,HOST
640a1f4b-8929-4d5b-bd48-0b5d0e1456de,Rudy Giuliani,HOST,361fd871-9458-1eb6-65ef-8eea5a5cfd8c,show,HOST
b5ec6b52-8458-43af-b7ec-9ee2ec8690a6,Barry Ritholtz,SXM_HOST,6cfccffd-22cf-9bd0-c28f-95695ee786cf,show,HOST
1dfbce37-46f6-4e26-aec1-d0519939eed4,John Tartaglia,SXM_HOST,b1a6f72a-73f9-418d-a498-e711ab3fb55f,show,HOST
8967374a-6ad6-4f10-97ac-214586fa3b3d,Owen Thiele,HOST,541650bf-6fa6-3b2a-86b6-a25dcbda653b,show-podcast,HOST
edd3dd88-1ff0-42e3-8718-b54ea835001d,Michael Smerconish,SXM_HOST,58964f9f-624f-309e-a168-b274ed302a09,show-podcast,HOST
291c7147-5282-4749-8433-cad790bd47f8,Phish,ARTIST,13b68cfc-7ebc-7ee2-8b41-cfdacfa52743,show,HOST
74ab0164-5325-4ab9-a802-5b5062ff642c,Karen Hunter,SXM_HOST,b7a02d56-0e38-dc1a-6edb-c19315dcd28a,show,HOST
8368bc23-8bc2-4021-bc1b-6b9b6387d685,Kara Swisher,HOST,555844ab-74df-365a-b54b-c5c9b6b35110,show-podcast,HOST
f600f325-d107-4306-82e4-e305f9eac062,Joel Osteen,SXM_HOST,61bb88e0-567f-41db-a783-b9efc025c02a,show,HOST
35907760-e973-430c-b4c2-5bef8b70defe,David Webb,SXM_HOST,53be735b-3e43-8907-67e7-ed3c84f092fb,show,HOST
eb92040a-3515-4493-a6b8-b11878041063,Adam Conover,HOST,e0b05b84-4f53-3f18-9d7d-053a9e80d5fb,show-podcast,HOST
ce8ca423-85aa-48ee-810b-291b12139116,Keith Morrison,HOST,fa4c66ae-8c68-3643-ac6b-7c668e65280e,show-podcast,HOST
4656512c-482b-4581-b668-410afd387f3d,Frank Sinatra,ARTIST,d56e30af-1d9c-8d2b-7a99-dafc725fd747,show,HOST
148ece67-6257-4b21-bceb-944bad6ee18a,Jalen Rose,SXM_HOST,2396b879-c93c-c1b6-e6bc-46a8c83b837e,show,HOST
266bf3c5-ad56-454a-81f2-25b93f0dbfd2,Amy Nicholson,HOST,5c2db1ed-c989-3c4a-ad2a-4e7e83b35d23,show-podcast,HOST
1bcae0f2-d614-4f97-b1b8-43dd01f867c2,John Mayer,ARTIST,44d338ee-3d60-a894-c027-7e17dfe015b1,show,HOST
285e86f3-07be-4985-90fe-7de26fd4c5cc,Sam Sanders,SXM_HOST,2a552602-eeb0-30d4-abb2-84fae384285a,show-podcast,HOST
1a75f6e7-2816-4f7e-b2c0-448b5cff0ab1,Paula Nelson,SXM_HOST,5469fc09-d702-826a-cd7a-95cfe410e64a,show,HOST
edd3dd88-1ff0-42e3-8718-b54ea835001d,Michael Smerconish,SXM_HOST,673c0ac1-cb1b-1079-9b07-d22075ae4ec4,show,HOST
c8081904-d908-4771-ae74-44596f2483d0,Laverne Cox,HOST,9643b90e-a89b-34bf-9c47-d88ee7707aa8,show-podcast,HOST
67390169-c16a-459b-ab99-bf591c4b1777,Jon Lovett,SXM_HOST,953e5143-a6d5-3cee-ac8e-870b76675e67,show-podcast,HOST
f5a822e1-e05e-4641-b430-0703e685ed61,Eddie Trunk,SXM_HOST,c2962c78-f375-3836-b219-d95b9a69fba4,show-podcast,HOST
57750f1b-62d3-4c0d-a687-d90f0867778e,Chloe Veitch,SXM_HOST,55c0d0e6-604c-3097-ca95-00d7c01c7b91,show,HOST
029e4d59-e529-4cc7-a648-a224c7207ced,Sean Hannity,SXM_HOST,35211b68-d838-3691-8cba-5a0f8de89154,show-podcast,HOST
cda62b3a-fcab-4934-84d6-1b9d08fab9b7,Sandra Bernhard,ARTIST,2a2b65cb-b7aa-da3b-48e2-9ebd61225011,show,HOST
291c7147-5282-4749-8433-cad790bd47f8,Phish,ARTIST,4c00ce9e-de94-ce15-ec95-627c2c749681,show,HOST
986be8fc-dda2-4616-b139-d612abee039d,Ice-T,ARTIST,f1ff0945-f910-3880-8350-87cf54b21986,show-podcast,HOST
3d86d05d-0a7b-457a-823d-c4da6cf53b61,Bomani Jones,SXM_HOST,3596538a-658d-3095-a7a5-9344d67c3c4c,show-podcast,HOST
6ca915cb-cc7e-4ee8-9bd9-b905ce97a87d,Steven Levitt,SXM_HOST,dace598e-2884-3c25-9c3f-300821578ec6,show-podcast,HOST
82b214d8-6e27-4419-ab2a-7ae80d268c80,Wheeler Walker Jr.,ARTIST,26eb7bd8-baa6-3f3e-bf3c-b8006f2691cf,show-podcast,HOST
edd3dd88-1ff0-42e3-8718-b54ea835001d,Michael Smerconish,SXM_HOST,673c0ac1-cb1b-1079-9b07-d22075ae4ec4,show,HOST
44e0b176-e8a3-4a53-a521-c965cd8a4316,Tanya Tucker,ARTIST,e954be00-9a83-c32c-ed6d-fb8e1ff9fdb3,show,HOST
60e83aff-8da9-4a35-b297-f2d024659d36,Dana Perino,HOST,67fde960-92e8-344b-a33f-9c0626dd7e15,show-podcast,HOST
cb865a68-42dd-4d28-b75e-7b667aa89673,Andy Cohen,SXM_HOST,c00ce48c-6648-9ff6-aa28-bb5376cb1fa8,show,HOST
cae2e5c6-7c0d-43be-9b81-bd28d75e4dd5,Nikki Haley,SXM_HOST,a4f0a109-f595-3ace-8317-5406632f6e9a,show-podcast,HOST
fda9f9f6-6ee4-46ce-8f1b-ca078742311c,Nicolle Wallace,HOST,27f704d1-5247-3334-abba-6c1c710e1d45,show-podcast,HOST
cd0e1bc7-769d-4855-a65e-8bcaf38c5f76,Chris Shiflett,ARTIST,626fbcbf-3f2b-3733-8b87-963c2a56f432,show-podcast,HOST
a87dd7f8-911f-448d-b6b7-c105c12f9a9d,Queen E,SXM_HOST,a49d4273-9305-3918-aa18-3b383c288efa,show-podcast,HOST
39e2db56-2ba1-4ba1-9dfe-ec9b59194033,Hoda Kotb,SXM_HOST,cc708d49-43c4-dda1-fc31-b94a64344fbc,show,HOST
c6f79647-5ae8-4253-9d97-8a15fac07892,Frank Isola,SXM_HOST,194cc1ea-ae25-bf2c-696b-9bb39d654b71,show,HOST
9e9bd8a5-402c-457b-8822-2294d499b4a2,Kat Corbett,SXM_HOST,226518b0-22f9-c433-262c-d4d34686bfad,show,HOST
b0634235-a142-469a-ba04-c80351ad4238,Trey Wingo,SXM_HOST,502cf29f-dec3-3326-8b30-14e5ef26aa5f,show-podcast,HOST
cb863e51-2f68-4bf2-af6a-e2da451b3901,Karen Kilgariff,HOST,1afcc736-bbf0-323e-ab9c-9c563a28958f,show-podcast,HOST
cda62b3a-fcab-4934-84d6-1b9d08fab9b7,Sandra Bernhard,ARTIST,b860996c-90f4-2bde-3adf-e542979f22bb,show,HOST
580aec29-81f6-449d-b477-868c739b46d0,Tig Notaro,ARTIST,5a8c7fea-3c58-3c33-b863-5624ea44efba,show-podcast,HOST
b9954a93-72fa-4e76-954e-d233f95de938,Phoebe Judge,HOST,49b9d2f0-686f-3012-9f53-f209c0186af5,show-podcast,HOST
d2c4fe11-4719-479d-b229-59083a88d01b,Brad Gillie,SXM_HOST,dbd13d59-ceeb-4d4b-9e57-5c07dc264238,show,HOST
5ef375d7-ee0e-4de2-82e2-1a1a43790f43,Carrie Underwood,ARTIST,6673ab5c-196f-ad56-19d4-3de954452988,show,PERFORMER
5a11faf7-8b2c-4835-94d5-d6cf0a1d78c5,Tommy Dreamer,SXM_HOST,7dd172b7-268d-475a-a407-641544dfffc5,show,HOST
6b73b2d8-e48e-483e-be1c-048d4b7f2cfc,Ed Helms,HOST,d69847cb-09b0-311d-a78d-20ccb0de62c4,show-podcast,HOST
58cdfc84-25c6-4361-86f3-9dde0207d528,Mark Goodman,SXM_HOST,7b62c9f2-188e-4c25-9296-ae4ca557df64,show,HOST
66e025f8-96cd-4ac1-88e7-3fcd2bfca944,Michael Knowles,HOST,d75c7269-bccb-3a3e-b780-54738c6d8cdc,show-podcast,HOST
36822f76-672f-4559-a033-fbb47f996910,Jesse Watters,HOST,99893f96-224d-d6af-d07c-3e2cfd6d1c8b,show,HOST
8d88044e-ea27-4a21-9872-6aa0ea61d933,LeBron James,GUEST,9f45442a-d7af-b25f-54fc-28d459bd3849,show,HOST
f319c835-5ca8-4e64-9ac3-af3fff839c79,Grace O'Malley,SXM_HOST,c07cf514-0072-35a3-8fdd-34752920938c,show-podcast,HOST
50d1038d-f537-457b-a3c8-bf51c9c8c33d,Laurie Kilmartin,SXM_HOST,85459515-c869-3377-c0e0-b8a999199b9b,show,HOST
c7a799c7-18da-4c5b-aa34-c2a0415126af,B.B. King,ARTIST,71100233-d667-6ef2-5487-6eef24a3a0ce,show,HOST
ddcb1738-bd17-4707-92ed-3af7cfa7ebbd,Jonathan Van Ness,HOST,25d0be08-4986-333b-9764-95480eca7b82,show-podcast,HOST
ad507585-3f93-4945-8e62-6da3bbc8d215,Mojo Nixon,ARTIST,d6158c72-5cc4-4f3e-83c0-4286ac47320b,show,HOST
4c3f9136-a869-4381-945a-054faff69ef3,Pearl Jam,ARTIST,f6330732-7c5a-46db-a76b-321af9133e6d,show,HOST
b257d09d-d750-44ff-bcab-09439ef6acc8,Tom Morello,ARTIST,7a78ab1a-9044-5f99-4264-eb60f3005f56,show,HOST
291c7147-5282-4749-8433-cad790bd47f8,Phish,ARTIST,d1049e23-98f3-df03-162c-93555106fd11,show,HOST
16d15af0-54ad-4fbb-85e5-6e3af0353a26,Adam Carolla,HOST,1453c4e4-0a61-316d-9ecb-a871818ca553,show-podcast,HOST
0f04c1f9-1f0c-49a8-bf43-e8fb9cc31ccf,Ray Hudson,SXM_HOST,c6de1f24-a0e1-4101-a80b-86eb106f1d1b,show,HOST
57e62221-311b-40fd-bc3e-92c6a57adb48,Shooter Jennings,ARTIST,7d96bce9-4fe4-4276-bfb4-de514c46bcd7,show,HOST
4ce98e98-2c0f-42be-9d35-dffed7a0a889,Candace Owens,HOST,b0e88e37-aa7f-3e55-b24b-fff9fa452549,show-podcast,HOST
cae2e5c6-7c0d-43be-9b81-bd28d75e4dd5,Nikki Haley,SXM_HOST,0a91a8ee-869d-375b-bec4-1d86f92b93d3,show,HOST
8fe863fc-3155-443a-9bab-9db9b48a1dfa,Michelangelo Signorile,SXM_HOST,df2a3167-4c3c-41a2-a73a-92053d781e1f,show,HOST
480275e7-e779-4351-9ddc-40d5a1493d74,Angela Yee,HOST,5a4f6103-197a-31b3-a032-d9185fefeff7,show-podcast,HOST
0c8cc8df-c310-4fc1-b991-ddb442a373d7,Martha Higareda,HOST,e55ac988-f066-3f8c-a67b-11eae86678a3,show-podcast,HOST
85e181c8-d230-4f0d-9115-caea7052e61c,Barry Manilow,ARTIST,58138da9-4b47-702f-8c7f-2a328ae638a5,show,HOST
53f5361f-57aa-49ab-b18b-927333be57aa,Marty Smith,SXM_HOST,e3cfb1ee-fc42-309a-aac0-97a4a65b5950,show-podcast,HOST
1526a17b-b04b-4631-b2b2-2c024d213993,Lawrence O'Donnell,HOST,319c22a8-fe8d-4300-6db4-ce19be59f2e0,show,HOST
89c9bcb8-704a-435e-a047-30840e7ee70d,Diplo,ARTIST,442fe724-a711-dbd1-59df-a24b6e11ac56,show,HOST
52b192c8-2aba-4090-b655-c38fa54a4893,Julie James,SXM_HOST,8fd9d706-4835-ee23-d380-7117a90facd5,show,HOST
d9a58eca-0f41-485c-8605-17e1fb947c94,Paul F. Tompkins,ARTIST,06a3ac9e-91d1-3431-8eee-f40c738a07b6,show-podcast,HOST
1e653b75-f04b-4f80-b76b-e8f3d704e0df,Belinda Carlisle,ARTIST,88f88fa4-a10f-7fe2-b275-45ecb85a36ff,show,HOST
aaa301e1-f5ef-41ef-8f38-ae7505c1332c,Larry the Duck,SXM_HOST,a30e16ed-4017-41ce-9e81-91d733a4ef11,show,HOST
381226a7-e933-4d56-ac17-e5a7e7222787,Kirk Franklin,ARTIST,1253d579-0865-f31e-02b7-d2cd478e70ba,show,HOST
140adf09-5d19-4deb-8d07-e2b4d640e5c9,Drew Carey,ARTIST,4ba01ce5-7ac9-4060-9fe9-59ac7687fb57,show,HOST
0c3ec5e4-24ef-48ab-8890-6d923431d6a0,Keith Richards,ARTIST,98b8148d-66cf-9679-fb3d-42fca0850946,show,GUEST
cf777b78-d53d-4f26-be8c-1ac9b7805043,Dax McCarty,SXM_HOST,98ff988e-1382-b5c4-094e-d75fdeac234d,show,HOST
10bf7f20-e70f-48d8-9e7e-63cf0208c035,Georgia Hardstark,HOST,1afcc736-bbf0-323e-ab9c-9c563a28958f,show-podcast,HOST
0dc8f48c-6785-4738-8bae-8bcbf42beb73,Spyder Harrison,SXM_HOST,a2d2f69b-cb59-4064-83d9-0c46130fce24,show,HOST
829db8a4-90ad-4284-abc6-697ec1503e22,Stanley T,SXM_HOST,5db586d9-4c05-a7fb-396b-5512a8f601b6,show,HOST
b146753f-482a-4ea3-8dc2-fb07b4115522,Anderson Cooper,HOST,7c5ea940-4a2f-2e96-54da-a36c28eeb737,show,HOST
5cc4c7f4-feb4-4f50-869e-145a61cf42fd,Adam Schein,SXM_HOST,36ba3add-ac20-36e3-a0d4-cd1c2783869c,show-podcast,HOST
69bb74c4-df09-4972-9f7f-a70fde552b22,Jimmy Kimmel,HOST,c934de69-127c-3018-b6d7-68691bc684ca,show-podcast,HOST
6989a235-e8d9-4644-81a1-73df761f3fc9,Bruce Springsteen,ARTIST,cf8b424d-cd0d-7b43-8567-16e7039abede,show,HOST
5a76a926-842b-4b7c-ac87-b6f791696a51,Emma Gray,HOST,a3d5578a-83d5-32e7-8545-4c647589da1a,show-podcast,HOST
7be60aa9-ebd8-4c63-b8e1-228fe47da08d,Mike Babchik,SXM_HOST,ef62f2c3-ce1a-67a8-dbc8-118c59634c64,show,HOST
94c6c493-37db-4075-92e7-d97d00b13fe6,Hanna Rosin,HOST,f765550c-8b6c-375c-b257-e2f904c78cf9,show-podcast,HOST
ed139028-7a3f-4d0a-99e6-b9c7e22573ec,Tom Papa,ARTIST,e6f4dd8c-3e06-1710-b236-45e2cc92b7b5,show,HOST
290017fe-2a0c-4ec7-a31f-0bd4aa9c2f0e,Giuseppe Verdi,ARTIST,a8bff800-6ea3-4aa0-7d33-2cb43f89368b,show,PERFORMER
7ec3c9f4-d11d-497a-b193-37e0e1c81898,Rich Gannon,SXM_HOST,b14d328d-30f0-4c28-a5c7-6fb16f2ad3a9,show,HOST
381226a7-e933-4d56-ac17-e5a7e7222787,Kirk Franklin,ARTIST,30c0f207-e184-f64b-920e-23ba7f26c489,show,HOST
8967374a-6ad6-4f10-97ac-214586fa3b3d,Owen Thiele,HOST,9730ad35-0772-30f8-a05d-d96202d0014c,show-podcast,PERFORMER
79507419-9d74-4c8c-8a43-0e5346f4216d,Jesse Thorn,SXM_HOST,51dcc75a-bbf3-3e86-454e-384af8cef9be,show,HOST
5a11faf7-8b2c-4835-94d5-d6cf0a1d78c5,Tommy Dreamer,SXM_HOST,9289992c-04e8-1af3-1117-ac26a1a3121e,show,HOST
91f502e4-6bd9-44e0-9da0-bacd07b3ecbe,Bono,ARTIST,3df27c79-ad5f-d24f-3d66-161b79c28cbe,show,HOST
06f07f95-1c9a-4c5e-b662-ae55c0099872,Joe Madison,SXM_HOST,7b8711dc-b379-e23f-4b06-5d6f782b5882,show,HOST
888d5521-1555-4c64-9e3f-157584733c9c,Will Cain,HOST,ca22f335-686c-3904-986e-d320aabffa46,show-podcast,HOST
95ffacc4-89f7-4d34-990d-95856aee90b9,Jeff Lewis,SXM_HOST,ab9eb142-5ee3-22b8-87e8-8ea594a85fed,show,HOST
8b8d837b-b278-4eb8-960a-196c6faf8a87,Din Thomas,SXM_HOST,6e4303e6-415c-319d-8517-52fcc93fc3fa,show,HOST
21798dc1-3e87-4e39-8075-c2efadde4cfa,John Fugelsang,SXM_HOST,15343f0b-11fa-81af-9cd0-42ea706439a5,show,HOST
f611e9d1-a14e-4f7a-9b36-36e1b94be304,Trisha Yearwood,ARTIST,0b609867-fd33-901c-c29a-492dd57abff6,show,HOST
ce8ca423-85aa-48ee-810b-291b12139116,Keith Morrison,HOST,5cc3c83c-31ec-3e8c-8cb1-631ac3bf3d31,show-podcast,HOST
cb865a68-42dd-4d28-b75e-7b667aa89673,Andy Cohen,SXM_HOST,08981aab-879f-a530-a28f-02d90c141299,show,HOST
cb865a68-42dd-4d28-b75e-7b667aa89673,Andy Cohen,SXM_HOST,eecb981c-1e96-ef48-0620-1277294c0415,show,HOST
973459ad-9cf6-4c56-aa4f-4b90b7f8c63a,Julia Cunningham,SXM_HOST,8467c3b7-a872-eaee-07f5-2544b10cc5eb,show,HOST
9b76961e-f194-4120-a9f8-fa909b55140b,Jim Norton,SXM_HOST,e6f4dd8c-3e06-1710-b236-45e2cc92b7b5,show,HOST
55457c1f-f4b7-4872-8960-ea6a62e5c77f,Foo Fighters,ARTIST,2c637b4c-624a-080c-7b72-188985c0546e,show,HOST
2aa47542-02d5-49d5-a602-c870c0d529d6,Stephen A. Smith,SXM_HOST,849a40bc-326b-3fe1-8c6c-3d37b2b90ca1,show-podcast,HOST
9f301f89-a80f-4da8-a827-9715229de828,George Noory,HOST,0b214b64-9f21-a684-1244-8b6e5fc2eff5,show,HOST
b7a48cb7-c01d-459e-a0ea-b3ced70affaa,Anna Faris,HOST,d2f55a42-5de6-3f2c-87d4-29dadbb62601,show-podcast,PERFORMER
1018267a-5fde-405e-90de-9af07cec4f85,Clay Cane,SXM_HOST,8ac2b3d7-8a38-f29e-93b1-4b712da1cbe5,show,HOST
95ffacc4-89f7-4d34-990d-95856aee90b9,Jeff Lewis,SXM_HOST,03144f71-fb1b-d417-1aef-1119110de9c4,show,HOST
438dd61c-6dc8-4262-a659-7d29cb6d9b69,Seth Rudetsky,SXM_HOST,1ca6204b-7d4e-33d0-f38d-be80e777b896,show,HOST
ae266bdd-7010-4ddf-9284-bc0074098eb7,Avril Lavigne,ARTIST,609d9d59-8d8f-e401-3823-7196e7a60d9e,show,PERFORMER
99c4582c-b159-42c6-a265-8c2b84788280,Little Steven,SXM_HOST,2406fc89-2280-4c3b-a20b-af1fbae64dc9,show,HOST
39114cc0-db0d-43fc-bb39-2793c68279d0,Michael Barbaro,HOST,a41fad77-6627-3c23-b347-c41c9b05e86d,show-podcast,HOST
4d9640d8-35ef-47f7-9fed-fa10d49a4b78,Howard Stern,SXM_HOST,1ca4bdb5-07d9-c036-34c7-184c7217ea50,show,HOST
11e13da1-902e-4dda-8e01-383d3294a434,Lizzo,ARTIST,226085a4-f34b-3dc9-b0ba-0d3f15a47474,show,PERFORMER
23d6b91e-5b90-4c4d-9ac0-48c79034beb3,Christopher Russo,SXM_HOST,f7853fbf-a8a6-b0ed-28d5-8961d0be7d96,show,HOST
397f99b7-e204-4ff1-8be7-971654076a70,Jackson Browne,ARTIST,7d8ea3dc-ec6c-dd24-320c-5a1dffa9e873,show,HOST
ee7ad419-9674-4606-afc5-2e3eb46dd405,Priyanka Wali,HOST,e1479d9d-9226-3804-9e21-e82f92cfb2c1,show-podcast,HOST
85687dde-a0c5-49ff-9fbe-cf92707274b6,T.G. Sheppard,ARTIST,84daf03d-25b1-8f9b-fc7a-5a29e97b1ba6,show,HOST
f600f325-d107-4306-82e4-e305f9eac062,Joel Osteen,SXM_HOST,2939f99c-94ba-af76-51c8-681b5469feea,show,HOST
1018267a-5fde-405e-90de-9af07cec4f85,Clay Cane,SXM_HOST,2b3478bf-5efc-4433-7420-b1b580e7ffde,show,HOST
4b2fc2e5-fdab-44da-bb4c-cab8456b0498,Ted Danson,HOST,bc310d10-542b-36da-898d-5a5c77bc2322,show-podcast,HOST
d85b9510-719b-4777-809f-1c96b0e7cabe,Gail Bennington,SXM_HOST,d72647c1-8626-da89-5107-3e8629721cef,show,HOST
17183e7f-ca85-4b72-b0a6-01c64f00b363,Bobby Bones,HOST,af708d7f-a777-3737-bafe-a82ed6547509,show-podcast,HOST
9e92cc1d-11f7-4db2-89bb-170531848c23,Chris Spatola,SXM_HOST,4aeddc67-d0c4-c804-b5c6-eafb1d506167,show,HOST
438dd61c-6dc8-4262-a659-7d29cb6d9b69,Seth Rudetsky,SXM_HOST,b2f156c6-bb45-93f9-9dff-d6765f43885f,show,HOST
62470ac9-ce57-4141-8bde-8f007791847c,Jess Cagle,SXM_HOST,8467c3b7-a872-eaee-07f5-2544b10cc5eb,show,HOST
b6a66b81-b9f1-4691-98b6-4d98cec8a445,Cody Alan & Macie Banks,SXM_HOST,3c47d1c1-f6c4-2f59-9110-c09e09f6be6b,show,HOST
a3bf78c9-15c9-451e-8055-d8854fd66d22,Denny Hamlin,SXM_HOST,88cb0a02-f1de-3b11-baa9-beb685638cca,show-podcast,HOST
747c3163-c1a2-4862-9b6a-5b473e5254d6,Jim Cramer,HOST,f1cafc76-7a48-41f7-a896-2cfe6b8fee37,show,HOST
55457c1f-f4b7-4872-8960-ea6a62e5c77f,Foo Fighters,ARTIST,4071ff3c-b755-798c-4946-5c4366efdb2c,show,HOST
7b86c234-ac69-4365-ad55-94e46004f79e,Dan Soder,ARTIST,d2940cdc-5c35-3e93-8a81-7bfc6a8c84ba,show-podcast,HOST
b240c279-9b85-47c9-b7bf-5178e0fb427e,Brittany Luse,HOST,9f17b525-0b25-3f86-b489-bef748eadc26,show-podcast,HOST
eafcdf88-3d7f-4f25-9a37-ef4a31c5b329,Payne Lindsey,HOST,c9466625-49d6-3e3c-b8e9-a51f8cbad899,show-podcast,HOST
30933ec6-d26c-4dd4-9a59-14906cdc7d35,Nicole Ryan,SXM_HOST,a2d2f69b-cb59-4064-83d9-0c46130fce24,show,HOST
c4f713c8-2a04-4e97-9c39-e9617fb7bb90,Kevin Harvick,SXM_HOST,cf1a87ce-088b-31d9-833e-1950effac50d,show-podcast,HOST
290017fe-2a0c-4ec7-a31f-0bd4aa9c2f0e,Giuseppe Verdi,ARTIST,908cafcf-359a-fc97-2f75-5df07eb526c3,show,PERFORMER
89c9bcb8-704a-435e-a047-30840e7ee70d,Diplo,ARTIST,2b508a4b-f3ca-d093-7a1d-5c5b8a1aa95c,show,HOST
3ca01daf-c140-4713-9a20-03f7d442aae0,River Butcher,ARTIST,4124bbc1-fef5-3913-99cb-4ce9aeed1c2f,show-podcast,HOST
017b0f93-12a0-4174-90aa-02b3f6d337f4,Swaggy Sie,SXM_HOST,416cc271-1562-278a-fe8a-ca1903eb58e3,show,HOST
e2e2d3fb-31b8-4948-848a-2613dd9eb2c1,Train,ARTIST,066141f6-7001-5742-2b0e-ac89271af38f,show,HOST
e9ecebce-7928-415e-a4f0-5dadaa453eb1,Kim Ashley,SXM_HOST,1b12be0f-05bb-c042-5a4a-5c54db5ccff4,show,HOST
1d1b3bae-75c4-405c-aaf6-df3d89f7183a,Trevor May,SXM_HOST,d6d309b8-c11e-b5f5-4c85-a4ebe3059d50,show,HOST
973459ad-9cf6-4c56-aa4f-4b90b7f8c63a,Julia Cunningham,SXM_HOST,c0a64e91-ef0f-0087-9093-c6da049c71db,show,HOST
847ce038-ab6f-4bc3-be0c-3999f129454f,Jameela Jamil,HOST,efc6a4ef-6d9d-3a5a-89c0-3af6e4032754,show-podcast,HOST
1018267a-5fde-405e-90de-9af07cec4f85,Clay Cane,SXM_HOST,1c7b5d3b-d182-9d9c-1a8a-d68d3157110b,show,HOST
d2abf286-3802-44b1-984a-d8ee010545b5,Laura Coates,SXM_HOST,aa879f4f-9d0b-0d7b-1090-65067372e656,show,HOST
31a48ebc-2e52-4535-aede-3300de73208d,Aubrey Gordon,HOST,6978eec8-6823-3434-b751-01f569753ca3,show-podcast,HOST
f94af6d7-794c-487d-b9e4-b764240811ee,Rich Davis,SXM_HOST,a2d2f69b-cb59-4064-83d9-0c46130fce24,show,HOST
27217f41-04bd-4588-8a32-84d39446f506,Parker Posey,GUEST,8dc041e4-8891-38dd-8c2f-0cbd5698d15e,show-podcast,PERFORMER
ddbef86c-961c-442b-a53c-d1abdbc773cf,Ryan Sampson,SXM_HOST,f8e65d3d-6ea2-3342-8a33-82697d0cf559,show-podcast,HOST
894f2664-b7e4-4d28-b1a9-8d32f809bc2f,Paul Bachmann,SXM_HOST,c172d595-1404-ba40-1e2c-3e3608fa2d13,show,HOST
a9a23ed6-2bf3-486b-85fc-2f9dd822c49f,Guy Raz,SXM_HOST,f2a86f1a-d4dd-573d-ebdf-ee9025d7a7d5,show,HOST
7be60aa9-ebd8-4c63-b8e1-228fe47da08d,Mike Babchik,SXM_HOST,2474f3e5-71bf-6b60-8f27-c72586966a2a,show,HOST
86d2b065-d2a4-48e4-8b4e-1a140e6cdc58,Julie Mason,SXM_HOST,65cfb29a-195e-4b44-91fb-9e855ad51e03,show,HOST
2ec12d8c-3e87-4bba-8a10-e5255423b7da,Chad Daniels,ARTIST,23049424-06e2-3f4c-9dfd-9db667d6ee62,show-podcast,HOST
4d9640d8-35ef-47f7-9fed-fa10d49a4b78,Howard Stern,SXM_HOST,a90646b3-b5f2-cb4f-e984-aa3151f081e7,show,HOST
034271a4-2f41-4db5-8c46-29135a5b2112,Cody Alan,SXM_HOST,ddda2579-e907-d1c3-8b12-0c465a2ea8e7,show,HOST
1ddb090b-842b-4470-a282-b3af3ce348fd,Sean Hayes,HOST,925e145c-8a7a-3b22-b7b7-a4b6e0cdac85,show-podcast,HOST
f5a822e1-e05e-4641-b430-0703e685ed61,Eddie Trunk,SXM_HOST,01538ed3-d2ec-42f8-b18b-f2f223394b02,show,HOST
26b2073d-a930-4186-8279-eac68e927568,Drake,ARTIST,b5215834-85a0-6295-e55d-279619d3a645,show,HOST
5584a9a1-0531-42cc-8412-565d6f630c71,Lisa Loeb,ARTIST,9a854778-9680-4234-9e80-f38e8467b7fb,show,HOST
0c7b5709-2c74-49b7-933b-4ae6ea218fb9,Bob the Drag Queen,HOST,aa221fa3-d5a7-35e4-88ad-70ec9783b58c,show-podcast,HOST
5fe6ce30-0656-416c-8219-4b5c4f3ac17d,Eric Church,ARTIST,6280a7d0-c98a-e407-e8ac-935fa3ff7930,show,HOST
5c453468-643e-4d90-9c1c-8989c536d2dc,Perri Peltz,SXM_HOST,fb19764f-793b-4ba1-a345-40299f268a19,show,HOST
1cd67191-8866-483e-a473-3719c96fe736,Bully Ray,SXM_HOST,53657570-9e2a-4c74-b69c-7739625b021e,show,HOST
05bf4a27-2fbb-4a56-9f1b-acb56178ecb9,Dr. David Sinclair,HOST,a5e2ba23-e31a-332c-a603-0e6aebb37a56,show-podcast,HOST
4df006ed-5faf-4bc0-b028-aab3206dfae3,Adam McKay,HOST,dff47643-0c77-34e3-9196-827b83a60ea7,show-podcast,HOST
52b192c8-2aba-4090-b655-c38fa54a4893,Julie James,SXM_HOST,98865d8b-db09-412e-9732-3429ab910137,show,HOST
880ec493-2603-4ea1-a778-c497adae14d9,Lori Lindsey,SXM_HOST,9e908ef9-fa90-090e-bdb1-e6af8e1b6a70,show,HOST
fd988efa-6654-42f3-80cc-25e0fe7400df,Jimmy Fallon,HOST,c934de69-127c-3018-b6d7-68691bc684ca,show-podcast,HOST
151d96a6-4676-4da7-a97c-6003a662906a,Crystal Waters,ARTIST,d88c17e4-9a9d-0f62-5bb6-88adf58fd41d,show,HOST
352bce48-43e2-43a6-897f-b0cad792d902,Mandy Patinkin,ARTIST,98aca88c-04b9-38df-a34a-20bd45a1059b,show-podcast,HOST
d2abf286-3802-44b1-984a-d8ee010545b5,Laura Coates,SXM_HOST,c491d306-db21-3934-b64b-ddeb2793bfe0,show-podcast,HOST
fcb54db0-5a89-4d60-ac32-326b59f423c7,Diljit Dosanjh,ARTIST,f8405cec-f96c-ee3a-ca24-88fa47ec2d4a,show,HOST
ddbef86c-961c-442b-a53c-d1abdbc773cf,Ryan Sampson,SXM_HOST,db1924a4-0461-d111-2d1d-2e9070916d02,show,HOST
2b508cf4-55a2-40f5-8204-9fccab5f325c,Chucho Valdés,SXM_HOST,4ba2ccc3-c5c9-eb1b-5b59-0af34ea7aa3c,show,HOST
576e0cc7-63eb-41e7-88c3-7be1bad19043,Billy Joel,ARTIST,f111fe63-2c30-6a77-ab3b-0667225423db,show,HOST
2e72399e-8aa1-428c-beb7-87971529acd0,Chris Doering,SXM_HOST,cfda84b5-c90d-4dff-8a73-331226bc7201,show,HOST
8b74ce98-5fe1-4c0b-adf2-d6d26da4a9bf,Michael Fabiano,SXM_HOST,20df8b05-0b6f-91dd-2072-3449e43298fa,show,HOST
a80caaa0-253b-4ca1-a21e-d0a208fc236d,Logic,ARTIST,5e73c6b5-e782-3251-bba1-5ec63c958779,show-podcast,HOST
238493ba-01ed-475c-b146-1ab1389a7c19,Al Roker,SXM_HOST,e1c6b7e4-1f00-ad4a-20ea-cf381a8d4f96,show,HOST
30933ec6-d26c-4dd4-9a59-14906cdc7d35,Nicole Ryan,SXM_HOST,75c222e8-3696-7cee-6824-ecdbdadb7451,show,HOST
58cdfc84-25c6-4361-86f3-9dde0207d528,Mark Goodman,SXM_HOST,b6e7e65c-5d73-8930-ff21-b8277a17430a,show,HOST
08aa45af-02e6-4e56-bcb7-88217e4e1067,Joel Kim Booster,SXM_HOST,1a7f9e6e-fb6c-ca57-d734-3de1d0fd4e5d,show,HOST
5a440b86-f335-4f72-8dab-a2240fa4fe02,Shinedown,ARTIST,9208d50d-2387-2aab-f295-cf2f970ec6fc,show,PERFORMER
d8927972-39ff-42b9-9cc4-e540fcbc95aa,The Tragically Hip,ARTIST,9c16e146-5f87-a920-9c63-b9f6db4ff558,show,HOST
a02d486a-6059-457d-9cb3-ef13b7aebc1a,Seth Meyers,HOST,e8b80613-2696-3b65-9f6f-b30445a5c2ae,show-podcast,HOST
972bb22f-8a5d-4684-b8b8-ac5ce9254507,Heather McDonald,HOST,43a3b0f2-e8b2-3330-a8a3-9dc97a6d4c11,show-podcast,HOST
9423bf7e-1794-4d1a-8f83-ea52433c41d9,Lucille Ball,ARTIST,8611ecda-c89c-36f7-b586-59b3f9e34755,show-podcast,HOST
391ea97f-d0ef-4d0e-9aa9-65722d4844aa,Dallas Wayne,SXM_HOST,efa5c029-bd26-4c77-823c-fa957481c3d8,show,HOST
c5516705-2802-4a01-8f67-425274548f97,Joe Elliott,SXM_HOST,7e418ad8-430d-5372-3334-160b227a9e5d,show,HOST
6e18e1f9-f071-455a-bc70-ffae99f20370,DC Young Fly,ARTIST,8bfe10d5-510b-3c0d-9cf3-7235a5028e45,show-podcast,HOST
82695204-5915-4dc8-8bea-d32649c8f7dd,Keith Costigan,SXM_HOST,6abc5f08-0e98-484a-838a-a560381cc27f,show,HOST
ff89b5a9-2215-4d02-a89b-11462269c517,Alaska Thunderfuck,ARTIST,cef91b4b-98c8-3a72-8a6f-75143e68399b,show-podcast,HOST
c1b86f35-571c-4aee-a6fc-af936400d0cd,Cayman Kelly,SXM_HOST,0096ac72-dccc-4f11-9293-3717c4458e73,show,HOST
793d02bb-d93b-4ae5-a4e8-ab35610c7f61,Jake Tapper,HOST,6f6db5cb-91fd-4df4-b86c-54a8e860746b,show,HOST
8a784928-8269-4c0b-8468-ccb421239716,Sam Roberts,SXM_HOST,12e2034d-7f81-c64b-dcd7-af6dce6d1c53,show,HOST
f9f3553a-d83b-4fd7-a29e-42cb1e2c50f9,Tinx,SXM_HOST,7cf48ae1-312b-3dee-9ed9-4d397d186306,show-podcast,HOST
ec8e3eb2-40bf-4068-8b1f-9d7906a86675,Mark Henry,SXM_HOST,4242527a-d16b-8c35-ed91-dc3dd6665461,show,HOST
36279c6e-eed1-4430-b149-5af8189da590,Bill Maher,HOST,40976fc7-8cc8-38c4-afe7-093263ae3ad5,show-podcast,HOST
23d6b91e-5b90-4c4d-9ac0-48c79034beb3,Christopher Russo,SXM_HOST,f07c4992-fc13-a187-9ff8-6e19356b7165,show,HOST
300b33f1-0bf2-4e4a-83db-993c7efb9f14,Jason Aldean,ARTIST,2390ff08-6a2c-03da-1125-e3bd4c16051a,show,PERFORMER
0f04c1f9-1f0c-49a8-bf43-e8fb9cc31ccf,Ray Hudson,SXM_HOST,44d31a35-6114-e867-d01e-d14e31ffd4af,show,HOST
30933ec6-d26c-4dd4-9a59-14906cdc7d35,Nicole Ryan,SXM_HOST,4c4b5428-9b30-35d7-9336-23210594f510,show-podcast,HOST
6b73b2d8-e48e-483e-be1c-048d4b7f2cfc,Ed Helms,HOST,d14a9f3b-1ec6-3621-9df4-4b2725078537,show-podcast,HOST
58cdfc84-25c6-4361-86f3-9dde0207d528,Mark Goodman,SXM_HOST,630febb7-aa64-a946-6a13-92d5ac27b27e,show,HOST
81e8e5b2-883a-4a35-b52e-67267346c524,Macie Banks,SXM_HOST,32eeb7df-1e36-81b9-e1e0-98879a2a314e,show,HOST
a9a23ed6-2bf3-486b-85fc-2f9dd822c49f,Guy Raz,SXM_HOST,ced90284-954c-3327-9b74-cb14b62db3cf,show-podcast,HOST
b9bce674-be0f-4626-a9d9-eaa2e50491cd,Charlie Puth,ARTIST,52d38e24-7f22-f117-2b8a-be4de612015f,show,HOST
3b023175-c13b-4f1c-9c9f-7c9db0690fb2,Trivium,ARTIST,cfd96b14-ced8-33e1-58ee-695cc495091a,show,HOST
af178d17-7103-4202-893d-9c306852b4b5,Avery Woods,SXM_HOST,8b8d9d99-2bf9-efa4-d2e6-7cb4fe096917,show,HOST
53f5361f-57aa-49ab-b18b-927333be57aa,Marty Smith,SXM_HOST,83b34021-9d68-590e-6a4d-e5291b4b4b78,show,HOST
291c7147-5282-4749-8433-cad790bd47f8,Phish,ARTIST,8985427b-08ef-8414-946f-33761f395387,show,HOST
77f99c54-f234-4613-bfdf-3b41417c2f76,Tom Segura,ARTIST,9fce34c7-4a85-3e90-8ae3-f11cf67ec14a,show-podcast,HOST
a02d486a-6059-457d-9cb3-ef13b7aebc1a,Seth Meyers,HOST,e8b80613-2696-3b65-9f6f-b30445a5c2ae,show-podcast,HOST
bc0adfb3-765e-4b0d-b4a0-2b0271c3be37,Sarah Rafferty,SXM_HOST,af3872ae-79e3-3da2-ab9c-5e4e802a1f7d,show-podcast,HOST
b7b193bb-6c04-46b0-afd2-d4b3fea94645,Brian Cox,HOST,85d9683b-2583-3d57-b613-869577533ec7,show-podcast,HOST
df187e5e-0f84-4a5d-8628-71b383d7de33,Julie Andrews,ARTIST,ba1af9ac-7289-3ac2-adc6-a31124bb0dc9,show-podcast,HOST
99ec4e2e-e4ab-4bef-8079-90b9275187ef,Rachel Maddow,SXM_HOST,d98d9002-3134-3eda-a7d7-4ffb780c33b1,show,HOST
6eed3020-3671-4579-bafd-b521650f27c3,Marky Ramone,ARTIST,f1675e1d-edbe-c17c-d2b1-253522287748,show,HOST
1018267a-5fde-405e-90de-9af07cec4f85,Clay Cane,SXM_HOST,96d1edd6-4b10-7ba0-a268-33d71e9cc81c,show,HOST
1d1b3bae-75c4-405c-aaf6-df3d89f7183a,Trevor May,SXM_HOST,81a7b2a2-dfd3-d3b8-ff2a-e71a66f76932,show,HOST
034271a4-2f41-4db5-8c46-29135a5b2112,Cody Alan,SXM_HOST,7e10c4bf-afcc-fe98-6399-c1b8a54ff4c7,show,HOST
e4ed5636-1395-4187-8121-8050160157de,Jenny Eliscu,SXM_HOST,df363b1f-4f11-4b5c-aa9b-1a9dad545eab,show,HOST
017b0f93-12a0-4174-90aa-02b3f6d337f4,Swaggy Sie,SXM_HOST,916fef38-0988-40f4-81fc-8127afde9a04,show,HOST
fb03def4-df1a-492e-ade8-41a47a3a183e,Bing Crosby,ARTIST,d341a043-afa7-8c0a-7523-2c559bbc8a0a,show,HOST
5340af12-c735-433c-8256-1cc4feb3ee7b,AC/DC,ARTIST,b7dbf6cc-22ec-3810-8f30-0dd32d0a40ef,show-podcast,GUEST
6989a235-e8d9-4644-81a1-73df761f3fc9,Bruce Springsteen,ARTIST,e8cd2710-758f-ebc0-27b5-662df7cd62dc,show,HOST
905e6a2c-c700-4911-b7f1-c1fab817ac25,Halsey,ARTIST,8c41ba0e-f647-c753-5fb6-bc072e9d05e4,show,PERFORMER
7dd73aa2-1ca1-4c8b-9377-a5983ccdcd4a,Eric Ebron,SXM_HOST,129eee50-2f87-38e9-94a9-7f1734a01488,show-podcast,HOST
b3982eea-21ba-453d-9574-ac785f18db8e,Scott Sigler,HOST,7434d453-2897-33cb-86b5-2627e001deb4,show-podcast,HOST
4cc371ba-9963-4531-b3b1-19c59c99dc48,Mike Florio,SXM_HOST,72ec50cf-5eb6-3985-9e60-0b7e5e874dfa,show-podcast,HOST
79c0e6e4-54a4-4121-ae7c-4d6cad4d6f3f,Sanjay Gupta,SXM_HOST,4345f699-7673-018b-7cbf-df8bd4817ae9,show,HOST
e76e149a-0816-4d73-9136-4403dce6bcc6,Echosmith,ARTIST,2c3f5510-0928-567f-bca3-7583a5f6f2db,show,HOST
1729aa27-b7cb-437a-8e31-bdf84ec04a8a,Mika Brzezinski,SXM_HOST,314a104a-2ca3-482f-b97e-e8c1934d0625,show,HOST
3a873920-8877-496b-b77f-9687daf0c845,Dwight Yoakam,ARTIST,9495512f-b855-a63e-29ef-76f84d790e28,show,HOST
48cd2936-0231-415d-a729-040ecaacb62e,Clint McElroy,HOST,0d76a09c-5b07-3c64-93a1-b726880b17e9,show-podcast,HOST
e6f3bc8b-9c47-4088-bc08-4041a13fd418,Kylie Minogue,ARTIST,994ba3ef-473f-1a3f-6ad7-089e6df6f201,show,HOST
bd923964-afad-40ba-ab82-db57d833eb73,Nathaniel Rateliff,ARTIST,f72229a1-1e80-fbee-a717-874b07dce393,show,HOST
e9b0672c-66eb-4d02-9d51-047e44a812af,Mike Krzyzewski,SXM_HOST,6f078461-ece6-2a82-eb97-1821a616905e,show,HOST
953f0918-e510-4292-bdbd-2f98a1b77ec2,Jeff Mans,SXM_HOST,0f0c71b9-d98c-bc50-e49e-41eb3e065fa6,show,HOST
e7049ede-b71e-42f5-82ed-f64a67550342,Mindy,SXM_HOST,53af0dfe-bded-4ba7-a15b-95f91b33b65e,show,HOST
37b60600-d103-43ea-bff0-b039d39dd1cc,Stacey Abrams,SXM_HOST,097f5c41-d604-3648-b918-b006bce2d365,show-podcast,HOST
6d3cd053-1976-407c-8bb6-cdccfc220098,Willie Geist,SXM_HOST,f70fb7a0-8741-339f-a3e5-fc66283369ef,show-podcast,HOST
16d15af0-54ad-4fbb-85e5-6e3af0353a26,Adam Carolla,HOST,470dcdda-d5ce-3bbc-a001-343c41b1ca45,show-podcast,HOST
7e2373d7-c076-4d52-a236-5adc722da256,Rodney Crowell,ARTIST,896f5787-45b2-b509-dab1-9dc87284c6d4,show,HOST
b9139c1e-5e36-4367-9d6c-b5d37163936a,Rev. Al Sharpton,SXM_HOST,ddccb4f5-d48b-38ab-9575-0dbaedcaebef,show-podcast,HOST
4c3f9136-a869-4381-945a-054faff69ef3,Pearl Jam,ARTIST,be1bdcae-5474-9d41-e92b-e1f43e81e8f1,show,HOST
bdf477e5-4509-4910-b9f2-0d18d6f1564b,EJ Manuel,SXM_HOST,dffbefac-4587-3df9-baa7-7d015fd9e70f,show-podcast,HOST
5ee3bf3c-abf5-4b90-a78a-c9a94d23c735,David Fricke,SXM_HOST,bf2f2b31-7451-b40c-bc2a-8822d0b33f86,show,HOST
91f502e4-6bd9-44e0-9da0-bacd07b3ecbe,Bono,ARTIST,6690551d-f60d-d87a-965a-63d1e633c2b2,show,GUEST
0c7b5709-2c74-49b7-933b-4ae6ea218fb9,Bob the Drag Queen,HOST,5d0d20a4-ed5d-3253-8ebf-b8f25150ea35,show-podcast,HOST
58cdfc84-25c6-4361-86f3-9dde0207d528,Mark Goodman,SXM_HOST,d3276ed8-f8db-38c9-b371-9574ac84b21c,show-podcast,HOST
93efa9b7-0ca2-49fc-8d91-a7d1bec0086d,John Oliver,HOST,c934de69-127c-3018-b6d7-68691bc684ca,show-podcast,HOST
1d412291-06b7-42a3-8f9f-bddb66377f2f,Stephanie Miller,SXM_HOST,f47796d7-5c0b-452f-a396-89f34a20bcb4,show,HOST
c7aef8e7-6fc1-49c0-8828-a5029174f6ac,Tommy London,SXM_HOST,01538ed3-d2ec-42f8-b18b-f2f223394b02,show,HOST
01a846a2-2779-482f-9788-0dceb11c1ea1,Adam Caplan,SXM_HOST,de61999c-e09d-5b76-3349-adcdd58c4534,show,HOST
903576d4-db2a-49e0-acaa-7447f862e098,Zerlina Maxwell,SXM_HOST,0599fdfc-88f5-6fdc-bb03-580b27af0c14,show,HOST
b1eddd40-b8ca-4d6a-a1aa-5088c474106c,Danny Valentino,SXM_HOST,f4227790-3b4b-e1cb-ba08-5b1c6375844e,show,HOST
b257d09d-d750-44ff-bcab-09439ef6acc8,Tom Morello,ARTIST,71eca827-3bf4-4391-2665-49d3a62f805e,show,HOST
bc21328b-c8b9-46b3-b86c-0df34a6bab13,Chris Jericho,SXM_HOST,cbd577b8-d4fb-39fb-81e7-b5b2cab90af5,show-podcast,HOST
290017fe-2a0c-4ec7-a31f-0bd4aa9c2f0e,Giuseppe Verdi,ARTIST,efa73090-1658-2f21-4e4e-e8554671975d,show,PERFORMER
4df006ed-5faf-4bc0-b028-aab3206dfae3,Adam McKay,HOST,1e81a153-9101-3564-8049-8071c3c374d7,show-podcast,HOST
3177a68b-d4e6-4976-a1f4-f741523ff78f,Kevin Hart,SXM_HOST,fbce3d2d-324f-315b-9095-74f8bb5b6e4e,show-podcast,HOST
5584a9a1-0531-42cc-8412-565d6f630c71,Lisa Loeb,ARTIST,ad9099cb-6439-22f1-0eb6-4f5bf6edce30,show,HOST
9c81b45d-3e15-4fce-8a45-f9a515ee1bcc,Lisa Ann,SXM_HOST,4289b468-d015-3c2c-8fe3-f0e3e488a4e2,show-podcast,HOST
977c44a9-edd0-46e6-ab47-1c840cb25530,Meghan Trainor,ARTIST,4a28fdc2-b90e-9f01-469e-2b79fdcad8ef,show,HOST
618c4071-80ac-4f35-bd4a-529c2c78d06e,Fortune Feimster,SXM_HOST,cf0579bf-8131-4af8-88e8-540db1d73a89,show,HOST
b37157de-81cd-436b-9630-515cd6c939ad,Trace Adkins,ARTIST,86354d3a-d250-f03d-3884-f02141c622cf,show,HOST
55b02797-fae1-44f5-ba7a-49f3fcbd87ff,Rida,SXM_HOST,81a3d735-afc4-a076-3b7c-439768060240,show,HOST
71b9f241-a9e7-4e93-b413-44db51751521,Tamar Braxton,ARTIST,11e26689-6e6d-3672-8df7-be5511e9b781,show-podcast,HOST
654d05a3-da39-4354-8495-713476509311,Lady A,ARTIST,b46bb21d-9867-313f-88eb-307bbaba4e2c,show,GUEST
cdb99af9-98b0-42e1-8c58-29bd0bb505ad,Colin Cowherd,SXM_HOST,40cd16ff-10f2-c1a6-5d3e-c4b5d41354e3,show,HOST
c270ff90-f7e8-4472-b1eb-f0256730d723,Dan Carlin,HOST,2d979008-5e92-39d0-adeb-acb8f57cff3d,show-podcast,HOST
36822f76-672f-4559-a033-fbb47f996910,Jesse Watters,HOST,6c5b3983-bc56-38b9-a6ad-8fbb3d957fa9,show-podcast,HOST
858315ca-2f16-42d5-9bd6-c3da2dc80133,Dylan Thuras,HOST,efdba964-3b56-3693-ab4a-376f84a5c86b,show-podcast,HOST
dd772508-844a-4343-949d-3679d7c3357a,T.D. Jakes,ARTIST,5638f0c9-5e8a-3b78-a167-ff093c7ee5f4,show-podcast,HOST
5116d6dd-641a-4946-96e0-309995156ea0,Tiësto,ARTIST,a17ef481-71a1-478a-836f-5215a498bfc4,show,HOST
bf912b56-69d3-4048-baf4-b84fdcb19c1b,Alison Moyet,ARTIST,e4d8d1f5-2a79-3e62-bfef-82b6cc424b9d,show-podcast,HOST
291c7147-5282-4749-8433-cad790bd47f8,Phish,ARTIST,e426cc08-80e6-d493-5f79-33c2747df836,show,HOST
215fc1af-9508-44d0-a2ad-04192de652c2,Megless Griffin,SXM_HOST,afa1cecd-3e97-7c04-da55-b310cdca8737,show,HOST
f600f325-d107-4306-82e4-e305f9eac062,Joel Osteen,SXM_HOST,6bf95307-abae-a9f1-f6fc-219e2c324f92,show,HOST
381226a7-e933-4d56-ac17-e5a7e7222787,Kirk Franklin,ARTIST,1253d579-0865-f31e-02b7-d2cd478e70ba,show,HOST
23d6b91e-5b90-4c4d-9ac0-48c79034beb3,Christopher Russo,SXM_HOST,53fdc8d8-39eb-c76d-b8b2-dade4cc5fd0e,show,HOST
8b014677-25c7-4edc-be6b-3eec44bed44c,Mike Rowe,HOST,d096d310-1c4e-3fab-8413-39c1153cb6c2,show-podcast,HOST
91734c4b-65cd-4a82-92d3-144b3c67f946,Smokey Robinson,ARTIST,89dcdcbb-32fa-cca9-6f94-5ecc76971727,show,HOST
b5aa3c48-e048-4bff-8639-d3bbca000241,John Lennon,ARTIST,b3000140-28c9-7589-d57b-2c05bb4de0dd,show,PERFORMER
89c9bcb8-704a-435e-a047-30840e7ee70d,Diplo,ARTIST,9980c857-2f13-8fa3-5625-0ada492fee42,show,HOST
4656512c-482b-4581-b668-410afd387f3d,Frank Sinatra,ARTIST,12750ef2-7134-4beb-a586-e256f37b5787,show,HOST
3e3e3f54-5256-4a94-9144-53a6b0a13141,Robert Smith,HOST,f2a86f1a-d4dd-573d-ebdf-ee9025d7a7d5,show,HOST
96a91feb-4804-4b34-9706-62af6481ded1,Daymond John,HOST,0e257742-6de9-3ff0-a36e-04b25aca453c,show-podcast,HOST
d1a37b86-a475-45ad-99f3-fdaf656502d5,Mark Zito,SXM_HOST,f8e65d3d-6ea2-3342-8a33-82697d0cf559,show-podcast,HOST
215c9a48-8089-4e33-95ab-17e757aadf2d,Mack & Jen,SXM_HOST,7ce8dd39-0fe9-4b3b-cbe1-2463327a30e5,show,HOST
88fb440c-fca1-441a-b40d-a94d1258f477,Earthquake,SXM_HOST,c41fcc44-1a07-9b58-32d1-ec9f24a675f2,show,HOST
2c596a47-de16-4038-8e15-ceac438c99f8,Moby,ARTIST,52ea2250-95b0-39b7-b7d7-adf83ead12f1,show-podcast,HOST
5cc4c7f4-feb4-4f50-869e-145a61cf42fd,Adam Schein,SXM_HOST,720d9cf5-7f55-9e04-d015-e54744678ca0,show,HOST
a97a76dc-c93e-4d3b-8a30-5a005e6f543f,Heather Dubrow,HOST,fe8eee42-3e76-31e6-9e54-dda4ced4d1c4,show-podcast,HOST
0c6a22dc-58fe-4c1d-bb36-be5ed4042eb1,Jelly Roll,ARTIST,76ec4e9e-ce08-281e-4282-97bdfc2dea93,show,HOST
7d115605-92c2-4609-89d9-0848bc708fd4,Elle Fanning,GUEST,15c51572-bd10-372a-bbe4-0f214c96e80a,show-podcast,HOST
b4623b5e-4454-4cf6-932b-0a674dc1615a,Charlamagne Tha God,HOST,6d30708e-e286-3b3f-a9d9-16ea887fb80e,show-podcast,HOST
219277bf-f510-405d-ad2f-d361a2813af9,Matt Mira,HOST,f9b2bdf4-f6ca-38fa-8b81-3199339b9856,show-podcast,HOST
973459ad-9cf6-4c56-aa4f-4b90b7f8c63a,Julia Cunningham,SXM_HOST,51c56ea5-8f1a-c538-5761-9e228be7129e,show,HOST
b5be30a5-5106-449a-be0f-9cf7cce6d45c,David Pakman,HOST,092e3aaf-ec89-3c31-88ba-ebb4b77decdd,show-podcast,HOST
abeda02f-c342-400e-8d5a-9a4e8651143a,John Roberts,SXM_HOST,2736fcf2-8af0-42f7-b753-8c5881022273,show,HOST
22cf61b0-906e-4c17-920f-a2d9192ef356,Amy Sedaris,GUEST,7739a34a-94a6-35e0-913e-53950aba3bfa,show-podcast,PERFORMER
fc04435c-0b76-4f93-87f4-c29ba5a2241a,Lord Sear,SXM_HOST,7be70982-2cc5-ef30-b53d-d4e71c4f7a5a,show,HOST
ddcb1738-bd17-4707-92ed-3af7cfa7ebbd,Jonathan Van Ness,HOST,b83a7e0b-e812-3005-bbc2-7149373e2b16,show-podcast,HOST
ba2999bc-070d-4d23-8648-08e81067576e,Willie Nelson,ARTIST,494d78d1-cf8f-c3cc-ddcf-f4f736053a50,show,HOST
e6baa671-ea18-4276-9e8f-aa21faf25b25,Rhett Miller,ARTIST,f559b526-4825-3f05-94ea-c95025a2248c,show-podcast,HOST
0418067a-ca12-4c48-afe9-bbc26107c639,Eric McCormack,HOST,5dea98a5-1763-3ddf-ae6a-cd402b59efc8,show-podcast,HOST
8a784928-8269-4c0b-8468-ccb421239716,Sam Roberts,SXM_HOST,03075d58-0423-b2d2-d6fd-051594c59ebe,show,HOST
96a91feb-4804-4b34-9706-62af6481ded1,Daymond John,HOST,0e257742-6de9-3ff0-a36e-04b25aca453c,show-podcast,HOST
5a8182b2-42c0-4092-b3c9-817ceb3da0a4,Sona Movsesian,SXM_HOST,dda7a483-bb47-3d5f-a075-e4d2d4b58117,show-podcast,HOST
e9ecebce-7928-415e-a4f0-5dadaa453eb1,Kim Ashley,SXM_HOST,0ad7c62c-fa4f-405e-9d4e-253663cdee04,show,HOST
1ddb090b-842b-4470-a282-b3af3ce348fd,Sean Hayes,HOST,a3c08c83-d23a-6df9-f59e-84b0cca9da0a,show,HOST
903576d4-db2a-49e0-acaa-7447f862e098,Zerlina Maxwell,SXM_HOST,7f69a2fc-c429-accd-3673-fd282907b1e0,show,HOST
8a784928-8269-4c0b-8468-ccb421239716,Sam Roberts,SXM_HOST,146f9f61-c592-39ff-8876-f0779a1a9dc3,show-podcast,HOST
ed139028-7a3f-4d0a-99e6-b9c7e22573ec,Tom Papa,ARTIST,969836b6-3a76-636c-f68f-4943b64ed576,show,HOST
ae29d90b-e23f-4ed4-9c32-d1e14dffe306,FINNEAS,ARTIST,e7fdde07-ff28-335b-92f9-2d7109d149ba,show-podcast,HOST
b3b81d50-a73a-47cb-8ea5-f8b3b3839239,Steve Harvey,HOST,ab8d4a3d-d60c-3792-8a9b-7fb3fe99f0ad,show-podcast,HOST
26b2073d-a930-4186-8279-eac68e927568,Drake,ARTIST,b5215834-85a0-6295-e55d-279619d3a645,show,HOST
8967374a-6ad6-4f10-97ac-214586fa3b3d,Owen Thiele,HOST,9730ad35-0772-30f8-a05d-d96202d0014c,show-podcast,PERFORMER
1a0d89c4-cab7-4087-b80b-63897bef70de,Ken Coleman,SXM_HOST,c1e2f27f-8fe0-3f1d-ab2d-3c84056f7e71,show-podcast,HOST
76e4b0cc-6c9b-4f26-92af-a88cea2ab182,Steve Covino,SXM_HOST,71fabafa-4967-ee17-96b5-5d2a372b5544,show,HOST
a5caab89-3fd3-4774-b6eb-86787d847981,Mark Levin,SXM_HOST,1a0bc487-78fb-3a94-8a3b-d173d8a7f396,show-podcast,HOST
36822f76-672f-4559-a033-fbb47f996910,Jesse Watters,HOST,6c5b3983-bc56-38b9-a6ad-8fbb3d957fa9,show-podcast,HOST
403d927c-4fa7-4262-abf2-4405e7b1c66b,Dan Patrick,SXM_HOST,baa2b7e7-de0d-466b-92f3-0c2baf9ba7e7,show,HOST
fc4d8aeb-4352-4790-a475-7de8f9e93ab3,Bob Odenkirk,ARTIST,041e6024-9cd5-38cf-98b4-e500e42b308c,show-podcast,PERFORMER
899bc56d-9326-49d5-943c-00ebe5f5762a,Dave Hill,HOST,d37e5bb0-9e7d-3740-95c7-8528e61fec31,show-podcast,HOST
fd988efa-6654-42f3-80cc-25e0fe7400df,Jimmy Fallon,HOST,c934de69-127c-3018-b6d7-68691bc684ca,show-podcast,HOST
60e83aff-8da9-4a35-b297-f2d024659d36,Dana Perino,HOST,bcc24da9-7a4a-4b5e-946f-e9652d494171,show,HOST
a14a7f49-4d80-418c-a93a-2d13a0b4a0ff,Jimmy Buffett,ARTIST,134f9c19-a6b9-4c9e-b099-cd2e45c072f3,show,HOST
f94af6d7-794c-487d-b9e4-b764240811ee,Rich Davis,SXM_HOST,9bc62478-5232-0064-3fb5-5b8b408a3f51,show,HOST
8ece48bf-d874-4779-8571-b480ec59e465,Alex Cooper,SXM_HOST,fca58fc0-9cc9-a723-caaf-0e0b8a120822,show,HOST
ba2999bc-070d-4d23-8648-08e81067576e,Willie Nelson,ARTIST,44bd913b-9bbd-f47f-4df4-a3d7215e0b55,show,HOST
62470ac9-ce57-4141-8bde-8f007791847c,Jess Cagle,SXM_HOST,f50381d1-4bb3-8417-0f5b-b2d50b075b63,show,HOST
5c1e9c5e-c064-4c81-9875-af91c12a3d23,Sinclair Skinner,SXM_HOST,8585ef4a-452a-209d-6703-797b03bc25df,show,HOST
65db9eb6-6b4f-4385-94cf-a757cda409af,Ayman Mohyeldin,SXM_HOST,e8c753f5-e8aa-30c4-b2f1-5060a73c51f8,show-podcast,HOST
04d7eff9-06ae-4cb4-885e-5ad39d5d48b8,W. Kamau Bell,HOST,6e1b74d3-6222-302b-aff6-36956114af39,show-podcast,HOST
f3d9e8df-385d-454e-88aa-c7cf210687e9,Kamala Harris,GUEST,ba23b7ca-9a48-e84d-9b3a-7d5861d15f8f,show,GUEST
5be334b9-5cf0-4ca7-9059-d4a08a23c909,Grace Helbig,HOST,c7c12a8b-8d36-3452-99cb-4ef34c884f48,show-podcast,HOST
ec8e3eb2-40bf-4068-8b1f-9d7906a86675,Mark Henry,SXM_HOST,9289992c-04e8-1af3-1117-ac26a1a3121e,show,HOST
c399865b-f262-4c4b-b881-865ab4c995bf,Trevor Noah,HOST,0bda60d1-1dfa-3d2d-b46b-6039e5dfbd99,show-podcast,HOST
762c496a-ffab-46d7-801b-180a14634998,Link Lauren,HOST,32b22004-3128-3ee4-85b3-1c17ed79a879,show-podcast,HOST
ac13af4c-a689-45ad-80a6-8b616e3ba1fa,Patti Austin,ARTIST,fed5ef30-d0d3-3c5a-a04e-ace450b6ae19,show-podcast,HOST
5a440b86-f335-4f72-8dab-a2240fa4fe02,Shinedown,ARTIST,9208d50d-2387-2aab-f295-cf2f970ec6fc,show,PERFORMER
8a784928-8269-4c0b-8468-ccb421239716,Sam Roberts,SXM_HOST,4c4b5428-9b30-35d7-9336-23210594f510,show-podcast,HOST
ddbef86c-961c-442b-a53c-d1abdbc773cf,Ryan Sampson,SXM_HOST,250277a3-65bf-059d-645f-609cf2e5e7e6,show,HOST
b146753f-482a-4ea3-8dc2-fb07b4115522,Anderson Cooper,HOST,ea78a273-a275-32a7-b493-d7145971f992,show-podcast,HOST
a14a7f49-4d80-418c-a93a-2d13a0b4a0ff,Jimmy Buffett,ARTIST,84a9c074-84ad-27ed-1042-8a8879f894bc,show,PERFORMER
4d9640d8-35ef-47f7-9fed-fa10d49a4b78,Howard Stern,SXM_HOST,1ca4bdb5-07d9-c036-34c7-184c7217ea50,show,HOST
cb865a68-42dd-4d28-b75e-7b667aa89673,Andy Cohen,SXM_HOST,f17d75a8-40dc-3c04-9596-1641839481e7,show,HOST
a9a56e49-4082-4286-b49e-7bdb2e0137a3,Nikole Hannah-Jones,HOST,3ab7681c-3a71-3760-9fbc-9c9896661634,show-podcast,HOST
04a2b1d3-2186-4172-bee6-38fba295811b,Bill Flanagan,GUEST,c3a1a3d0-46e0-5e7d-d036-90c42309f73c,show,HOST
60e83aff-8da9-4a35-b297-f2d024659d36,Dana Perino,HOST,a9592c8e-a094-4b69-82d4-4bd6109f718a,show,HOST
39401bd8-eeae-4d10-9c0c-b4446151d3ba,Ryan Leaf,SXM_HOST,fb203d33-8157-0005-ccb4-30a6adbc99cb,show,HOST
3090e283-a81e-4552-bdb0-b9d1c7ffbf55,The Sklar Brothers,ARTIST,594d56e4-ddaa-337f-9f79-60bc54ee0acd,show-podcast,HOST
1f229c50-e9bd-4d7f-a16b-025c2b2ecb3e,Robin Quivers,SXM_HOST,9f9cccf9-f3f4-e77e-cedc-7d22a85d2f0a,show,HOST
b0634235-a142-469a-ba04-c80351ad4238,Trey Wingo,SXM_HOST,6ec27ed2-b038-3132-b617-481dba72f895,show-podcast,HOST
316dbc64-d6a6-4fcb-8f47-7719571e18ff,Mike Love,ARTIST,f69ef5d5-d89b-f69c-4b14-7f90ca565671,show,HOST
94eb52ea-f433-41da-8749-e55ce94f78de,Too $hort,SXM_HOST,ed6ae55f-4450-9b64-bca9-b1411b1f07d8,show,HOST
f46b15e7-6e8c-47d4-8258-a211461a3563,Steve Aoki,ARTIST,aa6afd41-9e71-3bfa-40a6-5f7d163cb248,show,HOST
2f91b387-6d23-43b9-bf74-e16ebaefbb71,Peter Frampton,ARTIST,cddcdd58-9b3a-2d75-9169-838cdb4456b3,show,HOST
d28a8331-7b9b-4206-8e5c-0d93ec3328af,Gilbert Gottfried,ARTIST,adc602fc-06e2-2c5d-8d63-6ca0df27e690,show,HOST
04a2b1d3-2186-4172-bee6-38fba295811b,Bill Flanagan,GUEST,5784cc8a-9f76-42a5-ddc0-f951cd8d84a5,show,HOST
5fe6ce30-0656-416c-8219-4b5c4f3ac17d,Eric Church,ARTIST,6a1055c1-1a8c-708f-9962-fdabc5356899,show,HOST
5512ac26-532d-4b3a-95c5-b612b35c24cf,Dave LaGreca,SXM_HOST,87308df5-fa63-90e3-df36-500b8c1757a1,show,HOST
bc029f26-105c-453d-ba74-30d1d2e0d4a8,Richard Blade,SXM_HOST,58a62563-7e46-c196-50b5-f01aa448e6c8,show,HOST
215fc1af-9508-44d0-a2ad-04192de652c2,Megless Griffin,SXM_HOST,ce00f1d6-7b26-47f3-83cd-1ab85b066250,show,HOST
2576058d-8b5c-40c8-b4e4-bde4887d3360,CJ McCollum,HOST,8560350f-e650-31d2-a65d-5cf5e5aac10e,show-podcast,HOST
1a6f37a2-d7cc-472d-b65c-289a5fcd442d,Jason Whitlock,SXM_HOST,1c062d50-e8c6-35c5-91ef-a2e2a5e886dc,show-podcast,HOST
b9139c1e-5e36-4367-9d6c-b5d37163936a,Rev. Al Sharpton,SXM_HOST,38c78273-b891-48f4-ac60-8e5a10076736,show,HOST
cce2b0e0-5874-460e-a09b-b49910224a94,Dave Anthony,HOST,c12fb442-d0c4-38b2-be40-47a763ae0864,show-podcast,HOST
8e9de81d-1f56-47d2-98a5-1167cb9c9a35,Alicia Keys,ARTIST,117f77b4-1335-cb61-333f-abc33c4426b5,show,HOST
49ef4033-09d6-469f-83c4-d4c7ee9f39c2,Leslie Jones,ARTIST,e098c2c1-c09d-3084-8057-646d38133c56,show-podcast,HOST
a9a23ed6-2bf3-486b-85fc-2f9dd822c49f,Guy Raz,SXM_HOST,050ac680-e375-3926-be72-e4d34de2ca27,show-podcast,HOST
a87dd7f8-911f-448d-b6b7-c105c12f9a9d,Queen E,SXM_HOST,e77dd92d-92a6-2a07-ed5b-537bc83797d6,show,HOST
ff536403-8315-4f8c-ac8a-f8b4152b6b0f,Jenna Wortham,HOST,619832a9-e8e6-3287-91c3-a43b4096fc03,show-podcast,HOST
6989a235-e8d9-4644-81a1-73df761f3fc9,Bruce Springsteen,ARTIST,5acd9fe4-04ce-4618-b491-8688731495a3,show,HOST
91f502e4-6bd9-44e0-9da0-bacd07b3ecbe,Bono,ARTIST,be290018-61ef-70c0-65ef-a8908889c0a7,show,HOST
99c4582c-b159-42c6-a265-8c2b84788280,Little Steven,SXM_HOST,2406fc89-2280-4c3b-a20b-af1fbae64dc9,show,HOST
f600f325-d107-4306-82e4-e305f9eac062,Joel Osteen,SXM_HOST,9b9cdc8e-9534-312b-b82e-3b9be4060d77,show-podcast,HOST
9f301f89-a80f-4da8-a827-9715229de828,George Noory,HOST,36939bcb-4dab-381a-bfae-b45c6b8d9a16,show-podcast,HOST
ceb4ae37-1ed0-49c6-8d56-268045af84b5,Jim Florentine,ARTIST,b8601579-99fe-3619-a1f8-db5d7b48fef9,show-podcast,HOST
36279c6e-eed1-4430-b149-5af8189da590,Bill Maher,HOST,40976fc7-8cc8-38c4-afe7-093263ae3ad5,show-podcast,HOST
13ecb14a-7dc1-4125-a665-e24036a138bb,LL COOL J,ARTIST,61d7413a-443e-9116-a0f3-6ca898eb44d1,show,HOST
88fb440c-fca1-441a-b40d-a94d1258f477,Earthquake,SXM_HOST,c41fcc44-1a07-9b58-32d1-ec9f24a675f2,show,HOST
159e4411-a91b-424d-8175-763b8deafb40,Barack Obama,GUEST,1b9f56e5-0af8-d04e-dda8-37204f9003aa,show,GUEST
eb92040a-3515-4493-a6b8-b11878041063,Adam Conover,HOST,e0b05b84-4f53-3f18-9d7d-053a9e80d5fb,show-podcast,HOST
2c7a09d2-504e-4339-9dfe-49a6cedf2ee2,Sequoia Holmes,SXM_HOST,5a6b5de3-9098-a28d-9a74-18e459ff54e3,show,HOST
e9b0672c-66eb-4d02-9d51-047e44a812af,Mike Krzyzewski,SXM_HOST,ba1a1f70-9f9c-4ae3-bcdd-dc8dd68285e9,show,HOST
60e83aff-8da9-4a35-b297-f2d024659d36,Dana Perino,HOST,bcc24da9-7a4a-4b5e-946f-e9652d494171,show,HOST
cb865a68-42dd-4d28-b75e-7b667aa89673,Andy Cohen,SXM_HOST,94333a54-027c-dd2e-7f56-6be63dccc7fa,show,HOST
1bcae0f2-d614-4f97-b1b8-43dd01f867c2,John Mayer,ARTIST,ebdabc3f-b970-8a7d-150a-10d8652dcb96,show,HOST
617331b3-4f87-491d-be8f-701c9aec673c,Woody Harrelson,HOST,dfef0af2-2ffe-3d05-0199-ebe1cf1bbb73,show,HOST
9c81b45d-3e15-4fce-8a45-f9a515ee1bcc,Lisa Ann,SXM_HOST,4289b468-d015-3c2c-8fe3-f0e3e488a4e2,show-podcast,HOST
5b7a85f7-885b-4729-b998-04d8fe2087c2,Erin Burnett,SXM_HOST,218c1094-6ab1-bc56-5aea-927178b06208,show,HOST
3ae5598d-a013-4ab7-93cc-ea6a742a45d1,Madeline Argy,HOST,5fe150bd-9452-307b-a0d7-2b6e306048ed,show-podcast,HOST
37b60600-d103-43ea-bff0-b039d39dd1cc,Stacey Abrams,SXM_HOST,097f5c41-d604-3648-b918-b006bce2d365,show-podcast,HOST
5cc4c7f4-feb4-4f50-869e-145a61cf42fd,Adam Schein,SXM_HOST,dccb418f-060b-7c3b-3d4f-0fcb3989916e,show,HOST
cd032653-5515-4474-bf68-cd56ec970d93,Alan Hunter,SXM_HOST,c5cf5cc7-b7b8-8cb4-199c-20c755913a96,show,HOST
1a75f6e7-2816-4f7e-b2c0-448b5cff0ab1,Paula Nelson,SXM_HOST,4e804b8e-90b4-adb9-d778-20e2cbb0daea,show,HOST
553256ea-a93c-4401-9339-781b29c0db5a,Conan O'Brien,SXM_HOST,35cc8119-90fc-fe23-9c45-3359696ae971,show,HOST
ec8e3eb2-40bf-4068-8b1f-9d7906a86675,Mark Henry,SXM_HOST,7dd172b7-268d-475a-a407-641544dfffc5,show,HOST
3a873920-8877-496b-b77f-9687daf0c845,Dwight Yoakam,ARTIST,6463ef47-623a-29bb-864a-d1667f182d03,show,HOST
c389715b-d7ab-41f2-8792-b4686a88b987,Jody Watley,ARTIST,360f9353-c544-462f-8579-4ece51d10633,show,HOST
28f0457f-4be3-4d96-9f74-f0b58d05644e,Tucker Carlson,HOST,13c1b0fa-96b6-3110-b922-ab014ed1d360,show-podcast,HOST
4c3f9136-a869-4381-945a-054faff69ef3,Pearl Jam,ARTIST,81ac742b-9a73-44b7-b7bc-11db317ffb61,show,PERFORMER
10bf7f20-e70f-48d8-9e7e-63cf0208c035,Georgia Hardstark,HOST,1afcc736-bbf0-323e-ab9c-9c563a28958f,show-podcast,HOST
ce8ca423-85aa-48ee-810b-291b12139116,Keith Morrison,HOST,c36f827b-3595-387c-a4ce-e90b999e99bd,show-podcast,HOST
34e23569-6cd1-4560-949d-7b62f1d501df,Dan Cummins,ARTIST,c988bddc-1f56-36ff-b56e-5554d41a6cdb,show-podcast,HOST
65db9eb6-6b4f-4385-94cf-a757cda409af,Ayman Mohyeldin,SXM_HOST,76863283-2fe0-101c-74f0-d87ccf8ddc46,show,HOST
4b2fc2e5-fdab-44da-bb4c-cab8456b0498,Ted Danson,HOST,0840bac2-43f7-77fc-0b81-99e11ca41fd8,show,HOST
948c1c06-c018-4e86-9733-376133cb06df,Peter Asher,ARTIST,24aa6562-babe-0458-9ac6-3c8faa9f5113,show,HOST
cb865a68-42dd-4d28-b75e-7b667aa89673,Andy Cohen,SXM_HOST,2c5d854d-8b1f-e899-f1f6-b1ecdf4f7728,show,HOST
f600f325-d107-4306-82e4-e305f9eac062,Joel Osteen,SXM_HOST,42049949-ecbe-10cf-895e-8cfab73e9aec,show,HOST
f17e0a4e-4f21-4e6c-8379-acce232b0121,Bill Bradley,GUEST,bb630927-b295-4f19-bde8-73c4e7dba3a0,show,HOST
436f44f2-5810-41e2-b59c-92cc28f7bbef,Miesha Tate,SXM_HOST,6157d4c9-ab2c-3ffe-978e-d451b0e27d62,show-podcast,HOST
1f229c50-e9bd-4d7f-a16b-025c2b2ecb3e,Robin Quivers,SXM_HOST,64f66020-78eb-464b-b61e-d74d1fc48cce,show,HOST
ae266bdd-7010-4ddf-9284-bc0074098eb7,Avril Lavigne,ARTIST,609d9d59-8d8f-e401-3823-7196e7a60d9e,show,PERFORMER
793d02bb-d93b-4ae5-a4e8-ab35610c7f61,Jake Tapper,HOST,8e39a050-1f20-4971-5014-8c251d7d3eda,show,HOST
44e0b176-e8a3-4a53-a521-c965cd8a4316,Tanya Tucker,ARTIST,e954be00-9a83-c32c-ed6d-fb8e1ff9fdb3,show,HOST
fce122a7-feec-4864-91db-64661998e6e7,Shaggy,SXM_HOST,2b73eece-c586-b250-88e4-20704968fe97,show,HOST
95ffacc4-89f7-4d34-990d-95856aee90b9,Jeff Lewis,SXM_HOST,03144f71-fb1b-d417-1aef-1119110de9c4,show,HOST
03ecac8f-d474-4a0c-9638-0dc01a6dbb17,Aimee Mann,ARTIST,e8b7b5a2-3009-387b-aeb9-58b729a65d50,show-podcast,HOST
ddbef86c-961c-442b-a53c-d1abdbc773cf,Ryan Sampson,SXM_HOST,e174effd-314e-0ad5-3c1f-fdebd5942fb8,show,HOST
cd032653-5515-4474-bf68-cd56ec970d93,Alan Hunter,SXM_HOST,735d62a2-733f-4e6d-8fe1-5689f1279b0c,show,HOST
a14a7f49-4d80-418c-a93a-2d13a0b4a0ff,Jimmy Buffett,ARTIST,bd0e5973-e5fd-adab-fb58-5d41295fabdd,show,PERFORMER
bb6f09fc-b980-4378-8b69-3417a68133a3,Paris Hilton,ARTIST,3069ec66-9e02-304e-8db5-37211bbcba9c,show-podcast,HOST
5b168968-2fd9-4083-beb7-c98654ff595a,Wesley Morris,HOST,9a2d8e89-d9d0-3899-9a7c-5990c7970383,show-podcast,HOST
5d6405aa-000b-423e-8b0f-80ee9b53e1c1,Chris Simms,SXM_HOST,6066a754-07e8-ba68-2210-5c4949fac405,show,HOST
47254fbc-5a59-42af-a0c2-b88504e34853,Manoush Zomorodi,HOST,0d53df7e-091b-391d-8e8a-2cf32777bb45,show-podcast,HOST
ce8ca423-85aa-48ee-810b-291b12139116,Keith Morrison,HOST,c36f827b-3595-387c-a4ce-e90b999e99bd,show-podcast,HOST
8f2338d5-e63a-4f05-8405-8a7e0fe0be2d,Tommy Vietor,SXM_HOST,cb8fca1d-1003-87ac-617b-2b768ba8e09a,show,HOST
bb6f09fc-b980-4378-8b69-3417a68133a3,Paris Hilton,ARTIST,7df75f72-be56-e2f8-a093-3d3e1d68e7ba,show,HOST
d34f8a19-98fd-48c4-b76d-99e718859c30,Mel Robbins,HOST,0d881605-5dfe-30a2-8bfc-d9b49acf0243,show-podcast,HOST
81ee3fb0-bc72-4948-9e5d-a608f1d94a05,Bob Marley,ARTIST,57b4e751-2e7d-30fd-92c4-2773ceb8375c,show,HOST
7804ae9e-2188-40be-86de-92f54f5f5a0f,Morning Mash Up,SXM_HOST,a42c16ac-e28a-b611-e648-4476e553561f,show,HOST
4bb546c0-7f5e-40f7-8084-2712d6c3f598,Chelsea Peretti,HOST,20372d96-0cab-3f1c-bca0-068cffbfd269,show-podcast,HOST
39e2db56-2ba1-4ba1-9dfe-ec9b59194033,Hoda Kotb,SXM_HOST,eafdf19c-c881-b97a-d549-d016caacc363,show,HOST
d8927972-39ff-42b9-9cc4-e540fcbc95aa,The Tragically Hip,ARTIST,db2bc254-d194-6ad2-93a2-e50edc67bb9b,show,HOST
39e2db56-2ba1-4ba1-9dfe-ec9b59194033,Hoda Kotb,SXM_HOST,0501f02e-9be2-4813-01f4-9eb561f8602a,show,HOST
1a2132b2-24ca-4f2b-b42a-cd2b4ba6c431,Sway Calloway,SXM_HOST,c1ef36f6-f673-4c57-9f75-4542de4b6733,show,HOST
22cf61b0-906e-4c17-920f-a2d9192ef356,Amy Sedaris,GUEST,999049ae-7e1e-2be1-d752-11b534b98371,show,HOST
2c2d7ffd-05ce-4137-9c1a-765591aca603,DJ Drama,SXM_HOST,c1f114d4-e0f9-beda-2bb3-8d09e4edd3cc,show,HOST
f600f325-d107-4306-82e4-e305f9eac062,Joel Osteen,SXM_HOST,2939f99c-94ba-af76-51c8-681b5469feea,show,HOST
4704faf8-123e-4070-859d-4bcf2005f71a,Andrew Schulz,ARTIST,19032036-0911-34ab-9ce4-2aaac3293568,show-podcast,HOST
99b36082-a76e-40a6-87f3-6d9097762e3b,Mary J. Blige,ARTIST,33310967-6547-34d3-ce9e-2e1dcb8bb42e,show,HOST
3d2d6c0c-1e97-4177-bb4e-19bdc6dd30b4,Wolf Blitzer,SXM_HOST,38c47ab3-06c7-7c83-c8b8-95834a84327e,show,HOST
54932246-4c11-4fa6-8946-07b1b5ad1cd0,Keith Roth,SXM_HOST,c8decbc4-9de7-44b1-a571-d6c568f178c2,show,HOST
bbf0256f-a9c9-4485-8b4b-459530e844bc,Sam Harris,HOST,749279a9-29de-39fd-a252-57d1f86044cd,show-podcast,HOST
cf66eef5-8d36-4828-b370-08093a469c49,Kelly Ripa,SXM_HOST,71dd1842-8e6c-9c6c-ae28-1227ee52dc97,show,GUEST
3d2d6c0c-1e97-4177-bb4e-19bdc6dd30b4,Wolf Blitzer,SXM_HOST,7e18db3e-e94b-48eb-8af3-63b55383f5f5,show,HOST
592ba2b8-c932-4014-a3c4-0e2b4e41df53,Neil deGrasse Tyson,HOST,c9d74a68-daaf-3742-a996-2ff4ce46c8f9,show-podcast,HOST
bc029f26-105c-453d-ba74-30d1d2e0d4a8,Richard Blade,SXM_HOST,fddd5a15-3b72-d9dd-a60f-29f3377bdef6,show,HOST
5bd3f9ae-5a41-49df-bb4c-85c7046dbfc2,Marcus Miller,ARTIST,49b0629a-cdaf-41a3-b34c-3df0284525a5,show,HOST
cae2e5c6-7c0d-43be-9b81-bd28d75e4dd5,Nikki Haley,SXM_HOST,a4f0a109-f595-3ace-8317-5406632f6e9a,show-podcast,HOST
3177a68b-d4e6-4976-a1f4-f741523ff78f,Kevin Hart,SXM_HOST,5e33061e-bb2e-f8a4-2657-cde986590143,show,HOST
2db6dc18-8bd6-44f2-bf34-2607f80c0267,Chris Carter,SXM_HOST,3a03329c-f9d5-8842-0d01-d5c305364b2c,show,HOST
65db9eb6-6b4f-4385-94cf-a757cda409af,Ayman Mohyeldin,SXM_HOST,76863283-2fe0-101c-74f0-d87ccf8ddc46,show,HOST
ab84435e-9af1-442a-8aba-5c4680b6f96b,Bill Simmons,HOST,16f22ede-1443-30ff-814a-f54954ea90d3,show-podcast,HOST
5fe6ce30-0656-416c-8219-4b5c4f3ac17d,Eric Church,ARTIST,6bc0ce81-c868-e9c8-c6ea-74bf60b93c7d,show,HOST
b81b1ebe-f593-4269-9aa8-a1b8bb02171f,Jon Favreau,SXM_HOST,f9797aec-44d2-374a-96d4-f4870f8f796c,show-podcast,HOST
4590fc71-e8f9-4865-a782-5282656c8237,Big Jay Oakerson,SXM_HOST,01b408b7-293f-323c-ae24-270b2e63d62e,show-podcast,HOST
ce8ca423-85aa-48ee-810b-291b12139116,Keith Morrison,HOST,621c5554-7c09-3df9-b1ce-33994ab8829e,show-podcast,HOST
f600f325-d107-4306-82e4-e305f9eac062,Joel Osteen,SXM_HOST,046e5973-81f6-45d5-645c-3736e22b5a5b,show,HOST
4590fc71-e8f9-4865-a782-5282656c8237,Big Jay Oakerson,SXM_HOST,b2f9e172-ffc0-7e10-ea5d-955e85b4f11f,show,HOST
e88572e7-0260-4b06-9baa-e50c46f5dc25,Oprah Winfrey,HOST,4f090315-aa7c-3012-b8e0-e6da2491736d,show-podcast,HOST
05da5119-de9a-4625-8c74-b03deb345182,Björk,ARTIST,61d2caa8-4b6f-310c-ba79-a3f7817f1f76,show-podcast,HOST
576e0cc7-63eb-41e7-88c3-7be1bad19043,Billy Joel,ARTIST,b565f129-0aca-23b1-b481-aaa9af08fd95,show,HOST
bb249904-8814-4c4d-b698-a6fbb9e4f295,Seth Rogen,HOST,d18899e7-5741-3600-8579-6478051ea1f8,show-podcast,HOST
2453355d-1c18-43ce-930e-11f5751c60bf,Daphne Woolsoncroft,SXM_HOST,7986be5e-ce98-3ef1-9bb9-aa95a1321edf,show-podcast,HOST
77898a4e-18f1-4db5-b0de-24dd415ca7a7,Eric Andre,HOST,835d0445-c276-3b99-8c06-b891d2d8dabe,show-podcast,HOST
1e14beec-5855-4fe5-b5a3-a39a044cbdd4,Jenny Slate,GUEST,cf9c4ca1-87a8-b46c-6ef9-0c6765c7b0cd,show,GUEST
973459ad-9cf6-4c56-aa4f-4b90b7f8c63a,Julia Cunningham,SXM_HOST,2d764fc0-f12f-a869-c9ce-c7c8509b265b,show,HOST
8231c8f9-d2e1-44f7-88ca-674139e0ddf8,Kenny Chesney,ARTIST,11ac4532-0eb6-b2e7-72b9-b4a57b253608,show,PERFORMER
04a16cf8-af4c-4de0-b9ef-f3b7709588a1,Arik Armstead,GUEST,39688183-95ed-3f3e-98f2-29f8edd54c62,show-podcast,HOST
76396ddc-04a8-4e5f-94c0-89dbdd0ba574,Mikey Piff,SXM_HOST,e1177680-4207-40e7-8e01-8ad9885759ac,show,HOST
953f0918-e510-4292-bdbd-2f98a1b77ec2,Jeff Mans,SXM_HOST,d6b91d51-7868-b602-9d14-1ad5c6df92ef,show,HOST
d38bdbed-7461-4022-b6e9-e3a45c74c001,Kevin Frandsen,SXM_HOST,81a7b2a2-dfd3-d3b8-ff2a-e71a66f76932,show,HOST
b257d09d-d750-44ff-bcab-09439ef6acc8,Tom Morello,ARTIST,ca543db0-b9a9-fee2-8dba-e72ff4da9775,show,HOST
ed139028-7a3f-4d0a-99e6-b9c7e22573ec,Tom Papa,ARTIST,e6f4dd8c-3e06-1710-b236-45e2cc92b7b5,show,HOST
cb865a68-42dd-4d28-b75e-7b667aa89673,Andy Cohen,SXM_HOST,df5c45c7-ddf0-c8c8-1483-fd07a06b79ff,show,HOST
39e2db56-2ba1-4ba1-9dfe-ec9b59194033,Hoda Kotb,SXM_HOST,ad9eefd8-690e-5f20-adfd-3ad72f10fa57,show,HOST
63e5ae0e-83fb-4004-89d0-21c6636d2844,Tom Rhodes (Comedian),ARTIST,41c785d9-b245-34d5-8162-308f07021153,show-podcast,HOST
433785f6-c8fe-45fc-add8-7db538d804c6,Tiger Woods,GUEST,adbcd874-9e75-4a2e-7102-620bfe400897,show,HOST
05c6dafd-6b23-4698-b6fc-9b7d5122b841,Dan Bongino,HOST,4c695f31-7b63-f81d-b1de-b3a4e60700e4,show,HOST
b257d09d-d750-44ff-bcab-09439ef6acc8,Tom Morello,ARTIST,7fc226df-86a4-e6b1-b4ef-bc93c7c680d6,show,HOST
e9b0672c-66eb-4d02-9d51-047e44a812af,Mike Krzyzewski,SXM_HOST,0d641ba5-f0df-7246-e488-6422ba4b91ad,show,HOST
1cd67191-8866-483e-a473-3719c96fe736,Bully Ray,SXM_HOST,9289992c-04e8-1af3-1117-ac26a1a3121e,show,HOST
206494da-25d6-433f-94d7-e30c97218560,Andy Richter,SXM_HOST,69d6270f-4fd5-38ba-a4cb-648486dc3471,show-podcast,HOST
bb07b83d-79b6-4d15-8ce9-0e9a970348cf,Israel Salazar,SXM_HOST,1fb50b9d-6a53-c8b3-bd43-dd73ccb0b575,show,HOST
9bc16c63-0a59-475c-ba99-a8ae2d3e148d,Vanessa Bayer,HOST,573dd13e-2b72-3ef6-8728-2dd7a1d50a78,show-podcast,HOST
ae266bdd-7010-4ddf-9284-bc0074098eb7,Avril Lavigne,ARTIST,faeaa4b9-c799-fac2-91e1-ecb1255509ea,show,PERFORMER
77f99c54-f234-4613-bfdf-3b41417c2f76,Tom Segura,ARTIST,9fce34c7-4a85-3e90-8ae3-f11cf67ec14a,show-podcast,HOST
266bf3c5-ad56-454a-81f2-25b93f0dbfd2,Amy Nicholson,HOST,2ec64d2d-3469-3306-99c5-461ca435ab47,show-podcast,HOST
9b76961e-f194-4120-a9f8-fa909b55140b,Jim Norton,SXM_HOST,080721ff-ecee-7ea2-3817-e05b606e1cd2,show,HOST
3922da90-be59-4bb2-a7c0-e23ffccbd8f9,Duran Duran,ARTIST,348ec552-0d3e-bc4f-5591-73541efdba7f,show,HOST
f94af6d7-794c-487d-b9e4-b764240811ee,Rich Davis,SXM_HOST,c353a0ac-0b40-55da-fa53-3d63b95c5b63,show,HOST
01fa3661-792e-42ea-ad4f-eacc5dd56b6d,Ana Marie Cox,HOST,7411305f-f505-39cc-8a64-349786369e8e,show-podcast,HOST
39114cc0-db0d-43fc-bb39-2793c68279d0,Michael Barbaro,HOST,a41fad77-6627-3c23-b347-c41c9b05e86d,show-podcast,HOST
13754410-d934-43d2-a462-56e59a2018f4,Kai Ryssdal,HOST,420e3859-986e-47ad-99ef-1df768cafa12,show,HOST
10251d79-e0fc-4cc7-900f-2cc867136cdd,Bruce Murray,SXM_HOST,14e5fdea-ff19-3404-b0a5-232773e2b3d5,show-podcast,HOST
c7a799c7-18da-4c5b-aa34-c2a0415126af,B.B. King,ARTIST,26daf06b-745e-8774-0129-0cf5943a4a1b,show,PERFORMER
86d2b065-d2a4-48e4-8b4e-1a140e6cdc58,Julie Mason,SXM_HOST,ebde7d12-42c1-9cd7-f107-993a4aec86ab,show,HOST
9fabcaae-ccb0-4901-8d8a-af6d035d69eb,John Hansen,SXM_HOST,20df8b05-0b6f-91dd-2072-3449e43298fa,show,HOST
b9139c1e-5e36-4367-9d6c-b5d37163936a,Rev. Al Sharpton,SXM_HOST,38c78273-b891-48f4-ac60-8e5a10076736,show,HOST
b7b5a874-8976-427c-bd19-052504df827f,Doug Benson,ARTIST,36403f66-5256-322d-8002-74494d14e6cc,show-podcast,HOST
c764b4dc-a877-456e-964d-70de01644a2c,Tom Brady,SXM_HOST,2e58de28-76ac-97b7-7ec3-a84f0ccc25ff,show,HOST
0c8cc8df-c310-4fc1-b991-ddb442a373d7,Martha Higareda,HOST,e55ac988-f066-3f8c-a67b-11eae86678a3,show-podcast,HOST
16d15af0-54ad-4fbb-85e5-6e3af0353a26,Adam Carolla,HOST,04f5e2a2-8f88-3d7c-ba1e-fdc0b43d36f5,show-podcast,HOST
c764b4dc-a877-456e-964d-70de01644a2c,Tom Brady,SXM_HOST,2e58de28-76ac-97b7-7ec3-a84f0ccc25ff,show,HOST
fe66aa77-6ca2-495b-9f8a-470e1c86fbea,Joe Biden,GUEST,35cc8119-90fc-fe23-9c45-3359696ae971,show,GUEST
8ece48bf-d874-4779-8571-b480ec59e465,Alex Cooper,SXM_HOST,ae77c69b-21b3-8d14-6942-e376e62c46fb,show,HOST
05bf4a27-2fbb-4a56-9f1b-acb56178ecb9,Dr. David Sinclair,HOST,a5e2ba23-e31a-332c-a603-0e6aebb37a56,show-podcast,HOST
e9b0672c-66eb-4d02-9d51-047e44a812af,Mike Krzyzewski,SXM_HOST,22f29675-cee4-b704-842c-665c28636af9,show,HOST
973459ad-9cf6-4c56-aa4f-4b90b7f8c63a,Julia Cunningham,SXM_HOST,1d6469ee-e1c9-eeef-2dd4-c69fe4c166e4,show,HOST
77f99c54-f234-4613-bfdf-3b41417c2f76,Tom Segura,ARTIST,fa02583f-690b-37b0-9401-5b3b29c99350,show-podcast,HOST
8d88044e-ea27-4a21-9872-6aa0ea61d933,LeBron James,GUEST,9f45442a-d7af-b25f-54fc-28d459bd3849,show,HOST
20d3ec03-bcad-464e-b28a-84eaea93acc1,Ira Glass,HOST,a2265be4-b4af-3083-a1e9-70f5a3ec7692,show-podcast,HOST
238493ba-01ed-475c-b146-1ab1389a7c19,Al Roker,SXM_HOST,fb2366bc-e6a2-93c6-0282-615a0677610d,show,HOST
72d901ae-8d32-455e-bfea-24bbad2b410e,Alanis Morissette,ARTIST,6c7c5c0f-49d9-0029-b653-d78ef4f0d235,show,HOST
75eb8e53-0bf4-4a44-9ec2-468295e0b8a6,Johnny Knoxville,SXM_HOST,f8fcddaf-b203-4b7f-ae2e-8b540f8e2677,show,HOST
33a671d5-28c3-4140-8013-38f0bd94d503,Maria Shriver,HOST,f63f13a3-7fc9-3bfe-ae31-11ed0319c40e,show-podcast,HOST
0b217687-463c-4ad8-8def-7d327e6b69e8,Will Arnett,HOST,d7316255-680c-316e-982c-8a0347fa3956,show-podcast,HOST
618f3beb-c167-465a-8cf8-89dd68c13230,George Chen,HOST,52c06dac-b0fd-3b4f-bca0-7525f1fcc9c5,show-podcast,HOST
95ffacc4-89f7-4d34-990d-95856aee90b9,Jeff Lewis,SXM_HOST,b676316c-97ee-1d86-accf-0c494091df1d,show,HOST
552331d9-b0d0-4b79-a669-ca2ba561d371,Jack Ingram,ARTIST,db7499cc-1a98-3a7f-b8fd-35ad405910e7,show-podcast,HOST
f038d22c-d34e-4d68-922f-98b8b60c976e,Craig Ferguson,ARTIST,f365ad6a-8dde-3326-9ba6-60e03fc37ea2,show-podcast,HOST
b9557529-188b-4587-82d6-e58b47072b89,Joy Behar,HOST,ae769f1c-946e-3dfc-a911-f3b3cf46136f,show-podcast,HOST
f46b15e7-6e8c-47d4-8258-a211461a3563,Steve Aoki,ARTIST,39d7157d-20c3-15e8-ab88-fc5da73d6ae0,show,HOST
b1eddd40-b8ca-4d6a-a1aa-5088c474106c,Danny Valentino,SXM_HOST,a7ec6f70-54da-a9a1-2791-cb0c3a0260ae,show,HOST
28906609-cd8b-4092-aac8-4f87cefea3d9,Mitchell Whitfield,SXM_HOST,ec9678c8-e225-4239-a735-daea07109309,show,HOST
57894bb7-5837-4234-89a6-4b55ef0b37b6,Pat McAfee,SXM_HOST,e48cc1dc-0f47-38ca-896e-fbac3b414cbb,show-podcast,HOST
e9189f03-c1c9-4d1d-a313-a77094db9324,U2,ARTIST,b4563b07-f8ad-1303-272b-9640965c26ce,show,HOST
c9c3f1d3-1b5a-4a56-8286-fabce6f8c18a,Dave Nemo,SXM_HOST,9aa89d79-5c42-4c9e-9f22-430cf2e505be,show,HOST
5b73b42a-be13-43c5-8caf-5f621b722d14,Billy Idol,ARTIST,bae64b44-79c8-387e-ab1e-e75c6fe58b10,show-podcast,HOST
cb271fc0-0625-4baf-96d9-0345b1647bee,Russell Howard,HOST,ecf8dfbf-d353-3f4f-9ecb-ccfb513a3326,show-podcast,HOST
a1727015-f1db-4a2e-aaa3-886e78cf940a,"Dr. Billy Goldberg, MD",SXM_HOST,98dc7f36-1c83-4647-8414-0c468ebc8688,show,HOST
9a2c5fac-1337-4864-92c8-1bd1f98cd0c3,Ringo Starr,ARTIST,c6462f2d-de41-c4e3-1acd-98f2c8bf4763,show,HOST
cb865a68-42dd-4d28-b75e-7b667aa89673,Andy Cohen,SXM_HOST,4ab9f117-dd8d-5f5b-ae6b-b11c671f94c5,show,HOST
553256ea-a93c-4401-9339-781b29c0db5a,Conan O'Brien,SXM_HOST,7cfe4eb6-db5a-32a9-8ae2-619396f8af33,show,HOST
9d3fb74d-1b38-44f1-9093-d7ae3762f82f,Rabia Chaudry,HOST,4efe1d39-2a1b-3017-b507-fc8ef4f6d6c2,show-podcast,HOST
d486ce37-ce90-44fc-9640-36ad144f34b8,Dan Le Batard,HOST,8e9f9bfb-8824-4f93-aa00-a229a11487bc,show,HOST
b3b81d50-a73a-47cb-8ea5-f8b3b3839239,Steve Harvey,HOST,cc94943c-c8ef-3cc0-b387-6a000d22940f,show-podcast,HOST
3e497ce2-22e3-4266-9d47-85e6caa29e3c,Gioacchino Rossini,ARTIST,0df61bb9-6ddd-2413-41e7-926eadc05e7c,show,HOST
7b3ebb64-6e31-4c0d-ac22-ab51fec19518,Brad Hopkins,SXM_HOST,28889973-af8e-4e71-99fc-c0ae27343326,show,HOST
58cdfc84-25c6-4361-86f3-9dde0207d528,Mark Goodman,SXM_HOST,27bc06ed-78a5-4f9c-fc23-00bc2f940068,show,HOST
4a02b0ae-653c-4569-a312-f5c2b1070e36,Jimi Hendrix,ARTIST,2e32d81f-c107-1749-6761-5663bc3e1fa0,show,PERFORMER
1e51bb63-9b18-44bb-8ff4-f39963999dad,Megyn Kelly,SXM_HOST,0470e354-6b87-30ef-878d-1d59a85aaed9,show-podcast,HOST
184fe930-9b9a-4ad9-af7a-a64f177c0a11,John Legend,ARTIST,5bb137dd-8962-37de-99ee-2af5d0248a8a,show-podcast,HOST
f46b15e7-6e8c-47d4-8258-a211461a3563,Steve Aoki,ARTIST,39d7157d-20c3-15e8-ab88-fc5da73d6ae0,show,HOST
36279c6e-eed1-4430-b149-5af8189da590,Bill Maher,HOST,731c5e91-afa8-3296-a6fa-27ea03723c55,show-podcast,HOST
edd3dd88-1ff0-42e3-8718-b54ea835001d,Michael Smerconish,SXM_HOST,37436d6e-a987-1abd-36f1-4e3beb471bbc,show,HOST
c9e504bc-1238-474c-a648-9dfa5aea2374,Ron Bennington,SXM_HOST,44f0880a-9354-a01b-8937-e4956c3739e5,show,HOST
b224ffae-fe91-4a3b-a024-815fa202b0dd,Chelsea Handler,HOST,cf2622dc-be70-3f4f-91fc-6366428cec4c,show-podcast,HOST
da2ec82f-bda4-49e3-a054-760a0df7214c,Garth Brooks,ARTIST,6a84d4fd-a8fd-91bf-86d0-c7a3c5a40fe1,show,HOST
6dd9f690-ef9a-4dbd-a069-615dcaa25f7f,Michael B,SXM_HOST,f5f0fcb6-818c-e3dc-1722-8d11dd60a0ff,show,HOST
1cd67191-8866-483e-a473-3719c96fe736,Bully Ray,SXM_HOST,4cc509ce-2fb0-3e2c-87b7-de6b61be841d,show-podcast,HOST
b4623b5e-4454-4cf6-932b-0a674dc1615a,Charlamagne Tha God,HOST,8f8ddb14-0198-384d-8f5e-6242677486d9,show-podcast,HOST
b37157de-81cd-436b-9630-515cd6c939ad,Trace Adkins,ARTIST,86354d3a-d250-f03d-3884-f02141c622cf,show,HOST
c93662e5-b5a8-4c81-9e49-b50c20bf352a,Kristine Stone,SXM_HOST,ccb459fe-50be-4dc9-92d6-9649f52ff358,show,HOST
eee8a3f0-c40f-4130-8075-fc07ce9adfb5,Julia Louis-Dreyfus,HOST,19e33e3b-61df-3a57-b79d-a0501a71d8a2,show-podcast,HOST
d040cfe5-c444-4af2-807f-2715141a1651,Hillbilly Jim,SXM_HOST,7c1d8a04-1a7f-46d3-9b8a-c61336ddfe1c,show,HOST
55457c1f-f4b7-4872-8960-ea6a62e5c77f,Foo Fighters,ARTIST,93a16026-2316-09db-1373-2e096167ea55,show,HOST
c859e58b-b062-41e2-baa4-959f1dc4d847,Earle Bailey,SXM_HOST,dc6ba9c4-eadf-4328-a2be-ac583cfd78a6,show,HOST
31a48ebc-2e52-4535-aede-3300de73208d,Aubrey Gordon,HOST,6978eec8-6823-3434-b751-01f569753ca3,show-podcast,HOST
7243f97a-247b-43a6-8e27-f94eba79b2bf,Stephen Dubner,HOST,d1b8240b-91cd-3f52-9f98-a4cf5f9d4416,show-podcast,HOST
02b02f51-3a76-420d-93f0-8008f3d44ff2,Chris Weidman,SXM_HOST,81cc4c74-38d5-d89b-b346-a91bae5018d4,show,HOST
f0fe87af-ea42-47a8-bbbf-61b056c16386,Sophia Kianni,SXM_HOST,e497263b-0e8a-3585-8cba-18b64640c945,show-podcast,HOST
07e0aba0-8159-4641-817b-066f8830c076,Aminatou Sow,HOST,d1d49539-19fc-39a7-8abe-13d69b6efacb,show-podcast,HOST
3765720b-3749-437c-bf9d-0ad8a04c62e1,Bon Jovi,ARTIST,f6a9a982-50cf-b9f1-90ff-624627dd1600,show,HOST
138e597a-b984-4f43-8af0-2aa1e73f759d,Kyle Kinane,ARTIST,ab80e4e7-c115-33cc-a18e-57e7278d1b47,show-podcast,HOST
8a90b97e-bdd3-46bb-98aa-692232222fbd,Buzz Brainard,SXM_HOST,acdef9f1-411c-af9c-a69a-e9113ed1f9d0,show,HOST
c32fd89e-3cee-4839-9249-6aa2fae282af,Matthew Stafford (American football),GUEST,9873e7b8-7507-34d3-8b38-9c3fa65891e1,show-podcast,HOST
64ff8366-1222-466a-bf55-d8b35819201d,George Burns,ARTIST,8e5f7052-7cc3-83a0-a5d6-2d19cc43fd45,show,HOST
d2c4fe11-4719-479d-b229-59083a88d01b,Brad Gillie,SXM_HOST,8fe918c7-0d80-d8a1-339c-570a8f268a4b,show,HOST
39e2db56-2ba1-4ba1-9dfe-ec9b59194033,Hoda Kotb,SXM_HOST,222f4e57-c83c-10db-906c-d9745393c232,show,HOST
291c7147-5282-4749-8433-cad790bd47f8,Phish,ARTIST,533225c4-e6f6-9c1a-d1e7-73eadf75f960,show,HOST
13ecb14a-7dc1-4125-a665-e24036a138bb,LL COOL J,ARTIST,5179e3af-b093-847f-a73f-22fa4fe01a84,show,HOST
5512ac26-532d-4b3a-95c5-b612b35c24cf,Dave LaGreca,SXM_HOST,53657570-9e2a-4c74-b69c-7739625b021e,show,HOST
a6250727-4495-4b99-badd-5931433811d9,Cameron Heyward,GUEST,8d38a770-850d-3e6e-9e4b-f660537538db,show-podcast,HOST
58973865-c476-47f3-9f1b-733fac246df7,Harry Jowsey,HOST,4e52b08f-ebc3-3265-b007-80d6f5d5e17d,show-podcast,HOST
39e2db56-2ba1-4ba1-9dfe-ec9b59194033,Hoda Kotb,SXM_HOST,eafdf19c-c881-b97a-d549-d016caacc363,show,HOST
1d39658e-98be-42fe-938d-a7e87907989d,T. Graham Brown,ARTIST,40547832-9363-c2b4-64cc-93f8c06711e3,show,HOST
3a58a6ee-a25c-42d2-af82-55e854938e1b,Gayle King,SXM_HOST,024a5841-be6c-c600-3556-532a53ea253e,show,HOST
8a784928-8269-4c0b-8468-ccb421239716,Sam Roberts,SXM_HOST,1042b010-3d01-04ea-8edf-c686c95acda1,show,HOST
abeda02f-c342-400e-8d5a-9a4e8651143a,John Roberts,SXM_HOST,2736fcf2-8af0-42f7-b753-8c5881022273,show,HOST
b5aa3c48-e048-4bff-8639-d3bbca000241,John Lennon,ARTIST,459390fc-7532-cf40-3ccd-a6da11b813d2,show,PERFORMER
23d6b91e-5b90-4c4d-9ac0-48c79034beb3,Christopher Russo,SXM_HOST,0634a399-f9a1-2e2e-4678-132ca855bd3b,show,HOST
c7aef8e7-6fc1-49c0-8828-a5029174f6ac,Tommy London,SXM_HOST,13159afb-8b4d-4a7a-a79c-1e285c8bb6cf,show,HOST
8a90b97e-bdd3-46bb-98aa-692232222fbd,Buzz Brainard,SXM_HOST,17eda56f-afb3-ed1a-0092-45f575088e82,show,HOST
0b217687-463c-4ad8-8def-7d327e6b69e8,Will Arnett,HOST,a3c08c83-d23a-6df9-f59e-84b0cca9da0a,show,HOST
dd8409a5-7202-4291-b47f-303fed8f8c2b,Melissa McCarthy,GUEST,7231db5e-a52e-3d28-9cd4-a656cdb16348,show-podcast,PERFORMER
85f6d312-333d-4585-a743-d9c418ec446a,Mark Dominik,SXM_HOST,356cb4b6-d54e-4c75-8a20-01101ca55bad,show,HOST
242c5b0e-6828-4c12-99d4-3e70bbb9e50d,Antonio Daniels,SXM_HOST,39d820d9-ebe6-fb3a-7c4e-290adef92d39,show,HOST
fb842a5f-b045-4381-a5c5-8dde20001d45,Rodney Bingenheimer,HOST,9ab9c4e7-41b8-d383-c525-366f5c4af8f4,show,HOST
b257d09d-d750-44ff-bcab-09439ef6acc8,Tom Morello,ARTIST,6f1da2e5-5685-9a50-baa1-96c118d2abd8,show,HOST
c9e504bc-1238-474c-a648-9dfa5aea2374,Ron Bennington,SXM_HOST,44f0880a-9354-a01b-8937-e4956c3739e5,show,HOST
f31ad9ba-2aef-4eb0-a800-78ded7e3b1be,Shania Twain,ARTIST,81a8a6ad-da6b-0d77-f700-e2fe6ff1836f,show,HOST
658f6435-917a-4ab6-997c-c51f29eaed18,Cameron Jordan,GUEST,c171097f-d5e0-3b57-8b52-2ddbb1327b57,show-podcast,HOST
e853a5b7-aba4-4809-9383-78f33da97568,Jason Davis,SXM_HOST,0b92946a-57d5-e629-bbc6-8a24127e667a,show,HOST
23d6b91e-5b90-4c4d-9ac0-48c79034beb3,Christopher Russo,SXM_HOST,42c95582-83c8-13ce-25b4-f308fa9243f7,show,HOST
1d9054b1-3447-4da9-86f0-270347f2bce7,Paul Finebaum,SXM_HOST,dda543ee-599f-4c80-8d56-0b60698c72c9,show,HOST
5dd6b1d9-99cb-485a-be51-f7236a260ffc,Nina Blackwood,SXM_HOST,8a3d176b-87e9-4600-9f29-53350daca710,show,HOST
5f808812-78ff-42d7-878f-3b0d360fc42f,Mo Rocca,HOST,66476f1a-54ad-3dc4-ab6f-7e2e40ebe866,show-podcast,HOST
b0634235-a142-469a-ba04-c80351ad4238,Trey Wingo,SXM_HOST,502cf29f-dec3-3326-8b30-14e5ef26aa5f,show-podcast,HOST
af260567-9374-4889-8438-7816bf7ab56e,Red Hot Chili Peppers,ARTIST,9a11c70e-850c-5790-094c-6e6ddb80e8be,show,HOST
62470ac9-ce57-4141-8bde-8f007791847c,Jess Cagle,SXM_HOST,a1d3899c-fb77-da22-3974-7b5e95180a4d,show,HOST
5ee3bf3c-abf5-4b90-a78a-c9a94d23c735,David Fricke,SXM_HOST,fc4a9d5a-0e39-a372-a857-b8eaebdfc5eb,show,HOST
4c56e455-ce54-4944-8249-764cb5132e54,Mike Tyson,HOST,d13fe6f2-5299-3278-87f0-1842bae9fa7f,show-podcast,HOST
c6f79647-5ae8-4253-9d97-8a15fac07892,Frank Isola,SXM_HOST,86958740-3176-bf1b-9028-b69eb6739e8b,show,HOST
0f09fbac-05f9-48e1-b0f8-f5453164f1fc,Madison,SXM_HOST,cbacd6f4-17c3-460b-8a97-7d4daeb67547,show,HOST
ef6a2aa9-29b9-42a5-bb5e-3b6c0733e223,Dasha,ARTIST,3bf5edae-9367-4628-6483-f75199388a53,show,HOST
8d4b50f8-d37e-4ebf-905c-5c9f39119234,Barenaked Ladies,ARTIST,d9ebeb03-efdb-deae-2c98-530cea3f002d,show,HOST
f319c835-5ca8-4e64-9ac3-af3fff839c79,Grace O'Malley,SXM_HOST,c07cf514-0072-35a3-8fdd-34752920938c,show-podcast,HOST
291c7147-5282-4749-8433-cad790bd47f8,Phish,ARTIST,1dea9355-10f4-8fa5-f9fa-a447d1e0b9f0,show,HOST
2391c99c-c62d-441a-9089-6dcabbb48d40,Dr. Phil,HOST,19cd3546-9bca-309a-9ef1-9c4544ad9727,show-podcast,HOST
f5a822e1-e05e-4641-b430-0703e685ed61,Eddie Trunk,SXM_HOST,3c057ef0-29e9-6496-0c53-7e1908393a16,show,HOST
d434d92a-61b6-471c-8fb2-f82af6d59afd,Ozzy Osbourne,ARTIST,09e680b3-f762-eb7a-4292-76990c957727,show,HOST
bc8f4bb3-1a10-44bb-aeed-7e8fd47c9549,Terry Gross,SXM_HOST,e8b2b9c5-0adc-438c-87a1-806dd4f0ca9a,show,HOST
a5d6c204-92c4-4037-b603-c77e1b70bb54,Skip Bayless,SXM_HOST,26a5134f-c4d4-387c-91e2-416c253a0e63,show-podcast,HOST
8b8d837b-b278-4eb8-960a-196c6faf8a87,Din Thomas,SXM_HOST,41ca90db-90fc-2d14-0fad-21d5deaa58c1,show,HOST
201da46a-1993-467a-a765-cbf6b4a4553a,Robert Kelly,SXM_HOST,b2f9e172-ffc0-7e10-ea5d-955e85b4f11f,show,HOST
32310951-bd52-4ac4-9350-a1f211e09780,Pam Tillis,ARTIST,f07c515f-a0a2-c33a-4499-c9755061741a,show,HOST
bc21328b-c8b9-46b3-b86c-0df34a6bab13,Chris Jericho,SXM_HOST,03608703-837a-929e-9b3c-b50900ce418c,show,HOST
b3b81d50-a73a-47cb-8ea5-f8b3b3839239,Steve Harvey,HOST,cc94943c-c8ef-3cc0-b387-6a000d22940f,show-podcast,HOST
a9a23ed6-2bf3-486b-85fc-2f9dd822c49f,Guy Raz,SXM_HOST,7303b3d0-2d71-32fa-bfcd-5a248a8cf3cd,show-podcast,HOST
47254fbc-5a59-42af-a0c2-b88504e34853,Manoush Zomorodi,HOST,eaf418f4-6a67-3c61-83dd-6b124acedc6f,show-podcast,HOST
0d015cfa-abd4-482d-847b-80607e68a89a,Bob Buchmann,SXM_HOST,224e0939-4f62-8d3d-c5e3-91617fc84e34,show,HOST
7094ec7e-52ff-4333-a504-7316ffd1acb2,Jim Bowden,SXM_HOST,1852b3ee-c0e8-1730-60f6-d5de04ae99f3,show,HOST
793d02bb-d93b-4ae5-a4e8-ab35610c7f61,Jake Tapper,HOST,455f25f7-740f-3e65-9b7a-62337c48c0b0,show-podcast,HOST
8baec0c0-94e1-4ef3-90ac-2bd18d7a03f4,The Chainsmokers,ARTIST,0e681b37-cecb-ab53-9e05-004c239d283c,show,PERFORMER
5ee3bf3c-abf5-4b90-a78a-c9a94d23c735,David Fricke,SXM_HOST,2cf43bc7-a226-59c8-45bc-9069879ef74d,show,HOST
c28dec72-f5a8-4e18-aae4-cca608eddaf1,Leo Laporte,HOST,ee72e45f-2d23-32fb-a5e2-4a71df8b52cf,show-podcast,HOST
b257d09d-d750-44ff-bcab-09439ef6acc8,Tom Morello,ARTIST,b70fbf0e-bf91-2e1e-310a-47c07958b121,show,HOST
953f0918-e510-4292-bdbd-2f98a1b77ec2,Jeff Mans,SXM_HOST,4df04f95-343d-1a03-7f6c-0914f8161c08,show,HOST
a5caab89-3fd3-4774-b6eb-86787d847981,Mark Levin,SXM_HOST,070b7ca9-c7ec-497b-8ace-4a5f25586487,show,HOST
617331b3-4f87-491d-be8f-701c9aec673c,Woody Harrelson,HOST,65e867ff-7c50-84f2-2310-c90c10e21897,show,HOST
cfb3cdbf-141a-4236-a985-0bd13badd884,Downtown Julie Brown,SXM_HOST,feb18183-b0b7-1a0f-c210-d9ac307f9a12,show,HOST
d434d92a-61b6-471c-8fb2-f82af6d59afd,Ozzy Osbourne,ARTIST,cce5a4cb-a040-d5c3-6f6f-663383df85f9,show,HOST
215fc1af-9508-44d0-a2ad-04192de652c2,Megless Griffin,SXM_HOST,8f2a097b-a5d4-4a78-8054-331242604ad3,show,HOST
db997c4b-66a0-4a4f-95fc-1f13157f4172,Joy Reid,HOST,8d606522-4044-e339-1e6f-5cfc9a006639,show,HOST
0dc8f48c-6785-4738-8bae-8bcbf42beb73,Spyder Harrison,SXM_HOST,f2501dfe-9d93-c619-5315-1486bdfdcbd2,show,HOST
50ba215f-8615-43d9-8fae-a180c1edd6b0,Dorinda Medley,SXM_HOST,af446700-0849-4c32-884e-4c2edae13db6,show,HOST
0290bfbf-422a-4837-8398-9a86ce5aee55,David Spade,HOST,5379c67f-e2c6-3b2e-9798-08f08614cd42,show-podcast,HOST
88678b1c-a036-4907-9845-d9a15e0734e3,Punkie Johnson,ARTIST,ef0888e6-e5d7-352e-bd90-9d0b5828f956,show-podcast,HOST
7243f97a-247b-43a6-8e27-f94eba79b2bf,Stephen Dubner,HOST,a8b212ac-042a-9c8e-7489-410515bfb114,show,HOST
64ad4834-4432-4465-b6be-3825d9e4557b,Tim Harford,HOST,00192cd6-9dc1-3209-b8c8-700dfdea2be3,show-podcast,HOST
291c7147-5282-4749-8433-cad790bd47f8,Phish,ARTIST,4f82ea76-e17f-57d9-7ee0-06b6ca459dee,show,HOST
fd55de60-1629-451a-af22-980caa138c28,Cameron Esposito,HOST,4f512719-982f-37b2-b4ae-6e72264f3c0e,show-podcast,HOST
f0fe87af-ea42-47a8-bbbf-61b056c16386,Sophia Kianni,SXM_HOST,7aef1ea8-6c69-aae0-9cd9-cda9c91b8e89,show,HOST
4d9640d8-35ef-47f7-9fed-fa10d49a4b78,Howard Stern,SXM_HOST,f306b8d3-d0e5-e3d1-e03e-f64adf98a7ac,show,HOST
553256ea-a93c-4401-9339-781b29c0db5a,Conan O'Brien,SXM_HOST,dda7a483-bb47-3d5f-a075-e4d2d4b58117,show-podcast,HOST
30933ec6-d26c-4dd4-9a59-14906cdc7d35,Nicole Ryan,SXM_HOST,b0cb68e6-a901-466b-ac7b-414bf57cd50f,show,HOST
f46b15e7-6e8c-47d4-8258-a211461a3563,Steve Aoki,ARTIST,aa6afd41-9e71-3bfa-40a6-5f7d163cb248,show,HOST
290017fe-2a0c-4ec7-a31f-0bd4aa9c2f0e,Giuseppe Verdi,ARTIST,0e464eab-fcb9-d73c-7eda-60ad51d2c628,show,PERFORMER
fcb2ddf3-5248-4411-b603-9552aa12f2aa,Snoop Dogg,ARTIST,91e52b93-67cd-1f87-3a8b-f709f830839d,show,HOST
576e0cc7-63eb-41e7-88c3-7be1bad19043,Billy Joel,ARTIST,9b802854-9678-f9ac-0f62-259d2dfe1581,show,HOST
68482535-9a25-4411-8286-56ff28e32d8e,Caity Babs,SXM_HOST,4c47af69-97d8-8a66-997b-3565cd3018b1,show,HOST
7e502ad6-83f7-494c-8794-9922090c7e2e,Zach Braff,HOST,58f3432e-bba9-3f5f-8d50-108143871fc7,show-podcast,HOST
86d2b065-d2a4-48e4-8b4e-1a140e6cdc58,Julie Mason,SXM_HOST,e00a1605-7fc1-1a7b-0dca-1d6fab7679d8,show,HOST
6004a941-b264-4583-952b-3640768d1182,Benmont Tench,ARTIST,0aae3507-34d9-0678-1ece-526c94395f49,show,PERFORMER
2b61116f-41f7-44f8-a23e-4f45e5eb56bc,Jon Ronson,HOST,d34a31df-b5a9-3f36-8140-5c3a2fec47cb,show-podcast,HOST
4d9640d8-35ef-47f7-9fed-fa10d49a4b78,Howard Stern,SXM_HOST,3c228958-663f-dda9-390c-939041d7d90d,show,HOST
03ecac8f-d474-4a0c-9638-0dc01a6dbb17,Aimee Mann,ARTIST,e8b7b5a2-3009-387b-aeb9-58b729a65d50,show-podcast,HOST
09414d1c-67e7-4bb3-ac2f-1e8e58769ee0,Penn Badgley,HOST,5c12c60d-00e3-3741-8206-a3439691836f,show-podcast,HOST
5512ac26-532d-4b3a-95c5-b612b35c24cf,Dave LaGreca,SXM_HOST,7dd172b7-268d-475a-a407-641544dfffc5,show,HOST
a87dd7f8-911f-448d-b6b7-c105c12f9a9d,Queen E,SXM_HOST,a49d4273-9305-3918-aa18-3b383c288efa,show-podcast,HOST
4000a0ab-1cff-4d04-af58-ab6b0137e15b,Hannah Kosh,SXM_HOST,5a6b5de3-9098-a28d-9a74-18e459ff54e3,show,HOST
576e0cc7-63eb-41e7-88c3-7be1bad19043,Billy Joel,ARTIST,45ae1d5b-a86c-1163-d607-5da7d5820bcf,show,HOST
76e4b0cc-6c9b-4f26-92af-a88cea2ab182,Steve Covino,SXM_HOST,c4e26421-852a-3967-e5b0-1b64532c97c2,show,HOST
c10e23f3-4bad-4863-8c39-6e181a233e11,Walter Isaacson,SXM_HOST,3b1820b8-ede6-393b-844b-66b5ea0cb502,show-podcast,HOST
b9954a93-72fa-4e76-954e-d233f95de938,Phoebe Judge,HOST,49b9d2f0-686f-3012-9f53-f209c0186af5,show-podcast,HOST
576e0cc7-63eb-41e7-88c3-7be1bad19043,Billy Joel,ARTIST,b565f129-0aca-23b1-b481-aaa9af08fd95,show,HOST
5512ac26-532d-4b3a-95c5-b612b35c24cf,Dave LaGreca,SXM_HOST,7dd172b7-268d-475a-a407-641544dfffc5,show,HOST
80c6ed94-aa0e-4eea-903f-caca627b1cc9,Michelle Beadle,SXM_HOST,d648e1dd-61a5-3121-85cc-f7dc998e476d,show-podcast,HOST
ddca9143-381e-421d-bdfb-b8aa9399356b,Shannon Gunz,SXM_HOST,4fb810de-8116-48da-a015-3f7b7b310f37,show,HOST
332eb9b2-8b6b-4ebd-914c-f9e1f0569c86,Steve Byrne,ARTIST,61023688-72dd-3f01-ba24-97fd821ae048,show-podcast,HOST
47180fae-690d-4651-bace-e65cae420809,Kumail Nanjiani,ARTIST,02e22d96-687e-371f-92e0-6682cb71f640,show-podcast,HOST
f600f325-d107-4306-82e4-e305f9eac062,Joel Osteen,SXM_HOST,046e5973-81f6-45d5-645c-3736e22b5a5b,show,HOST
abeda02f-c342-400e-8d5a-9a4e8651143a,John Roberts,SXM_HOST,659309e1-6820-ce9f-c227-b9ebbe92ef8a,show,HOST
e54c8a99-c2a2-4413-8585-74af75449564,Buddy Miller,ARTIST,567933b9-e618-494d-ba60-0d7f12d6ac31,show,HOST
ae29d90b-e23f-4ed4-9c32-d1e14dffe306,FINNEAS,ARTIST,3ff29edd-711e-ec5b-1bc8-d6dddddd2487,show,PERFORMER
99ec4e2e-e4ab-4bef-8079-90b9275187ef,Rachel Maddow,SXM_HOST,4724d9ac-890a-3385-aaac-2e5f06602a7a,show-podcast,HOST
403d927c-4fa7-4262-abf2-4405e7b1c66b,Dan Patrick,SXM_HOST,baa2b7e7-de0d-466b-92f3-0c2baf9ba7e7,show,HOST
69502de6-9ab3-43a2-93f4-4cd2fd8977c9,Pat Kirwan,SXM_HOST,6393817d-60e4-4d7d-9cfb-d30b18633334,show,HOST
de86d2cd-4232-41f7-98da-a78dbdb7ae54,Malcolm Gladwell,HOST,3141262b-62ed-357c-96fb-53dd4eb058e9,show-podcast,HOST
0b217687-463c-4ad8-8def-7d327e6b69e8,Will Arnett,HOST,40adc29b-d29b-edda-a76b-f02c2184d255,show,HOST
eb92040a-3515-4493-a6b8-b11878041063,Adam Conover,HOST,42f6abab-0c1a-3d5e-bf71-be04f5a5f935,show-podcast,HOST
3e497ce2-22e3-4266-9d47-85e6caa29e3c,Gioacchino Rossini,ARTIST,2af8fa70-94e8-e540-1742-dc72befd454f,show,HOST
029e4d59-e529-4cc7-a648-a224c7207ced,Sean Hannity,SXM_HOST,52120629-1787-36f3-85e9-f07242af4952,show-podcast,HOST
0569f167-eeb9-4d5d-b0f5-99d5823b41e0,Robert Plant,ARTIST,bce7ab2d-dd6d-3385-82ad-ae5b9eb50fd9,show-podcast,HOST
79507419-9d74-4c8c-8a43-0e5346f4216d,Jesse Thorn,SXM_HOST,51dcc75a-bbf3-3e86-454e-384af8cef9be,show,HOST
de86d2cd-4232-41f7-98da-a78dbdb7ae54,Malcolm Gladwell,HOST,9c293186-2a98-310f-a4ae-539b89c0d59e,show-podcast,HOST
aa466c80-47c3-4a6f-b5ba-86e9f60c8463,John Clare,SXM_HOST,c172d595-1404-ba40-1e2c-3e3608fa2d13,show,HOST
5ee3bf3c-abf5-4b90-a78a-c9a94d23c735,David Fricke,SXM_HOST,c5cf5cc7-b7b8-8cb4-199c-20c755913a96,show,HOST
44255e59-66d3-4fab-a296-f53af6a0296e,Jason Kelce,HOST,540d5faa-236d-34f1-8878-9bec5e6b1e3f,show-podcast,HOST
294a7669-407b-44f9-ab88-b84290d5038f,Rachel Friedman,SXM_HOST,9b6e9f8d-16db-f198-8497-7bf957d949f2,show,HOST
766a8927-8d96-424c-815f-42e6dda89696,Dolly Parton,ARTIST,cca8ff8e-abd7-3ef2-8dd8-73ab658cfa66,show-podcast,GUEST
290017fe-2a0c-4ec7-a31f-0bd4aa9c2f0e,Giuseppe Verdi,ARTIST,2dc4eb56-3746-2e3d-1b77-0a72ebe44ad9,show,PERFORMER
7804ae9e-2188-40be-86de-92f54f5f5a0f,Morning Mash Up,SXM_HOST,db1924a4-0461-d111-2d1d-2e9070916d02,show,HOST
f09a27b9-0883-475d-bdf8-a79ba2b3c412,Ben Hartsock,GUEST,ac2bcb3d-4fe5-3227-5599-8951e495756c,show,HOST
3117a64f-4df3-4e62-9e27-8e638b41945a,Jad Abumrad,HOST,cca8ff8e-abd7-3ef2-8dd8-73ab658cfa66,show-podcast,HOST
9c81b45d-3e15-4fce-8a45-f9a515ee1bcc,Lisa Ann,SXM_HOST,4b80d138-82b4-5972-e05f-2d33b896be44,show,HOST
1cd67191-8866-483e-a473-3719c96fe736,Bully Ray,SXM_HOST,3bcf5595-380b-af4e-f2e5-b6aef314687b,show,HOST
6983bdb1-003a-4aae-a304-bd5fac212bfa,Nicole Byer,HOST,f7e3ac74-5c3b-31b0-80cf-acda6f98dd1a,show-podcast,HOST
bc8f4bb3-1a10-44bb-aeed-7e8fd47c9549,Terry Gross,SXM_HOST,a466ff49-41e6-4a49-b243-d9b114da6df2,show,HOST
23d6b91e-5b90-4c4d-9ac0-48c79034beb3,Christopher Russo,SXM_HOST,65027c19-89cd-9978-4e20-224f9c5828dd,show,HOST
9b77e4e6-b65e-47be-a537-3526fab35a37,Tony Fly & Symon,SXM_HOST,5db586d9-4c05-a7fb-396b-5512a8f601b6,show,HOST
a5d6c204-92c4-4037-b603-c77e1b70bb54,Skip Bayless,SXM_HOST,65ad5021-6a32-11d8-c0ba-fc1fbad653f6,show,HOST
9a2c5fac-1337-4864-92c8-1bd1f98cd0c3,Ringo Starr,ARTIST,c6462f2d-de41-c4e3-1acd-98f2c8bf4763,show,HOST
3c747960-f4e9-43af-a054-fe5a310252f8,Bob Hope,ARTIST,059de9ea-8ef7-89f1-9faa-f5442fdbc0f5,show,HOST
91f502e4-6bd9-44e0-9da0-bacd07b3ecbe,Bono,ARTIST,3df27c79-ad5f-d24f-3d66-161b79c28cbe,show,HOST
858315ca-2f16-42d5-9bd6-c3da2dc80133,Dylan Thuras,HOST,efdba964-3b56-3693-ab4a-376f84a5c86b,show-podcast,HOST
c5fa7c95-9e4d-42bc-8037-0b77da10f244,Switchfoot,ARTIST,2a79028a-131a-3c36-bd12-418a4c912456,show,PERFORMER
efdf31e3-e321-473a-8abd-8ab6dd15e58a,Cardinal Dolan,SXM_HOST,57210e5b-3ae9-48b5-9bc7-ba5dd849682b,show,HOST
67390169-c16a-459b-ab99-bf591c4b1777,Jon Lovett,SXM_HOST,70cff2e7-3e60-36f9-b362-4089517abfd7,show-podcast,HOST
64ad4834-4432-4465-b6be-3825d9e4557b,Tim Harford,HOST,8301a2bf-28ab-43bb-9f3a-c9c074ed518f,show,HOST
04a2b1d3-2186-4172-bee6-38fba295811b,Bill Flanagan,GUEST,6690551d-f60d-d87a-965a-63d1e633c2b2,show,HOST
0f09fbac-05f9-48e1-b0f8-f5453164f1fc,Madison,SXM_HOST,ae192c53-c2a1-4ad9-88ca-a91bd04b349b,show,HOST
bc029f26-105c-453d-ba74-30d1d2e0d4a8,Richard Blade,SXM_HOST,93f598c4-5f66-77ec-f9d5-071d9b88a495,show,HOST
c7aef8e7-6fc1-49c0-8828-a5029174f6ac,Tommy London,SXM_HOST,fc4c7205-4b8f-c914-d8f2-64991b770ef6,show,HOST
ac6a811a-200b-4340-8f24-bbf698d7ed1b,Jon Bon Jovi,ARTIST,e7e0eaf5-85ce-3e53-a3c3-36bcdc33f023,show,GUEST
74ab0164-5325-4ab9-a802-5b5062ff642c,Karen Hunter,SXM_HOST,c40bd4f1-569c-77ee-c7fc-14aa939d9949,show,HOST
9b76961e-f194-4120-a9f8-fa909b55140b,Jim Norton,SXM_HOST,0589c2ac-cec9-3fcb-a363-214138d95b7e,show-podcast,HOST
f20bdae0-a211-47f0-892f-25efae8a6f2d,Keke Palmer,HOST,38835851-9d39-3e8f-b492-a909960502f7,show-podcast,HOST
31ca9413-5fea-4d8c-a89f-27bf717aba11,Amelie Lens,ARTIST,f2c5691b-5fe5-2272-1940-c31dc7af3df0,show,HOST
b636d1ea-b694-4908-ad9f-645bc0a61f9c,Peter Sagal,HOST,9a185b79-4048-4aa0-8165-75562748a312,show,HOST
0c59ae82-fc03-4d35-9b71-dc558fe4b061,Talent (Comedy),ARTIST,be088caf-10ef-3ebe-a69c-dbe724756330,show-podcast,HOST
4d9640d8-35ef-47f7-9fed-fa10d49a4b78,Howard Stern,SXM_HOST,c671f031-5194-96dc-368e-9eca6daf7f5c,show,HOST
b9954a93-72fa-4e76-954e-d233f95de938,Phoebe Judge,HOST,0f96dbba-759a-3046-baa1-ae60225f726b,show-podcast,HOST
6f3633bc-72e5-4193-9d88-7b3541c127af,Steve Phillips,SXM_HOST,35da3623-de6f-6d00-8321-cf26f5f0418e,show,HOST
cb865a68-42dd-4d28-b75e-7b667aa89673,Andy Cohen,SXM_HOST,94333a54-027c-dd2e-7f56-6be63dccc7fa,show,HOST
93022d54-6345-4f83-8186-44677f9b4188,David Remnick,HOST,b69e4006-9048-343f-9725-203cbfb707f5,show-podcast,HOST
242b2ce6-8126-4333-baf6-0c4ec546d5a5,Jimmy Jam,ARTIST,0dc5d7be-2c02-332f-477e-66a2e9b8768a,show,HOST
68dcbb92-d161-4edf-83a1-a058c224aba5,Lola Blanc,ARTIST,986997bc-97c2-378b-bc30-cce9b9d4fd52,show-podcast,HOST
201da46a-1993-467a-a765-cbf6b4a4553a,Robert Kelly,SXM_HOST,e8b70d6b-b129-31b4-84f3-4a0825f52842,show-podcast,HOST
1a2132b2-24ca-4f2b-b42a-cd2b4ba6c431,Sway Calloway,SXM_HOST,2679dff6-adf7-485c-a89e-cc538f7d27ca,show,HOST
c859e58b-b062-41e2-baa4-959f1dc4d847,Earle Bailey,SXM_HOST,cad21bc4-a8ce-22f1-76b1-bf91932a99a2,show,HOST
09f1080d-c6c7-4f89-8480-241a622657c8,The Lonely Island,ARTIST,38b8c56e-c0d5-3ef4-85d9-9ae4592d934c,show-podcast,HOST
480275e7-e779-4351-9ddc-40d5a1493d74,Angela Yee,HOST,8f8ddb14-0198-384d-8f5e-6242677486d9,show-podcast,HOST
c0beb142-2a06-4e7a-9e2d-32a27775051f,Mike Pesca,HOST,ec8490c1-2e2b-34a8-9de2-015069ee466d,show-podcast,HOST
4704faf8-123e-4070-859d-4bcf2005f71a,Andrew Schulz,ARTIST,cd404112-95e0-3040-9dde-1147f8b4c7a9,show-podcast,HOST
3090e283-a81e-4552-bdb0-b9d1c7ffbf55,The Sklar Brothers,ARTIST,594d56e4-ddaa-337f-9f79-60bc54ee0acd,show-podcast,HOST
36822f76-672f-4559-a033-fbb47f996910,Jesse Watters,HOST,8e69f3a4-fdea-3bc5-b31e-bfef7eccdb52,show-podcast,HOST
6983bdb1-003a-4aae-a304-bd5fac212bfa,Nicole Byer,HOST,ef6bb68b-776d-3079-ac9b-efe36577b5e6,show-podcast,HOST
66e025f8-96cd-4ac1-88e7-3fcd2bfca944,Michael Knowles,HOST,044dc662-ae88-3a6f-aeb1-102c727e4e7a,show-podcast,HOST
1e9b050f-6989-4afe-88fd-3829597ee32c,Måneskin,ARTIST,02e6c3c4-c6c1-cf8f-4c4a-e5861226573c,show,PERFORMER
b617a8b0-758e-4b6d-908f-35066d5745fa,Marshawn Lynch,GUEST,96b70bfc-c9df-35e6-9a37-eb1616ac5fed,show-podcast,HOST
e88572e7-0260-4b06-9baa-e50c46f5dc25,Oprah Winfrey,HOST,120938c0-2de8-3336-96ad-add458dd8a53,show-podcast,HOST
99ec4e2e-e4ab-4bef-8079-90b9275187ef,Rachel Maddow,SXM_HOST,a927d4c5-f266-326b-97cd-895fc0e9e946,show-podcast,HOST
1a2132b2-24ca-4f2b-b42a-cd2b4ba6c431,Sway Calloway,SXM_HOST,5ae7f3ea-78fc-07a6-faaa-aa6d3c8a6dd2,show,HOST
1526a17b-b04b-4631-b2b2-2c024d213993,Lawrence O'Donnell,HOST,9a622d08-0ab6-39f7-8093-c1466affb904,show-podcast,HOST
5314100e-2a6a-423e-ac37-2648feb24413,Bert Kreischer,HOST,f48d4fe2-76d0-3a32-9824-48a83281046d,show-podcast,HOST
6d3cd053-1976-407c-8bb6-cdccfc220098,Willie Geist,SXM_HOST,f70fb7a0-8741-339f-a3e5-fc66283369ef,show-podcast,HOST
45d2477e-ccad-41e4-bd7a-cd094b19a83f,Adam Scott,HOST,e38f98ce-bf0b-30fc-86e7-473788a261f1,show-podcast,HOST
4b2fc2e5-fdab-44da-bb4c-cab8456b0498,Ted Danson,HOST,bc310d10-542b-36da-898d-5a5c77bc2322,show-podcast,HOST
f8fc800a-5376-4030-a39b-c4f3187a83f8,Jim Ladd,SXM_HOST,c5fa4257-bf8d-4761-99b1-fdbd868baa6d,show,HOST
a0415525-8924-4317-9544-33b469a100d8,Thom Hartmann,SXM_HOST,ae5d4d94-106a-49a2-839f-06fc16b28664,show,HOST
45c358f8-0250-429e-a03a-5334bbe3ed49,Bonnie Tyler,ARTIST,7f617296-2c7c-dff8-330b-d49f40c7de7b,show,HOST
23d6b91e-5b90-4c4d-9ac0-48c79034beb3,Christopher Russo,SXM_HOST,aba9967a-d062-1163-c77e-d7a3fa4287ae,show,HOST
53f5361f-57aa-49ab-b18b-927333be57aa,Marty Smith,SXM_HOST,c36fef2c-b51c-02e1-27ca-aaced2867c79,show,HOST
88678b1c-a036-4907-9845-d9a15e0734e3,Punkie Johnson,ARTIST,ef0888e6-e5d7-352e-bd90-9d0b5828f956,show-podcast,HOST
c5516705-2802-4a01-8f67-425274548f97,Joe Elliott,SXM_HOST,baa93bd1-3d8d-763d-8d51-a76de59ddff9,show,HOST
74be0973-90ce-47da-823f-723c1f32ce35,Emily Morse,HOST,6eff143f-fe34-35fc-9f91-e2a1ab3ec50a,show-podcast,HOST
8359e07f-dc79-490b-8b42-e81350b497f5,Ne-Yo,ARTIST,0131a219-c947-471e-3744-fb0dcd5d17e9,show,HOST
b58783fd-e356-409b-9703-737406784c13,Shotgun Tom Kelly,SXM_HOST,277cc0fa-44d4-bd21-56cc-25375b26cd2d,show,HOST
1d092068-0924-4107-b446-7533447a97d9,Jeff Foxworthy,SXM_HOST,b22140b0-3c25-6800-4f47-dba09fa2a72f,show,HOST
55457c1f-f4b7-4872-8960-ea6a62e5c77f,Foo Fighters,ARTIST,d14a307f-d01c-ded8-2811-bf3c93e12283,show,HOST
f5a822e1-e05e-4641-b430-0703e685ed61,Eddie Trunk,SXM_HOST,d03b40d3-158f-c2ea-d7e1-eb0105fa3081,show,HOST
4590fc71-e8f9-4865-a782-5282656c8237,Big Jay Oakerson,SXM_HOST,e6f4dd8c-3e06-1710-b236-45e2cc92b7b5,show,HOST
789e9d24-383c-418d-85c9-8b41ff70c841,Joel Osteen Ministry,ARTIST,6bf95307-abae-a9f1-f6fc-219e2c324f92,show,HOST
a5caab89-3fd3-4774-b6eb-86787d847981,Mark Levin,SXM_HOST,a812dbef-a734-48f3-99f3-0a1284ce7575,show,HOST
97a98a10-bbe5-4eca-9668-e0ab2addc6f1,Adam Ray,HOST,471272e4-f70c-3386-80f9-007a454a3c4c,show-podcast,HOST
06f07f95-1c9a-4c5e-b662-ae55c0099872,Joe Madison,SXM_HOST,0469a9b1-fd7d-4257-ab28-f76acc8fa2aa,show,HOST
95ffacc4-89f7-4d34-990d-95856aee90b9,Jeff Lewis,SXM_HOST,ece71f38-6fa8-b930-5e82-d2f2e1a0685b,show,HOST
0f09fbac-05f9-48e1-b0f8-f5453164f1fc,Madison,SXM_HOST,cbacd6f4-17c3-460b-8a97-7d4daeb67547,show,HOST
34e23569-6cd1-4560-949d-7b62f1d501df,Dan Cummins,ARTIST,974b7323-a97f-326f-aad9-d2049e1f6729,show-podcast,HOST
238493ba-01ed-475c-b146-1ab1389a7c19,Al Roker,SXM_HOST,e64314c9-05a0-4802-38b6-8899427fd652,show,HOST
a857750b-1a36-4ecf-ba94-1a886226ce11,Amanda Seales,SXM_HOST,7c5587b4-e0a0-36c9-af95-b73ed3e7777b,show-podcast,HOST
553256ea-a93c-4401-9339-781b29c0db5a,Conan O'Brien,SXM_HOST,25ec0905-77fc-e414-11f4-4cde752566be,show,HOST
a0448198-836e-4f29-8da9-78a69a88aa9b,D.L. Hughley,ARTIST,d2660d24-5c75-33fb-919f-62df2350715d,show-podcast,HOST
6989a235-e8d9-4644-81a1-73df761f3fc9,Bruce Springsteen,ARTIST,cf8b424d-cd0d-7b43-8567-16e7039abede,show,HOST
2a432919-925e-4557-b3c6-e945ba58029e,Alan Light,SXM_HOST,8d5e1261-d8f4-855a-9f76-a3733d314d01,show,HOST
3177a68b-d4e6-4976-a1f4-f741523ff78f,Kevin Hart,SXM_HOST,737f5e8d-3e7b-a152-beb4-130bde4f4c49,show,HOST
b8ec5ff3-376d-43c9-a492-1b2f27ff0acf,Brian Posehn,ARTIST,041e6024-9cd5-38cf-98b4-e500e42b308c,show-podcast,PERFORMER
f600f325-d107-4306-82e4-e305f9eac062,Joel Osteen,SXM_HOST,6c1a1c59-91a7-8b22-ad44-2198974993b8,show,HOST
e1468bf7-aab8-4f4b-91cf-261102a4d0cc,Dylan Marron,HOST,c4f6895a-fbc9-397c-9da3-f9e058f60d94,show-podcast,HOST
2433504e-7e23-4278-9d43-81a3bac98d71,Merlin Mann,HOST,ec71e5d7-bba4-3ee2-bad0-75d368fdb4c6,show-podcast,HOST
829db8a4-90ad-4284-abc6-697ec1503e22,Stanley T,SXM_HOST,e174effd-314e-0ad5-3c1f-fdebd5942fb8,show,HOST
5512ac26-532d-4b3a-95c5-b612b35c24cf,Dave LaGreca,SXM_HOST,9ee1e6db-a5aa-31ae-bb1e-7d32edcb47bf,show-podcast,HOST
2a432919-925e-4557-b3c6-e945ba58029e,Alan Light,SXM_HOST,7c44720e-ca67-02f9-ee30-b8a2fb989488,show,HOST
5db0a8e3-28a8-46f2-83ab-1ee098cdf7f0,Jon Morosi,SXM_HOST,490819d3-27d6-3f6a-9ef3-b7f03cea4fa1,show-podcast,HOST
e9189f03-c1c9-4d1d-a313-a77094db9324,U2,ARTIST,b4563b07-f8ad-1303-272b-9640965c26ce,show,HOST
8368bc23-8bc2-4021-bc1b-6b9b6387d685,Kara Swisher,HOST,3910c073-9d4d-36c6-81d3-bd70eecc63c0,show-podcast,HOST
5ef375d7-ee0e-4de2-82e2-1a1a43790f43,Carrie Underwood,ARTIST,85e6e993-1e68-eeba-8edf-5e0d7b61b9a1,show,PERFORMER
04a2b1d3-2186-4172-bee6-38fba295811b,Bill Flanagan,GUEST,5784cc8a-9f76-42a5-ddc0-f951cd8d84a5,show,HOST
2808c306-e53b-4192-9f27-f13ac6318127,Bill Belichick,GUEST,f15c489c-9f8e-88a8-94e2-97e425452fe7,show,HOST
86d2b065-d2a4-48e4-8b4e-1a140e6cdc58,Julie Mason,SXM_HOST,e00a1605-7fc1-1a7b-0dca-1d6fab7679d8,show,HOST
b6489152-bdaf-4a8f-9ff2-0dd2d86bdf7b,JoJo Siwa,ARTIST,e3cf9339-8de0-33b5-92c5-e6a75700bb17,show-podcast,HOST
206494da-25d6-433f-94d7-e30c97218560,Andy Richter,SXM_HOST,69d6270f-4fd5-38ba-a4cb-648486dc3471,show-podcast,HOST
1adb688b-cd86-4ed3-ad93-193ad3c82bc2,Scott Aukerman,HOST,9082384a-69be-34de-a817-0c0e6aaab2e4,show-podcast,HOST
f600f325-d107-4306-82e4-e305f9eac062,Joel Osteen,SXM_HOST,0db6975d-a06b-7dea-a489-606207d9f537,show,HOST
8b226596-16eb-4ae2-b0c5-61db4c363e8d,Bill Burr,ARTIST,185b6512-42a7-3d84-875f-7c309a268c75,show-podcast,HOST
f600f325-d107-4306-82e4-e305f9eac062,Joel Osteen,SXM_HOST,c085d2e9-f7f7-4420-e71d-90c7bb5783ae,show,HOST
973459ad-9cf6-4c56-aa4f-4b90b7f8c63a,Julia Cunningham,SXM_HOST,659b01e4-810e-af24-326e-df57046da19a,show,HOST
62470ac9-ce57-4141-8bde-8f007791847c,Jess Cagle,SXM_HOST,a38cb6bc-19ea-f7bd-0e35-3cf56f031ab1,show,HOST
ed2c65f6-6bf8-423e-92dc-b87e7417743b,Rich Eisen,SXM_HOST,6f16cd03-c68a-3408-98b6-a5b7306473fb,show-podcast,HOST
43b1b6a8-e907-4d5a-b462-f9cb05fcd0f7,Phil Vassar,ARTIST,f2afc9b1-4866-372e-96d9-ee8376147222,show-podcast,HOST
8f2338d5-e63a-4f05-8405-8a7e0fe0be2d,Tommy Vietor,SXM_HOST,f8b53ad2-8ef0-b5ac-944a-2354733024af,show,HOST
3177a68b-d4e6-4976-a1f4-f741523ff78f,Kevin Hart,SXM_HOST,25736c38-3fce-deab-a7a3-a4cd8a5dbff7,show,HOST
aadb25be-45ee-4639-86e5-9aa0da776eb6,Amy Poehler,HOST,a1af2c17-77a2-39bd-9ce9-b46c97c079a9,show-podcast,PERFORMER
edd3dd88-1ff0-42e3-8718-b54ea835001d,Michael Smerconish,SXM_HOST,58964f9f-624f-309e-a168-b274ed302a09,show-podcast,HOST
30f2b5f0-f16e-47e8-befa-f27de7782df3,Amir Blumenfeld,HOST,f4ed73ac-5e09-3ed3-90a6-5c7799cd3852,show-podcast,HOST
6d3cd053-1976-407c-8bb6-cdccfc220098,Willie Geist,SXM_HOST,8424f5ce-5f27-32db-83c5-444ef2173024,show-podcast,HOST
58cdfc84-25c6-4361-86f3-9dde0207d528,Mark Goodman,SXM_HOST,6408d2ca-a766-60ee-242e-886f8999d63f,show,HOST
0418067a-ca12-4c48-afe9-bbc26107c639,Eric McCormack,HOST,277e8888-c1ae-313a-875e-96e8bd9f44d7,show-podcast,HOST
0b6be586-e5f5-4afc-ac52-3b15365a7651,Lulu Miller,HOST,a44421e0-f3cb-36dd-8c3b-f86479c1f35a,show-podcast,HOST
e4ed5636-1395-4187-8121-8050160157de,Jenny Eliscu,SXM_HOST,13fdc598-aa88-44dc-bb87-b703fde8578b,show,HOST
0fb5eb70-b47a-4404-b29c-6ef1f66b6943,Steve Earle,ARTIST,981b655f-1ae8-4faa-a726-774f59117f74,show,HOST
88fa2cf8-aea0-4597-801f-a75a7964e3a4,Jim Daly,SXM_HOST,ebf0756b-e5a8-3af6-9515-3128fadb0b90,show-podcast,HOST
c859e58b-b062-41e2-baa4-959f1dc4d847,Earle Bailey,SXM_HOST,72b0f093-9d7d-429b-97ce-829fa987446b,show,HOST
576e0cc7-63eb-41e7-88c3-7be1bad19043,Billy Joel,ARTIST,a322ace2-6a25-b7c7-9d94-5a6396400282,show,HOST
8a784928-8269-4c0b-8468-ccb421239716,Sam Roberts,SXM_HOST,4eb8ebcb-1667-242d-8437-c868f76fc9f1,show,HOST
a1399080-0c9f-4c21-92b4-8cc9cdeedf62,Danielle Peck,ARTIST,2cdbfa58-fd00-7920-c915-b4c66113a6b2,show,HOST
f09a27b9-0883-475d-bdf8-a79ba2b3c412,Ben Hartsock,GUEST,cfda84b5-c90d-4dff-8a73-331226bc7201,show,HOST
4b3cf73e-bd53-47eb-91a0-65cb9aa97fab,Katie Couric,HOST,229272b6-c6fa-36a2-b419-0119a4865e44,show-podcast,HOST
52c29f3c-a3de-45df-ba5c-8646b32bac3c,Tim Walz,GUEST,ba23b7ca-9a48-e84d-9b3a-7d5861d15f8f,show,GUEST
553256ea-a93c-4401-9339-781b29c0db5a,Conan O'Brien,SXM_HOST,d7834655-f235-08cd-e945-8f9e073a2664,show,HOST
f600f325-d107-4306-82e4-e305f9eac062,Joel Osteen,SXM_HOST,5a4e6963-8127-875c-9796-9d36dda5e96c,show,HOST
58cdfc84-25c6-4361-86f3-9dde0207d528,Mark Goodman,SXM_HOST,8a3d176b-87e9-4600-9f29-53350daca710,show,HOST
20a9dab0-b4ef-4c40-8552-ae90dedde8fb,Laci Mosley,HOST,b0091ebb-50ea-3f66-a738-04a9c60c9d21,show-podcast,HOST
34234f68-f46a-4a93-bc17-b613a8898ffb,Jose Mangin,SXM_HOST,4ec4ed36-1d3c-b638-cc60-49309b9b3f0c,show,HOST
0b217687-463c-4ad8-8def-7d327e6b69e8,Will Arnett,HOST,82534c7b-09dd-3813-16f4-ac33de3c659b,show,HOST
4d9640d8-35ef-47f7-9fed-fa10d49a4b78,Howard Stern,SXM_HOST,872f3487-26d2-af2e-787f-6bf016663ab9,show,HOST
238493ba-01ed-475c-b146-1ab1389a7c19,Al Roker,SXM_HOST,2e1b2d2c-e6ff-d025-73d7-f80b86699331,show,HOST
abeda02f-c342-400e-8d5a-9a4e8651143a,John Roberts,SXM_HOST,c72642d2-587c-4e15-8863-878b7b23870e,show,HOST
238493ba-01ed-475c-b146-1ab1389a7c19,Al Roker,SXM_HOST,8e8dc742-554b-375d-b572-c6bd747fc814,show-podcast,HOST
f600f325-d107-4306-82e4-e305f9eac062,Joel Osteen,SXM_HOST,9b9cdc8e-9534-312b-b82e-3b9be4060d77,show-podcast,HOST
795bcdcf-1950-4427-87a8-a5ffd4e4e424,Simon Le Bon,SXM_HOST,348ec552-0d3e-bc4f-5591-73541efdba7f,show,HOST
cb865a68-42dd-4d28-b75e-7b667aa89673,Andy Cohen,SXM_HOST,265d722e-7caa-5779-bf79-4c7ecc68e109,show,HOST
4656512c-482b-4581-b668-410afd387f3d,Frank Sinatra,ARTIST,688bbb31-7e05-84e1-134c-8d3b758f6094,show,HOST
908eea34-36b5-49c8-a30c-e5af9e11de46,Wolfgang Van Halen,SXM_HOST,b25a95b6-d83d-fcdd-8ea8-d3fd023b63f1,show,HOST
49c48b39-ea4e-4af6-8b14-042760ad346f,Mina SayWhat,SXM_HOST,24d8ea11-e875-8070-d339-ef88bbd7f592,show,HOST
908eea34-36b5-49c8-a30c-e5af9e11de46,Wolfgang Van Halen,SXM_HOST,c6597996-4dd3-0129-866c-af75f633ca2b,show,HOST
f8fc800a-5376-4030-a39b-c4f3187a83f8,Jim Ladd,SXM_HOST,c5fa4257-bf8d-4761-99b1-fdbd868baa6d,show,HOST
5ee3bf3c-abf5-4b90-a78a-c9a94d23c735,David Fricke,SXM_HOST,2cf43bc7-a226-59c8-45bc-9069879ef74d,show,HOST
b3b81d50-a73a-47cb-8ea5-f8b3b3839239,Steve Harvey,HOST,177c0992-a2dc-3209-94dc-c9b52a48e446,show-podcast,HOST
2835625e-b40c-4c35-92be-ea9d2f11d638,Jamie Loftus,HOST,dccf0ae2-f70f-3102-bbba-21ebb2c1d748,show-podcast,HOST
0a60285c-d0e1-426e-8b0e-7ee23a00672c,Torae,SXM_HOST,570417a1-1ade-b291-f510-aa315b8545c4,show,HOST
fffc9020-0cf2-43bf-8fad-83da7c2c4db1,Buck Sexton,HOST,67ca5e06-70e7-3207-9309-b41d365e56fc,show-podcast,HOST
a0f6b3c7-a4f4-4d4f-9b95-8ecd6dbe25a8,Ed Sheeran,ARTIST,185820fb-079e-33f5-87b7-46cd3bb2ed53,show,GUEST
576e0cc7-63eb-41e7-88c3-7be1bad19043,Billy Joel,ARTIST,7265b5d4-7d88-6bdb-d5c3-c0e13486ceae,show,HOST
4c3f9136-a869-4381-945a-054faff69ef3,Pearl Jam,ARTIST,5efd93ba-1d67-ff4a-4815-3190970435b6,show,PERFORMER
553256ea-a93c-4401-9339-781b29c0db5a,Conan O'Brien,SXM_HOST,dda7a483-bb47-3d5f-a075-e4d2d4b58117,show-podcast,HOST
b1eddd40-b8ca-4d6a-a1aa-5088c474106c,Danny Valentino,SXM_HOST,d2c19cc4-cb94-85dd-40f3-82e22885c32c,show,HOST
13ecb14a-7dc1-4125-a665-e24036a138bb,LL COOL J,ARTIST,5179e3af-b093-847f-a73f-22fa4fe01a84,show,HOST
b877e132-2220-4e4a-b242-f7d1e4cae021,Selena Gomez,ARTIST,e040b2f3-e0e8-333c-134c-a12ec4d876d2,show,HOST
a19f8f56-768c-49fd-a553-7dcc49edac7f,Jason Gray,SXM_HOST,bf9950a1-90fd-246c-4b6a-f8732e87123e,show,HOST
21798dc1-3e87-4e39-8075-c2efadde4cfa,John Fugelsang,SXM_HOST,15343f0b-11fa-81af-9cd0-42ea706439a5,show,HOST
1a2132b2-24ca-4f2b-b42a-cd2b4ba6c431,Sway Calloway,SXM_HOST,346252cd-cd6a-9ec0-f96e-6504aae40317,show,HOST
cb865a68-42dd-4d28-b75e-7b667aa89673,Andy Cohen,SXM_HOST,9ce2456b-4db1-d7c2-f8c6-7593f172745e,show,HOST
d8239450-91c8-43ab-92b2-84460f60538b,Lena Dunham,HOST,87d3975c-9414-3297-a60c-4453d894865c,show-podcast,HOST
cf66eef5-8d36-4828-b370-08093a469c49,Kelly Ripa,SXM_HOST,ed9f1087-7a5d-3fdb-ab1b-a21b606e87b7,show-podcast,HOST
75df08ae-c0e9-4822-a731-81a001b3aadb,Peter Bergen,HOST,ad8dd91c-8267-35d4-8882-b59d65c75577,show-podcast,HOST
b3b81d50-a73a-47cb-8ea5-f8b3b3839239,Steve Harvey,HOST,6144338f-b0bd-3aca-94d7-0bf1cd77e799,show-podcast,HOST
31d868a7-0dc8-4668-8206-3d3ef8c0fed4,Michael Yo,ARTIST,4c5bf7cf-1e4b-7b07-cfad-71a295c0b5e8,show,HOST
029e4d59-e529-4cc7-a648-a224c7207ced,Sean Hannity,SXM_HOST,52120629-1787-36f3-85e9-f07242af4952,show-podcast,HOST
468c195d-2e29-4d5d-93d3-268cb69736cc,Noel King,HOST,e483f26c-d1dc-3e57-8c45-955fd147143f,show-podcast,HOST
291c7147-5282-4749-8433-cad790bd47f8,Phish,ARTIST,26ba9fb3-fef9-9167-eb05-57125059955f,show,HOST
06f07f95-1c9a-4c5e-b662-ae55c0099872,Joe Madison,SXM_HOST,0469a9b1-fd7d-4257-ab28-f76acc8fa2aa,show,HOST
a1399080-0c9f-4c21-92b4-8cc9cdeedf62,Danielle Peck,ARTIST,614aedc5-432d-dab4-a3ec-bd807ed21b66,show,HOST
973459ad-9cf6-4c56-aa4f-4b90b7f8c63a,Julia Cunningham,SXM_HOST,1d6469ee-e1c9-eeef-2dd4-c69fe4c166e4,show,HOST
cd032653-5515-4474-bf68-cd56ec970d93,Alan Hunter,SXM_HOST,7b62c9f2-188e-4c25-9296-ae4ca557df64,show,HOST
fda9f9f6-6ee4-46ce-8f1b-ca078742311c,Nicolle Wallace,HOST,e6b9fd1f-7d51-3cb0-ae0b-b03109e75544,show-podcast,HOST
f600f325-d107-4306-82e4-e305f9eac062,Joel Osteen,SXM_HOST,6c1a1c59-91a7-8b22-ad44-2198974993b8,show,HOST
90a5cedd-3b5e-4098-ab09-e1522b833d08,Brandi Carlile,SXM_HOST,054f9cc1-439b-0526-9378-9962dd7d1b25,show,HOST
ddcb1738-bd17-4707-92ed-3af7cfa7ebbd,Jonathan Van Ness,HOST,25d0be08-4986-333b-9764-95480eca7b82,show-podcast,HOST
32da8320-4d17-4331-9f24-95ea162232eb,Anthony Jeselnik,ARTIST,93a2dcf5-82fd-3a29-be67-fffdd96bf38e,show-podcast,HOST
f9f3553a-d83b-4fd7-a29e-42cb1e2c50f9,Tinx,SXM_HOST,7cf48ae1-312b-3dee-9ed9-4d397d186306,show-podcast,HOST
381226a7-e933-4d56-ac17-e5a7e7222787,Kirk Franklin,ARTIST,5e8551a2-0e71-7cb9-77e7-c963734509f6,show,HOST
552331d9-b0d0-4b79-a669-ca2ba561d371,Jack Ingram,ARTIST,db7499cc-1a98-3a7f-b8fd-35ad405910e7,show-podcast,HOST
39e2db56-2ba1-4ba1-9dfe-ec9b59194033,Hoda Kotb,SXM_HOST,b43bb8b8-230a-3e70-b1e0-708f0b025177,show-podcast,HOST
6989a235-e8d9-4644-81a1-73df761f3fc9,Bruce Springsteen,ARTIST,f070d771-13bf-60bb-328b-dd7dcb544e92,show,HOST
e88572e7-0260-4b06-9baa-e50c46f5dc25,Oprah Winfrey,HOST,1fe1b83c-4538-36cf-91ad-ebaa991d3ee7,show-podcast,HOST
4e0c146f-cc60-4486-ab1d-e2f764fc708b,Phoebe Gates,SXM_HOST,e497263b-0e8a-3585-8cba-18b64640c945,show-podcast,HOST
bf1ece95-23a6-41ab-a4a7-acd081f38dbb,Kendrick Lamar,ARTIST,40c5ce61-296d-0e37-1a46-7a414c0162c5,show,HOST
a80caaa0-253b-4ca1-a21e-d0a208fc236d,Logic,ARTIST,5e73c6b5-e782-3251-bba1-5ec63c958779,show-podcast,HOST
edd3dd88-1ff0-42e3-8718-b54ea835001d,Michael Smerconish,SXM_HOST,bbe9bad3-a857-488e-b7fe-af079bd1185f,show,HOST
80c6ed94-aa0e-4eea-903f-caca627b1cc9,Michelle Beadle,SXM_HOST,d648e1dd-61a5-3121-85cc-f7dc998e476d,show-podcast,HOST
476675ac-8864-4fc8-a92c-a5c46b26595b,Brooks Wheelan,ARTIST,d7ccb350-64fa-37d5-8955-2059746f81fc,show-podcast,HOST
edd3dd88-1ff0-42e3-8718-b54ea835001d,Michael Smerconish,SXM_HOST,582e9eb1-c214-4448-b4e1-65bc996b1676,show,HOST
fcb2ddf3-5248-4411-b603-9552aa12f2aa,Snoop Dogg,ARTIST,91e52b93-67cd-1f87-3a8b-f709f830839d,show,HOST
6004a941-b264-4583-952b-3640768d1182,Benmont Tench,ARTIST,db6e3614-6076-6ebf-0d2e-b687834c5383,show,HOST
029e4d59-e529-4cc7-a648-a224c7207ced,Sean Hannity,SXM_HOST,fe710b36-88ce-4de5-bbd7-f3ca17f7da50,show,HOST
9b76961e-f194-4120-a9f8-fa909b55140b,Jim Norton,SXM_HOST,861c1e81-cfd9-3f7b-9d38-114fb4b3da4b,show-podcast,HOST
95805a5e-a198-47d0-aa5c-60d40a920bc8,Lin-Manuel Miranda,HOST,6905e9ed-5126-f150-3a63-891d4c5b37b7,show,HOST
ab84435e-9af1-442a-8aba-5c4680b6f96b,Bill Simmons,HOST,16f22ede-1443-30ff-814a-f54954ea90d3,show-podcast,HOST
43b1b6a8-e907-4d5a-b462-f9cb05fcd0f7,Phil Vassar,ARTIST,f2afc9b1-4866-372e-96d9-ee8376147222,show-podcast,HOST
f600f325-d107-4306-82e4-e305f9eac062,Joel Osteen,SXM_HOST,6bf95307-abae-a9f1-f6fc-219e2c324f92,show,HOST
b6442f28-06ea-4904-9d0c-f31508d8c157,June Diane Raphael,HOST,4c4bb506-c00b-392d-8aea-4e4fcccd0a5f,show-podcast,HOST
a9a23ed6-2bf3-486b-85fc-2f9dd822c49f,Guy Raz,SXM_HOST,050ac680-e375-3926-be72-e4d34de2ca27,show-podcast,HOST
f33a76da-53aa-46ba-aaf9-51dc909b5fd0,Sevendust,ARTIST,73553275-0d3f-f980-cd86-f212fe86e38b,show,GUEST
190c6220-d0ca-4abd-9af0-c082793ac0ad,Elizabeth Cook,SXM_HOST,15f0fd0a-1ab2-42c3-a801-b8e2d3bb388e,show,HOST
4a3f8765-4b92-44d9-9068-67e86783064a,Nikki Glaser,ARTIST,d2254d96-b97e-3668-bbe1-0c07ed09c748,show-podcast,HOST
36822f76-672f-4559-a033-fbb47f996910,Jesse Watters,HOST,8e69f3a4-fdea-3bc5-b31e-bfef7eccdb52,show-podcast,HOST
ddbef86c-961c-442b-a53c-d1abdbc773cf,Ryan Sampson,SXM_HOST,5db586d9-4c05-a7fb-396b-5512a8f601b6,show,HOST
4656512c-482b-4581-b668-410afd387f3d,Frank Sinatra,ARTIST,688bbb31-7e05-84e1-134c-8d3b758f6094,show,HOST
fce122a7-feec-4864-91db-64661998e6e7,Shaggy,SXM_HOST,2b73eece-c586-b250-88e4-20704968fe97,show,HOST
5a11faf7-8b2c-4835-94d5-d6cf0a1d78c5,Tommy Dreamer,SXM_HOST,4242527a-d16b-8c35-ed91-dc3dd6665461,show,HOST
5cd34c6b-3398-4f77-b802-b2aa4216682d,Rainn Wilson,HOST,663519b1-3ba8-3eec-aef7-e8888dc582c7,show-podcast,HOST
a0992672-780c-4eff-8a28-b311552c161d,Peter Noone,SXM_HOST,1a47af22-93d5-47cf-95fa-4d7ade370711,show,HOST
0a8a67c8-5f84-4b72-bb17-a8aed7941be6,Hrishikesh Hirway,HOST,2e44dd3f-2a8a-3ff3-8637-5f6a5d1c00d0,show-podcast,HOST
215fc1af-9508-44d0-a2ad-04192de652c2,Megless Griffin,SXM_HOST,82705672-dfa1-23ca-6651-62bef336beaa,show,HOST
ead13e7b-5b70-4602-bba8-01ca30db9fc8,David Guetta,ARTIST,c1f4af5a-db6d-d8e9-1013-1d0dbaaa1a18,show,HOST
defd2cfa-87b4-488a-9518-c866c094b6a7,Paul Oakenfold,ARTIST,18277109-4307-0f46-1614-3cc449bd9840,show,HOST
58cdfc84-25c6-4361-86f3-9dde0207d528,Mark Goodman,SXM_HOST,8ea41459-7e82-4a5e-aa7c-decf3dd7007d,show,HOST
c389715b-d7ab-41f2-8792-b4686a88b987,Jody Watley,ARTIST,360f9353-c544-462f-8579-4ece51d10633,show,HOST
05c6dafd-6b23-4698-b6fc-9b7d5122b841,Dan Bongino,HOST,4c695f31-7b63-f81d-b1de-b3a4e60700e4,show,HOST
2808c306-e53b-4192-9f27-f13ac6318127,Bill Belichick,GUEST,9873e7b8-7507-34d3-8b38-9c3fa65891e1,show-podcast,HOST
74ab0164-5325-4ab9-a802-5b5062ff642c,Karen Hunter,SXM_HOST,c40bd4f1-569c-77ee-c7fc-14aa939d9949,show,HOST
217db842-6703-42c4-97c1-ee9a7f8c9a85,Jay Shetty,HOST,5bd3d529-e07d-3674-b1ca-b8827dc7d082,show-podcast,HOST
c9e504bc-1238-474c-a648-9dfa5aea2374,Ron Bennington,SXM_HOST,9d99e47e-ea5a-6a03-a674-517ce6ffd4ac,show,HOST
b6442f28-06ea-4904-9d0c-f31508d8c157,June Diane Raphael,HOST,4c4bb506-c00b-392d-8aea-4e4fcccd0a5f,show-podcast,HOST
23d6b91e-5b90-4c4d-9ac0-48c79034beb3,Christopher Russo,SXM_HOST,42c95582-83c8-13ce-25b4-f308fa9243f7,show,HOST
23d6b91e-5b90-4c4d-9ac0-48c79034beb3,Christopher Russo,SXM_HOST,472b0fd3-d495-4410-a858-046b5ad9a5a4,show,HOST
34234f68-f46a-4a93-bc17-b613a8898ffb,Jose Mangin,SXM_HOST,9a60c820-4e77-49e5-8715-a979986b4ef9,show,HOST
88c52ba7-dee9-4d22-8a7f-f03092fd1f28,Toby Keith,ARTIST,652bb70d-3978-6609-e62a-87368c67058b,show,HOST
5b7a85f7-885b-4729-b998-04d8fe2087c2,Erin Burnett,SXM_HOST,bbe247ee-29ac-4046-8c17-f4b6305e3f02,show,HOST
93022d54-6345-4f83-8186-44677f9b4188,David Remnick,HOST,b69e4006-9048-343f-9725-203cbfb707f5,show-podcast,HOST
55457c1f-f4b7-4872-8960-ea6a62e5c77f,Foo Fighters,ARTIST,4774741c-92e6-ce1f-da3e-428f7da48b5e,show,HOST
bbb0ee5a-22a6-4408-842b-953b52700cb0,George Kurtz,GUEST,7425650b-0d41-3662-b146-a42e188f3527,show-podcast,HOST
76e4b0cc-6c9b-4f26-92af-a88cea2ab182,Steve Covino,SXM_HOST,d03d61b6-3a03-58c5-362f-e45fd7872a65,show,HOST
0bae9404-5b14-4972-81ef-9a5bf3147cbd,DeRay Mckesson,HOST,a9e47ae7-12d1-3e9f-a396-31555262dccd,show-podcast,HOST
23d6b91e-5b90-4c4d-9ac0-48c79034beb3,Christopher Russo,SXM_HOST,b21484a5-74e9-1736-d20c-893bdfaad3f5,show,HOST
8f2338d5-e63a-4f05-8405-8a7e0fe0be2d,Tommy Vietor,SXM_HOST,a33b9de9-641a-3956-b2cf-2903b13d21f3,show-podcast,HOST
cd032653-5515-4474-bf68-cd56ec970d93,Alan Hunter,SXM_HOST,8a3d176b-87e9-4600-9f29-53350daca710,show,HOST
5dd6b1d9-99cb-485a-be51-f7236a260ffc,Nina Blackwood,SXM_HOST,ec873f00-026f-4a4b-bc17-d45e26ef95cc,show,HOST
f714020c-975d-426a-95a3-287ef0a9db12,Andrew Wilkow,SXM_HOST,aa47060e-355d-4c3a-aed3-39861943d3ba,show,HOST
480275e7-e779-4351-9ddc-40d5a1493d74,Angela Yee,HOST,a7534ee8-f1aa-33b7-ac42-9b13f5506707,show-podcast,HOST
17183e7f-ca85-4b72-b0a6-01c64f00b363,Bobby Bones,HOST,af708d7f-a777-3737-bafe-a82ed6547509,show-podcast,HOST
7243f97a-247b-43a6-8e27-f94eba79b2bf,Stephen Dubner,HOST,d1b8240b-91cd-3f52-9f98-a4cf5f9d4416,show-podcast,HOST
00a15f22-9d45-4d81-80ee-f434b96b8467,Gretchen Rubin,HOST,8eb7855b-b078-3b7f-9789-34ed2e0fd992,show-podcast,HOST
3a873920-8877-496b-b77f-9687daf0c845,Dwight Yoakam,ARTIST,9495512f-b855-a63e-29ef-76f84d790e28,show,HOST
7aa8b5fd-d2ba-4a4d-aaad-64c20f4e006d,Freddie Wong,HOST,2e21d150-2d2f-3297-8cf6-0aaa17523ae4,show-podcast,HOST
3c13422a-0df2-47b9-8cb0-50c10dbd5ba8,Heather B,SXM_HOST,2679dff6-adf7-485c-a89e-cc538f7d27ca,show,HOST
36279c6e-eed1-4430-b149-5af8189da590,Bill Maher,HOST,731c5e91-afa8-3296-a6fa-27ea03723c55,show-podcast,HOST
618c4071-80ac-4f35-bd4a-529c2c78d06e,Fortune Feimster,SXM_HOST,e6f4dd8c-3e06-1710-b236-45e2cc92b7b5,show,HOST
7e2373d7-c076-4d52-a236-5adc722da256,Rodney Crowell,ARTIST,896f5787-45b2-b509-dab1-9dc87284c6d4,show,HOST
b9557529-188b-4587-82d6-e58b47072b89,Joy Behar,HOST,ae769f1c-946e-3dfc-a911-f3b3cf46136f,show-podcast,HOST
0c6a22dc-58fe-4c1d-bb36-be5ed4042eb1,Jelly Roll,ARTIST,3ff29edd-711e-ec5b-1bc8-d6dddddd2487,show,PERFORMER
08aa45af-02e6-4e56-bcb7-88217e4e1067,Joel Kim Booster,SXM_HOST,75f47424-089d-3d54-92ec-bcc1ee2ca832,show,HOST
640a1f4b-8929-4d5b-bd48-0b5d0e1456de,Rudy Giuliani,HOST,95a49266-5ef5-3010-b713-2620cb61a50a,show-podcast,HOST
95ffacc4-89f7-4d34-990d-95856aee90b9,Jeff Lewis,SXM_HOST,117ed4b4-70f0-2d2b-75c2-6520b7be8d36,show,HOST
67390169-c16a-459b-ab99-bf591c4b1777,Jon Lovett,SXM_HOST,f8b53ad2-8ef0-b5ac-944a-2354733024af,show,HOST
f1c11cf3-238b-4e53-b53c-c05da645a8af,Mignon Fogarty,HOST,e8d117cc-c219-3071-9d8e-32ac03827527,show-podcast,HOST
0abe5469-19eb-476d-bae4-261a7ab1e490,Method Man,ARTIST,bdacfbc4-dd73-34cd-9abe-4a0e3e5cfae9,show-podcast,HOST
34e23569-6cd1-4560-949d-7b62f1d501df,Dan Cummins,ARTIST,974b7323-a97f-326f-aad9-d2049e1f6729,show-podcast,HOST
bc029f26-105c-453d-ba74-30d1d2e0d4a8,Richard Blade,SXM_HOST,7167378f-9caf-65fa-deb9-dd031a4097df,show,HOST
266bf3c5-ad56-454a-81f2-25b93f0dbfd2,Amy Nicholson,HOST,5c2db1ed-c989-3c4a-ad2a-4e7e83b35d23,show-podcast,HOST
e9189f03-c1c9-4d1d-a313-a77094db9324,U2,ARTIST,37171515-fe0f-7b61-0a40-1d379d632802,show,GUEST
0290bfbf-422a-4837-8398-9a86ce5aee55,David Spade,HOST,5379c67f-e2c6-3b2e-9798-08f08614cd42,show-podcast,HOST
a1399080-0c9f-4c21-92b4-8cc9cdeedf62,Danielle Peck,ARTIST,86354d3a-d250-f03d-3884-f02141c622cf,show,HOST
706bb98c-1352-44fc-ba24-8cabf2ab4eff,LeVar Burton,HOST,9094db44-c6a1-3c27-b95f-5c033f4c7293,show-podcast,HOST
16836083-fab9-425c-8aac-5792f8bcf59c,Sasheer Zamata,HOST,ef6bb68b-776d-3079-ac9b-efe36577b5e6,show-podcast,HOST
5075f93f-e7f3-46a4-967a-fbd9b9eb6bc3,Mariah Carey,ARTIST,29a21146-e24f-4f59-4ebd-87fbb22cddc5,show,HOST
efdf31e3-e321-473a-8abd-8ab6dd15e58a,Cardinal Dolan,SXM_HOST,64ea4123-adea-22a5-7cc0-407818db7f0e,show,HOST
7a52f074-985b-4282-9ff7-2fb1944c54a6,Bevy Smith,SXM_HOST,18695e4e-3594-1104-6f65-e02817fe249c,show,HOST
f714020c-975d-426a-95a3-287ef0a9db12,Andrew Wilkow,SXM_HOST,0a59fbdd-5d92-305b-b041-16d8d639f885,show-podcast,HOST
47254fbc-5a59-42af-a0c2-b88504e34853,Manoush Zomorodi,HOST,e8b555f8-9d2d-4705-ae3e-7958180d9948,show,HOST
fef90617-3cdc-4765-93fa-d6eecdd58761,Paul McCartney,ARTIST,fe06d34b-ca1e-3ba0-8df0-5c54f5c61fab,show-podcast,GUEST
f8fb05af-4eb4-49fd-b2ca-8e69aaa3e890,Gwyneth Paltrow,HOST,e10afd28-4751-389f-85a2-ce25bb649f04,show-podcast,HOST
5ee3bf3c-abf5-4b90-a78a-c9a94d23c735,David Fricke,SXM_HOST,e7a53350-5cc8-7dab-1bc5-c5252ae09c41,show,HOST
660fc1e4-acb1-473a-993e-357c0f9e745b,Dean Obeidallah,SXM_HOST,15343f0b-11fa-81af-9cd0-42ea706439a5,show,HOST
2677513a-73ff-41e7-926d-e12b36c23e4b,Armin Van Buuren,ARTIST,be7f4809-6fcf-5422-f4cc-f7f44cf8f2d8,show,HOST
60e83aff-8da9-4a35-b297-f2d024659d36,Dana Perino,HOST,ecc450f3-2288-3955-88d0-815d4e99f464,show-podcast,HOST
0ccfc0a2-a688-488a-bb0a-36ab170ee05a,Christina Milian,ARTIST,d1ddcb56-84bc-c69c-22ca-e1a71a9895e4,show,GUEST
7539fb1b-661e-4b25-9b73-dbd50d940a9d,Alex Marvez,SXM_HOST,8d675971-64f7-450c-8438-2e2a2a6939b0,show,HOST
0def432a-0cc6-444f-a63f-c9cfdcf065bd,Jimmie Johnson,SXM_HOST,c36fef2c-b51c-02e1-27ca-aaced2867c79,show,HOST
973459ad-9cf6-4c56-aa4f-4b90b7f8c63a,Julia Cunningham,SXM_HOST,c0a81030-a3a4-b492-5d2e-1362e2093ecf,show,HOST
4656512c-482b-4581-b668-410afd387f3d,Frank Sinatra,ARTIST,74d97d5b-fcf0-6206-1069-2715c7f32e27,show,PERFORMER
dc13664c-aef4-4f7f-a216-37203d2ca289,Howie Mandel,ARTIST,e45b5e3a-3d46-3312-9bf9-e15c196705c8,show-podcast,HOST
de86d2cd-4232-41f7-98da-a78dbdb7ae54,Malcolm Gladwell,HOST,3141262b-62ed-357c-96fb-53dd4eb058e9,show-podcast,HOST
86d2b065-d2a4-48e4-8b4e-1a140e6cdc58,Julie Mason,SXM_HOST,c3498441-d1ea-154c-afa1-c389e392ac02,show,HOST
39e2db56-2ba1-4ba1-9dfe-ec9b59194033,Hoda Kotb,SXM_HOST,222f4e57-c83c-10db-906c-d9745393c232,show,HOST
3a873920-8877-496b-b77f-9687daf0c845,Dwight Yoakam,ARTIST,6463ef47-623a-29bb-864a-d1667f182d03,show,HOST
23d6b91e-5b90-4c4d-9ac0-48c79034beb3,Christopher Russo,SXM_HOST,0404a7d1-63a4-3168-b9f7-36dcb236463c,show-podcast,HOST
bb2ff9dd-6899-48d6-bb0f-430b2e2574a4,Richard Dawkins,HOST,d25538f6-efce-3971-9957-b44f18ca8edc,show-podcast,HOST
aa00cd50-532c-4181-8b83-f6ea6ed582e6,Joe Bonamassa,SXM_HOST,a9f331ea-ffd6-06a4-978b-d597c6c2122e,show,HOST
653506c4-be0f-4454-91b8-12aa4dfd35c1,will.i.am,ARTIST,a9aba4c2-8d10-0910-1bf3-64e01fcf3ed2,show,HOST
291c7147-5282-4749-8433-cad790bd47f8,Phish,ARTIST,956b656b-1982-cff9-0785-0be461d0214a,show,HOST
04d7eff9-06ae-4cb4-885e-5ad39d5d48b8,W. Kamau Bell,HOST,d1aaa85a-8437-3d59-8d12-c21b5ab6d1bb,show-podcast,HOST
7539fb1b-661e-4b25-9b73-dbd50d940a9d,Alex Marvez,SXM_HOST,9980faf4-118e-2556-07f6-62799391ee16,show,HOST
32da8320-4d17-4331-9f24-95ea162232eb,Anthony Jeselnik,ARTIST,93a2dcf5-82fd-3a29-be67-fffdd96bf38e,show-podcast,HOST
b636d1ea-b694-4908-ad9f-645bc0a61f9c,Peter Sagal,HOST,1007fe64-c10e-3c13-8dec-0977f1827574,show-podcast,HOST
cb865a68-42dd-4d28-b75e-7b667aa89673,Andy Cohen,SXM_HOST,08981aab-879f-a530-a28f-02d90c141299,show,HOST
5b7a85f7-885b-4729-b998-04d8fe2087c2,Erin Burnett,SXM_HOST,e9e196f2-f931-4cf8-34a1-df1f3c26cf45,show,HOST
89c9bcb8-704a-435e-a047-30840e7ee70d,Diplo,ARTIST,af3125bd-8ebf-aa56-7404-99c79097b5d5,show,HOST
a857750b-1a36-4ecf-ba94-1a886226ce11,Amanda Seales,SXM_HOST,be725b57-fea2-3757-9a2b-f444d6446b74,show-podcast,HOST
c7aef8e7-6fc1-49c0-8828-a5029174f6ac,Tommy London,SXM_HOST,42e4a142-dd13-b5c5-9d49-1d5f1580298b,show,HOST
8baec0c0-94e1-4ef3-90ac-2bd18d7a03f4,The Chainsmokers,ARTIST,efc86601-2a0b-14db-9b49-de5dfdc916ee,show,HOST
290017fe-2a0c-4ec7-a31f-0bd4aa9c2f0e,Giuseppe Verdi,ARTIST,3228e21c-8665-fb82-76a6-27c3eef0340b,show,PERFORMER
b0c172b9-b1f5-4825-8229-3a03344a4331,Hannah Brown,HOST,79a81c43-1f53-33b0-8bde-4d7c4f823a31,show-podcast,HOST
762da86f-1824-4eb7-8454-887e8071d46c,Jason Mantzoukas,HOST,4c4bb506-c00b-392d-8aea-4e4fcccd0a5f,show-podcast,HOST
39e2db56-2ba1-4ba1-9dfe-ec9b59194033,Hoda Kotb,SXM_HOST,68e4d7eb-1f2c-7ce8-3fd6-d083194fbdfb,show,HOST
a02d486a-6059-457d-9cb3-ef13b7aebc1a,Seth Meyers,HOST,c934de69-127c-3018-b6d7-68691bc684ca,show-podcast,HOST
158f24fc-c3d7-4c38-8653-0d9a7fae8995,Michelle Obama,HOST,7e3c51c0-2580-3b79-8d73-7d5a58102d70,show-podcast,HOST
291c7147-5282-4749-8433-cad790bd47f8,Phish,ARTIST,2d3f36b5-dfd2-9d0b-16ad-3ba8faad8af4,show,HOST
5b7a85f7-885b-4729-b998-04d8fe2087c2,Erin Burnett,SXM_HOST,bbe247ee-29ac-4046-8c17-f4b6305e3f02,show,HOST
a97a76dc-c93e-4d3b-8a30-5a005e6f543f,Heather Dubrow,HOST,fe8eee42-3e76-31e6-9e54-dda4ced4d1c4,show-podcast,HOST
290017fe-2a0c-4ec7-a31f-0bd4aa9c2f0e,Giuseppe Verdi,ARTIST,a6adb7bd-d5f5-8466-5f13-953b6d6ef595,show,PERFORMER
89c9bcb8-704a-435e-a047-30840e7ee70d,Diplo,ARTIST,791dffa1-f3f9-f1e2-cc9a-64031154895c,show,HOST
640a1f4b-8929-4d5b-bd48-0b5d0e1456de,Rudy Giuliani,HOST,361fd871-9458-1eb6-65ef-8eea5a5cfd8c,show,HOST
576e0cc7-63eb-41e7-88c3-7be1bad19043,Billy Joel,ARTIST,34bbd8e5-7e4a-788e-c90b-6be244032f1b,show,HOST
400ea6c6-2a61-4f28-b04c-a49b784692d1,Eric Alper,SXM_HOST,dc01f57b-0e76-e9dc-ed2e-986a214bab61,show,HOST
88fa2cf8-aea0-4597-801f-a75a7964e3a4,Jim Daly,SXM_HOST,63306fc4-b3a9-4ee0-89de-a6e55a3a2d6b,show,HOST
80f0828e-c973-48d5-af72-e9fc9b44a8cd,Stefan Molyneux,HOST,a1ea567f-e304-3fc6-8f02-2a85512e4154,show-podcast,HOST
f600f325-d107-4306-82e4-e305f9eac062,Joel Osteen,SXM_HOST,770773eb-b8af-1f81-7b13-c4c441704dd9,show,HOST
58cdfc84-25c6-4361-86f3-9dde0207d528,Mark Goodman,SXM_HOST,7b62c9f2-188e-4c25-9296-ae4ca557df64,show,HOST
21798dc1-3e87-4e39-8075-c2efadde4cfa,John Fugelsang,SXM_HOST,29658a8b-62c6-3ed7-0711-24a15efb24f6,show,HOST
0257b139-6b49-4f39-bcd5-1f9d62cab61b,Hallie Batchelder,HOST,db0f4145-4fb9-3735-9651-52d2d2a12adb,show-podcast,HOST
ba1c7541-c769-4c37-ba5e-099faff8632e,Mike Birbiglia,ARTIST,19088856-c7d6-d08d-6431-62b8c999ce8b,show,HOST
86d2b065-d2a4-48e4-8b4e-1a140e6cdc58,Julie Mason,SXM_HOST,d8b8ae50-95b6-ced4-2195-51b9f4ff24b8,show,HOST
3ae5598d-a013-4ab7-93cc-ea6a742a45d1,Madeline Argy,HOST,5fe150bd-9452-307b-a0d7-2b6e306048ed,show-podcast,HOST
8ce3d58f-2d58-4017-aab2-57aa7e319d1d,Brian Dunseth,SXM_HOST,3b15a491-c96a-e01c-a401-b91d2de3f2ce,show,HOST
0b217687-463c-4ad8-8def-7d327e6b69e8,Will Arnett,HOST,d7316255-680c-316e-982c-8a0347fa3956,show-podcast,HOST
81e8e5b2-883a-4a35-b52e-67267346c524,Macie Banks,SXM_HOST,ddda2579-e907-d1c3-8b12-0c465a2ea8e7,show,HOST
0def432a-0cc6-444f-a63f-c9cfdcf065bd,Jimmie Johnson,SXM_HOST,e3cfb1ee-fc42-309a-aac0-97a4a65b5950,show-podcast,HOST
d040cfe5-c444-4af2-807f-2715141a1651,Hillbilly Jim,SXM_HOST,7c1d8a04-1a7f-46d3-9b8a-c61336ddfe1c,show,HOST
d8927972-39ff-42b9-9cc4-e540fcbc95aa,The Tragically Hip,ARTIST,03aac939-e9c7-fed0-6147-9a26e4336a4d,show,HOST
c8e88d84-4222-4eee-bbb7-e9fed6f37227,Billy Graham,HOST,9c6fdcc9-b352-4fc9-0e67-2e06d26722ce,show,HOST
71b9f241-a9e7-4e93-b413-44db51751521,Tamar Braxton,ARTIST,11e26689-6e6d-3672-8df7-be5511e9b781,show-podcast,HOST
5a8182b2-42c0-4092-b3c9-817ceb3da0a4,Sona Movsesian,SXM_HOST,29959418-0da1-4773-7e0b-5e7828c43856,show,HOST
1d092068-0924-4107-b446-7533447a97d9,Jeff Foxworthy,SXM_HOST,b22140b0-3c25-6800-4f47-dba09fa2a72f,show,HOST
04d73afd-df31-42d9-8854-1f5540ab0a89,Taylor Tomlinson,SXM_HOST,cdcb0a8e-691b-fd14-4261-a4bc3f6e2a55,show,HOST
8a90b97e-bdd3-46bb-98aa-692232222fbd,Buzz Brainard,SXM_HOST,fb9516b0-34a1-6c41-8d4d-b9636253d7d7,show,HOST
08aa45af-02e6-4e56-bcb7-88217e4e1067,Joel Kim Booster,SXM_HOST,953003ba-dbfb-3e34-a690-4cb47ae5e0e5,show-podcast,HOST
3177a68b-d4e6-4976-a1f4-f741523ff78f,Kevin Hart,SXM_HOST,49f7447f-6ab7-c7ed-76f2-b717ac2c93ec,show,HOST
7804ae9e-2188-40be-86de-92f54f5f5a0f,Morning Mash Up,SXM_HOST,e174effd-314e-0ad5-3c1f-fdebd5942fb8,show,HOST
368c90bc-9391-4b85-b1f8-9a35f08ccdb9,Brandon Marshall,GUEST,440fc987-5115-76b5-7935-9dc328a2be49,show,HOST
41152268-9e36-4c37-bd5a-945c869d7a75,Alec Baldwin,HOST,596a49e9-c980-39eb-a49a-664803f0ca91,show-podcast,HOST
3177a68b-d4e6-4976-a1f4-f741523ff78f,Kevin Hart,SXM_HOST,96d7a995-24cf-e771-9192-d0949c2de443,show,HOST
db3756c1-1025-411e-9424-0e5f72e48ec6,Dave Dameshek,HOST,7bdaed27-0972-30b5-99e3-30b467fa6cfb,show-podcast,HOST
41152268-9e36-4c37-bd5a-945c869d7a75,Alec Baldwin,HOST,b2d486f4-5e1f-3e1b-b248-3f75601efc35,show-podcast,HOST
a307b369-926a-44f4-a323-65163a7e68f1,Matt Gourley,SXM_HOST,dda7a483-bb47-3d5f-a075-e4d2d4b58117,show-podcast,HOST
397f99b7-e204-4ff1-8be7-971654076a70,Jackson Browne,ARTIST,1cdbbb6d-72bc-7e41-1539-42409873a19a,show,HOST
f5a822e1-e05e-4641-b430-0703e685ed61,Eddie Trunk,SXM_HOST,7abc7ba2-2259-dea7-b7a2-1833cfb3ac8e,show,HOST
34e23569-6cd1-4560-949d-7b62f1d501df,Dan Cummins,ARTIST,c988bddc-1f56-36ff-b56e-5554d41a6cdb,show-podcast,HOST
b1eddd40-b8ca-4d6a-a1aa-5088c474106c,Danny Valentino,SXM_HOST,30441abd-6444-35e5-82fd-2e212b6a5b42,show-podcast,HOST
034271a4-2f41-4db5-8c46-29135a5b2112,Cody Alan,SXM_HOST,883de895-d381-3015-8f45-f947b19ebbd8,show-podcast,HOST
9aa7f56e-092f-429d-923e-16f7c8488451,Dave Matthews Band,ARTIST,f3765933-7a23-bfb9-feaf-fbde29d61044,show,HOST
fe7d8a29-383b-466d-8669-1f146528cc82,Elliott Kalan,HOST,925e145c-8a7a-3b22-b7b7-a4b6e0cdac85,show-podcast,HOST
30933ec6-d26c-4dd4-9a59-14906cdc7d35,Nicole Ryan,SXM_HOST,e174effd-314e-0ad5-3c1f-fdebd5942fb8,show,HOST
eb92040a-3515-4493-a6b8-b11878041063,Adam Conover,HOST,42f6abab-0c1a-3d5e-bf71-be04f5a5f935,show-podcast,HOST
1adb688b-cd86-4ed3-ad93-193ad3c82bc2,Scott Aukerman,HOST,8fc764cf-5188-3b7a-8800-cb1b4325e297,show-podcast,HOST
381226a7-e933-4d56-ac17-e5a7e7222787,Kirk Franklin,ARTIST,16b5aec7-142c-641f-feb7-fb26873215a3,show,HOST
08aa45af-02e6-4e56-bcb7-88217e4e1067,Joel Kim Booster,SXM_HOST,953003ba-dbfb-3e34-a690-4cb47ae5e0e5,show-podcast,HOST
79dc3af2-c67a-4203-873d-62b5af672a92,Dion,SXM_HOST,9fbf9a84-bedb-4747-bc62-7c029e94e508,show,HOST
69cd0fc0-ec1b-4293-b36d-cd42ec563da9,Shannon Sharpe,HOST,fc8236cb-7564-3f68-b216-5809ea80cafd,show-podcast,HOST
5fe6ce30-0656-416c-8219-4b5c4f3ac17d,Eric Church,ARTIST,136c0bf1-5c99-c1c5-0246-573b172b5ed3,show,HOST
c399865b-f262-4c4b-b881-865ab4c995bf,Trevor Noah,HOST,0bda60d1-1dfa-3d2d-b46b-6039e5dfbd99,show-podcast,HOST
47feaf2a-db0c-45a7-9c5f-c28552c086f4,Fareed Zakaria,HOST,e72f4a1c-d278-4d88-8430-e3b47f2d926b,show,HOST
d431a767-449c-45b9-ba4a-5fa848695f50,Jim Ross,HOST,114c2add-4fc1-3463-8a49-e4c8b33e492b,show-podcast,HOST
d7ca3853-0588-4da7-8276-dbbb7cfccb0b,Jim Cornette,HOST,b7b3538a-16f2-3abd-8014-83090141cda1,show-podcast,HOST
86c6e6c8-5c21-42b2-a364-a60b08fe5a3e,Jordan Harbinger,HOST,dde5c012-b3b1-3ca5-b792-e15a6a442108,show-podcast,HOST
b57ad009-2579-4095-ae30-4ab04ef9933d,Nick Wright,SXM_HOST,472b0fd3-d495-4410-a858-046b5ad9a5a4,show,HOST
e7457409-a1fc-43f8-9580-c9b6a706ce04,Phil Simms,SXM_HOST,42c95582-83c8-13ce-25b4-f308fa9243f7,show,HOST
06f07f95-1c9a-4c5e-b662-ae55c0099872,Joe Madison,SXM_HOST,e6020803-00ba-36e2-9de7-5f97d4428bcd,show-podcast,HOST
997c46e2-c7a0-4f16-b2b0-d3a4c8ae0d81,Ann Wilson,ARTIST,db959ce7-25ca-b5bd-ce20-4546fb915705,show,HOST
601b3861-ffea-4afe-9149-db4736def786,Becky G,ARTIST,db0fdf86-655f-7b8d-7695-8817dc168b60,show,HOST
290017fe-2a0c-4ec7-a31f-0bd4aa9c2f0e,Giuseppe Verdi,ARTIST,1d125f3e-15aa-728f-7d0c-6b4c5e88db54,show,PERFORMER
35907760-e973-430c-b4c2-5bef8b70defe,David Webb,SXM_HOST,2cb22fc6-c436-4c65-940c-7f66f917ab5d,show,HOST
8691f2f6-5ab5-4097-9829-538d2bad1459,Hank Green,HOST,9406906f-a93e-3427-bf08-1164e374751c,show-podcast,HOST
9d61a585-28fb-4a4b-9065-9cff30bced09,Michael Holley,GUEST,637069c2-5a55-be4d-61f6-4ea10f3a69f7,show,HOST
2ccbc501-d3e4-4c3a-b99f-edefaf87f538,Bari Weiss,HOST,9367a216-07bb-34ab-845a-1d2406135e9b,show-podcast,HOST
472bdacb-68ce-4894-9ede-455ac3623979,Justin McElroy,HOST,801fce97-2f77-302d-89f1-55fcc7c7cde9,show-podcast,HOST
ddca9143-381e-421d-bdfb-b8aa9399356b,Shannon Gunz,SXM_HOST,8fa3e2d9-da19-ff96-7abb-f0ec79e0e846,show,HOST
4d9640d8-35ef-47f7-9fed-fa10d49a4b78,Howard Stern,SXM_HOST,1357119f-6c9e-89cc-63b4-91cdb6ee8b7b,show,HOST
f1932350-a3dd-411d-9255-fc8ded6999af,Diallo Riddle,HOST,c0da4ac1-93fc-06f1-6ccd-1d0ea0633f46,show,HOST
94eb52ea-f433-41da-8749-e55ce94f78de,Too $hort,SXM_HOST,ed6ae55f-4450-9b64-bca9-b1411b1f07d8,show,HOST
52188b85-e426-4717-af06-331c7427a3ea,Samantha Bee,HOST,b4888f15-e4f1-38a7-9a9a-b0b10a318ffb,show-podcast,HOST
290017fe-2a0c-4ec7-a31f-0bd4aa9c2f0e,Giuseppe Verdi,ARTIST,7cefea9d-eb4a-cdc7-10ba-862b4ab9f9a2,show,PERFORMER
215c9a48-8089-4e33-95ab-17e757aadf2d,Mack & Jen,SXM_HOST,72cf18ca-3e5b-ce74-6dbe-ecb4b73cad16,show,HOST
6f3633bc-72e5-4193-9d88-7b3541c127af,Steve Phillips,SXM_HOST,86958740-3176-bf1b-9028-b69eb6739e8b,show,HOST
d0449d64-2279-43d4-8a53-f14a855ef0c7,Andy Grammer,ARTIST,86ef74a6-64d7-356a-8c17-bc946449070d,show-podcast,HOST
973459ad-9cf6-4c56-aa4f-4b90b7f8c63a,Julia Cunningham,SXM_HOST,fd64cddb-6369-ff06-c9bf-264aa0b4849b,show,HOST
ef0c329a-c1e4-4bfe-a2dc-eda7b28d603f,Megan Mullally,HOST,644cdcfc-d015-3947-8d0a-a81082502604,show-podcast,HOST
34234f68-f46a-4a93-bc17-b613a8898ffb,Jose Mangin,SXM_HOST,4ec4ed36-1d3c-b638-cc60-49309b9b3f0c,show,HOST
048a7114-9962-4315-bd34-1a46c2cc1a16,Dan Abrams,SXM_HOST,86794465-d78d-3bb4-a8fb-9dd7a7fa45a0,show-podcast,HOST
b146753f-482a-4ea3-8dc2-fb07b4115522,Anderson Cooper,HOST,1b9f56e5-0af8-d04e-dda8-37204f9003aa,show,HOST
4d549208-003c-465d-a5fd-fbb6681048b7,Ultra Naté,ARTIST,cebf3e0a-5154-324a-9ab8-66dc625b960f,show-podcast,HOST
aeaebb32-8fb0-41ad-8776-5667ace5ebc4,Kevin Bacon,HOST,9e93d07c-a134-3107-a791-37880c7b2a28,show-podcast,HOST
99ec4e2e-e4ab-4bef-8079-90b9275187ef,Rachel Maddow,SXM_HOST,d98d9002-3134-3eda-a7d7-4ffb780c33b1,show,HOST
97b6c64a-135b-422b-8526-623a707d71cf,Lindsay Rhodes,SXM_HOST,ca54ad16-541d-44be-61f8-9fe6f31c8040,show,HOST
8bfe8817-23e7-4dab-9e8b-596dd7332754,Albert Breer,HOST,339da7ed-171c-32dd-bc19-900c5f4efea4,show-podcast,HOST
83ab786a-43df-4c0f-ac66-564637a861bc,George Carlin,ARTIST,84638073-0d0a-4611-abcc-d353bfbffbe0,show,PERFORMER
8baec0c0-94e1-4ef3-90ac-2bd18d7a03f4,The Chainsmokers,ARTIST,9c911c97-e663-a5bd-efb6-d15da296c552,show,HOST
184fe930-9b9a-4ad9-af7a-a64f177c0a11,John Legend,ARTIST,103b9f00-5e89-1428-dec4-98bc41a64d8b,show,PERFORMER
f5a822e1-e05e-4641-b430-0703e685ed61,Eddie Trunk,SXM_HOST,a1587c28-d857-4541-9568-f0a9931aece9,show,HOST
13754410-d934-43d2-a462-56e59a2018f4,Kai Ryssdal,HOST,b837ab5a-6af7-315c-88d5-fe6da5ed60bc,show-podcast,HOST
381226a7-e933-4d56-ac17-e5a7e7222787,Kirk Franklin,ARTIST,a0014db1-5da5-359e-800a-be2b9f8bf34e,show-podcast,HOST
b257d09d-d750-44ff-bcab-09439ef6acc8,Tom Morello,ARTIST,5c7eb9f8-23e1-d168-b312-013b9022575e,show,HOST
4d9640d8-35ef-47f7-9fed-fa10d49a4b78,Howard Stern,SXM_HOST,5ad6890a-adaf-48bf-adbf-d0bf28def878,show,HOST
9e9bd8a5-402c-457b-8822-2294d499b4a2,Kat Corbett,SXM_HOST,8761f123-dfbd-c95c-28cc-27566093bd65,show,HOST
8b524aef-91af-45f8-85d5-65b05a0823d5,Jen Psaki,HOST,7707672d-f090-3e82-a34a-007f0d1c19c1,show-podcast,HOST
e8cb7995-0a76-47a6-b9c6-b55f88667bef,RZA,SXM_HOST,0fbe84c5-5a91-dbb9-9c68-e170de43f729,show,HOST
5a8182b2-42c0-4092-b3c9-817ceb3da0a4,Sona Movsesian,SXM_HOST,fe3487e4-b0d5-e694-ce09-4a0ede2ea38c,show,HOST
247b5794-8210-4acd-a09d-b955b9f4c96f,Dave Matthews,ARTIST,02efb206-63c1-67b8-5b7c-24fc06c01a68,show,PERFORMER
196a5f47-f9b1-4124-9a47-17ad431538a3,Barbara Corcoran,HOST,21068a12-f7a4-3c20-a791-3dd63bf7ac37,show-podcast,HOST
39e2db56-2ba1-4ba1-9dfe-ec9b59194033,Hoda Kotb,SXM_HOST,0469ace0-2836-31c7-80f7-77938be9de45,show-podcast,HOST
b20e5d0b-c48a-4708-b7ef-03282e889e9f,Rob Lowe,HOST,e9611553-ccf5-83fc-81e5-8774d6d38b5d,show,HOST
880ec493-2603-4ea1-a778-c497adae14d9,Lori Lindsey,SXM_HOST,9e908ef9-fa90-090e-bdb1-e6af8e1b6a70,show,HOST
1f574be0-7427-4827-8bda-034d132e8a03,Stephanie Ruhle,HOST,abc1a01f-ed4a-3f04-86ee-d255bcaf440d,show-podcast,HOST
a4ce02c9-e313-42d1-8db3-16f064badc50,Jeff Garlin,ARTIST,2eb519b6-7e78-304d-87f6-576f9965143c,show-podcast,HOST
f5a822e1-e05e-4641-b430-0703e685ed61,Eddie Trunk,SXM_HOST,f9479dc8-7c03-90d8-ff0e-071f7b7775c1,show,HOST
b9954a93-72fa-4e76-954e-d233f95de938,Phoebe Judge,HOST,f7a34e96-ea1d-3037-bdfc-3f070f17686a,show-podcast,HOST
4cc371ba-9963-4531-b3b1-19c59c99dc48,Mike Florio,SXM_HOST,8dbbeb10-b4d7-edf4-20dd-eeb36debc232,show,HOST
28362a29-9c95-47d2-8380-89621451e055,Anthony Herron,SXM_HOST,5a84836d-efec-fc67-af5a-d4f849ac6d26,show,HOST
8b524aef-91af-45f8-85d5-65b05a0823d5,Jen Psaki,HOST,06e1ff71-1359-ab23-70b1-6496c16469d2,show,HOST
3c13422a-0df2-47b9-8cb0-50c10dbd5ba8,Heather B,SXM_HOST,7bcbe3c4-a385-f50b-f32e-5d0dcb8830f8,show,HOST
bc8f4bb3-1a10-44bb-aeed-7e8fd47c9549,Terry Gross,SXM_HOST,66db590f-1fc4-3ab7-b230-b21214a1c081,show-podcast,HOST
089d6a2e-7075-4e91-85b4-9d04a58512e3,Dr. Laura,SXM_HOST,ece8496d-9a33-3785-ad72-9b30a8350f43,show-podcast,HOST
68482535-9a25-4411-8286-56ff28e32d8e,Caity Babs,SXM_HOST,f1299966-6b80-4fdb-bdd8-4e756b97ea9b,show,HOST
438dd61c-6dc8-4262-a659-7d29cb6d9b69,Seth Rudetsky,SXM_HOST,c2cf5c45-20af-4bbf-8602-0a97c3167909,show,HOST
0139c5b4-585f-41bb-a8d2-16e1a6c02709,Father Dave Dwyer,SXM_HOST,9d44a3fb-22a5-4f52-bb2e-d6a6364668c8,show,HOST
d18d0c12-392f-441d-9f62-832948103bff,Paul Shaffer,ARTIST,82fd9874-65ec-e21c-2a84-6a921dd0ae30,show,HOST
238493ba-01ed-475c-b146-1ab1389a7c19,Al Roker,SXM_HOST,4ef0ca37-0503-04a0-b70e-a9fc9969fb76,show,HOST
23d6b91e-5b90-4c4d-9ac0-48c79034beb3,Christopher Russo,SXM_HOST,ad180ee0-7d05-0bd0-7632-5c95c7a0eac0,show,HOST
291c7147-5282-4749-8433-cad790bd47f8,Phish,ARTIST,459c1be5-9898-be50-fc10-39e1e1f4dce9,show,PERFORMER
ee028725-edef-44b9-88fb-b82eaa775b1c,Adam Pally,HOST,593bdc12-99c0-3430-9afb-9a9e274419df,show-podcast,HOST
dfc6a79b-2e97-4a4f-a931-efed3685601f,Lady Gaga,ARTIST,3ff29edd-711e-ec5b-1bc8-d6dddddd2487,show,PERFORMER
8baec0c0-94e1-4ef3-90ac-2bd18d7a03f4,The Chainsmokers,ARTIST,952eb7d3-f748-4af2-e0d0-b1153c867584,show,PERFORMER
247b5794-8210-4acd-a09d-b955b9f4c96f,Dave Matthews,ARTIST,f3765933-7a23-bfb9-feaf-fbde29d61044,show,HOST
973459ad-9cf6-4c56-aa4f-4b90b7f8c63a,Julia Cunningham,SXM_HOST,8f227e07-04db-6197-a8f3-b5db6f90c56c,show,HOST
b240c279-9b85-47c9-b7bf-5178e0fb427e,Brittany Luse,HOST,502371e1-c071-6b52-1587-373866f65126,show,HOST
1adb688b-cd86-4ed3-ad93-193ad3c82bc2,Scott Aukerman,HOST,fb8a7ff9-7460-3311-948f-580fb372660f,show-podcast,HOST
0a60285c-d0e1-426e-8b0e-7ee23a00672c,Torae,SXM_HOST,570417a1-1ade-b291-f510-aa315b8545c4,show,HOST
c38ed3e0-0624-4992-ade9-f4a0133e3008,Mike Campbell,SXM_HOST,644da757-a60d-0cf4-3fd9-1b56aa19fe5b,show,HOST
2433504e-7e23-4278-9d43-81a3bac98d71,Merlin Mann,HOST,a03152bd-d1fd-3ce7-b4ed-f5ce4c9c68bf,show-podcast,HOST
b146753f-482a-4ea3-8dc2-fb07b4115522,Anderson Cooper,HOST,615db878-a3d3-c5e2-fbe4-49401087952c,show,HOST
3177a68b-d4e6-4976-a1f4-f741523ff78f,Kevin Hart,SXM_HOST,7fecdff0-cace-0fb6-0dcb-0784b1722296,show,HOST
151d96a6-4676-4da7-a97c-6003a662906a,Crystal Waters,ARTIST,d0bc0c8a-afc6-0089-5956-dcc937186514,show,HOST
0abe5469-19eb-476d-bae4-261a7ab1e490,Method Man,ARTIST,bdacfbc4-dd73-34cd-9abe-4a0e3e5cfae9,show-podcast,HOST
79507419-9d74-4c8c-8a43-0e5346f4216d,Jesse Thorn,SXM_HOST,7c172f44-b060-38e5-8aad-0c500416162e,show-podcast,HOST
fbbda155-85b8-4117-8cdc-8d822aa8ff1e,Katie Prejean McGrady,SXM_HOST,cc93e5fa-f744-1e97-b398-c3fc65b08fa5,show,HOST
973459ad-9cf6-4c56-aa4f-4b90b7f8c63a,Julia Cunningham,SXM_HOST,7c1f06be-2e07-9cd3-8b41-1333e34adb52,show,HOST
13ece3e8-c518-4509-b016-84b333b6a6d9,Claire Fallon,HOST,a3d5578a-83d5-32e7-8545-4c647589da1a,show-podcast,HOST
41a66b09-d9cc-4e26-8618-682cb9158801,Vampire Weekend,ARTIST,e0b5c1ef-4d1a-5a12-9068-7185c25e6cd7,show,HOST
5dd6b1d9-99cb-485a-be51-f7236a260ffc,Nina Blackwood,SXM_HOST,7b62c9f2-188e-4c25-9296-ae4ca557df64,show,HOST
db8ce726-cf14-4e66-8fcf-12ec5ef972b4,Travis McElroy,HOST,0d76a09c-5b07-3c64-93a1-b726880b17e9,show-podcast,HOST
c9e504bc-1238-474c-a648-9dfa5aea2374,Ron Bennington,SXM_HOST,d72647c1-8626-da89-5107-3e8629721cef,show,HOST
1d9054b1-3447-4da9-86f0-270347f2bce7,Paul Finebaum,SXM_HOST,d87e9d38-2133-30a0-8391-3d4c583ea743,show-podcast,HOST
95ffacc4-89f7-4d34-990d-95856aee90b9,Jeff Lewis,SXM_HOST,b676316c-97ee-1d86-accf-0c494091df1d,show,HOST
9a2c5fac-1337-4864-92c8-1bd1f98cd0c3,Ringo Starr,ARTIST,82a1999f-5156-1d6e-3e83-a611be702e21,show,HOST
e01bb338-0b76-4ee7-9617-f6d2ffed92b5,Joe Scarborough,SXM_HOST,314a104a-2ca3-482f-b97e-e8c1934d0625,show,HOST
238493ba-01ed-475c-b146-1ab1389a7c19,Al Roker,SXM_HOST,8e8dc742-554b-375d-b572-c6bd747fc814,show-podcast,HOST
f9f3553a-d83b-4fd7-a29e-42cb1e2c50f9,Tinx,SXM_HOST,6c27c1b5-0798-ee0b-0395-0e7ed96fd4fc,show,HOST
81d3c4ee-48da-4804-9618-c266cddc6f3e,Tom Rennie,SXM_HOST,3b15a491-c96a-e01c-a401-b91d2de3f2ce,show,HOST
5b73b42a-be13-43c5-8caf-5f621b722d14,Billy Idol,ARTIST,de6fbdae-1ad8-866b-71a4-33c0ba7b18ad,show,HOST
72c91999-5a6b-4bb3-bc9a-d9584c2f5a81,Jim Jefferies,ARTIST,0ebee85c-8db8-3958-8882-44be75e7132f,show-podcast,HOST
8f2338d5-e63a-4f05-8405-8a7e0fe0be2d,Tommy Vietor,SXM_HOST,a33b9de9-641a-3956-b2cf-2903b13d21f3,show-podcast,HOST
a8956eec-f02e-4adf-97fd-aa7a3b4aa204,Ashley Flowers,HOST,93679c20-96bc-3b39-b59e-a479a72904d4,show-podcast,HOST
0257b139-6b49-4f39-bcd5-1f9d62cab61b,Hallie Batchelder,HOST,bdcc8991-e270-3454-17b2-a0d24535d974,show,HOST
1a75f6e7-2816-4f7e-b2c0-448b5cff0ab1,Paula Nelson,SXM_HOST,69d38e8d-b5fb-a1f6-ec14-729cfa9ccb55,show,HOST
a0f6b3c7-a4f4-4d4f-9b95-8ecd6dbe25a8,Ed Sheeran,ARTIST,7e915c26-572e-e731-f9ca-c54a329da0a7,show,PERFORMER
6d3cd053-1976-407c-8bb6-cdccfc220098,Willie Geist,SXM_HOST,314a104a-2ca3-482f-b97e-e8c1934d0625,show,HOST
d177c69d-b9b9-4501-ba09-0998801dc6c2,Will Smith,ARTIST,bc7a1843-68da-37c5-ab98-cfb3436aec85,show-podcast,HOST
80f0828e-c973-48d5-af72-e9fc9b44a8cd,Stefan Molyneux,HOST,a1ea567f-e304-3fc6-8f02-2a85512e4154,show-podcast,HOST
9b77e4e6-b65e-47be-a537-3526fab35a37,Tony Fly & Symon,SXM_HOST,67cb58e6-305e-3599-85c4-a1e3ef216662,show,HOST
5b305217-af7e-4a6a-a678-95e87447ed1c,Al Franken,SXM_HOST,3a0a115c-c600-371d-9969-da4d84759800,show-podcast,HOST
3e497ce2-22e3-4266-9d47-85e6caa29e3c,Gioacchino Rossini,ARTIST,95c7289d-55b6-7fa8-4dcc-1534182c3b36,show,HOST
30f2b5f0-f16e-47e8-befa-f27de7782df3,Amir Blumenfeld,HOST,3b8f3d8b-f989-35ae-a59f-59198bc5e7d6,show-podcast,HOST
83c32edb-97cc-48f7-8cbf-7c34399a760f,Bengt Washburn,ARTIST,066edf90-22df-3d28-bc06-cd9149928aab,show-podcast,HOST
87a65087-edcd-4d8d-89e3-d5e4261c0876,Duff McKagan,ARTIST,cc9565d2-9c76-64de-9290-c924ed70e3b4,show,HOST
973459ad-9cf6-4c56-aa4f-4b90b7f8c63a,Julia Cunningham,SXM_HOST,a38cb6bc-19ea-f7bd-0e35-3cf56f031ab1,show,HOST
90aab0df-cb3a-4e78-9e91-eb9c48d4fa7a,Purple Disco Machine,ARTIST,2894011d-16ad-1301-1e9c-9a80a986aaf9,show,HOST
6989a235-e8d9-4644-81a1-73df761f3fc9,Bruce Springsteen,ARTIST,e8cd2710-758f-ebc0-27b5-662df7cd62dc,show,HOST
04a2b1d3-2186-4172-bee6-38fba295811b,Bill Flanagan,GUEST,6690551d-f60d-d87a-965a-63d1e633c2b2,show,HOST
fdd589a3-85f5-403e-b88b-463e47d79978,Redman,ARTIST,502f5418-863e-ca53-b603-d31b76ea8708,show,HOST
22cf61b0-906e-4c17-920f-a2d9192ef356,Amy Sedaris,GUEST,7739a34a-94a6-35e0-913e-53950aba3bfa,show-podcast,PERFORMER
8b226596-16eb-4ae2-b0c5-61db4c363e8d,Bill Burr,ARTIST,185b6512-42a7-3d84-875f-7c309a268c75,show-podcast,HOST
381226a7-e933-4d56-ac17-e5a7e7222787,Kirk Franklin,ARTIST,396306f9-bc69-4b02-bf2a-db77d6b2b42c,show,HOST
cb865a68-42dd-4d28-b75e-7b667aa89673,Andy Cohen,SXM_HOST,bc561402-17cc-fbb0-4b9e-659293394546,show,HOST
44aff7e3-43ce-4d75-a6b2-ce48e979a1cd,The Lumineers,ARTIST,da624c15-888e-9afe-7dbe-e6c8db4fcdeb,show,PERFORMER
c2940b10-01b6-4e0f-9ccf-76e680f1e4b7,Marc Anthony,ARTIST,b5fa8b9a-cf64-8308-4de9-c5f9d35995fe,show,HOST
74ab0164-5325-4ab9-a802-5b5062ff642c,Karen Hunter,SXM_HOST,fb2716ef-2a80-3d05-adb7-b627fd3dc597,show-podcast,HOST
0418067a-ca12-4c48-afe9-bbc26107c639,Eric McCormack,HOST,277e8888-c1ae-313a-875e-96e8bd9f44d7,show-podcast,HOST
9a2c5fac-1337-4864-92c8-1bd1f98cd0c3,Ringo Starr,ARTIST,a0ca751d-e7d0-6f84-e40d-4ee71916be79,show,HOST
1cd67191-8866-483e-a473-3719c96fe736,Bully Ray,SXM_HOST,02ef26f1-5348-cfdd-18a6-94e17cd24a1b,show,HOST
f70cc005-98e0-4c56-962e-47be8d8e2740,Greg Fitzsimmons,HOST,943bb9e4-601f-3034-b022-0ca10bb4e7a9,show-podcast,HOST
290017fe-2a0c-4ec7-a31f-0bd4aa9c2f0e,Giuseppe Verdi,ARTIST,00ec0c60-5030-4bff-0791-1f37caae8789,show,PERFORMER
1c75863c-4ed7-461a-a44f-9d024b3c771c,Sum 41,ARTIST,8899bc66-c693-5b1b-e534-d53513a6efb9,show,HOST
9253fdee-2788-487d-8b6e-fdd49cbb9c6b,Brad Lidge,SXM_HOST,fa763f07-a222-45f2-8b5b-5b1db32145a7,show,HOST
9b76961e-f194-4120-a9f8-fa909b55140b,Jim Norton,SXM_HOST,146f9f61-c592-39ff-8876-f0779a1a9dc3,show-podcast,HOST
16d15af0-54ad-4fbb-85e5-6e3af0353a26,Adam Carolla,HOST,1453c4e4-0a61-316d-9ecb-a871818ca553,show-podcast,HOST
472bdacb-68ce-4894-9ede-455ac3623979,Justin McElroy,HOST,4ea15b5b-6d45-3df6-a003-a6848e1315d8,show-podcast,HOST
5512ac26-532d-4b3a-95c5-b612b35c24cf,Dave LaGreca,SXM_HOST,653661fc-3bfb-95cf-dbbf-9d561091c2e2,show,HOST
f94af6d7-794c-487d-b9e4-b764240811ee,Rich Davis,SXM_HOST,0ad7c62c-fa4f-405e-9d4e-253663cdee04,show,HOST
aadb25be-45ee-4639-86e5-9aa0da776eb6,Amy Poehler,HOST,9d6ea2bd-2a51-370e-9879-7eefb9d0a8d8,show-podcast,HOST
017b0f93-12a0-4174-90aa-02b3f6d337f4,Swaggy Sie,SXM_HOST,5239e722-9c0f-81bc-02f5-1928cae81c60,show,HOST
1e51bb63-9b18-44bb-8ff4-f39963999dad,Megyn Kelly,SXM_HOST,93d2bb1b-b55c-9622-84cc-b91ba32cc580,show,HOST
4a3f8765-4b92-44d9-9068-67e86783064a,Nikki Glaser,ARTIST,2e20faee-860a-3688-a95b-845705ef4921,show-podcast,HOST
5c453468-643e-4d90-9c1c-8989c536d2dc,Perri Peltz,SXM_HOST,c71f83dc-cc72-5227-7656-b9047330029d,show,HOST
47e45ffa-5f2f-46f9-b39d-a7c0805d0ebd,Chris D'Elia,HOST,57ee5a91-5f30-382f-92be-a85c794a3985,show-podcast,HOST
6d369b6b-c95b-43cc-889c-68616e4be0f6,Lori Majewski,SXM_HOST,ce94b6b6-c378-f76e-1f4e-f2c4be7718ef,show,HOST
a8956eec-f02e-4adf-97fd-aa7a3b4aa204,Ashley Flowers,HOST,4957ef51-ace2-31a2-93d4-05c2e4d9b0ea,show-podcast,HOST
b377f2c9-695c-4001-9109-3ed35a107b6f,David Tennant,HOST,e2f59db5-64f0-335c-9120-f0c9e78d510c,show-podcast,HOST
1adb688b-cd86-4ed3-ad93-193ad3c82bc2,Scott Aukerman,HOST,fb8a7ff9-7460-3311-948f-580fb372660f,show-podcast,HOST
7b746050-467c-4191-b344-f553765d0c2c,Bob Dylan,ARTIST,da0128dd-6912-33c4-9828-748bf6acb7c6,show-podcast,HOST
db9f0d1a-c5eb-49e8-b9c6-903b44ff7a79,Michelle Williams,ARTIST,8f16495e-0398-31e7-b07a-83c714060766,show-podcast,HOST
58cdfc84-25c6-4361-86f3-9dde0207d528,Mark Goodman,SXM_HOST,a3897806-5cf6-d3ce-8a48-bf89e15f831f,show,HOST
2aa47542-02d5-49d5-a602-c870c0d529d6,Stephen A. Smith,SXM_HOST,8c071cac-ce41-374d-959c-6bbcfd597ab0,show-podcast,HOST
a0d2f731-f500-4b2c-8f24-89da7db2832d,N.O.R.E.,ARTIST,c1072a4d-52a9-3bb3-b4fc-b49842850eca,show-podcast,HOST
c2940b10-01b6-4e0f-9ccf-76e680f1e4b7,Marc Anthony,ARTIST,cd5f7df0-c179-49ea-da0e-e9614b98e4fb,show,HOST
576e0cc7-63eb-41e7-88c3-7be1bad19043,Billy Joel,ARTIST,c81e88e1-9b88-2b8e-5f59-d45cc972ca9b,show,HOST
67390169-c16a-459b-ab99-bf591c4b1777,Jon Lovett,SXM_HOST,cb8fca1d-1003-87ac-617b-2b768ba8e09a,show,HOST
9e9bd8a5-402c-457b-8822-2294d499b4a2,Kat Corbett,SXM_HOST,c1a3ffd0-327d-1f53-200e-6896c3ed9224,show,HOST
95ffacc4-89f7-4d34-990d-95856aee90b9,Jeff Lewis,SXM_HOST,fdf0828c-710e-2e45-0123-bbab29ed2edc,show,HOST
4df006ed-5faf-4bc0-b028-aab3206dfae3,Adam McKay,HOST,dff47643-0c77-34e3-9196-827b83a60ea7,show-podcast,HOST
7a52f074-985b-4282-9ff7-2fb1944c54a6,Bevy Smith,SXM_HOST,da10e080-3102-9ec0-29df-4982b9ca09f5,show,HOST
13ecb14a-7dc1-4125-a665-e24036a138bb,LL COOL J,ARTIST,02652f2a-0613-5df6-e066-a33ba28e257e,show,HOST
f94af6d7-794c-487d-b9e4-b764240811ee,Rich Davis,SXM_HOST,47aae37d-5d60-d700-ba17-5cdc386c4b01,show,HOST
65db9eb6-6b4f-4385-94cf-a757cda409af,Ayman Mohyeldin,SXM_HOST,25540008-bc68-3a77-901e-fe7adb316ed2,show-podcast,HOST
391ea97f-d0ef-4d0e-9aa9-65722d4844aa,Dallas Wayne,SXM_HOST,fa785858-eaad-464f-a412-7f5b0d9c80dc,show,HOST
76396ddc-04a8-4e5f-94c0-89dbdd0ba574,Mikey Piff,SXM_HOST,eaeb0adc-cd70-4d41-81ca-1688e981316a,show,HOST
ceb4ae37-1ed0-49c6-8d56-268045af84b5,Jim Florentine,ARTIST,6f8282f9-ab81-41b8-bfd5-3ae56be0e023,show,HOST
46db0750-b7ef-4dc9-8da7-ea17980d8a37,Phoebe Bridgers,ARTIST,ae6ee9c9-c523-34cb-5afa-a352003f71a4,show,HOST
34234f68-f46a-4a93-bc17-b613a8898ffb,Jose Mangin,SXM_HOST,a6c60dad-208a-90aa-f8da-03bf868508ac,show,HOST
99ec4e2e-e4ab-4bef-8079-90b9275187ef,Rachel Maddow,SXM_HOST,49280d6e-2808-3c1e-9eee-d199ad0b49ce,show-podcast,HOST
cb865a68-42dd-4d28-b75e-7b667aa89673,Andy Cohen,SXM_HOST,7c5419e4-7bce-d78a-e44a-a2f2e307700a,show,HOST
9b76961e-f194-4120-a9f8-fa909b55140b,Jim Norton,SXM_HOST,6d116a70-61f9-1252-1407-fddbae2948fc,show,HOST
3a873920-8877-496b-b77f-9687daf0c845,Dwight Yoakam,ARTIST,b41c8621-e7ae-f9c1-87db-b7cb33e257dc,show,HOST
79132488-ae6d-4515-95bd-8c11ce69f812,Chris Distefano,ARTIST,1eff7c7e-87a2-3a1b-a66b-2002a64b7238,show-podcast,HOST
cb865a68-42dd-4d28-b75e-7b667aa89673,Andy Cohen,SXM_HOST,d0217c32-e29e-1652-dc08-9ea40b99e006,show,HOST
34c66b35-634e-480c-8e9b-f9c0ca649a1f,Ben Stiller,GUEST,e38f98ce-bf0b-30fc-86e7-473788a261f1,show-podcast,HOST
58cdfc84-25c6-4361-86f3-9dde0207d528,Mark Goodman,SXM_HOST,a3897806-5cf6-d3ce-8a48-bf89e15f831f,show,HOST
b146753f-482a-4ea3-8dc2-fb07b4115522,Anderson Cooper,HOST,e241c361-bae8-5cb4-2088-09a68cde1df9,show,HOST
bb2ff9dd-6899-48d6-bb0f-430b2e2574a4,Richard Dawkins,HOST,d25538f6-efce-3971-9957-b44f18ca8edc,show-podcast,HOST
fa37fb8f-da8e-49cc-9046-09b24164a2a3,Randy Bachman,ARTIST,f0805c5e-3056-4e4d-e7a9-698befcc41b5,show,HOST
f9220333-7423-44c4-9dd2-8b8eda76151d,Chris Hayes,HOST,8728e0f3-815f-4655-926b-bfa00d1b4f4f,show,HOST
2bff0c4d-a6fb-4bb5-8166-72351459388f,Kal Penn,HOST,df91b194-7345-3c7f-af5c-7ae65071566b,show-podcast,HOST
291c7147-5282-4749-8433-cad790bd47f8,Phish,ARTIST,4f82ea76-e17f-57d9-7ee0-06b6ca459dee,show,HOST
984ca017-32b8-46b0-9526-a871a38ad2d8,Daniel Tosh,ARTIST,96335919-b76b-33a5-a6aa-7ba5cdc9db24,show-podcast,HOST
576e0cc7-63eb-41e7-88c3-7be1bad19043,Billy Joel,ARTIST,ea1b2b19-3a8e-74a6-8f04-13a8d3824ebb,show,HOST
95ffacc4-89f7-4d34-990d-95856aee90b9,Jeff Lewis,SXM_HOST,98713b38-08f7-5515-fa0b-eb8924cc019b,show,HOST
3e497ce2-22e3-4266-9d47-85e6caa29e3c,Gioacchino Rossini,ARTIST,f003cac3-9351-9f87-5f19-d0a915742228,show,PERFORMER
a307b369-926a-44f4-a323-65163a7e68f1,Matt Gourley,SXM_HOST,0a01d3fe-786e-310d-a57b-ea9a7a135102,show-podcast,HOST
f9f3553a-d83b-4fd7-a29e-42cb1e2c50f9,Tinx,SXM_HOST,2a60eb7d-5563-b15e-fa5d-760c22b68563,show,HOST
381226a7-e933-4d56-ac17-e5a7e7222787,Kirk Franklin,ARTIST,396306f9-bc69-4b02-bf2a-db77d6b2b42c,show,HOST
391ea97f-d0ef-4d0e-9aa9-65722d4844aa,Dallas Wayne,SXM_HOST,6dae9e42-95f6-d1f4-32e7-4d32840a1005,show,HOST
adb7c9ed-7086-4235-ba37-88ca759988b3,Flogging Molly,ARTIST,aae80ad4-da8e-c2a0-1eec-05451e46c473,show,HOST
d42ec99a-356a-455e-8d2d-c400e1028baa,Ariel Helwani,HOST,fde67176-2bb2-3641-b0b2-be0350477261,show-podcast,HOST
80e61f99-7729-4516-8fc1-fb919153bb7f,Dave Ramsey,HOST,2bfd5395-24d1-3a1b-9ec1-e39780852d5b,show-podcast,HOST
bb249904-8814-4c4d-b698-a6fbb9e4f295,Seth Rogen,HOST,d18899e7-5741-3600-8579-6478051ea1f8,show-podcast,HOST
5fb47d61-98f4-4b2c-9dba-658d4c59f8ee,Coldplay,ARTIST,ba452b5a-3e66-3a02-572c-9a2f25dd91c8,show,PERFORMER
cb865a68-42dd-4d28-b75e-7b667aa89673,Andy Cohen,SXM_HOST,71c330c1-945f-5566-1a7a-c5d7e72b05a3,show,HOST
ddca9143-381e-421d-bdfb-b8aa9399356b,Shannon Gunz,SXM_HOST,da5753ad-feae-944e-e23c-118ce3e65696,show,HOST
aa3c8db3-83ee-4644-a0a9-6db1df7ea05f,Michael Rapaport,HOST,8049faa0-bef7-3b02-a40d-fe6d518d593a,show-podcast,HOST
cb865a68-42dd-4d28-b75e-7b667aa89673,Andy Cohen,SXM_HOST,38feff0b-3395-89da-bc45-455145463644,show,HOST
75df08ae-c0e9-4822-a731-81a001b3aadb,Peter Bergen,HOST,f3833950-3795-50e3-52ca-20581aecfb45,show,HOST
953f0918-e510-4292-bdbd-2f98a1b77ec2,Jeff Mans,SXM_HOST,2b0550fd-9b10-423f-ba65-18ac13478552,show,HOST
8ce3d58f-2d58-4017-aab2-57aa7e319d1d,Brian Dunseth,SXM_HOST,ecf533d8-e72a-381b-923d-ba3ee7048151,show-podcast,HOST
40154896-745f-479d-ad14-2eb3d8c14f93,Big Time Rush,ARTIST,0cda592e-aa78-a77e-fdcf-5238980163a2,show,HOST
f600f325-d107-4306-82e4-e305f9eac062,Joel Osteen,SXM_HOST,a7b20883-b8e2-91dd-8d5c-b78cd7c4fb59,show,HOST
5a11faf7-8b2c-4835-94d5-d6cf0a1d78c5,Tommy Dreamer,SXM_HOST,4a75ab10-a358-3204-edbe-8cf24217bdfa,show,HOST
8e873985-6d99-43dd-8f69-ff3ffa3eed30,Americus Reed,SXM_HOST,d1bdfbfb-cc3b-4ceb-a61b-70ee050e65e7,show,HOST
47feaf2a-db0c-45a7-9c5f-c28552c086f4,Fareed Zakaria,HOST,e72f4a1c-d278-4d88-8430-e3b47f2d926b,show,HOST
3177a68b-d4e6-4976-a1f4-f741523ff78f,Kevin Hart,SXM_HOST,0d3554ac-5919-3492-b0b0-71c43163ad90,show-podcast,HOST
06406690-0586-4c10-be06-b98571347be8,Theodora Richards,HOST,934d4dd1-00dd-7d93-7fb3-ef428d72d722,show,HOST
f94af6d7-794c-487d-b9e4-b764240811ee,Rich Davis,SXM_HOST,f397b1ad-415b-4c7a-1e23-6aad5558d3c2,show,HOST
5fe6ce30-0656-416c-8219-4b5c4f3ac17d,Eric Church,ARTIST,6a1055c1-1a8c-708f-9962-fdabc5356899,show,HOST
c1d3e78e-b4c9-44ff-bc8b-89b7a5e2f05c,Peter Mansbridge,SXM_HOST,bafef741-2efb-31c2-a9cd-44faedf521ef,show-podcast,HOST
576e0cc7-63eb-41e7-88c3-7be1bad19043,Billy Joel,ARTIST,064513bb-d33d-dff2-730b-3e9fa57391ed,show,HOST
79132488-ae6d-4515-95bd-8c11ce69f812,Chris Distefano,ARTIST,1eff7c7e-87a2-3a1b-a66b-2002a64b7238,show-podcast,HOST
0bae9404-5b14-4972-81ef-9a5bf3147cbd,DeRay Mckesson,HOST,a9e47ae7-12d1-3e9f-a396-31555262dccd,show-podcast,HOST
95acfc47-b9c5-4792-bc9f-a21a27ff84d8,Wynton Marsalis,ARTIST,4477e163-fe6c-8d04-0952-8492d9bcea77,show,HOST
3a4aade9-99db-4b2f-80e6-d0cfe8ef9b35,Neal Brennan,ARTIST,02663570-bdb8-3333-8513-014d5d4944fe,show-podcast,HOST
4d9640d8-35ef-47f7-9fed-fa10d49a4b78,Howard Stern,SXM_HOST,9f9cccf9-f3f4-e77e-cedc-7d22a85d2f0a,show,HOST
3765720b-3749-437c-bf9d-0ad8a04c62e1,Bon Jovi,ARTIST,f6a9a982-50cf-b9f1-90ff-624627dd1600,show,HOST
5fe6ce30-0656-416c-8219-4b5c4f3ac17d,Eric Church,ARTIST,798cddbd-6506-61d5-709e-87a20f22c845,show,HOST
290017fe-2a0c-4ec7-a31f-0bd4aa9c2f0e,Giuseppe Verdi,ARTIST,4a5b5bf1-6e45-9274-392e-d928f50afc45,show,PERFORMER
81417e94-d3b2-415b-b9a8-e68b032cdc78,Maria Bamford,ARTIST,0a01d3fe-786e-310d-a57b-ea9a7a135102,show-podcast,HOST
51ab4b4e-0abd-4e7a-b787-a9890007beed,Scotty,SXM_HOST,fe1526f0-04e4-45c3-9a1f-f01419ef1eaf,show,HOST
3d2d6c0c-1e97-4177-bb4e-19bdc6dd30b4,Wolf Blitzer,SXM_HOST,e20473b7-06cf-36fe-690f-a375b0ba9aec,show,HOST
291c7147-5282-4749-8433-cad790bd47f8,Phish,ARTIST,d1049e23-98f3-df03-162c-93555106fd11,show,HOST
a8956eec-f02e-4adf-97fd-aa7a3b4aa204,Ashley Flowers,HOST,76578334-b703-3064-8595-8e33feeef8a1,show-podcast,HOST
50ba215f-8615-43d9-8fae-a180c1edd6b0,Dorinda Medley,SXM_HOST,1b9804d3-3e4d-6092-50b4-eb955ef6a17a,show,HOST
ff727541-987d-4362-8dec-3e965e6cd895,Sarah Silverman,HOST,03dd7c34-eb07-36ff-a0d3-faa18f89930d,show-podcast,HOST
8b524aef-91af-45f8-85d5-65b05a0823d5,Jen Psaki,HOST,43a31d61-26e0-4360-b232-5217e5c4b815,show,HOST
553256ea-a93c-4401-9339-781b29c0db5a,Conan O'Brien,SXM_HOST,a479c48f-b37b-8918-0bf6-7628a8540f10,show,HOST
acf8a01d-96b8-4174-bd0d-dd32abd9887b,Steven Kapp Perry,SXM_HOST,95b8cbc7-948f-db6d-a317-21f1ba3b8462,show,HOST
7094ec7e-52ff-4333-a504-7316ffd1acb2,Jim Bowden,SXM_HOST,1852b3ee-c0e8-1730-60f6-d5de04ae99f3,show,HOST
653506c4-be0f-4454-91b8-12aa4dfd35c1,will.i.am,ARTIST,4adcf849-e9e6-1f00-b062-92f21a862d0c,show,HOST
ffce6faf-5338-4145-9b6e-fe76bff07eca,Glenn Crooks,SXM_HOST,34cec5b0-655f-3413-79ec-bc9706ab9aa4,show,HOST
2391c99c-c62d-441a-9089-6dcabbb48d40,Dr. Phil,HOST,19cd3546-9bca-309a-9ef1-9c4544ad9727,show-podcast,HOST
e5dc42c9-0650-418a-b675-f971bd82ad1e,Darren Criss,ARTIST,041e96c1-5048-3e4e-bc41-587a93c969b8,show-podcast,HOST
08aa45af-02e6-4e56-bcb7-88217e4e1067,Joel Kim Booster,SXM_HOST,3bd8b61d-3dcd-3a9b-a9e0-c0b5712c5553,show-podcast,HOST
1adb688b-cd86-4ed3-ad93-193ad3c82bc2,Scott Aukerman,HOST,06a3ac9e-91d1-3431-8eee-f40c738a07b6,show-podcast,HOST
fedc2c0d-b2ca-44c0-bbc6-541e5ccdefbc,Dangerous Darren,SXM_HOST,8ceef189-ec69-4308-86a8-ceb0b485be72,show,HOST
ac4b202c-9055-4905-8e16-fc572330c68b,Paul Anka,ARTIST,b13b3d95-6fc5-3c2d-83d2-2b2f85ec6ab1,show-podcast,HOST
1e51bb63-9b18-44bb-8ff4-f39963999dad,Megyn Kelly,SXM_HOST,ee675f43-eec9-1db5-9580-99b72af1922f,show,HOST
373d9470-9711-4601-ac70-76bc849604d7,Stevie Nicks,ARTIST,3ff29edd-711e-ec5b-1bc8-d6dddddd2487,show,PERFORMER
c859e58b-b062-41e2-baa4-959f1dc4d847,Earle Bailey,SXM_HOST,0e727e80-61d1-42fc-b27a-09108d379fc4,show,HOST
e1c2f877-b910-43b0-aa98-6ca274da49a4,Bruce Springsteen & The E Street Band,ARTIST,5acd9fe4-04ce-4618-b491-8688731495a3,show,HOST
5a11faf7-8b2c-4835-94d5-d6cf0a1d78c5,Tommy Dreamer,SXM_HOST,7dd172b7-268d-475a-a407-641544dfffc5,show,HOST
381226a7-e933-4d56-ac17-e5a7e7222787,Kirk Franklin,ARTIST,42f1d44f-1d71-8d33-5883-a26f2b9ca745,show,HOST
618c4071-80ac-4f35-bd4a-529c2c78d06e,Fortune Feimster,SXM_HOST,cf0579bf-8131-4af8-88e8-540db1d73a89,show,HOST
62d453bc-f799-4484-ae0f-67db8c27eb5d,Gil Brandt,SXM_HOST,7136bce9-fc02-4701-968a-7241c974a92c,show,HOST
f17e0a4e-4f21-4e6c-8379-acce232b0121,Bill Bradley,GUEST,bb630927-b295-4f19-bde8-73c4e7dba3a0,show,HOST
734d7278-726f-4362-9955-c33f29011bc6,Robbie Williams,ARTIST,c78ee073-dd27-3e10-9156-8e651f0b11d5,show-podcast,HOST
48c4392c-2394-4a80-83d6-b3cf736eb66d,Joel Pollak,GUEST,ef3abc03-56b0-4dab-917d-66e58a7cd550,show,HOST
381226a7-e933-4d56-ac17-e5a7e7222787,Kirk Franklin,ARTIST,9831d4d9-bede-552b-afc0-d220c70e5d35,show,HOST
db9f0d1a-c5eb-49e8-b9c6-903b44ff7a79,Michelle Williams,ARTIST,8f16495e-0398-31e7-b07a-83c714060766,show-podcast,HOST
a14a7f49-4d80-418c-a93a-2d13a0b4a0ff,Jimmy Buffett,ARTIST,bd0e5973-e5fd-adab-fb58-5d41295fabdd,show,PERFORMER
f09a27b9-0883-475d-bdf8-a79ba2b3c412,Ben Hartsock,GUEST,4b6b9fc4-bb33-cfa3-5c5d-244b7f573faf,show,HOST
54932246-4c11-4fa6-8946-07b1b5ad1cd0,Keith Roth,SXM_HOST,b405bfcb-4244-4f5c-ae77-51f2c37268f6,show,HOST
017b0f93-12a0-4174-90aa-02b3f6d337f4,Swaggy Sie,SXM_HOST,2d493e93-4e59-99d4-27bc-83e1ecec9e62,show,HOST
5cc4c7f4-feb4-4f50-869e-145a61cf42fd,Adam Schein,SXM_HOST,c2c10b72-0bc0-43d1-9be4-226cbf47ac4b,show,HOST
201da46a-1993-467a-a765-cbf6b4a4553a,Robert Kelly,SXM_HOST,2ad5eb20-3f89-3629-894e-4a2ec5092b58,show-podcast,HOST
16d15af0-54ad-4fbb-85e5-6e3af0353a26,Adam Carolla,HOST,0f97bb7a-2070-3d27-a178-12d3360cfbe1,show-podcast,HOST
d2abf286-3802-44b1-984a-d8ee010545b5,Laura Coates,SXM_HOST,ffb27e63-5124-283a-3d3f-01aaa6447d7a,show,HOST
4590fc71-e8f9-4865-a782-5282656c8237,Big Jay Oakerson,SXM_HOST,32efb182-2229-6cba-4d18-a9657ef5cef0,show,HOST
d6a0db0e-479b-48b6-b3e8-6b9f7133cce1,Patrick J. Adams,HOST,af3872ae-79e3-3da2-ab9c-5e4e802a1f7d,show-podcast,HOST
731c3acc-27e2-4141-a7e5-988410c40eda,Brené Brown,HOST,10880df1-dc9d-3533-861f-7d768f5d08c1,show-podcast,HOST
4704faf8-123e-4070-859d-4bcf2005f71a,Andrew Schulz,ARTIST,19032036-0911-34ab-9ce4-2aaac3293568,show-podcast,HOST
fd55de60-1629-451a-af22-980caa138c28,Cameron Esposito,HOST,e609fe97-3554-3a35-9c30-674fa0a8717b,show-podcast,HOST
1d070efe-6392-4e03-b201-7d8783199246,George Ezra,ARTIST,4387aacf-1247-31df-a364-a97c03958d3c,show-podcast,HOST
77f99c54-f234-4613-bfdf-3b41417c2f76,Tom Segura,ARTIST,277e8ef1-7061-315f-a81b-c2d88736a3c5,show-podcast,HOST
62470ac9-ce57-4141-8bde-8f007791847c,Jess Cagle,SXM_HOST,d0525a48-893e-3193-68f9-47d1a715d0d0,show,HOST
edd3dd88-1ff0-42e3-8718-b54ea835001d,Michael Smerconish,SXM_HOST,87022411-a094-48b7-e9e6-30c48d87f969,show,HOST
ed139028-7a3f-4d0a-99e6-b9c7e22573ec,Tom Papa,ARTIST,cf0579bf-8131-4af8-88e8-540db1d73a89,show,HOST
c9e504bc-1238-474c-a648-9dfa5aea2374,Ron Bennington,SXM_HOST,a4493e14-6bce-59a6-3a93-1b89c65c9fe8,show,HOST
4d549208-003c-465d-a5fd-fbb6681048b7,Ultra Naté,ARTIST,f1039606-a651-1d67-ae89-8f33b8d75e07,show,HOST
553256ea-a93c-4401-9339-781b29c0db5a,Conan O'Brien,SXM_HOST,c4c73cad-832c-f565-b1d8-949ea43fbc58,show,HOST
553256ea-a93c-4401-9339-781b29c0db5a,Conan O'Brien,SXM_HOST,010da37e-5817-b582-5f9b-6572ec65ebd7,show,HOST
b3982eea-21ba-453d-9574-ac785f18db8e,Scott Sigler,HOST,20b88df4-f338-3682-b35d-33c633741542,show-podcast,HOST
99ec4e2e-e4ab-4bef-8079-90b9275187ef,Rachel Maddow,SXM_HOST,a927d4c5-f266-326b-97cd-895fc0e9e946,show-podcast,HOST
c6f79647-5ae8-4253-9d97-8a15fac07892,Frank Isola,SXM_HOST,a3bd4684-b06d-e6d8-61c5-40c12a9d6a8e,show,HOST
9aa7f56e-092f-429d-923e-16f7c8488451,Dave Matthews Band,ARTIST,02efb206-63c1-67b8-5b7c-24fc06c01a68,show,PERFORMER
fb5145ed-9c99-4a57-9386-d5bf077f0e73,Kathleen Madigan,ARTIST,bd7cd155-8c53-3981-ad65-e2188647b8e5,show-podcast,HOST
b6489152-bdaf-4a8f-9ff2-0dd2d86bdf7b,JoJo Siwa,ARTIST,e3cf9339-8de0-33b5-92c5-e6a75700bb17,show-podcast,HOST
d85b9510-719b-4777-809f-1c96b0e7cabe,Gail Bennington,SXM_HOST,0b5d14d5-11d8-8651-39c7-c86901d86100,show,HOST
4a3f8765-4b92-44d9-9068-67e86783064a,Nikki Glaser,ARTIST,2e20faee-860a-3688-a95b-845705ef4921,show-podcast,HOST
de86d2cd-4232-41f7-98da-a78dbdb7ae54,Malcolm Gladwell,HOST,9c293186-2a98-310f-a4ae-539b89c0d59e,show-podcast,HOST
a14a7f49-4d80-418c-a93a-2d13a0b4a0ff,Jimmy Buffett,ARTIST,134f9c19-a6b9-4c9e-b099-cd2e45c072f3,show,HOST
2ec12d8c-3e87-4bba-8a10-e5255423b7da,Chad Daniels,ARTIST,23049424-06e2-3f4c-9dfd-9db667d6ee62,show-podcast,HOST
1cd67191-8866-483e-a473-3719c96fe736,Bully Ray,SXM_HOST,4242527a-d16b-8c35-ed91-dc3dd6665461,show,HOST
3a58a6ee-a25c-42d2-af82-55e854938e1b,Gayle King,SXM_HOST,a68c030a-e7c3-5436-4a4b-84b53ae82a21,show,HOST
58cdfc84-25c6-4361-86f3-9dde0207d528,Mark Goodman,SXM_HOST,74699acf-5c24-6bc0-b041-67c256562c58,show,HOST
a906d107-e172-4832-b785-5932c78d5843,Rick Kamla,GUEST,39d820d9-ebe6-fb3a-7c4e-290adef92d39,show,HOST
f5a822e1-e05e-4641-b430-0703e685ed61,Eddie Trunk,SXM_HOST,19305fd8-c999-fbb6-1084-cb23008ce0fe,show,HOST
89c9bcb8-704a-435e-a047-30840e7ee70d,Diplo,ARTIST,9980c857-2f13-8fa3-5625-0ada492fee42,show,HOST
6983bdb1-003a-4aae-a304-bd5fac212bfa,Nicole Byer,HOST,9813df38-c968-3322-a190-7efd1a2657d0,show-podcast,HOST
55457c1f-f4b7-4872-8960-ea6a62e5c77f,Foo Fighters,ARTIST,e5be374e-185c-849b-92b0-0c44281c060e,show,HOST
9036d6dd-3da2-474f-aa1a-4174d32af6d6,Jimmy Dore,HOST,6bd8435b-a672-3b2d-a487-a94ff52565bb,show-podcast,HOST
55457c1f-f4b7-4872-8960-ea6a62e5c77f,Foo Fighters,ARTIST,809ddc19-3c09-7fb1-2630-31f5661b25a9,show,HOST
39e2db56-2ba1-4ba1-9dfe-ec9b59194033,Hoda Kotb,SXM_HOST,e64314c9-05a0-4802-38b6-8899427fd652,show,HOST
3e497ce2-22e3-4266-9d47-85e6caa29e3c,Gioacchino Rossini,ARTIST,3c0d331f-fa5f-97c0-900d-56f18c6fb5a7,show,PERFORMER
1d4f44f3-afce-4c69-9d52-1e1e671b0aa3,Dean Martin,ARTIST,d56e30af-1d9c-8d2b-7a99-dafc725fd747,show,HOST
6d3cd053-1976-407c-8bb6-cdccfc220098,Willie Geist,SXM_HOST,314a104a-2ca3-482f-b97e-e8c1934d0625,show,HOST
51ab4b4e-0abd-4e7a-b787-a9890007beed,Scotty,SXM_HOST,fe1526f0-04e4-45c3-9a1f-f01419ef1eaf,show,HOST
829db8a4-90ad-4284-abc6-697ec1503e22,Stanley T,SXM_HOST,69defb18-7f8a-482f-a493-641fdbb500a8,show,HOST
47180fae-690d-4651-bace-e65cae420809,Kumail Nanjiani,ARTIST,a3c91620-fa46-3a24-8b2b-8e04378a4ce2,show-podcast,HOST
3177a68b-d4e6-4976-a1f4-f741523ff78f,Kevin Hart,SXM_HOST,96d7a995-24cf-e771-9192-d0949c2de443,show,HOST
3117a64f-4df3-4e62-9e27-8e638b41945a,Jad Abumrad,HOST,cca8ff8e-abd7-3ef2-8dd8-73ab658cfa66,show-podcast,HOST
74ab0164-5325-4ab9-a802-5b5062ff642c,Karen Hunter,SXM_HOST,e815b0b0-03ef-5657-b919-02db1e3e21c2,show,HOST
e04bc626-6b05-4c27-8ab1-9648e056d478,Melissa Etheridge,ARTIST,d8db0a99-88eb-3639-b21e-8b934b7809df,show,HOST
1e51bb63-9b18-44bb-8ff4-f39963999dad,Megyn Kelly,SXM_HOST,886a27ad-eda6-e653-5ff3-93871250322c,show,HOST
63b3b4d7-00ff-4137-9927-2f1fddee2d33,Robin Lundberg,SXM_HOST,ad16acb3-efc4-5ac1-bddc-9a16650def4d,show,HOST
b224ffae-fe91-4a3b-a024-815fa202b0dd,Chelsea Handler,HOST,cf2622dc-be70-3f4f-91fc-6366428cec4c,show-podcast,HOST
bc029f26-105c-453d-ba74-30d1d2e0d4a8,Richard Blade,SXM_HOST,46ff2160-e056-414e-ae65-829ca0689b2f,show,HOST
3177a68b-d4e6-4976-a1f4-f741523ff78f,Kevin Hart,SXM_HOST,5e33061e-bb2e-f8a4-2657-cde986590143,show,HOST
e8c27fdc-e49f-4883-8728-fa420d2d17e1,Brian Scalabrine,SXM_HOST,ad5c1569-e430-443e-86dd-785500ad7f81,show,HOST
9b76961e-f194-4120-a9f8-fa909b55140b,Jim Norton,SXM_HOST,4eb8ebcb-1667-242d-8437-c868f76fc9f1,show,HOST
6eed3020-3671-4579-bafd-b521650f27c3,Marky Ramone,ARTIST,18efe94c-1e92-9bf8-429b-cb09deb6b346,show,HOST
20d3ec03-bcad-464e-b28a-84eaea93acc1,Ira Glass,HOST,a2265be4-b4af-3083-a1e9-70f5a3ec7692,show-podcast,HOST
8e9de81d-1f56-47d2-98a5-1167cb9c9a35,Alicia Keys,ARTIST,2da2401f-2d67-d41f-d0dc-210138082b62,show,HOST
9a2c5fac-1337-4864-92c8-1bd1f98cd0c3,Ringo Starr,ARTIST,a0ca751d-e7d0-6f84-e40d-4ee71916be79,show,HOST
febb5737-4b18-4bfb-b8d5-3b1248bac8e7,Kevin Smith,ARTIST,be702910-6865-33a3-ac0e-4b6523e4077f,show-podcast,GUEST
0f7cd7e5-d190-46c5-a032-84ea2f18270b,Katy Perry,ARTIST,902ab17b-4836-30f9-bd94-0878fdb8dce4,show-podcast,HOST
391ea97f-d0ef-4d0e-9aa9-65722d4844aa,Dallas Wayne,SXM_HOST,5469fc09-d702-826a-cd7a-95cfe410e64a,show,HOST
381226a7-e933-4d56-ac17-e5a7e7222787,Kirk Franklin,ARTIST,5e8551a2-0e71-7cb9-77e7-c963734509f6,show,HOST
95ffacc4-89f7-4d34-990d-95856aee90b9,Jeff Lewis,SXM_HOST,20424891-10fa-3714-79a4-0e7a65cdaa03,show,HOST
3e497ce2-22e3-4266-9d47-85e6caa29e3c,Gioacchino Rossini,ARTIST,498d5999-4f92-8263-df7a-7308ceb9ed70,show,HOST
0a8a67c8-5f84-4b72-bb17-a8aed7941be6,Hrishikesh Hirway,HOST,5b302d11-c016-3052-bda6-f6cbc01a7728,show-podcast,HOST
5f4078d1-1770-48ec-9295-fbd3e50bdca8,Kesha,ARTIST,9bb1990c-9b27-3620-9986-b6d69d48cdb9,show-podcast,PERFORMER
c381af86-d322-43ee-afa3-a79c03da7985,Hélio Castroneves,GUEST,502d6961-c59f-7234-c7f8-aae1f5e579bb,show,GUEST
3ba636b6-0e35-40ea-8294-7a7262e91e25,Heath Merryman,SXM_HOST,7986be5e-ce98-3ef1-9bb9-aa95a1321edf,show-podcast,HOST
290017fe-2a0c-4ec7-a31f-0bd4aa9c2f0e,Giuseppe Verdi,ARTIST,0f92657a-e06d-be0d-21ac-207a4bfc0d2b,show,PERFORMER
44e0b176-e8a3-4a53-a521-c965cd8a4316,Tanya Tucker,ARTIST,7a901267-a1c5-26cc-807c-9db3ee8c666d,show,HOST
1cd67191-8866-483e-a473-3719c96fe736,Bully Ray,SXM_HOST,4a75ab10-a358-3204-edbe-8cf24217bdfa,show,HOST
a852fa1e-f8c2-4ae7-919b-d9ba502bdbf7,Erin Foley,ARTIST,30d79393-b563-3483-bc82-ba93cc7045c4,show-podcast,HOST
640a1f4b-8929-4d5b-bd48-0b5d0e1456de,Rudy Giuliani,HOST,95a49266-5ef5-3010-b713-2620cb61a50a,show-podcast,HOST
53f5361f-57aa-49ab-b18b-927333be57aa,Marty Smith,SXM_HOST,a1482277-fb48-7e46-ad3d-eafa56a6ab91,show,HOST
290017fe-2a0c-4ec7-a31f-0bd4aa9c2f0e,Giuseppe Verdi,ARTIST,a522dc4e-eca5-5b77-3bf4-dbdcedc5f75b,show,PERFORMER
50fe6da7-3fdf-4ee8-95d5-f5a834401821,Zach Sang,HOST,e372ab5e-18ca-30a8-b794-a281bde547a2,show-podcast,HOST
cb865a68-42dd-4d28-b75e-7b667aa89673,Andy Cohen,SXM_HOST,d206440c-9f62-6712-1788-01e5d2cc1530,show,HOST
94d3d43f-c608-4826-8a74-3385cd311c53,Mike Duncan,HOST,3a4d97e5-92c3-3140-befb-da7f83abdb15,show-podcast,HOST
cd032653-5515-4474-bf68-cd56ec970d93,Alan Hunter,SXM_HOST,630febb7-aa64-a946-6a13-92d5ac27b27e,show,HOST
bf05e17d-bf08-4a31-9e95-38456e0d9219,Ania Hammar,SXM_HOST,bd13e95d-f7fd-86fa-c3ea-62e40ab9b60f,show,HOST
8b014677-25c7-4edc-be6b-3eec44bed44c,Mike Rowe,HOST,d096d310-1c4e-3fab-8413-39c1153cb6c2,show-podcast,HOST
7f4a1c35-e3b8-4684-8598-f94d7f72da2c,Alison Rosen,HOST,943bb9e4-601f-3034-b022-0ca10bb4e7a9,show-podcast,HOST
370749df-2632-4661-9d6f-1a53017fbed8,Scott Ian,SXM_HOST,c9c5edaf-480e-02cd-42d8-c3a7e7a5912e,show,HOST
403d927c-4fa7-4262-abf2-4405e7b1c66b,Dan Patrick,SXM_HOST,305ae7e5-4e2a-3680-8292-ce041357c422,show-podcast,HOST
4a3f8765-4b92-44d9-9068-67e86783064a,Nikki Glaser,ARTIST,e6f4dd8c-3e06-1710-b236-45e2cc92b7b5,show,HOST
ea369643-37e3-4e69-8d75-19735f7b5700,JB Smoove,ARTIST,48784485-4508-34bd-9df6-8c337756b88f,show-podcast,HOST
1ddb090b-842b-4470-a282-b3af3ce348fd,Sean Hayes,HOST,40adc29b-d29b-edda-a76b-f02c2184d255,show,HOST
d5edcc5a-edf7-4d24-ab1a-146b96ad7455,Pat Boone,ARTIST,deead1bb-0bdf-01e7-1b34-73617ffb0dd8,show,HOST
1b15a912-68e5-4ab3-8383-440bc6dc18ee,Kevin Kennedy,SXM_HOST,ce323528-a948-4934-a68a-d28f4f7f4bc9,show,HOST
e6f3bc8b-9c47-4088-bc08-4041a13fd418,Kylie Minogue,ARTIST,b82d9342-f36d-ae42-95a1-72492131705c,show,HOST
39e2db56-2ba1-4ba1-9dfe-ec9b59194033,Hoda Kotb,SXM_HOST,832d2b3a-f412-ee72-bd4e-fc99c36f7c7f,show,HOST
905e6a2c-c700-4911-b7f1-c1fab817ac25,Halsey,ARTIST,8c41ba0e-f647-c753-5fb6-bc072e9d05e4,show,PERFORMER
8e9de81d-1f56-47d2-98a5-1167cb9c9a35,Alicia Keys,ARTIST,19ba5d85-06b6-66a8-7a16-8a909f2fcea8,show,HOST
d371757b-95f0-4d86-aa04-76d5dece0973,Will Ferrell,GUEST,8a499120-c4d3-3e31-88b8-409842dcf2ef,show-podcast,HOST
b257d09d-d750-44ff-bcab-09439ef6acc8,Tom Morello,ARTIST,78d89073-5aad-152c-0f7a-b5fdd0be0907,show,HOST
c2940b10-01b6-4e0f-9ccf-76e680f1e4b7,Marc Anthony,ARTIST,5ed52b2c-f87b-d3f3-ca48-88fb05b033a1,show,HOST
cb865a68-42dd-4d28-b75e-7b667aa89673,Andy Cohen,SXM_HOST,ecf5faf3-fda3-37f3-9805-9547d64946bb,show-podcast,HOST
70591d4f-7b86-4096-b55e-029801085768,Sebastian Maniscalco,ARTIST,6dac137e-e8d0-3dd0-ad9d-1502f6995bf1,show-podcast,HOST
6f3633bc-72e5-4193-9d88-7b3541c127af,Steve Phillips,SXM_HOST,882f56c6-7104-7d0f-93d8-9eb094c5355b,show,HOST
465a14e8-9e78-464e-80b2-13202e658eb7,"Johnny ""El Picoso""",SXM_HOST,15dd2d23-ab25-4230-8f5b-591bbe87c6f8,show,HOST
52b192c8-2aba-4090-b655-c38fa54a4893,Julie James,SXM_HOST,a5d6aa0e-18b6-78fb-58f3-763cfba1ef89,show,HOST
ae1c85fd-12bd-418b-be67-b79d6783aac8,Joe Dolan,SXM_HOST,45b3cb89-e5b7-d789-8800-70705c69a221,show,HOST
e9b0672c-66eb-4d02-9d51-047e44a812af,Mike Krzyzewski,SXM_HOST,deec96cf-b050-80d4-986d-6553233060d7,show,HOST
8a90b97e-bdd3-46bb-98aa-692232222fbd,Buzz Brainard,SXM_HOST,6c72f52a-ae5b-0d9e-9451-e7ab8d6a44b7,show,HOST
f9220333-7423-44c4-9dd2-8b8eda76151d,Chris Hayes,HOST,7f44e669-8c3d-36aa-a492-38d2de78b26c,show-podcast,HOST
68dcbb92-d161-4edf-83a1-a058c224aba5,Lola Blanc,ARTIST,986997bc-97c2-378b-bc30-cce9b9d4fd52,show-podcast,HOST
16d15af0-54ad-4fbb-85e5-6e3af0353a26,Adam Carolla,HOST,838062e5-9998-3e1e-b02c-816abbf3bfc9,show-podcast,HOST
4d9640d8-35ef-47f7-9fed-fa10d49a4b78,Howard Stern,SXM_HOST,687c226c-a23d-800f-8cf1-93cda195a5e4,show,HOST
bd6a677b-5d5c-419b-a4d0-16913b4fed4e,Jason Bateman,HOST,d7316255-680c-316e-982c-8a0347fa3956,show-podcast,HOST
973459ad-9cf6-4c56-aa4f-4b90b7f8c63a,Julia Cunningham,SXM_HOST,a1d3899c-fb77-da22-3974-7b5e95180a4d,show,HOST
3a873920-8877-496b-b77f-9687daf0c845,Dwight Yoakam,ARTIST,b41c8621-e7ae-f9c1-87db-b7cb33e257dc,show,HOST
cb865a68-42dd-4d28-b75e-7b667aa89673,Andy Cohen,SXM_HOST,cc7aaf04-4079-a459-93e1-63c5f348da6b,show,HOST
290017fe-2a0c-4ec7-a31f-0bd4aa9c2f0e,Giuseppe Verdi,ARTIST,3fe64c4b-a227-f4a3-b1ec-cc6435489b27,show,PERFORMER
2ad1b10a-41ea-41a2-9013-792f9572ad26,Pitbull,ARTIST,7ebcb38c-a1ab-e608-7e6a-bc2165b6b52a,show,HOST
029e4d59-e529-4cc7-a648-a224c7207ced,Sean Hannity,SXM_HOST,1402ccb6-3068-4496-8a58-ee1757923838,show,HOST
a5d6c204-92c4-4037-b603-c77e1b70bb54,Skip Bayless,SXM_HOST,65ad5021-6a32-11d8-c0ba-fc1fbad653f6,show,HOST
db997c4b-66a0-4a4f-95fc-1f13157f4172,Joy Reid,HOST,b27d154e-9378-30bd-9079-9105971697f4,show-podcast,HOST
6983bdb1-003a-4aae-a304-bd5fac212bfa,Nicole Byer,HOST,ef6bb68b-776d-3079-ac9b-efe36577b5e6,show-podcast,HOST
f5a822e1-e05e-4641-b430-0703e685ed61,Eddie Trunk,SXM_HOST,ce1fe306-b83e-ea73-c32d-3f9389cdf6f9,show,HOST
0c7b5709-2c74-49b7-933b-4ae6ea218fb9,Bob the Drag Queen,HOST,5d0d20a4-ed5d-3253-8ebf-b8f25150ea35,show-podcast,HOST
ba2999bc-070d-4d23-8648-08e81067576e,Willie Nelson,ARTIST,44bd913b-9bbd-f47f-4df4-a3d7215e0b55,show,HOST
19d1cda9-a759-4ede-a769-4ad78269872b,Mary Sue Twohy,SXM_HOST,2fe63194-f70f-4354-b0b2-72fdb1ce531b,show,HOST
ea369643-37e3-4e69-8d75-19735f7b5700,JB Smoove,ARTIST,48784485-4508-34bd-9df6-8c337756b88f,show-podcast,HOST
1dfbce37-46f6-4e26-aec1-d0519939eed4,John Tartaglia,SXM_HOST,b1a6f72a-73f9-418d-a498-e711ab3fb55f,show,HOST
ed139028-7a3f-4d0a-99e6-b9c7e22573ec,Tom Papa,ARTIST,cf0579bf-8131-4af8-88e8-540db1d73a89,show,HOST
47180fae-690d-4651-bace-e65cae420809,Kumail Nanjiani,ARTIST,a3c91620-fa46-3a24-8b2b-8e04378a4ce2,show-podcast,HOST
76e4b0cc-6c9b-4f26-92af-a88cea2ab182,Steve Covino,SXM_HOST,238eb7d2-b556-974c-e94b-d001aa03f57e,show,HOST
576e0cc7-63eb-41e7-88c3-7be1bad19043,Billy Joel,ARTIST,876f950b-4657-2462-0809-d1a4e7c19b36,show,HOST
c6f79647-5ae8-4253-9d97-8a15fac07892,Frank Isola,SXM_HOST,ddc40d5f-01a7-fd0e-93fc-2d026283ca93,show,HOST
ba2999bc-070d-4d23-8648-08e81067576e,Willie Nelson,ARTIST,a02bff0c-bd42-cf87-105a-eefd44781d11,show,HOST
4590fc71-e8f9-4865-a782-5282656c8237,Big Jay Oakerson,SXM_HOST,b2f9e172-ffc0-7e10-ea5d-955e85b4f11f,show,HOST
b11a5a9f-95cc-448f-bc8d-d0ac06c73595,LP Giobbi,ARTIST,5a54cd17-7a99-568f-2119-1153cc75ce02,show,HOST
8b74ce98-5fe1-4c0b-adf2-d6d26da4a9bf,Michael Fabiano,SXM_HOST,8fb082f7-1a67-be1f-3dbb-eac488435925,show,HOST
a5314f6e-03eb-49eb-8b48-bd73534581cb,Whoopi Goldberg,HOST,ae769f1c-946e-3dfc-a911-f3b3cf46136f,show-podcast,HOST
a8956eec-f02e-4adf-97fd-aa7a3b4aa204,Ashley Flowers,HOST,5765a76b-2d75-81c5-7a14-dbc40aeef81b,show,HOST
b4e3e507-00bf-4d68-8807-b74fc43704f7,Brad Faxon,GUEST,6dec876c-67c0-695d-c12b-00dee06bd50c,show,HOST
47e45ffa-5f2f-46f9-b39d-a7c0805d0ebd,Chris D'Elia,HOST,57ee5a91-5f30-382f-92be-a85c794a3985,show-podcast,HOST
a1a2fdbd-5602-49f5-bbe9-20cf385c1118,Akon,ARTIST,aa8b982b-9696-1cf5-c52f-d258fb34236a,show,HOST
653506c4-be0f-4454-91b8-12aa4dfd35c1,will.i.am,ARTIST,f8db1596-c615-f499-a4d3-04b4371c1d49,show,HOST
3d2d6c0c-1e97-4177-bb4e-19bdc6dd30b4,Wolf Blitzer,SXM_HOST,7e18db3e-e94b-48eb-8af3-63b55383f5f5,show,HOST
5dfc078a-4e45-4470-a934-1091dbb93ea1,Thomas Rhett,ARTIST,2ba22135-f70b-dbaa-e7e9-edb00f8be5fc,show,PERFORMER
d41798c5-0637-411c-b8c9-f796447e9c1a,Yo-Yo Ma,ARTIST,21d77a92-9127-a82a-4303-502edee7cab1,show,HOST
089d6a2e-7075-4e91-85b4-9d04a58512e3,Dr. Laura,SXM_HOST,5aa081a3-623b-4609-9edd-0fa7e2b4be95,show,HOST
31d868a7-0dc8-4668-8206-3d3ef8c0fed4,Michael Yo,ARTIST,fb84c4f3-b91b-2b72-65c1-d39f98710e37,show,HOST
f185d6e9-26eb-4ab7-a58f-aef8249faaec,HAIM,ARTIST,e2e15ad3-2f88-2361-4f9c-b55584fc0001,show,GUEST
c93662e5-b5a8-4c81-9e49-b50c20bf352a,Kristine Stone,SXM_HOST,98adfe7a-f7f1-4863-a946-b634f6d183fe,show,HOST
f48a45c8-068f-422e-b8c7-1adb32f65b78,Bob Harris,SXM_HOST,0f0c71b9-d98c-bc50-e49e-41eb3e065fa6,show,HOST
36822f76-672f-4559-a033-fbb47f996910,Jesse Watters,HOST,8d429766-b8e2-34b4-a7ab-7cd5f3e6b1fb,show-podcast,HOST
ce925d0b-8f21-47ba-8765-4f4fde72d653,David Gans,SXM_HOST,e88deb96-afac-4745-8476-d0ac574d9fc7,show,HOST
480275e7-e779-4351-9ddc-40d5a1493d74,Angela Yee,HOST,f7483d2a-2a36-3f1a-b3f1-eb60975d7153,show-podcast,GUEST
74a66893-1c68-4620-84a6-36a394db113c,Lurie Daniel Favors,SXM_HOST,ea47e42f-e1a8-8406-e1a6-c1101adf8f8a,show,HOST
cfb3cdbf-141a-4236-a985-0bd13badd884,Downtown Julie Brown,SXM_HOST,349e58e0-a1f9-4652-91f1-e389eab9db02,show,HOST
8fe863fc-3155-443a-9bab-9db9b48a1dfa,Michelangelo Signorile,SXM_HOST,15343f0b-11fa-81af-9cd0-42ea706439a5,show,HOST
a1ed9d5f-9b9e-41eb-ba1c-868db0ef17c6,Stephen Colbert,HOST,c934de69-127c-3018-b6d7-68691bc684ca,show-podcast,HOST
52b192c8-2aba-4090-b655-c38fa54a4893,Julie James,SXM_HOST,dd856bbc-9574-4361-93de-624f42249655,show,HOST
7be60aa9-ebd8-4c63-b8e1-228fe47da08d,Mike Babchik,SXM_HOST,ef62f2c3-ce1a-67a8-dbc8-118c59634c64,show,HOST
1bcae0f2-d614-4f97-b1b8-43dd01f867c2,John Mayer,ARTIST,0f12028f-79ed-decf-83f0-e87278bbf938,show,HOST
712bf50e-c2ae-4278-b472-a18e157855b4,DJ Laz,ARTIST,c246c196-f9cc-a4e9-7aea-6c9094c25a2b,show,HOST
973459ad-9cf6-4c56-aa4f-4b90b7f8c63a,Julia Cunningham,SXM_HOST,315540ac-8115-beac-8571-e2323a420d4a,show,HOST
847ce038-ab6f-4bc3-be0c-3999f129454f,Jameela Jamil,HOST,2aea9dd0-8bac-349c-8593-44e87bcce47d,show-podcast,PERFORMER
d8927972-39ff-42b9-9cc4-e540fcbc95aa,The Tragically Hip,ARTIST,55dfbe26-83be-63a1-bf68-8fd843a9e50c,show,HOST
be05a8d2-7762-4bdf-8c82-db9c33a1622a,Kellie Pickler,ARTIST,00565f68-5dd2-5df7-5bba-0174bc21efac,show,HOST
894f2664-b7e4-4d28-b1a9-8d32f809bc2f,Paul Bachmann,SXM_HOST,5c5182ac-1342-43bc-b5d3-efb57cf426c9,show,HOST
f48a45c8-068f-422e-b8c7-1adb32f65b78,Bob Harris,SXM_HOST,e728bf18-1c3d-9375-d676-2e1c257ecc8d,show,HOST
13ecb14a-7dc1-4125-a665-e24036a138bb,LL COOL J,ARTIST,7e485fda-8105-f04f-0082-247d814e8e38,show,HOST
b2658d13-8433-4f5a-affb-588df035bd1c,Chris Jones,ARTIST,e3f2eb71-64d4-43ec-a457-865dc81f6ce4,show,HOST
4590fc71-e8f9-4865-a782-5282656c8237,Big Jay Oakerson,SXM_HOST,bd40178d-92b1-d3c0-76fb-f6e1afa9974a,show,HOST
08aa45af-02e6-4e56-bcb7-88217e4e1067,Joel Kim Booster,SXM_HOST,75f47424-089d-3d54-92ec-bcc1ee2ca832,show,HOST
b98f1861-a916-4342-847f-a839a0f534de,Eduardo Pérez,SXM_HOST,35da3623-de6f-6d00-8321-cf26f5f0418e,show,HOST
29f7ce40-1a64-44c2-87a8-1ead8eca8256,Rachel Steele,SXM_HOST,7f0d4191-9c53-37ac-8924-9f6bca725010,show,HOST
3a58a6ee-a25c-42d2-af82-55e854938e1b,Gayle King,SXM_HOST,024a5841-be6c-c600-3556-532a53ea253e,show,HOST
b3982eea-21ba-453d-9574-ac785f18db8e,Scott Sigler,HOST,7434d453-2897-33cb-86b5-2627e001deb4,show-podcast,HOST
c764b4dc-a877-456e-964d-70de01644a2c,Tom Brady,SXM_HOST,211bb0b7-b79a-e65b-54b7-f085b0c8c889,show,HOST
62470ac9-ce57-4141-8bde-8f007791847c,Jess Cagle,SXM_HOST,d0525a48-893e-3193-68f9-47d1a715d0d0,show,HOST
576e0cc7-63eb-41e7-88c3-7be1bad19043,Billy Joel,ARTIST,b2b77045-6271-fb58-f0a8-aa5a8b6bb8fa,show,HOST
0d015cfa-abd4-482d-847b-80607e68a89a,Bob Buchmann,SXM_HOST,7353664e-7dbf-ab5b-e2a4-50c3a11f0b7c,show,HOST
b3b81d50-a73a-47cb-8ea5-f8b3b3839239,Steve Harvey,HOST,ab8d4a3d-d60c-3792-8a9b-7fb3fe99f0ad,show-podcast,HOST
f0fe87af-ea42-47a8-bbbf-61b056c16386,Sophia Kianni,SXM_HOST,e497263b-0e8a-3585-8cba-18b64640c945,show-podcast,HOST
5bd3f9ae-5a41-49df-bb4c-85c7046dbfc2,Marcus Miller,ARTIST,49b0629a-cdaf-41a3-b34c-3df0284525a5,show,HOST
a307b369-926a-44f4-a323-65163a7e68f1,Matt Gourley,SXM_HOST,f9b2bdf4-f6ca-38fa-8b81-3199339b9856,show-podcast,HOST
3e497ce2-22e3-4266-9d47-85e6caa29e3c,Gioacchino Rossini,ARTIST,a46efca5-6a53-245b-2b9f-bac783b1e62f,show,PERFORMER
f5a822e1-e05e-4641-b430-0703e685ed61,Eddie Trunk,SXM_HOST,f9479dc8-7c03-90d8-ff0e-071f7b7775c1,show,HOST
122192a5-51d3-4ea0-838e-c5955f709e79,T-Pain,ARTIST,abaebb36-0f7f-31df-b354-63bdb3ee4508,show-podcast,HOST
df276c93-3fc1-46b2-a85c-84ece61e77e6,Larry the Cable Guy,SXM_HOST,33a5f91e-b19d-7d3b-4812-568690830dad,show,HOST
1ce1511a-6d37-4b61-8b6b-99f9aa2b118e,Tommy James,ARTIST,96ec926c-22f1-4daa-cf8c-9dc506505f9f,show,HOST
cda62b3a-fcab-4934-84d6-1b9d08fab9b7,Sandra Bernhard,ARTIST,e8ae0788-65ec-d947-f63e-bddfa74fdfab,show,HOST
53e357b0-6fd0-4dd2-a32e-a93c74f169f2,Carmen Aristegui,SXM_HOST,156d990f-c331-ba42-44b3-0ed2d6791050,show,HOST
291c7147-5282-4749-8433-cad790bd47f8,Phish,ARTIST,964edd3c-f763-0076-4ab5-272870848bce,show,PERFORMER
09880fa4-950a-46e6-ab1a-21c4ca751447,Cardi B,ARTIST,c2d6e301-3bf9-9dd4-d265-553d2a3236f2,show,PERFORMER
290017fe-2a0c-4ec7-a31f-0bd4aa9c2f0e,Giuseppe Verdi,ARTIST,298812fa-6f32-bb8e-b265-253c412c05a5,show,PERFORMER
0f09fbac-05f9-48e1-b0f8-f5453164f1fc,Madison,SXM_HOST,f4a1cffa-d364-97ec-78b2-2b0e2b1a509b,show,HOST
e01bb338-0b76-4ee7-9617-f6d2ffed92b5,Joe Scarborough,SXM_HOST,8424f5ce-5f27-32db-83c5-444ef2173024,show-podcast,HOST
9fabcaae-ccb0-4901-8d8a-af6d035d69eb,John Hansen,SXM_HOST,96abd812-4076-1d03-c150-828975c30660,show,HOST
62470ac9-ce57-4141-8bde-8f007791847c,Jess Cagle,SXM_HOST,2d764fc0-f12f-a869-c9ce-c7c8509b265b,show,HOST
c1d3e78e-b4c9-44ff-bc8b-89b7a5e2f05c,Peter Mansbridge,SXM_HOST,5eea730d-9d43-1d57-16e4-9b7c55f33774,show,HOST
cb63c806-5eac-42e5-9a6c-17c19cdc5804,Jeff Rickard,SXM_HOST,6393817d-60e4-4d7d-9cfb-d30b18633334,show,HOST
edd3dd88-1ff0-42e3-8718-b54ea835001d,Michael Smerconish,SXM_HOST,a9914a41-78d6-4402-8150-b8f14a44945b,show,HOST
23d6b91e-5b90-4c4d-9ac0-48c79034beb3,Christopher Russo,SXM_HOST,e4ebe843-77ae-27cc-05ad-64fed29b129e,show,HOST
f94af6d7-794c-487d-b9e4-b764240811ee,Rich Davis,SXM_HOST,adc73a42-74e6-2d23-9f79-2c7b202d3547,show,HOST
1018267a-5fde-405e-90de-9af07cec4f85,Clay Cane,SXM_HOST,1c7b5d3b-d182-9d9c-1a8a-d68d3157110b,show,HOST
553256ea-a93c-4401-9339-781b29c0db5a,Conan O'Brien,SXM_HOST,010da37e-5817-b582-5f9b-6572ec65ebd7,show,HOST
468c195d-2e29-4d5d-93d3-268cb69736cc,Noel King,HOST,e483f26c-d1dc-3e57-8c45-955fd147143f,show-podcast,HOST
576e0cc7-63eb-41e7-88c3-7be1bad19043,Billy Joel,ARTIST,9b802854-9678-f9ac-0f62-259d2dfe1581,show,HOST
953f0918-e510-4292-bdbd-2f98a1b77ec2,Jeff Mans,SXM_HOST,c1c99c64-fb67-3fc9-8059-5b217b8648b7,show-podcast,HOST
5d6405aa-000b-423e-8b0f-80ee9b53e1c1,Chris Simms,SXM_HOST,72ec50cf-5eb6-3985-9e60-0b7e5e874dfa,show-podcast,HOST
291c7147-5282-4749-8433-cad790bd47f8,Phish,ARTIST,5e56fb0d-eb7c-4efd-9dba-9a87a6cc4ea5,show,HOST
d649f67f-7eb8-4310-aef2-5b65c5d9dd6d,Grant Cardone,HOST,de14f31c-e22d-c0c2-c91a-4df68c396c13,show,HOST
ce8ca423-85aa-48ee-810b-291b12139116,Keith Morrison,HOST,5f564f14-d32c-36a3-8f65-e658e21aee92,show-podcast,HOST
2835625e-b40c-4c35-92be-ea9d2f11d638,Jamie Loftus,HOST,3d4677ed-54d7-3cfd-a5a4-d7dc3f296fb6,show-podcast,HOST
5e2c10fb-f0df-4676-a32e-5ac8dfe063fa,Mark Willis,SXM_HOST,57fe0e2b-7fcd-41ac-bcf5-b44e3f352c5a,show,HOST
1ce1511a-6d37-4b61-8b6b-99f9aa2b118e,Tommy James,ARTIST,96ec926c-22f1-4daa-cf8c-9dc506505f9f,show,HOST
ceb4ae37-1ed0-49c6-8d56-268045af84b5,Jim Florentine,ARTIST,6f8282f9-ab81-41b8-bfd5-3ae56be0e023,show,HOST
3d86d05d-0a7b-457a-823d-c4da6cf53b61,Bomani Jones,SXM_HOST,3596538a-658d-3095-a7a5-9344d67c3c4c,show-podcast,HOST
1951031e-b0c3-429f-aea7-5ccc848b3d4d,Sarah Koenig,HOST,dcffb4bd-3888-322a-920d-93575b42f855,show-podcast,HOST
cdb99af9-98b0-42e1-8c58-29bd0bb505ad,Colin Cowherd,SXM_HOST,bcb15938-d1e9-3dc0-b6e4-69c70b19331e,show-podcast,HOST
cb865a68-42dd-4d28-b75e-7b667aa89673,Andy Cohen,SXM_HOST,71dd1842-8e6c-9c6c-ae28-1227ee52dc97,show,HOST
1d4f850b-9763-4c51-982f-02d865c13eff,Biz Markie,ARTIST,4647115c-41ba-ba77-8782-bdd387aaec75,show,HOST
ec8e3eb2-40bf-4068-8b1f-9d7906a86675,Mark Henry,SXM_HOST,7dd172b7-268d-475a-a407-641544dfffc5,show,HOST
0b42d869-b8d9-4f26-ba7c-4f028e938be5,Emma Chamberlain,HOST,cfd5cc57-a0ad-32d6-a9d1-1b4f6766c8e3,show-podcast,HOST
1d070efe-6392-4e03-b201-7d8783199246,George Ezra,ARTIST,740d3bc1-b642-390b-9a88-5c14c831899b,show-podcast,HOST
54932246-4c11-4fa6-8946-07b1b5ad1cd0,Keith Roth,SXM_HOST,01538ed3-d2ec-42f8-b18b-f2f223394b02,show,HOST
b6a66b81-b9f1-4691-98b6-4d98cec8a445,Cody Alan & Macie Banks,SXM_HOST,883de895-d381-3015-8f45-f947b19ebbd8,show-podcast,HOST
f1932350-a3dd-411d-9255-fc8ded6999af,Diallo Riddle,HOST,c4b76baa-0d49-36d2-b4b2-bf8f1f433fac,show-podcast,HOST
0a8a67c8-5f84-4b72-bb17-a8aed7941be6,Hrishikesh Hirway,HOST,cb0eb441-0205-3844-a8a5-eea446edc9b1,show-podcast,HOST
793d02bb-d93b-4ae5-a4e8-ab35610c7f61,Jake Tapper,HOST,2e67ed78-ee56-3d3e-a1a9-646daa1e3df7,show-podcast,HOST
0de07cc7-3432-45f7-9778-53a034c3041e,Smith Sisters,SXM_HOST,b436c7d2-38b2-b8aa-48df-c175e0f1f5b3,show,HOST
b67cf91c-f2bf-4bfe-9084-6f17a3b28377,Sam Seder,HOST,95cdecaa-e3cc-3380-9a13-16325853798c,show-podcast,HOST
b67cf91c-f2bf-4bfe-9084-6f17a3b28377,Sam Seder,HOST,95cdecaa-e3cc-3380-9a13-16325853798c,show-podcast,HOST
307205fe-052f-4efe-b776-4e37b513700c,Reba McEntire,ARTIST,01e52c83-458d-33ec-9089-fb3c053b42a2,show-podcast,HOST
89c9bcb8-704a-435e-a047-30840e7ee70d,Diplo,ARTIST,c84c4405-b119-00f1-83a7-0153f95c7c25,show,HOST
201da46a-1993-467a-a765-cbf6b4a4553a,Robert Kelly,SXM_HOST,2ad5eb20-3f89-3629-894e-4a2ec5092b58,show-podcast,HOST
58cdfc84-25c6-4361-86f3-9dde0207d528,Mark Goodman,SXM_HOST,9b5cf370-4c1e-d6a8-058e-bf553fca2b61,show,HOST
85e181c8-d230-4f0d-9115-caea7052e61c,Barry Manilow,ARTIST,58138da9-4b47-702f-8c7f-2a328ae638a5,show,HOST
3a4aade9-99db-4b2f-80e6-d0cfe8ef9b35,Neal Brennan,ARTIST,02663570-bdb8-3333-8513-014d5d4944fe,show-podcast,HOST
a6dba161-8d1a-4627-abd1-670db29319d0,Katya Zamolodchikova,HOST,2a1bd897-70a8-3558-aaf3-186c5ab44aba,show-podcast,HOST
215fc1af-9508-44d0-a2ad-04192de652c2,Megless Griffin,SXM_HOST,c2493335-dcc6-45f0-957c-2e6dbe000877,show,HOST
5fe6ce30-0656-416c-8219-4b5c4f3ac17d,Eric Church,ARTIST,39d51e92-9689-da14-356d-52acc161228c,show,HOST
b146753f-482a-4ea3-8dc2-fb07b4115522,Anderson Cooper,HOST,35e4f401-2432-a494-5cc4-4bb8b69e108f,show,HOST
3b504016-f190-4452-b4db-8afc36457950,Iliza Shlesinger,HOST,9a22221c-3dce-3c6c-9436-9a8ae2725b7d,show-podcast,HOST
67922d54-55c2-49cd-87e7-83b8bfc0d9d5,Gwen Stefani,ARTIST,3ff29edd-711e-ec5b-1bc8-d6dddddd2487,show,PERFORMER
edd3dd88-1ff0-42e3-8718-b54ea835001d,Michael Smerconish,SXM_HOST,87022411-a094-48b7-e9e6-30c48d87f969,show,HOST
5584a9a1-0531-42cc-8412-565d6f630c71,Lisa Loeb,ARTIST,0a75d1e0-9aa5-95fc-e34b-9c491d34f4e4,show,HOST
7efd6d02-3962-4e2c-be81-0ce2a577d7a8,Alice In Chains,ARTIST,0fe416d7-be44-233f-13c6-667ea4cb0612,show,HOST
d6c95627-5e85-4a53-8393-100175e93144,Andrew Yang,HOST,a946c340-4140-3035-a4a2-4507ca3a2f11,show-podcast,HOST
08aa45af-02e6-4e56-bcb7-88217e4e1067,Joel Kim Booster,SXM_HOST,20f6e367-a419-3eac-8e51-95e21d70d41f,show-podcast,PERFORMER
ce8ca423-85aa-48ee-810b-291b12139116,Keith Morrison,HOST,d07b8c3f-907d-3d33-9e74-ca1d1e525535,show-podcast,HOST
1d412291-06b7-42a3-8f9f-bddb66377f2f,Stephanie Miller,SXM_HOST,f47796d7-5c0b-452f-a396-89f34a20bcb4,show,HOST
01fa3661-792e-42ea-ad4f-eacc5dd56b6d,Ana Marie Cox,HOST,9c5c68ef-812b-3e0e-aac2-df22058fd4c3,show-podcast,HOST
20a9dab0-b4ef-4c40-8552-ae90dedde8fb,Laci Mosley,HOST,b0091ebb-50ea-3f66-a738-04a9c60c9d21,show-podcast,HOST
215fc1af-9508-44d0-a2ad-04192de652c2,Megless Griffin,SXM_HOST,7e8a8f9b-cf29-0d29-2cd3-7f380e156ad6,show,HOST
d2abf286-3802-44b1-984a-d8ee010545b5,Laura Coates,SXM_HOST,faceb57d-a665-3dac-cb7c-6e4fdbb7cfb7,show,HOST
654d05a3-da39-4354-8495-713476509311,Lady A,ARTIST,b46bb21d-9867-313f-88eb-307bbaba4e2c,show,GUEST
217db842-6703-42c4-97c1-ee9a7f8c9a85,Jay Shetty,HOST,5bd3d529-e07d-3674-b1ca-b8827dc7d082,show-podcast,HOST
9dbdc1d0-f36c-438b-bef6-ebf7dad55e41,Phil Lesh,ARTIST,56937504-74ec-39c6-b3da-45550cdf31dc,show,PERFORMER
bc029f26-105c-453d-ba74-30d1d2e0d4a8,Richard Blade,SXM_HOST,812def88-01e7-e292-7b62-233c8b7392f2,show,HOST
a306974c-c0c4-4c9e-8e1d-664600a24db2,Ted Cruz,HOST,5f7b8101-b3ed-388c-93a1-051d4bc4a28d,show-podcast,HOST
11e13da1-902e-4dda-8e01-383d3294a434,Lizzo,ARTIST,226085a4-f34b-3dc9-b0ba-0d3f15a47474,show,PERFORMER
5314100e-2a6a-423e-ac37-2648feb24413,Bert Kreischer,HOST,f48d4fe2-76d0-3a32-9824-48a83281046d,show-podcast,HOST
e88572e7-0260-4b06-9baa-e50c46f5dc25,Oprah Winfrey,HOST,b432ef09-b558-32f6-9fff-700ac80ce178,show-podcast,HOST
4a3f8765-4b92-44d9-9068-67e86783064a,Nikki Glaser,ARTIST,331a32e8-27bd-40e0-4991-1a0d138ba56e,show,HOST
8e64b728-fc3a-4880-9e07-874cf1f872fc,Casey Wilson,HOST,cfba5b78-4535-3a1b-a89d-803cf5efbd64,show-podcast,HOST
af21ddc0-912e-4c32-a560-d5c750507936,mxmtoon,ARTIST,89c5b496-b616-3046-8fd3-d4fd24057865,show-podcast,HOST
576e0cc7-63eb-41e7-88c3-7be1bad19043,Billy Joel,ARTIST,ea1b2b19-3a8e-74a6-8f04-13a8d3824ebb,show,HOST
f8ba124f-fba7-4a35-b79d-d6951f1b6daf,James Menendez,SXM_HOST,94c2e264-8354-4636-b04c-a92a584478de,show,HOST
db997c4b-66a0-4a4f-95fc-1f13157f4172,Joy Reid,HOST,13d5d2f3-ecaa-38a9-acc1-42c75c2b58f1,show-podcast,HOST
79dc3af2-c67a-4203-873d-62b5af672a92,Dion,SXM_HOST,1e01c962-81e2-aa43-dfb5-bd32473a4c3c,show,HOST
bea76fb4-a595-4d80-add6-0d35b489919f,Joyce Meyer,HOST,e9d2e99e-5b10-3a17-abd4-ccdbb1f5e667,show-podcast,HOST
8b950473-b62d-4c3b-970f-6e0c99ee0986,Casey Kasem,SXM_HOST,874efc67-7783-4c1b-891e-00dbc5a10049,show,HOST
e9b0672c-66eb-4d02-9d51-047e44a812af,Mike Krzyzewski,SXM_HOST,3d90cacc-a75e-5f4c-d609-d547c578d774,show,HOST
fef90617-3cdc-4765-93fa-d6eecdd58761,Paul McCartney,ARTIST,f5eed275-b663-ecac-d408-2ce0d958959c,show,HOST
77605a18-2611-4b23-bab2-83d75d8e3754,George Harrison,ARTIST,d71e3e42-5cb5-1f48-d925-1e5f4ad12f37,show,PERFORMER
653506c4-be0f-4454-91b8-12aa4dfd35c1,will.i.am,ARTIST,89dcca7f-deb3-347e-9ba5-a191162509de,show-podcast,HOST
b1b7bd99-b683-4a8f-acd8-da3f80d46c7b,Alix Earle,HOST,00644263-b3e9-3f3f-9db1-d99c4ad9c57b,show-podcast,HOST
f600f325-d107-4306-82e4-e305f9eac062,Joel Osteen,SXM_HOST,42049949-ecbe-10cf-895e-8cfab73e9aec,show,HOST
a306974c-c0c4-4c9e-8e1d-664600a24db2,Ted Cruz,HOST,5f7b8101-b3ed-388c-93a1-051d4bc4a28d,show-podcast,HOST
c764b4dc-a877-456e-964d-70de01644a2c,Tom Brady,SXM_HOST,bfaab108-f1bb-d2a5-e7ac-71b432285d9f,show,HOST
907de37b-067d-4df5-951c-a22b0ef79857,Jeannie Seely,ARTIST,6eb8dde1-0f10-dbd4-ce76-8003692086ac,show,HOST
517c6c46-c03e-4cc3-ade7-d4cecbcd0208,Nas,ARTIST,61a640df-bf70-3deb-a8e1-7dfd7ebacee9,show-podcast,HOST
847ce038-ab6f-4bc3-be0c-3999f129454f,Jameela Jamil,HOST,efc6a4ef-6d9d-3a5a-89c0-3af6e4032754,show-podcast,HOST
4d9640d8-35ef-47f7-9fed-fa10d49a4b78,Howard Stern,SXM_HOST,4df3a229-45e8-1000-21e6-2d95229de470,show,HOST
a8956eec-f02e-4adf-97fd-aa7a3b4aa204,Ashley Flowers,HOST,27e1aa2d-8757-6c85-83ab-9d7208debbd8,show,HOST
b1eddd40-b8ca-4d6a-a1aa-5088c474106c,Danny Valentino,SXM_HOST,d04d7be4-2e95-4e50-9e5c-35cabaeb9e40,show,HOST
1e51bb63-9b18-44bb-8ff4-f39963999dad,Megyn Kelly,SXM_HOST,9df62a73-3d64-9dfe-125b-46b7e590bee1,show,HOST
62470ac9-ce57-4141-8bde-8f007791847c,Jess Cagle,SXM_HOST,315540ac-8115-beac-8571-e2323a420d4a,show,HOST
a5d6c204-92c4-4037-b603-c77e1b70bb54,Skip Bayless,SXM_HOST,26a5134f-c4d4-387c-91e2-416c253a0e63,show-podcast,HOST
8d4b50f8-d37e-4ebf-905c-5c9f39119234,Barenaked Ladies,ARTIST,0da6ada6-3237-8750-9d58-71f45bbb5769,show,PERFORMER
cd0e1bc7-769d-4855-a65e-8bcaf38c5f76,Chris Shiflett,ARTIST,e78b185a-06bf-3a71-8b59-6f8fb577c9e5,show-podcast,HOST
e853a5b7-aba4-4809-9383-78f33da97568,Jason Davis,SXM_HOST,509be0c5-c210-a9b4-35f3-2c2201ce7267,show,HOST
62470ac9-ce57-4141-8bde-8f007791847c,Jess Cagle,SXM_HOST,18b528dc-3774-faaf-7797-42dd95f23e29,show,HOST
1ea3db59-d5a8-4b51-af9f-5821f4e427ca,Lino Rulli,SXM_HOST,2ac8d004-667a-4c54-8832-766343d5842c,show,HOST
6d369b6b-c95b-43cc-889c-68616e4be0f6,Lori Majewski,SXM_HOST,a3e205fe-ffb4-3581-b84b-94e83c59648f,show,HOST
f600f325-d107-4306-82e4-e305f9eac062,Joel Osteen,SXM_HOST,a7b20883-b8e2-91dd-8d5c-b78cd7c4fb59,show,HOST
9d3fb74d-1b38-44f1-9093-d7ae3762f82f,Rabia Chaudry,HOST,2f40e9bf-7f7c-3c77-9e75-5f69b729ad28,show-podcast,HOST
4c3f9136-a869-4381-945a-054faff69ef3,Pearl Jam,ARTIST,70ff0b92-1534-c638-d946-3ac778d1d36a,show,PERFORMER
b20e5d0b-c48a-4708-b7ef-03282e889e9f,Rob Lowe,HOST,bdbbe6c2-31a1-3716-ae8c-97f387764d38,show-podcast,HOST
db997c4b-66a0-4a4f-95fc-1f13157f4172,Joy Reid,HOST,8d606522-4044-e339-1e6f-5cfc9a006639,show,HOST
46ac1ae9-7b9a-495b-a783-746d2f4bd846,Yamaneika Saunders,HOST,6200bc97-a9af-9d3b-b743-8eadda290a08,show,HOST
35907760-e973-430c-b4c2-5bef8b70defe,David Webb,SXM_HOST,9077818b-610a-7b27-a0a3-737ae47c5348,show,HOST
fbb7033b-79c7-4f5c-b893-690f577578f2,Glenn Beck,HOST,4a016b0c-4890-3466-9e41-8499d366a4f9,show-podcast,HOST
a02d486a-6059-457d-9cb3-ef13b7aebc1a,Seth Meyers,HOST,38b8c56e-c0d5-3ef4-85d9-9ae4592d934c,show-podcast,HOST
ab25359e-3ee9-4d77-8903-74158d3b2c35,Amy Phillips,HOST,5b7294d6-90c9-2fdf-da12-b5bc1af96e77,show,HOST
368c90bc-9391-4b85-b1f8-9a35f08ccdb9,Brandon Marshall,GUEST,8e40eab7-19ad-3c15-ae10-62c27f7aeafe,show-podcast,HOST
238493ba-01ed-475c-b146-1ab1389a7c19,Al Roker,SXM_HOST,303c9b30-d3fb-5266-272b-13af1fb7473c,show,HOST
e7049ede-b71e-42f5-82ed-f64a67550342,Mindy,SXM_HOST,182cf491-8d34-33c7-9aa6-b39fa92d2ca6,show,HOST
290017fe-2a0c-4ec7-a31f-0bd4aa9c2f0e,Giuseppe Verdi,ARTIST,4ff3e5b6-01d3-0192-e317-327e52152b78,show,PERFORMER
60e83aff-8da9-4a35-b297-f2d024659d36,Dana Perino,HOST,ecc450f3-2288-3955-88d0-815d4e99f464,show-podcast,HOST
33a671d5-28c3-4140-8013-38f0bd94d503,Maria Shriver,HOST,f63f13a3-7fc9-3bfe-ae31-11ed0319c40e,show-podcast,HOST
617331b3-4f87-491d-be8f-701c9aec673c,Woody Harrelson,HOST,dfef0af2-2ffe-3d05-0199-ebe1cf1bbb73,show,HOST
6f3633bc-72e5-4193-9d88-7b3541c127af,Steve Phillips,SXM_HOST,1852b3ee-c0e8-1730-60f6-d5de04ae99f3,show,HOST
c5c9035b-ce4d-4974-a34f-cd27a0e9bf44,Erik Griffin,ARTIST,e1a8db17-d5e5-35f4-a5f7-4266300aadbd,show-podcast,HOST
51ab4b4e-0abd-4e7a-b787-a9890007beed,Scotty,SXM_HOST,f8fcddaf-b203-4b7f-ae2e-8b540f8e2677,show,HOST
7243f97a-247b-43a6-8e27-f94eba79b2bf,Stephen Dubner,HOST,8699c579-390d-9c06-2cab-cb5e881b325e,show,HOST
656341f1-18bd-434c-b82d-08ae0c1e0be4,Paul Scheer,HOST,4c4bb506-c00b-392d-8aea-4e4fcccd0a5f,show-podcast,HOST
948c1c06-c018-4e86-9733-376133cb06df,Peter Asher,ARTIST,6962418b-d160-6098-bffd-ba2a2a553873,show,HOST
1e2fbce7-0cd2-435e-8fa2-82348107e605,Fern Brady,ARTIST,b5e331cf-43d3-355b-bb95-fb88b896a231,show-podcast,HOST
300b33f1-0bf2-4e4a-83db-993c7efb9f14,Jason Aldean,ARTIST,2390ff08-6a2c-03da-1125-e3bd4c16051a,show,PERFORMER
576e0cc7-63eb-41e7-88c3-7be1bad19043,Billy Joel,ARTIST,f111fe63-2c30-6a77-ab3b-0667225423db,show,HOST
f2b85ef4-da64-4ba8-9817-e89fa6cd82ba,Roxanne Shante,SXM_HOST,2a827f63-8b55-fc91-2b55-d96e17f4f678,show,HOST
5075f93f-e7f3-46a4-967a-fbd9b9eb6bc3,Mariah Carey,ARTIST,29a21146-e24f-4f59-4ebd-87fbb22cddc5,show,HOST
438dd61c-6dc8-4262-a659-7d29cb6d9b69,Seth Rudetsky,SXM_HOST,dc5f52ed-11c1-49e7-adb5-c19d18f31b2f,show,HOST
c38ed3e0-0624-4992-ade9-f4a0133e3008,Mike Campbell,SXM_HOST,55132306-ab7e-9c63-18ac-98787ca34e3e,show,HOST
bec4a9f0-3ff8-4918-b2fd-74416c212c39,Christopher O'Riley,ARTIST,1f469060-f19a-4401-ac03-3e0ec728a3f3,show,HOST
4c3f9136-a869-4381-945a-054faff69ef3,Pearl Jam,ARTIST,81ac742b-9a73-44b7-b7bc-11db317ffb61,show,PERFORMER
58cdfc84-25c6-4361-86f3-9dde0207d528,Mark Goodman,SXM_HOST,8a3d176b-87e9-4600-9f29-53350daca710,show,HOST
ba1c7541-c769-4c37-ba5e-099faff8632e,Mike Birbiglia,ARTIST,8562953f-159f-3597-a67a-da07a50e8fae,show-podcast,HOST
a933a7a2-b9b1-4399-a8bb-736b6bfd9ce6,Chris Gethard,HOST,60da8b81-c532-3a9c-aee9-71093ea79c07,show-podcast,HOST
7b746050-467c-4191-b344-f553765d0c2c,Bob Dylan,ARTIST,da0128dd-6912-33c4-9828-748bf6acb7c6,show-podcast,HOST
7dd73aa2-1ca1-4c8b-9377-a5983ccdcd4a,Eric Ebron,SXM_HOST,129eee50-2f87-38e9-94a9-7f1734a01488,show-podcast,HOST
fe66aa77-6ca2-495b-9f8a-470e1c86fbea,Joe Biden,GUEST,2623f310-49ec-f657-c6c3-1ed4a8296e5e,show,HOST
2a432919-925e-4557-b3c6-e945ba58029e,Alan Light,SXM_HOST,8d5e1261-d8f4-855a-9f76-a3733d314d01,show,HOST
b3982eea-21ba-453d-9574-ac785f18db8e,Scott Sigler,HOST,20b88df4-f338-3682-b35d-33c633741542,show-podcast,HOST
b377f2c9-695c-4001-9109-3ed35a107b6f,David Tennant,HOST,e2f59db5-64f0-335c-9120-f0c9e78d510c,show-podcast,HOST
9253fdee-2788-487d-8b6e-fdd49cbb9c6b,Brad Lidge,SXM_HOST,81a7b2a2-dfd3-d3b8-ff2a-e71a66f76932,show,HOST
4590fc71-e8f9-4865-a782-5282656c8237,Big Jay Oakerson,SXM_HOST,01b408b7-293f-323c-ae24-270b2e63d62e,show-podcast,HOST
60e83aff-8da9-4a35-b297-f2d024659d36,Dana Perino,HOST,2ba9a0c6-2283-31fd-9895-e6236d92b8ef,show-podcast,HOST
747c3163-c1a2-4862-9b6a-5b473e5254d6,Jim Cramer,HOST,5783bead-8de3-3451-8c87-225d3e47dbc6,show-podcast,HOST
fef90617-3cdc-4765-93fa-d6eecdd58761,Paul McCartney,ARTIST,3b3cbe60-6045-5d9c-fba9-e19e451a0114,show,HOST
04d73afd-df31-42d9-8854-1f5540ab0a89,Taylor Tomlinson,SXM_HOST,cdcb0a8e-691b-fd14-4261-a4bc3f6e2a55,show,HOST
47feaf2a-db0c-45a7-9c5f-c28552c086f4,Fareed Zakaria,HOST,1c790250-7b71-673d-107d-b1274177faff,show,HOST
d85b9510-719b-4777-809f-1c96b0e7cabe,Gail Bennington,SXM_HOST,d72647c1-8626-da89-5107-3e8629721cef,show,HOST
1938fbc6-94ec-40a4-afe9-3f6cc49a983a,Carl Paulson,SXM_HOST,5fe5000c-39ff-4d6a-860b-2db87dc72941,show,HOST
1951031e-b0c3-429f-aea7-5ccc848b3d4d,Sarah Koenig,HOST,dcffb4bd-3888-322a-920d-93575b42f855,show-podcast,HOST
1a2132b2-24ca-4f2b-b42a-cd2b4ba6c431,Sway Calloway,SXM_HOST,64feadaf-2f22-cc18-9054-b048f1e91744,show,HOST
f31ad9ba-2aef-4eb0-a800-78ded7e3b1be,Shania Twain,ARTIST,81a8a6ad-da6b-0d77-f700-e2fe6ff1836f,show,HOST
c2571af4-883b-406b-9ca6-3586dc220443,Jane Fonda,HOST,a1192b11-3cae-e38f-ab00-9bc917121f1c,show,HOST
88fa2cf8-aea0-4597-801f-a75a7964e3a4,Jim Daly,SXM_HOST,ebf0756b-e5a8-3af6-9515-3128fadb0b90,show-podcast,HOST
e31de336-4c59-4934-bc69-81db104bc399,Bob Papa,SXM_HOST,7ceb33b0-8470-f1d7-29a5-4015efa3d82a,show,HOST
0c3ec5e4-24ef-48ab-8890-6d923431d6a0,Keith Richards,ARTIST,98b8148d-66cf-9679-fb3d-42fca0850946,show,GUEST
6eed3020-3671-4579-bafd-b521650f27c3,Marky Ramone,ARTIST,f1675e1d-edbe-c17c-d2b1-253522287748,show,HOST
b257d09d-d750-44ff-bcab-09439ef6acc8,Tom Morello,ARTIST,b70fbf0e-bf91-2e1e-310a-47c07958b121,show,HOST
795bcdcf-1950-4427-87a8-a5ffd4e4e424,Simon Le Bon,SXM_HOST,348ec552-0d3e-bc4f-5591-73541efdba7f,show,HOST
a857750b-1a36-4ecf-ba94-1a886226ce11,Amanda Seales,SXM_HOST,7bf45c5f-1166-3c9a-ac85-a87ba924c927,show-podcast,HOST
f600f325-d107-4306-82e4-e305f9eac062,Joel Osteen,SXM_HOST,39cb996b-0754-3018-bc81-92941d333084,show-podcast,HOST
7d7bf7de-9b61-4d5c-9e45-d0004ea29045,Stacy Washington,SXM_HOST,9077818b-610a-7b27-a0a3-737ae47c5348,show,HOST
6d2daa82-3b56-4954-97e8-b94c965a5a7c,Steven Crowder,HOST,fb421445-8952-3d97-87cd-1b6eaf288ae9,show-podcast,HOST
fe66aa77-6ca2-495b-9f8a-470e1c86fbea,Joe Biden,GUEST,605b61da-37f5-3c15-1c11-248340a8c2a1,show,GUEST
45c358f8-0250-429e-a03a-5334bbe3ed49,Bonnie Tyler,ARTIST,7f617296-2c7c-dff8-330b-d49f40c7de7b,show,HOST
829db8a4-90ad-4284-abc6-697ec1503e22,Stanley T,SXM_HOST,db1924a4-0461-d111-2d1d-2e9070916d02,show,HOST
1d9054b1-3447-4da9-86f0-270347f2bce7,Paul Finebaum,SXM_HOST,82e539c6-fa31-0b1b-c19c-9895cfd1cffb,show,HOST
00cf4ed5-6437-4f70-9b02-aead1355392e,Santigold,ARTIST,0589951c-4d3b-340a-9999-a5c370c95732,show-podcast,HOST
d2ba91ef-9789-4584-af6c-0e92c8ab1c85,Glass Animals,ARTIST,519cde16-10a4-5811-daf2-a24190eede49,show,PERFORMER
8231c8f9-d2e1-44f7-88ca-674139e0ddf8,Kenny Chesney,ARTIST,014e7186-d744-c271-b592-171018bfc3e9,show,HOST
cb865a68-42dd-4d28-b75e-7b667aa89673,Andy Cohen,SXM_HOST,ecf5faf3-fda3-37f3-9805-9547d64946bb,show-podcast,HOST
468c195d-2e29-4d5d-93d3-268cb69736cc,Noel King,HOST,f2a86f1a-d4dd-573d-ebdf-ee9025d7a7d5,show,HOST
d8927972-39ff-42b9-9cc4-e540fcbc95aa,The Tragically Hip,ARTIST,03aac939-e9c7-fed0-6147-9a26e4336a4d,show,HOST
c38ed3e0-0624-4992-ade9-f4a0133e3008,Mike Campbell,SXM_HOST,644da757-a60d-0cf4-3fd9-1b56aa19fe5b,show,HOST
9e5b8604-9e2e-4ffa-8537-4545318895ad,Rachel Hollis,HOST,4386b98d-fda4-373f-a5ed-e3841576e749,show-podcast,HOST
138e597a-b984-4f43-8af0-2aa1e73f759d,Kyle Kinane,ARTIST,ab80e4e7-c115-33cc-a18e-57e7278d1b47,show-podcast,HOST
b1b7bd99-b683-4a8f-acd8-da3f80d46c7b,Alix Earle,HOST,00644263-b3e9-3f3f-9db1-d99c4ad9c57b,show-podcast,HOST
291c7147-5282-4749-8433-cad790bd47f8,Phish,ARTIST,c6d9f64b-ca56-fd9a-9a0e-4f48d31c9c4a,show,HOST
c7379b39-3353-4aa9-bead-70aa64f9db23,Xavier Scruggs,SXM_HOST,35da3623-de6f-6d00-8321-cf26f5f0418e,show,HOST
8a784928-8269-4c0b-8468-ccb421239716,Sam Roberts,SXM_HOST,fc5583a8-0698-f68b-c261-6df3afa426ce,show,HOST
d1d77215-6ca0-48f1-b1e0-dccafe260cc2,Josie Duffy Rice,SXM_HOST,e84a567f-97c2-3916-b678-0ed7e01d23db,show-podcast,HOST
541b68df-d031-48ce-8d30-a04bf63f0991,Kristin Davis,HOST,bb02e56f-d3b5-3c9c-80e8-614f0fa84e45,show-podcast,HOST
c764b4dc-a877-456e-964d-70de01644a2c,Tom Brady,SXM_HOST,eb95d4ef-4951-0666-34b1-3f41e2d896c2,show,HOST
eafcdf88-3d7f-4f25-9a37-ef4a31c5b329,Payne Lindsey,HOST,5e5941e3-19db-3371-9d15-18dedd8ef01c,show-podcast,HOST
f2b85ef4-da64-4ba8-9817-e89fa6cd82ba,Roxanne Shante,SXM_HOST,f34c3aeb-d1b5-51f5-2bf9-2c248b8c7d6e,show,HOST
cb865a68-42dd-4d28-b75e-7b667aa89673,Andy Cohen,SXM_HOST,a5420c0b-0cf4-5446-61d1-4062e6a435ce,show,HOST
4d9640d8-35ef-47f7-9fed-fa10d49a4b78,Howard Stern,SXM_HOST,a90646b3-b5f2-cb4f-e984-aa3151f081e7,show,HOST
3c13422a-0df2-47b9-8cb0-50c10dbd5ba8,Heather B,SXM_HOST,64feadaf-2f22-cc18-9054-b048f1e91744,show,HOST
1f574be0-7427-4827-8bda-034d132e8a03,Stephanie Ruhle,HOST,74c05e91-d912-3f27-8e57-b11dc6004655,show-podcast,HOST
bc8f4bb3-1a10-44bb-aeed-7e8fd47c9549,Terry Gross,SXM_HOST,a466ff49-41e6-4a49-b243-d9b114da6df2,show,HOST
1e51bb63-9b18-44bb-8ff4-f39963999dad,Megyn Kelly,SXM_HOST,7290fe63-4a80-d055-ff31-855a1d8dddfd,show,HOST
95ffacc4-89f7-4d34-990d-95856aee90b9,Jeff Lewis,SXM_HOST,fdf0828c-710e-2e45-0123-bbab29ed2edc,show,HOST
f6537406-3f02-42bb-968b-1a60fa739f13,Grateful Dead,ARTIST,cf30a640-e484-4bf5-991f-b5ef3c2ff5d1,show,PERFORMER
76d4af64-ce1a-4c12-ba22-00dbaaca6e88,Larry Gatlin,ARTIST,5dcd3501-8bb8-409a-2c61-a6ad93192bb2,show,HOST
553256ea-a93c-4401-9339-781b29c0db5a,Conan O'Brien,SXM_HOST,51c8536b-3279-d6b3-1f83-269c03a2d064,show,HOST
01e1e24d-df50-45da-9a70-2d6910664a58,Randi Zuckerberg,SXM_HOST,a2c34cd9-2e51-dde9-d8b2-41ed4817ae44,show,HOST
bc029f26-105c-453d-ba74-30d1d2e0d4a8,Richard Blade,SXM_HOST,ba6e613c-2f85-0a7d-d848-01dae3ee201d,show,HOST
1ddb090b-842b-4470-a282-b3af3ce348fd,Sean Hayes,HOST,277e8888-c1ae-313a-875e-96e8bd9f44d7,show-podcast,HOST
b147e72c-b6bb-49c5-91e3-9d4e32bd365c,Red Steagall,ARTIST,7b5c8829-0dc7-c010-0686-0cc7cb2f408c,show,HOST
d486ce37-ce90-44fc-9640-36ad144f34b8,Dan Le Batard,HOST,d98d68f8-7b2a-3c67-b78b-16facddb58f3,show-podcast,HOST
0e40e2bc-d698-449b-9da0-76b923bce8bc,Mandy Moore,ARTIST,505e718d-3328-321e-8420-0beb2350c68f,show-podcast,HOST
fbb7033b-79c7-4f5c-b893-690f577578f2,Glenn Beck,HOST,1b454efd-3b33-4aee-a03f-701c629d4bef,show,HOST
8ece48bf-d874-4779-8571-b480ec59e465,Alex Cooper,SXM_HOST,53709706-3071-335e-99bf-508d22cd9d96,show-podcast,HOST
3177a68b-d4e6-4976-a1f4-f741523ff78f,Kevin Hart,SXM_HOST,49f7447f-6ab7-c7ed-76f2-b717ac2c93ec,show,HOST
476a1613-bd7d-4f4f-846b-a3ca017fe0a9,Morgan Wallen,ARTIST,dfa1c444-70b8-0af6-d269-1d039364d9ab,show,HOST
a6a20c29-2f93-436b-aa41-ce34ad4e16f1,Nathaniel Rateliff & The Night Sweats,ARTIST,aa0d8f33-611b-ebc2-6b4b-b08c979f6ae8,show,PERFORMER
2aa47542-02d5-49d5-a602-c870c0d529d6,Stephen A. Smith,SXM_HOST,849a40bc-326b-3fe1-8c6c-3d37b2b90ca1,show-podcast,HOST
df276c93-3fc1-46b2-a85c-84ece61e77e6,Larry the Cable Guy,SXM_HOST,9e9583ee-9b64-c550-1169-b0fffdda6d67,show,HOST
397f99b7-e204-4ff1-8be7-971654076a70,Jackson Browne,ARTIST,7d8ea3dc-ec6c-dd24-320c-5a1dffa9e873,show,HOST
75b9f50d-9381-46d6-af53-63333b6bdbfa,Jim Lauderdale,ARTIST,567933b9-e618-494d-ba60-0d7f12d6ac31,show,HOST
e560c68f-21ac-4a82-b23c-8d24a5825ef2,Kevin Durant,HOST,2aa2f2ab-3f24-3043-9ee7-b03b1b01ee53,show-podcast,HOST
8a93a0cd-a7e3-4bb1-bfaa-108209b40903,Tim Pool,HOST,20babf11-1769-38e1-8531-b7d4961333ac,show-podcast,HOST
3177a68b-d4e6-4976-a1f4-f741523ff78f,Kevin Hart,SXM_HOST,d0e3e8f8-ff85-6c23-fa19-93ec5970f45c,show,HOST
3d29ad17-92d3-4508-bcca-218aa872f1b7,Danny Trejo,HOST,a44e450e-0abf-3382-9a8d-6020cb101422,show-podcast,PERFORMER
734d7278-726f-4362-9955-c33f29011bc6,Robbie Williams,ARTIST,c78ee073-dd27-3e10-9156-8e651f0b11d5,show-podcast,HOST
340cf0ca-bdf8-4d24-be47-abb23f9b1a55,Jana Kramer,ARTIST,4da62c32-8f3c-379c-8cfe-e3e9120e00b7,show-podcast,HOST
49a98549-31d3-4fa5-8500-1b7adf29a34a,Theo Von,ARTIST,691dc020-e100-3633-9fbb-e222ed418c07,show-podcast,HOST
bc8f4bb3-1a10-44bb-aeed-7e8fd47c9549,Terry Gross,SXM_HOST,66db590f-1fc4-3ab7-b230-b21214a1c081,show-podcast,HOST
b5aa3c48-e048-4bff-8639-d3bbca000241,John Lennon,ARTIST,b3000140-28c9-7589-d57b-2c05bb4de0dd,show,PERFORMER
d282eea3-0f75-4c85-acd8-72b49ef540f1,Bun B,SXM_HOST,3b72ca3a-ca5e-64c3-07d3-49699bee50e3,show,HOST
e491e4ad-27a0-4fa3-84d3-cf9c7f755961,Michael Bublé,ARTIST,1889e2b4-c1ae-0df8-97ca-4b772b76941d,show,HOST
1bcae0f2-d614-4f97-b1b8-43dd01f867c2,John Mayer,ARTIST,0cf89f73-cbb7-61e3-3c53-609f351ae557,show,HOST
3e497ce2-22e3-4266-9d47-85e6caa29e3c,Gioacchino Rossini,ARTIST,246e4855-9aa4-fef3-19b7-7ea731ded112,show,PERFORMER
6983bdb1-003a-4aae-a304-bd5fac212bfa,Nicole Byer,HOST,9813df38-c968-3322-a190-7efd1a2657d0,show-podcast,HOST
f1932350-a3dd-411d-9255-fc8ded6999af,Diallo Riddle,HOST,c4b76baa-0d49-36d2-b4b2-bf8f1f433fac,show-podcast,HOST
480275e7-e779-4351-9ddc-40d5a1493d74,Angela Yee,HOST,9575d697-d25d-3b16-a052-8476de11370b,show-podcast,HOST
f94af6d7-794c-487d-b9e4-b764240811ee,Rich Davis,SXM_HOST,4c5bf7cf-1e4b-7b07-cfad-71a295c0b5e8,show,HOST
1e51bb63-9b18-44bb-8ff4-f39963999dad,Megyn Kelly,SXM_HOST,0470e354-6b87-30ef-878d-1d59a85aaed9,show-podcast,HOST
23d6b91e-5b90-4c4d-9ac0-48c79034beb3,Christopher Russo,SXM_HOST,d19338ad-0df5-13c5-1936-8ad03d51eb57,show,HOST
7539fb1b-661e-4b25-9b73-dbd50d940a9d,Alex Marvez,SXM_HOST,8d675971-64f7-450c-8438-2e2a2a6939b0,show,HOST
bdb4feab-0625-402b-b3de-f95aad77c905,Cam'ron,ARTIST,ea6eec49-84b7-3779-b0d8-6f3555d7cc46,show-podcast,HOST
ff070940-01b8-4278-9390-ebfc892397e1,Johnny Knoxville & Roger Alan Wade,ARTIST,f8fcddaf-b203-4b7f-ae2e-8b540f8e2677,show,HOST
5cc4c7f4-feb4-4f50-869e-145a61cf42fd,Adam Schein,SXM_HOST,36ba3add-ac20-36e3-a0d4-cd1c2783869c,show-podcast,HOST
0816adf0-7221-40d5-a3c9-9820a073531a,Sam Smith,ARTIST,9b61eb43-c33f-3562-a08a-77e15a6f289a,show-podcast,HOST
35907760-e973-430c-b4c2-5bef8b70defe,David Webb,SXM_HOST,d81ce79d-3804-4072-9668-82173174c412,show,HOST
0dc8f48c-6785-4738-8bae-8bcbf42beb73,Spyder Harrison,SXM_HOST,45eaf545-c0ca-1dac-ec16-190f8ba8957e,show,HOST
a1399080-0c9f-4c21-92b4-8cc9cdeedf62,Danielle Peck,ARTIST,b85a5134-046a-7123-b985-cd8ad4195da2,show,HOST
ec8e3eb2-40bf-4068-8b1f-9d7906a86675,Mark Henry,SXM_HOST,4242527a-d16b-8c35-ed91-dc3dd6665461,show,HOST
4d9640d8-35ef-47f7-9fed-fa10d49a4b78,Howard Stern,SXM_HOST,687c226c-a23d-800f-8cf1-93cda195a5e4,show,HOST
5b7a85f7-885b-4729-b998-04d8fe2087c2,Erin Burnett,SXM_HOST,e9e196f2-f931-4cf8-34a1-df1f3c26cf45,show,HOST
4d9640d8-35ef-47f7-9fed-fa10d49a4b78,Howard Stern,SXM_HOST,64f66020-78eb-464b-b61e-d74d1fc48cce,show,HOST
c764b4dc-a877-456e-964d-70de01644a2c,Tom Brady,SXM_HOST,435a6ced-3c4e-8403-db42-e317f201c77c,show,HOST
789e9d24-383c-418d-85c9-8b41ff70c841,Joel Osteen Ministry,ARTIST,0db6975d-a06b-7dea-a489-606207d9f537,show,HOST
3765720b-3749-437c-bf9d-0ad8a04c62e1,Bon Jovi,ARTIST,9b5cf370-4c1e-d6a8-058e-bf553fca2b61,show,GUEST
1d9054b1-3447-4da9-86f0-270347f2bce7,Paul Finebaum,SXM_HOST,d87e9d38-2133-30a0-8391-3d4c583ea743,show-podcast,HOST
3c13422a-0df2-47b9-8cb0-50c10dbd5ba8,Heather B,SXM_HOST,b8f713c7-538b-8e77-b898-3191da634092,show,HOST
291c7147-5282-4749-8433-cad790bd47f8,Phish,ARTIST,561f976e-a070-6f48-e274-97e66bb174a8,show,HOST
480275e7-e779-4351-9ddc-40d5a1493d74,Angela Yee,HOST,9575d697-d25d-3b16-a052-8476de11370b,show-podcast,HOST
65db9eb6-6b4f-4385-94cf-a757cda409af,Ayman Mohyeldin,SXM_HOST,6ef64a5a-3c25-ba8f-621c-17c0c93a87f6,show,HOST
ed139028-7a3f-4d0a-99e6-b9c7e22573ec,Tom Papa,ARTIST,969836b6-3a76-636c-f68f-4943b64ed576,show,HOST
af260567-9374-4889-8438-7816bf7ab56e,Red Hot Chili Peppers,ARTIST,32af7db5-1c7e-b166-cfa1-999efdf6f9bf,show,PERFORMER
5512ac26-532d-4b3a-95c5-b612b35c24cf,Dave LaGreca,SXM_HOST,5299813b-b120-b278-242e-67ad85a1e41b,show,HOST
158f24fc-c3d7-4c38-8653-0d9a7fae8995,Michelle Obama,HOST,e4826604-26bb-dc8f-78cd-ff6d94176045,show,HOST
41152268-9e36-4c37-bd5a-945c869d7a75,Alec Baldwin,HOST,b2d486f4-5e1f-3e1b-b248-3f75601efc35,show-podcast,HOST
cce2b0e0-5874-460e-a09b-b49910224a94,Dave Anthony,HOST,07a65df6-8e3c-a8cb-aab1-714f18ef220e,show,HOST
1a216e5f-89c1-4369-9915-e27eb08236cc,Michael Jackson,ARTIST,309448ac-5c16-c344-f504-a486db5604ed,show,HOST
89e50246-89f4-4693-99ea-78d03ec7c050,Jackie Kashian,ARTIST,74f4aa9a-9b37-3ee1-a17a-2465ecda73e9,show-podcast,HOST
7a52f074-985b-4282-9ff7-2fb1944c54a6,Bevy Smith,SXM_HOST,e8ae0788-65ec-d947-f63e-bddfa74fdfab,show,HOST
9fabcaae-ccb0-4901-8d8a-af6d035d69eb,John Hansen,SXM_HOST,8fb082f7-1a67-be1f-3dbb-eac488435925,show,HOST
a8654186-c377-4d4a-96b9-502021e968cb,Tom Hanks,GUEST,b4dfd305-9c91-fddc-c9c9-47d862113904,show,GUEST
0a8a67c8-5f84-4b72-bb17-a8aed7941be6,Hrishikesh Hirway,HOST,4b81a054-d534-322f-9679-6c117102ce5a,show-podcast,HOST
4590fc71-e8f9-4865-a782-5282656c8237,Big Jay Oakerson,SXM_HOST,d93c6313-39cb-977b-92df-09ea8080f250,show,HOST
290017fe-2a0c-4ec7-a31f-0bd4aa9c2f0e,Giuseppe Verdi,ARTIST,4c904cd4-1dab-0ffd-b9ed-9fb48c71dc58,show,PERFORMER
34e23569-6cd1-4560-949d-7b62f1d501df,Dan Cummins,ARTIST,ef572f4e-e687-3e68-824e-38047389b0e7,show-podcast,HOST
656341f1-18bd-434c-b82d-08ae0c1e0be4,Paul Scheer,HOST,4c4bb506-c00b-392d-8aea-4e4fcccd0a5f,show-podcast,HOST
4d9640d8-35ef-47f7-9fed-fa10d49a4b78,Howard Stern,SXM_HOST,c84eb3ed-261e-0fdf-9806-8cad591e5355,show,HOST
1f229c50-e9bd-4d7f-a16b-025c2b2ecb3e,Robin Quivers,SXM_HOST,3c228958-663f-dda9-390c-939041d7d90d,show,HOST
672cfc18-7b2a-4983-8f45-482e75707fae,Matt Walsh,HOST,d179d029-0800-3ad4-84c6-165d6ec4e4ef,show-podcast,HOST
bf1ece95-23a6-41ab-a4a7-acd081f38dbb,Kendrick Lamar,ARTIST,40c5ce61-296d-0e37-1a46-7a414c0162c5,show,HOST
2453355d-1c18-43ce-930e-11f5751c60bf,Daphne Woolsoncroft,SXM_HOST,7986be5e-ce98-3ef1-9bb9-aa95a1321edf,show-podcast,HOST
9b76961e-f194-4120-a9f8-fa909b55140b,Jim Norton,SXM_HOST,146f9f61-c592-39ff-8876-f0779a1a9dc3,show-podcast,HOST
57e62221-311b-40fd-bc3e-92c6a57adb48,Shooter Jennings,ARTIST,7d96bce9-4fe4-4276-bfb4-de514c46bcd7,show,HOST
65db9eb6-6b4f-4385-94cf-a757cda409af,Ayman Mohyeldin,SXM_HOST,25540008-bc68-3a77-901e-fe7adb316ed2,show-podcast,HOST
8231c8f9-d2e1-44f7-88ca-674139e0ddf8,Kenny Chesney,ARTIST,adda81fb-1e30-336f-1895-d069d9280784,show,HOST
a9a23ed6-2bf3-486b-85fc-2f9dd822c49f,Guy Raz,SXM_HOST,27fe0f6f-7573-3515-8d02-906af9f3b59c,show-podcast,HOST
c5a6ae8e-3725-4ec7-8b1f-f28173f1e87b,Jason Smith,SXM_HOST,4ae2cafb-b5d6-3e78-cab7-9f357bf78926,show,HOST
c859e58b-b062-41e2-baa4-959f1dc4d847,Earle Bailey,SXM_HOST,cad21bc4-a8ce-22f1-76b1-bf91932a99a2,show,HOST
5ee3bf3c-abf5-4b90-a78a-c9a94d23c735,David Fricke,SXM_HOST,5469fc09-d702-826a-cd7a-95cfe410e64a,show,HOST
973459ad-9cf6-4c56-aa4f-4b90b7f8c63a,Julia Cunningham,SXM_HOST,8ab3e65d-2b6a-8998-5f65-2bee7cbf38ae,show,HOST
74ab0164-5325-4ab9-a802-5b5062ff642c,Karen Hunter,SXM_HOST,a8019cef-aab4-3944-ac05-eebbb1734965,show-podcast,HOST
acc1ee78-42d8-4d00-989c-0aae07dc27e5,Brady Quinn,SXM_HOST,080f12e6-3401-e822-5dbb-5cbe4bebc4a9,show,HOST
f9220333-7423-44c4-9dd2-8b8eda76151d,Chris Hayes,HOST,8728e0f3-815f-4655-926b-bfa00d1b4f4f,show,HOST
b8ec5ff3-376d-43c9-a492-1b2f27ff0acf,Brian Posehn,ARTIST,041e6024-9cd5-38cf-98b4-e500e42b308c,show-podcast,PERFORMER
b9139c1e-5e36-4367-9d6c-b5d37163936a,Rev. Al Sharpton,SXM_HOST,5d8442e4-4991-0bc6-71e8-0df024c0457f,show,HOST
5512ac26-532d-4b3a-95c5-b612b35c24cf,Dave LaGreca,SXM_HOST,4a75ab10-a358-3204-edbe-8cf24217bdfa,show,HOST
55457c1f-f4b7-4872-8960-ea6a62e5c77f,Foo Fighters,ARTIST,c4ccdc5a-6198-f956-59e7-94592f26024b,show,HOST
1bcae0f2-d614-4f97-b1b8-43dd01f867c2,John Mayer,ARTIST,cc7aaf04-4079-a459-93e1-63c5f348da6b,show,HOST
e6a9f06c-5e00-45b3-a838-d0ecf17b1954,The Edge,ARTIST,dfef0af2-2ffe-3d05-0199-ebe1cf1bbb73,show,HOST
66d6b5ce-129d-4d61-b914-aa4009eba361,Ronnie Dunn,ARTIST,4eefa5ef-3d26-102b-3ce8-6aec6ad7bce8,show,HOST
81d3c4ee-48da-4804-9618-c266cddc6f3e,Tom Rennie,SXM_HOST,c6de1f24-a0e1-4101-a80b-86eb106f1d1b,show,HOST
b0634235-a142-469a-ba04-c80351ad4238,Trey Wingo,SXM_HOST,6ec27ed2-b038-3132-b617-481dba72f895,show-podcast,HOST
39e2db56-2ba1-4ba1-9dfe-ec9b59194033,Hoda Kotb,SXM_HOST,dd3aadaf-8047-1675-e802-1c1023582d82,show,HOST
291c7147-5282-4749-8433-cad790bd47f8,Phish,ARTIST,7449e619-2e92-4134-1f92-ac01fcf11441,show,HOST
62470ac9-ce57-4141-8bde-8f007791847c,Jess Cagle,SXM_HOST,8ab3e65d-2b6a-8998-5f65-2bee7cbf38ae,show,HOST
21eb04f1-ee3d-438b-a179-ef743695c00e,Mark Ronson,ARTIST,c555b133-f794-36ae-892f-f535e40a6d02,show-podcast,HOST
85687dde-a0c5-49ff-9fbe-cf92707274b6,T.G. Sheppard,ARTIST,84daf03d-25b1-8f9b-fc7a-5a29e97b1ba6,show,HOST
74ab0164-5325-4ab9-a802-5b5062ff642c,Karen Hunter,SXM_HOST,a8019cef-aab4-3944-ac05-eebbb1734965,show-podcast,HOST
89c9bcb8-704a-435e-a047-30840e7ee70d,Diplo,ARTIST,2b508a4b-f3ca-d093-7a1d-5c5b8a1aa95c,show,HOST
266bf3c5-ad56-454a-81f2-25b93f0dbfd2,Amy Nicholson,HOST,8460e529-6369-34f4-9732-e53208716c55,show-podcast,HOST
89f5a7b1-4781-469b-b290-e45cd03358c2,Symon,SXM_HOST,67cb58e6-305e-3599-85c4-a1e3ef216662,show,HOST
04d7eff9-06ae-4cb4-885e-5ad39d5d48b8,W. Kamau Bell,HOST,6e1b74d3-6222-302b-aff6-36956114af39,show-podcast,HOST
2aa47542-02d5-49d5-a602-c870c0d529d6,Stephen A. Smith,SXM_HOST,8c071cac-ce41-374d-959c-6bbcfd597ab0,show-podcast,HOST
58cdfc84-25c6-4361-86f3-9dde0207d528,Mark Goodman,SXM_HOST,13159afb-8b4d-4a7a-a79c-1e285c8bb6cf,show,HOST
40379dd3-e68d-4839-9674-636e298c40b0,Shankar Vedantam,HOST,449e4814-322e-7d75-40d8-728fc9d8c861,show,HOST
80e61f99-7729-4516-8fc1-fb919153bb7f,Dave Ramsey,HOST,a40e72c1-1846-c61e-9c55-26904e2f8e14,show,HOST
1c75863c-4ed7-461a-a44f-9d024b3c771c,Sum 41,ARTIST,8899bc66-c693-5b1b-e534-d53513a6efb9,show,HOST
81e8e5b2-883a-4a35-b52e-67267346c524,Macie Banks,SXM_HOST,32eeb7df-1e36-81b9-e1e0-98879a2a314e,show,HOST
0816adf0-7221-40d5-a3c9-9820a073531a,Sam Smith,ARTIST,9b61eb43-c33f-3562-a08a-77e15a6f289a,show-podcast,HOST
cd420d17-bc84-402b-b4da-98e892468735,Jordan Feliz,ARTIST,38107db7-7724-2a33-2e6e-ce270509a295,show,HOST
533b217d-15cf-4027-858c-f18bbdc4a976,Sean Jordan,ARTIST,e1ab6ce6-5d38-3df2-b56a-94b0b51d6e5a,show-podcast,HOST
22cf61b0-906e-4c17-920f-a2d9192ef356,Amy Sedaris,GUEST,79c4f9f4-2959-36c2-9352-b848234e2954,show-podcast,PERFORMER
1ddb090b-842b-4470-a282-b3af3ce348fd,Sean Hayes,HOST,e1479d9d-9226-3804-9e21-e82f92cfb2c1,show-podcast,HOST
40379dd3-e68d-4839-9674-636e298c40b0,Shankar Vedantam,HOST,b59f11c4-2904-3373-94fc-3697bbe3547e,show-podcast,HOST
d85b9510-719b-4777-809f-1c96b0e7cabe,Gail Bennington,SXM_HOST,44f0880a-9354-a01b-8937-e4956c3739e5,show,HOST
89c9bcb8-704a-435e-a047-30840e7ee70d,Diplo,ARTIST,791dffa1-f3f9-f1e2-cc9a-64031154895c,show,HOST
d2ed1cf2-77f3-4469-af44-b88e7c261795,Penn Jillette,HOST,a03af0b5-aec0-352a-857c-9cb3d3cfc118,show-podcast,HOST
36822f76-672f-4559-a033-fbb47f996910,Jesse Watters,HOST,67fde960-92e8-344b-a33f-9c0626dd7e15,show-podcast,HOST
5fb47d61-98f4-4b2c-9dba-658d4c59f8ee,Coldplay,ARTIST,777cb21e-e5d6-99e7-2100-18f4ac7c1e2f,show,HOST
ae907d63-bcb5-47cf-842a-50c69b132667,Sheryl Underwood,SXM_HOST,c6983bac-ad1b-346a-9adc-2b89180d5906,show-podcast,HOST
0c8cc8df-c310-4fc1-b991-ddb442a373d7,Martha Higareda,HOST,91f892f3-b18e-3abc-9117-9ed82a4b8b40,show-podcast,HOST
16d15af0-54ad-4fbb-85e5-6e3af0353a26,Adam Carolla,HOST,0f97bb7a-2070-3d27-a178-12d3360cfbe1,show-podcast,HOST
e7049ede-b71e-42f5-82ed-f64a67550342,Mindy,SXM_HOST,711a957c-bee0-b127-5078-d2e842672011,show,HOST
8a90b97e-bdd3-46bb-98aa-692232222fbd,Buzz Brainard,SXM_HOST,6e4a6e8d-9445-400c-af31-6f239e537d3b,show,HOST
2ef619f3-c7f5-4fd8-a52b-207600ffd13f,Al Madrigal,ARTIST,cfdd1797-c1e2-364f-aef4-c568e8131402,show-podcast,HOST
1d092068-0924-4107-b446-7533447a97d9,Jeff Foxworthy,SXM_HOST,b1b48191-ceee-5d03-fea2-6c24c3388b66,show,HOST
5a6d6222-08ec-4c78-9ae8-87fda9cf1220,Demi Moore,GUEST,c5c31023-9947-38c6-8d75-0e6e1d201b70,show-podcast,PERFORMER
d8927972-39ff-42b9-9cc4-e540fcbc95aa,The Tragically Hip,ARTIST,55dfbe26-83be-63a1-bf68-8fd843a9e50c,show,HOST
55457c1f-f4b7-4872-8960-ea6a62e5c77f,Foo Fighters,ARTIST,e5be374e-185c-849b-92b0-0c44281c060e,show,HOST
c9ed088a-5a28-4985-8128-9ca0c6f1b8ff,Jocko Willink,HOST,eef7ce9d-8514-328b-9b75-928304c44c5f,show-podcast,HOST
58cdfc84-25c6-4361-86f3-9dde0207d528,Mark Goodman,SXM_HOST,6408d2ca-a766-60ee-242e-886f8999d63f,show,HOST
b5c2dfaf-4820-4e1a-a195-181d0a8afe82,Griffin McElroy,HOST,0d76a09c-5b07-3c64-93a1-b726880b17e9,show-podcast,HOST
23d6b91e-5b90-4c4d-9ac0-48c79034beb3,Christopher Russo,SXM_HOST,ad93847d-c57b-4905-ac74-5d450cb3642c,show,HOST
48cd2936-0231-415d-a729-040ecaacb62e,Clint McElroy,HOST,0d76a09c-5b07-3c64-93a1-b726880b17e9,show-podcast,HOST
79dc3af2-c67a-4203-873d-62b5af672a92,Dion,SXM_HOST,3888fd9c-dcee-4a11-b7d3-3f1ba7167f82,show,HOST
a0f6b3c7-a4f4-4d4f-9b95-8ecd6dbe25a8,Ed Sheeran,ARTIST,7e915c26-572e-e731-f9ca-c54a329da0a7,show,PERFORMER
5a11faf7-8b2c-4835-94d5-d6cf0a1d78c5,Tommy Dreamer,SXM_HOST,4a75ab10-a358-3204-edbe-8cf24217bdfa,show,HOST
594bbde4-5910-4f6e-86f5-4ebd2dd57188,Dan Pashman,HOST,fb369dfd-92ab-3bb9-80ec-77b3dacc95af,show-podcast,HOST
4d9640d8-35ef-47f7-9fed-fa10d49a4b78,Howard Stern,SXM_HOST,c84eb3ed-261e-0fdf-9806-8cad591e5355,show,HOST
b0c172b9-b1f5-4825-8229-3a03344a4331,Hannah Brown,HOST,79a81c43-1f53-33b0-8bde-4d7c4f823a31,show-podcast,HOST
290017fe-2a0c-4ec7-a31f-0bd4aa9c2f0e,Giuseppe Verdi,ARTIST,34b9aa49-38d4-7089-ff4d-93fe9f6a19d3,show,PERFORMER
f94af6d7-794c-487d-b9e4-b764240811ee,Rich Davis,SXM_HOST,d84cc3ce-262c-44b2-9485-0eb83ab32f33,show,HOST
483ca17b-67bd-4897-8c56-b93445886199,Mary Mack,ARTIST,db9abcdc-9541-3fee-878e-f0008831118c,show-podcast,HOST
5ee3bf3c-abf5-4b90-a78a-c9a94d23c735,David Fricke,SXM_HOST,fc4a9d5a-0e39-a372-a857-b8eaebdfc5eb,show,HOST
847ce038-ab6f-4bc3-be0c-3999f129454f,Jameela Jamil,HOST,2aea9dd0-8bac-349c-8593-44e87bcce47d,show-podcast,PERFORMER
576e0cc7-63eb-41e7-88c3-7be1bad19043,Billy Joel,ARTIST,d5a3c4cf-9f54-3673-e93d-19d60fbe5257,show,HOST
a221b7fc-740b-4101-817f-a495451f3642,Montaine,SXM_HOST,9b6e9f8d-16db-f198-8497-7bf957d949f2,show,HOST
0d015cfa-abd4-482d-847b-80607e68a89a,Bob Buchmann,SXM_HOST,86d1a676-7900-fa3d-5fdd-feff3d792fd2,show,HOST
bc8f4bb3-1a10-44bb-aeed-7e8fd47c9549,Terry Gross,SXM_HOST,e8b2b9c5-0adc-438c-87a1-806dd4f0ca9a,show,HOST
a4c9240f-9a9f-449b-be7e-4284df75ba0b,Steph Tolev,HOST,d5fcf126-aa67-376e-bbc6-254ac3d1baef,show-podcast,HOST
16d15af0-54ad-4fbb-85e5-6e3af0353a26,Adam Carolla,HOST,470dcdda-d5ce-3bbc-a001-343c41b1ca45,show-podcast,HOST
cf3eebfb-9132-4341-89c0-5641465491ca,Andy Samberg,ARTIST,38b8c56e-c0d5-3ef4-85d9-9ae4592d934c,show-podcast,HOST
d28a8331-7b9b-4206-8e5c-0d93ec3328af,Gilbert Gottfried,ARTIST,adc602fc-06e2-2c5d-8d63-6ca0df27e690,show,HOST
291c7147-5282-4749-8433-cad790bd47f8,Phish,ARTIST,7449e619-2e92-4134-1f92-ac01fcf11441,show,HOST
048a7114-9962-4315-bd34-1a46c2cc1a16,Dan Abrams,SXM_HOST,951fcb1d-f631-3120-4bd7-0231e8c8d75e,show,HOST
69cd0fc0-ec1b-4293-b36d-cd42ec563da9,Shannon Sharpe,HOST,53fdc8d8-39eb-c76d-b8b2-dade4cc5fd0e,show,HOST
23d6b91e-5b90-4c4d-9ac0-48c79034beb3,Christopher Russo,SXM_HOST,ad180ee0-7d05-0bd0-7632-5c95c7a0eac0,show,HOST
322695d5-466f-4769-96a4-dc08adb98f0a,Andy Daly,HOST,5d294f77-610d-322c-a4a5-39204a725f4c,show-podcast,HOST
0dc8f48c-6785-4738-8bae-8bcbf42beb73,Spyder Harrison,SXM_HOST,1d5dc35a-4f90-2bc5-438d-cdb869d58896,show,HOST
a4ce02c9-e313-42d1-8db3-16f064badc50,Jeff Garlin,ARTIST,2eb519b6-7e78-304d-87f6-576f9965143c,show-podcast,HOST
95ffacc4-89f7-4d34-990d-95856aee90b9,Jeff Lewis,SXM_HOST,5eaf305d-3043-c4ac-874f-fa0f08342b0c,show,HOST
89c9bcb8-704a-435e-a047-30840e7ee70d,Diplo,ARTIST,944994a6-37e4-bc07-ff6f-011ed5f815ac,show,HOST
febb5737-4b18-4bfb-b8d5-3b1248bac8e7,Kevin Smith,ARTIST,be702910-6865-33a3-ac0e-4b6523e4077f,show-podcast,GUEST
8ad46c02-0ae2-4a8a-acb9-5b4b716600af,Jim Duquette,SXM_HOST,1781d186-b709-4896-a203-21da0ebe718c,show,HOST
d970f12d-745a-486d-a7e8-d02f425b493e,Chris Powell,SXM_HOST,d318ca1f-8b95-d015-4011-b2b23c0cc494,show,HOST
cf3eebfb-9132-4341-89c0-5641465491ca,Andy Samberg,ARTIST,38b8c56e-c0d5-3ef4-85d9-9ae4592d934c,show-podcast,HOST
6989a235-e8d9-4644-81a1-73df761f3fc9,Bruce Springsteen,ARTIST,4f08b5b6-1486-4c34-a3ab-579837f97692,show,PERFORMER
553256ea-a93c-4401-9339-781b29c0db5a,Conan O'Brien,SXM_HOST,fe3487e4-b0d5-e694-ce09-4a0ede2ea38c,show,HOST
b0ad4295-d844-408c-a0d9-78f69a7f595d,Dan Harris,HOST,6bf5078e-64ed-3da3-80e7-2a00fd8f9fe6,show-podcast,HOST
2d901977-12e7-4985-9b96-ba28cb6c1813,Mike Bagley,SXM_HOST,3f767107-1764-4723-9aa3-4ff65f3cc0df,show,HOST
d434d92a-61b6-471c-8fb2-f82af6d59afd,Ozzy Osbourne,ARTIST,09e680b3-f762-eb7a-4292-76990c957727,show,HOST
5512ac26-532d-4b3a-95c5-b612b35c24cf,Dave LaGreca,SXM_HOST,9fa1969a-1ae2-ade4-96bf-83365a3929c1,show,HOST
438dd61c-6dc8-4262-a659-7d29cb6d9b69,Seth Rudetsky,SXM_HOST,662ab893-fdf0-41d7-9252-8a9b1f31e014,show,HOST
673b0a79-ff98-4803-a969-a8b010d83883,Nick Offerman,HOST,644cdcfc-d015-3947-8d0a-a81082502604,show-podcast,HOST
8b8d837b-b278-4eb8-960a-196c6faf8a87,Din Thomas,SXM_HOST,c4864d39-1216-da52-26c8-081a05cc742c,show,HOST
1f229c50-e9bd-4d7f-a16b-025c2b2ecb3e,Robin Quivers,SXM_HOST,1ca4bdb5-07d9-c036-34c7-184c7217ea50,show,HOST
78a4f1de-2d70-4491-9f42-c5cd6eb57113,Kelly Carlin,GUEST,dbdbdd15-afbf-4dbd-9414-a70e763a3fb6,show,HOST
82b214d8-6e27-4419-ab2a-7ae80d268c80,Wheeler Walker Jr.,ARTIST,26eb7bd8-baa6-3f3e-bf3c-b8006f2691cf,show-podcast,HOST
9d8b8527-c218-41f3-820a-ae0dcc95e910,Sugar Ray,ARTIST,d9ebeb03-efdb-deae-2c98-530cea3f002d,show,HOST
53e357b0-6fd0-4dd2-a32e-a93c74f169f2,Carmen Aristegui,SXM_HOST,8c81e09c-eb95-80ad-ea2a-b859f8d5df2d,show,HOST
b22ced9a-1cea-440f-b28a-b0c625ab9518,Greg Levine,HOST,f9061988-1b53-3480-b024-f9213bdaf201,show-podcast,HOST
95ffacc4-89f7-4d34-990d-95856aee90b9,Jeff Lewis,SXM_HOST,06aa3c03-cbcd-88d7-d5f9-867f6938d609,show,HOST
981ca18f-ba86-4605-9f77-8dc149db7fbe,24KGoldn,ARTIST,e0370f44-724a-a678-74b7-6f66b8d11a83,show,HOST
97b6c64a-135b-422b-8526-623a707d71cf,Lindsay Rhodes,SXM_HOST,714985a6-c1b2-cd9f-3dc6-798bc3813beb,show,HOST
8b172125-a5bb-4396-91a3-43f67d862472,Steve Scully,SXM_HOST,319a0fa0-38ea-72ca-737a-9ae7676c5c30,show,HOST
8a784928-8269-4c0b-8468-ccb421239716,Sam Roberts,SXM_HOST,7d47ba13-17ac-177e-9ec9-3fb74be82f50,show,HOST
cb865a68-42dd-4d28-b75e-7b667aa89673,Andy Cohen,SXM_HOST,71c330c1-945f-5566-1a7a-c5d7e72b05a3,show,HOST
72d8d050-6ef4-4f0c-beb7-abc8c5002879,Roy Wood Jr.,SXM_HOST,f92ad634-053d-515f-cd81-86d66f4e1ea6,show,HOST
5a11faf7-8b2c-4835-94d5-d6cf0a1d78c5,Tommy Dreamer,SXM_HOST,3bcf5595-380b-af4e-f2e5-b6aef314687b,show,HOST
55457c1f-f4b7-4872-8960-ea6a62e5c77f,Foo Fighters,ARTIST,2c637b4c-624a-080c-7b72-188985c0546e,show,HOST
fd3216a0-b364-4c8d-9764-8e8a78b3158d,Travis Kelce,HOST,540d5faa-236d-34f1-8878-9bec5e6b1e3f,show-podcast,HOST
9e9bd8a5-402c-457b-8822-2294d499b4a2,Kat Corbett,SXM_HOST,8a05c5e5-a097-323d-9293-297d25eb84cb,show,HOST
f714020c-975d-426a-95a3-287ef0a9db12,Andrew Wilkow,SXM_HOST,0a59fbdd-5d92-305b-b041-16d8d639f885,show-podcast,HOST
206494da-25d6-433f-94d7-e30c97218560,Andy Richter,SXM_HOST,e1d0807c-de1b-4004-435d-cb429ddf1ff4,show,HOST
13ecb14a-7dc1-4125-a665-e24036a138bb,LL COOL J,ARTIST,61d7413a-443e-9116-a0f3-6ca898eb44d1,show,HOST
0e40e2bc-d698-449b-9da0-76b923bce8bc,Mandy Moore,ARTIST,505e718d-3328-321e-8420-0beb2350c68f,show-podcast,HOST
4e0c146f-cc60-4486-ab1d-e2f764fc708b,Phoebe Gates,SXM_HOST,7aef1ea8-6c69-aae0-9cd9-cda9c91b8e89,show,HOST
90aab0df-cb3a-4e78-9e91-eb9c48d4fa7a,Purple Disco Machine,ARTIST,2d1f4ecc-68ed-5e7c-d8c3-535a0bc55eec,show,HOST
6989a235-e8d9-4644-81a1-73df761f3fc9,Bruce Springsteen,ARTIST,f070d771-13bf-60bb-328b-dd7dcb544e92,show,HOST
86d2b065-d2a4-48e4-8b4e-1a140e6cdc58,Julie Mason,SXM_HOST,673c0ac1-cb1b-1079-9b07-d22075ae4ec4,show,HOST
0de07cc7-3432-45f7-9778-53a034c3041e,Smith Sisters,SXM_HOST,3560349d-2365-3c57-b866-7a037021b271,show-podcast,HOST
f600f325-d107-4306-82e4-e305f9eac062,Joel Osteen,SXM_HOST,2c1d1fc4-d503-2d62-8f1b-716e25146715,show,HOST
76e4b0cc-6c9b-4f26-92af-a88cea2ab182,Steve Covino,SXM_HOST,28457e50-1e45-392d-9ebb-50385cca7e76,show-podcast,HOST
291c7147-5282-4749-8433-cad790bd47f8,Phish,ARTIST,de12819b-f538-1cb1-21f7-eca276300f38,show,HOST
2391c99c-c62d-441a-9089-6dcabbb48d40,Dr. Phil,HOST,4baefb90-3eca-3b9f-b8ab-8f570a54bac5,show-podcast,HOST
eb92040a-3515-4493-a6b8-b11878041063,Adam Conover,HOST,097f4937-cba0-3cb6-a9d5-854e67578e25,show-podcast,HOST
0569f167-eeb9-4d5d-b0f5-99d5823b41e0,Robert Plant,ARTIST,bce7ab2d-dd6d-3385-82ad-ae5b9eb50fd9,show-podcast,HOST
13ecb14a-7dc1-4125-a665-e24036a138bb,LL COOL J,ARTIST,a24c0518-1100-5601-4d22-8c69bb0a7314,show,HOST
793d02bb-d93b-4ae5-a4e8-ab35610c7f61,Jake Tapper,HOST,fca5483b-e735-c82b-0603-6b834dea0570,show,HOST
0b675ad8-2a6f-45e3-a292-eab5d03b7779,Danny Brown,ARTIST,7e853ee4-fea2-34da-a5fc-564c9cc9fd44,show-podcast,HOST
731fcb83-e12b-4e76-89ca-6aa35b792163,Ronan Farrow,HOST,b3b95928-92c1-3411-8752-5b3bbb872816,show-podcast,HOST
ead13e7b-5b70-4602-bba8-01ca30db9fc8,David Guetta,ARTIST,c1f4af5a-db6d-d8e9-1013-1d0dbaaa1a18,show,HOST
58cdfc84-25c6-4361-86f3-9dde0207d528,Mark Goodman,SXM_HOST,bb5184d2-b3b8-31a9-accf-15d2782273ea,show,HOST
ce8ca423-85aa-48ee-810b-291b12139116,Keith Morrison,HOST,e7309a95-69a6-3978-be0d-ebf3c6074192,show-podcast,HOST
3f841cc9-2c1b-4524-a7de-a368d9103a1a,Torry Holt,SXM_HOST,356cb4b6-d54e-4c75-8a20-01101ca55bad,show,HOST
0c3ec5e4-24ef-48ab-8890-6d923431d6a0,Keith Richards,ARTIST,82705672-dfa1-23ca-6651-62bef336beaa,show,GUEST
4d9640d8-35ef-47f7-9fed-fa10d49a4b78,Howard Stern,SXM_HOST,7480055f-bdd6-b22f-d47b-39340bfadac2,show,HOST
f600f325-d107-4306-82e4-e305f9eac062,Joel Osteen,SXM_HOST,1b083c60-966f-0088-3eeb-d7bb43d6742a,show,HOST
ed139028-7a3f-4d0a-99e6-b9c7e22573ec,Tom Papa,ARTIST,3789d97f-9c29-3d9c-a930-3167a99d5a33,show-podcast,HOST
50ba215f-8615-43d9-8fae-a180c1edd6b0,Dorinda Medley,SXM_HOST,1b9804d3-3e4d-6092-50b4-eb955ef6a17a,show,HOST
8b226596-16eb-4ae2-b0c5-61db4c363e8d,Bill Burr,ARTIST,1fb346d8-d219-38b1-982e-05086545a975,show-podcast,HOST
27217f41-04bd-4588-8a32-84d39446f506,Parker Posey,GUEST,8dc041e4-8891-38dd-8c2f-0cbd5698d15e,show-podcast,PERFORMER
b257d09d-d750-44ff-bcab-09439ef6acc8,Tom Morello,ARTIST,c92c4d41-5097-b2a4-cf6e-2c2c2a241fe5,show,HOST
971a701c-58ac-4e41-8945-a18055dca7c8,Kathy Mattea,ARTIST,d4658166-f1a3-00d0-d710-efac0b84e9a2,show,HOST
34234f68-f46a-4a93-bc17-b613a8898ffb,Jose Mangin,SXM_HOST,6d94e735-19c7-4523-8103-45083eaca96d,show,HOST
55729a52-a36a-49f1-9caf-97d2f2ac59dc,Carey Mulligan,GUEST,6e28eb60-e29f-36c6-b990-446be43bfb12,show-podcast,HOST
e9b0672c-66eb-4d02-9d51-047e44a812af,Mike Krzyzewski,SXM_HOST,ba1a1f70-9f9c-4ae3-bcdd-dc8dd68285e9,show,HOST
2391c99c-c62d-441a-9089-6dcabbb48d40,Dr. Phil,HOST,4baefb90-3eca-3b9f-b8ab-8f570a54bac5,show-podcast,HOST
3d5f62df-214d-4c9a-9184-6afe3f63681e,Billie Eilish,ARTIST,ee3046d3-ed7e-c11d-d055-939333a8d958,show,HOST
a857750b-1a36-4ecf-ba94-1a886226ce11,Amanda Seales,SXM_HOST,be725b57-fea2-3757-9a2b-f444d6446b74,show-podcast,HOST
0a60285c-d0e1-426e-8b0e-7ee23a00672c,Torae,SXM_HOST,a8449352-8551-7e73-6d9f-426a6d40a18e,show,HOST
13ecb14a-7dc1-4125-a665-e24036a138bb,LL COOL J,ARTIST,a24c0518-1100-5601-4d22-8c69bb0a7314,show,HOST
6d2daa82-3b56-4954-97e8-b94c965a5a7c,Steven Crowder,HOST,fb421445-8952-3d97-87cd-1b6eaf288ae9,show-podcast,HOST
8e9de81d-1f56-47d2-98a5-1167cb9c9a35,Alicia Keys,ARTIST,19ba5d85-06b6-66a8-7a16-8a909f2fcea8,show,HOST
ad507585-3f93-4945-8e62-6da3bbc8d215,Mojo Nixon,ARTIST,d6158c72-5cc4-4f3e-83c0-4286ac47320b,show,HOST
58cdfc84-25c6-4361-86f3-9dde0207d528,Mark Goodman,SXM_HOST,5a2f35ff-c853-9e7a-65ef-6ed1a9336a41,show,HOST
e853a5b7-aba4-4809-9383-78f33da97568,Jason Davis,SXM_HOST,5e633f39-f834-ec97-5aff-c17100352688,show,HOST
1ddb090b-842b-4470-a282-b3af3ce348fd,Sean Hayes,HOST,925e145c-8a7a-3b22-b7b7-a4b6e0cdac85,show-podcast,HOST
76e4b0cc-6c9b-4f26-92af-a88cea2ab182,Steve Covino,SXM_HOST,33022e5a-73ab-77bb-3ac9-29bbb98a2834,show,HOST
2c596a47-de16-4038-8e15-ceac438c99f8,Moby,ARTIST,52ea2250-95b0-39b7-b7d7-adf83ead12f1,show-podcast,HOST
148ece67-6257-4b21-bceb-944bad6ee18a,Jalen Rose,SXM_HOST,2396b879-c93c-c1b6-e6bc-46a8c83b837e,show,HOST
5ee3bf3c-abf5-4b90-a78a-c9a94d23c735,David Fricke,SXM_HOST,03f0c122-97a0-27ec-100e-5584c058f2a0,show,HOST
f600f325-d107-4306-82e4-e305f9eac062,Joel Osteen,SXM_HOST,58ed9da4-96cf-adec-fa22-d476a71cc43c,show,HOST
fef90617-3cdc-4765-93fa-d6eecdd58761,Paul McCartney,ARTIST,3b3cbe60-6045-5d9c-fba9-e19e451a0114,show,HOST
1938fbc6-94ec-40a4-afe9-3f6cc49a983a,Carl Paulson,SXM_HOST,5fe5000c-39ff-4d6a-860b-2db87dc72941,show,HOST
f8b286c7-7be7-473c-a0d0-09522433b8e3,Michael Rosenbaum,HOST,8caf9c05-59dd-3752-a2cb-38947e46fe56,show-podcast,HOST
8baec0c0-94e1-4ef3-90ac-2bd18d7a03f4,The Chainsmokers,ARTIST,a767a0c7-2248-e107-b737-8ee6298a48ad,show,HOST
33ad5cb8-e322-4802-aed2-b2bdfd54415f,Matt Besser,HOST,d1a5c00d-b12a-360b-81df-64ef8660d831,show-podcast,HOST
76e4b0cc-6c9b-4f26-92af-a88cea2ab182,Steve Covino,SXM_HOST,28457e50-1e45-392d-9ebb-50385cca7e76,show-podcast,HOST
5c453468-643e-4d90-9c1c-8989c536d2dc,Perri Peltz,SXM_HOST,c71f83dc-cc72-5227-7656-b9047330029d,show,HOST
98df252f-7c4b-4c0f-a84a-b9974916a287,Sarah Spain,SXM_HOST,4a7678dd-414c-3213-9dcc-6ee35e5f5dd4,show-podcast,HOST
55457c1f-f4b7-4872-8960-ea6a62e5c77f,Foo Fighters,ARTIST,0501862f-d093-5159-7fb5-c49af4f76b5f,show,HOST
7804ae9e-2188-40be-86de-92f54f5f5a0f,Morning Mash Up,SXM_HOST,69defb18-7f8a-482f-a493-641fdbb500a8,show,HOST
1ddb090b-842b-4470-a282-b3af3ce348fd,Sean Hayes,HOST,277e8888-c1ae-313a-875e-96e8bd9f44d7,show-podcast,HOST
4590fc71-e8f9-4865-a782-5282656c8237,Big Jay Oakerson,SXM_HOST,3e7e411e-d9c3-0b3e-6a46-15d07652eab9,show,HOST
0a60285c-d0e1-426e-8b0e-7ee23a00672c,Torae,SXM_HOST,73a02fb4-a5ac-6097-453a-74110cfe371d,show,HOST
7f4a1c35-e3b8-4684-8598-f94d7f72da2c,Alison Rosen,HOST,943bb9e4-601f-3034-b022-0ca10bb4e7a9,show-podcast,HOST
55457c1f-f4b7-4872-8960-ea6a62e5c77f,Foo Fighters,ARTIST,dfc7ed5c-bb95-0ba0-e853-9c9cf7ded41d,show,HOST
b146753f-482a-4ea3-8dc2-fb07b4115522,Anderson Cooper,HOST,e739b27d-a9ee-357b-b026-e965e4d5b5e2,show-podcast,HOST
95ffacc4-89f7-4d34-990d-95856aee90b9,Jeff Lewis,SXM_HOST,98713b38-08f7-5515-fa0b-eb8924cc019b,show,HOST
80e61f99-7729-4516-8fc1-fb919153bb7f,Dave Ramsey,HOST,a40e72c1-1846-c61e-9c55-26904e2f8e14,show,HOST
c9ed088a-5a28-4985-8128-9ca0c6f1b8ff,Jocko Willink,HOST,eef7ce9d-8514-328b-9b75-928304c44c5f,show-podcast,HOST
5314100e-2a6a-423e-ac37-2648feb24413,Bert Kreischer,HOST,277e8ef1-7061-315f-a81b-c2d88736a3c5,show-podcast,HOST
2835625e-b40c-4c35-92be-ea9d2f11d638,Jamie Loftus,HOST,3d4677ed-54d7-3cfd-a5a4-d7dc3f296fb6,show-podcast,HOST
49c48b39-ea4e-4af6-8b14-042760ad346f,Mina SayWhat,SXM_HOST,48e256ac-5b62-074f-1e97-0d7196b4252e,show,HOST
747c3163-c1a2-4862-9b6a-5b473e5254d6,Jim Cramer,HOST,98a5e04a-b044-3400-b218-469d54e188a2,show-podcast,HOST
af178d17-7103-4202-893d-9c306852b4b5,Avery Woods,SXM_HOST,aee1e65f-bb83-389d-9549-c5b1ca7faa93,show-podcast,HOST
0f7cd7e5-d190-46c5-a032-84ea2f18270b,Katy Perry,ARTIST,902ab17b-4836-30f9-bd94-0878fdb8dce4,show-podcast,HOST
ee028725-edef-44b9-88fb-b82eaa775b1c,Adam Pally,HOST,7d22fea8-0a0e-a1b2-e21d-1a66aa71f9ee,show,HOST
3b504016-f190-4452-b4db-8afc36457950,Iliza Shlesinger,HOST,05e4e57b-642d-5fef-5cd3-bcec95e046ce,show,HOST
58cdfc84-25c6-4361-86f3-9dde0207d528,Mark Goodman,SXM_HOST,630febb7-aa64-a946-6a13-92d5ac27b27e,show,HOST
81d3c4ee-48da-4804-9618-c266cddc6f3e,Tom Rennie,SXM_HOST,9c41e590-503c-7595-da3c-3b20585b81dd,show,HOST
381226a7-e933-4d56-ac17-e5a7e7222787,Kirk Franklin,ARTIST,a0014db1-5da5-359e-800a-be2b9f8bf34e,show-podcast,HOST
967af678-dcde-4e62-a033-e4bb449dc6a4,Sunny Sweeney,ARTIST,b1bc1835-f9b7-c185-3df3-26f3cec06195,show,HOST
4d9640d8-35ef-47f7-9fed-fa10d49a4b78,Howard Stern,SXM_HOST,3c228958-663f-dda9-390c-939041d7d90d,show,HOST
1bcae0f2-d614-4f97-b1b8-43dd01f867c2,John Mayer,ARTIST,3ff29edd-711e-ec5b-1bc8-d6dddddd2487,show,PERFORMER
a1ed9d5f-9b9e-41eb-ba1c-868db0ef17c6,Stephen Colbert,HOST,c934de69-127c-3018-b6d7-68691bc684ca,show-podcast,HOST
ec8e3eb2-40bf-4068-8b1f-9d7906a86675,Mark Henry,SXM_HOST,4a75ab10-a358-3204-edbe-8cf24217bdfa,show,HOST
9c81b45d-3e15-4fce-8a45-f9a515ee1bcc,Lisa Ann,SXM_HOST,337c9f2b-c54a-9bbb-f913-c54bf5a688af,show,HOST
21eb04f1-ee3d-438b-a179-ef743695c00e,Mark Ronson,ARTIST,c555b133-f794-36ae-892f-f535e40a6d02,show-podcast,HOST
77898a4e-18f1-4db5-b0de-24dd415ca7a7,Eric Andre,HOST,835d0445-c276-3b99-8c06-b891d2d8dabe,show-podcast,HOST
472db769-f173-4746-bf08-7cf02e497c09,Whitney Cummings,ARTIST,5c2c9e99-7415-3df4-ba21-946239a43ded,show-podcast,HOST
f5a822e1-e05e-4641-b430-0703e685ed61,Eddie Trunk,SXM_HOST,a1587c28-d857-4541-9568-f0a9931aece9,show,HOST
5512ac26-532d-4b3a-95c5-b612b35c24cf,Dave LaGreca,SXM_HOST,4cc509ce-2fb0-3e2c-87b7-de6b61be841d,show-podcast,HOST
55457c1f-f4b7-4872-8960-ea6a62e5c77f,Foo Fighters,ARTIST,4071ff3c-b755-798c-4946-5c4366efdb2c,show,HOST
b257d09d-d750-44ff-bcab-09439ef6acc8,Tom Morello,ARTIST,18ecb186-4fc8-769c-3d83-f8511087296f,show,HOST
ee7ad419-9674-4606-afc5-2e3eb46dd405,Priyanka Wali,HOST,e1479d9d-9226-3804-9e21-e82f92cfb2c1,show-podcast,HOST
480275e7-e779-4351-9ddc-40d5a1493d74,Angela Yee,HOST,f7483d2a-2a36-3f1a-b3f1-eb60975d7153,show-podcast,GUEST
1d1b3bae-75c4-405c-aaf6-df3d89f7183a,Trevor May,SXM_HOST,bf04208b-1e6a-3088-b496-d19198927a17,show-podcast,HOST
abeda02f-c342-400e-8d5a-9a4e8651143a,John Roberts,SXM_HOST,8fe918c7-0d80-d8a1-339c-570a8f268a4b,show,HOST
247b5794-8210-4acd-a09d-b955b9f4c96f,Dave Matthews,ARTIST,3ff29edd-711e-ec5b-1bc8-d6dddddd2487,show,PERFORMER
977c44a9-edd0-46e6-ab47-1c840cb25530,Meghan Trainor,ARTIST,4a28fdc2-b90e-9f01-469e-2b79fdcad8ef,show,HOST
79dc3af2-c67a-4203-873d-62b5af672a92,Dion,SXM_HOST,518c52cc-f4ce-49df-9cee-effad62b62dd,show,HOST
9b76961e-f194-4120-a9f8-fa909b55140b,Jim Norton,SXM_HOST,6d116a70-61f9-1252-1407-fddbae2948fc,show,HOST
fbe5cdd5-3eb3-442d-abe7-84e9a33f0a54,Katie Nolan,SXM_HOST,976d8d42-1f85-82a4-3e7d-5fb19c193aa4,show,HOST
2aa47542-02d5-49d5-a602-c870c0d529d6,Stephen A. Smith,SXM_HOST,23999ddf-2cc2-35e2-7d04-6cc2749043d0,channel-linear,HOST
2aa47542-02d5-49d5-a602-c870c0d529d6,Stephen A. Smith,SXM_HOST,b80bfe77-348f-b5e4-1550-fc326063d1dc,show,HOST
cbbe2f92-e1fd-4cae-83ea-6c57ff806af3,Steven Wilson,ARTIST,d3ac4457-41d1-de11-0d11-e0746eb0bfd2,show,HOST
ed5f8747-0c2f-46fb-83cf-c5928ae64373,Lars Ulrich,ARTIST,35b0a4e3-b63d-b68e-4c34-6462579a8721,channel-linear,HOST
9f1997a2-934d-42d9-a167-2ef931775de6,Mack,SXM_HOST,7ce8dd39-0fe9-4b3b-cbe1-2463327a30e5,show,HOST
9f1997a2-934d-42d9-a167-2ef931775de6,Mack,SXM_HOST,d8c1ee1d-dfe5-4764-968f-c1a2e1ba64e3,show,HOST
9f1997a2-934d-42d9-a167-2ef931775de6,Mack,SXM_HOST,9ccfd958-a49b-ee41-e235-dacd1d250765,show,HOST
9f1997a2-934d-42d9-a167-2ef931775de6,Mack,SXM_HOST,038e9a9a-4878-7561-521b-5d432a0798a0,channel-linear,HOST
9f1997a2-934d-42d9-a167-2ef931775de6,Mack,SXM_HOST,72cf18ca-3e5b-ce74-6dbe-ecb4b73cad16,show,HOST
9f1997a2-934d-42d9-a167-2ef931775de6,Mack,SXM_HOST,4c97d095-b8c1-162a-9d72-0c7c16f458bf,channel-linear,HOST
9f1997a2-934d-42d9-a167-2ef931775de6,Mack,SXM_HOST,dd8a1385-cb17-1092-4ec5-65611e29cbcf,show,HOST
80c59171-6dc9-43bb-a5d2-755d8fe0c78d,Jen Morejon,SXM_HOST,dd8a1385-cb17-1092-4ec5-65611e29cbcf,show,HOST
eef305fa-cb14-4c31-ad79-45b59440e02f,Zach Noe Towers,SXM_HOST,4c4ed3a0-6784-2748-ad7c-3f04de625233,show,HOST
80c59171-6dc9-43bb-a5d2-755d8fe0c78d,Jen Morejon,SXM_HOST,132a5700-907a-2084-288a-eb522ec02725,show,HOST
80c59171-6dc9-43bb-a5d2-755d8fe0c78d,Jen Morejon,SXM_HOST,7ce8dd39-0fe9-4b3b-cbe1-2463327a30e5,show,HOST
80c59171-6dc9-43bb-a5d2-755d8fe0c78d,Jen Morejon,SXM_HOST,641a4d7d-f292-3465-f5ca-f5240208d048,show,HOST
215c9a48-8089-4e33-95ab-17e757aadf2d,Mack & Jen,SXM_HOST,d8c1ee1d-dfe5-4764-968f-c1a2e1ba64e3,show,HOST
d1a37b86-a475-45ad-99f3-fdaf656502d5,Mark Zito,SXM_HOST,fd968f25-ddc7-8a04-d64d-21b3bcd53438,show,HOST
d1a37b86-a475-45ad-99f3-fdaf656502d5,Mark Zito,SXM_HOST,250277a3-65bf-059d-645f-609cf2e5e7e6,show,HOST
63eb6826-a25e-47c0-9e44-d769e12e642f,Marshmello,ARTIST,246fa661-67ae-0540-87ee-0e204098346a,show,HOST
5ef375d7-ee0e-4de2-82e2-1a1a43790f43,Carrie Underwood,ARTIST,406b95b1-7f15-c0a9-77e7-e873d5db7210,show,HOST
f185d6e9-26eb-4ab7-a58f-aef8249faaec,HAIM,ARTIST,041e96c1-5048-3e4e-bc41-587a93c969b8,show-podcast,HOST
215fc1af-9508-44d0-a2ad-04192de652c2,Megless Griffin,SXM_HOST,b3be5058-445e-46a0-39ae-9857beb6dfc0,show,HOST
654d05a3-da39-4354-8495-713476509311,Lady A,ARTIST,88bcc67d-eae0-bb7a-525e-2f385bb67d70,show,HOST
2db6dc18-8bd6-44f2-bf34-2607f80c0267,Chris Carter,SXM_HOST,b3be5058-445e-46a0-39ae-9857beb6dfc0,show,HOST
5ee3bf3c-abf5-4b90-a78a-c9a94d23c735,David Fricke,SXM_HOST,b3be5058-445e-46a0-39ae-9857beb6dfc0,show,HOST
8ece48bf-d874-4779-8571-b480ec59e465,Alex Cooper,SXM_HOST,a0dd007f-3770-55ed-1d0c-e3a8dddc40ea,show,HOST
04a2b1d3-2186-4172-bee6-38fba295811b,Bill Flanagan,GUEST,b3be5058-445e-46a0-39ae-9857beb6dfc0,show,HOST
89c9bcb8-704a-435e-a047-30840e7ee70d,Diplo,ARTIST,fb1e7d0e-a3d3-8b56-959c-894c07fe93fb,show,HOST
c93afc6b-9c7c-4a9b-a128-36c9f5a28249,Roman Mars,HOST,c69fff9c-b843-330a-bb7e-48f1f9c7bc74,show-podcast,HOST
fe7d8a29-383b-466d-8669-1f146528cc82,Elliott Kalan,HOST,c69fff9c-b843-330a-bb7e-48f1f9c7bc74,show-podcast,HOST
70591d4f-7b86-4096-b55e-029801085768,Sebastian Maniscalco,ARTIST,a8c65eb4-019f-368b-9ba7-f46e5de41821,show-podcast,HOST
47180fae-690d-4651-bace-e65cae420809,Kumail Nanjiani,ARTIST,11c78197-399e-366e-b4c2-7e5fa60ee619,show-podcast,HOST
894f2664-b7e4-4d28-b1a9-8d32f809bc2f,Paul Bachmann,SXM_HOST,4a2831b8-af78-4fe2-b760-cf206ac5b29b,show,HOST
a7ee62dd-9f5b-48bf-bad9-c01ebfe1f6ae,Cody Rhodes,GUEST,06ea6601-a60c-33e5-bc98-90b5c70d2910,show-podcast,HOST
266d0182-6884-4ad5-b500-52b10f4b056e,Alexandria Ocasio-Cortez,GUEST,3a47f45e-7893-110c-0f3d-a3526ab6b8ee,show,GUEST
7a52f074-985b-4282-9ff7-2fb1944c54a6,Bevy Smith,SXM_HOST,0c68c86c-6d25-4fd4-8fcd-737b06a1d4dc,show,HOST
6989a235-e8d9-4644-81a1-73df761f3fc9,Bruce Springsteen,ARTIST,75f01075-ae3c-724e-485b-3e1aac39cf44,show,GUEST
8a784928-8269-4c0b-8468-ccb421239716,Sam Roberts,SXM_HOST,601ba558-f5ef-3f1e-8da3-57a084aac220,show-podcast,HOST
2aa47542-02d5-49d5-a602-c870c0d529d6,Stephen A. Smith,SXM_HOST,efd29146-3563-edf7-8e06-2ceaff319325,show,HOST
549e0659-ecb0-40f8-b8f7-23e4c9471387,Anne Murray,ARTIST,e6c7bcda-bcc2-f4c0-d8de-7f0b542a01bb,channel-linear,HOST
75eb8e53-0bf4-4a44-9ec2-468295e0b8a6,Johnny Knoxville,SXM_HOST,036fa8ac-f56c-3ad1-829a-b784a70e9ed0,show-podcast,HOST
75eb8e53-0bf4-4a44-9ec2-468295e0b8a6,Johnny Knoxville,SXM_HOST,42d9c0df-4b21-32fc-be8e-06d2f36c137c,show-podcast,HOST
8231c8f9-d2e1-44f7-88ca-674139e0ddf8,Kenny Chesney,ARTIST,52fd9e3a-6923-0384-9345-1555aefdbf65,show,HOST
553256ea-a93c-4401-9339-781b29c0db5a,Conan O'Brien,SXM_HOST,42404bdd-d751-46db-8cb4-fd8ef483d5a3,show,HOST
e3842d68-0e1e-4f18-a70e-c051334c1dcb,Tim O'Brien,ARTIST,29e56faf-6125-3116-83e0-b80bb280825b,show-podcast,HOST
ce8ca423-85aa-48ee-810b-291b12139116,Keith Morrison,HOST,7e9094ce-7089-392a-8e1d-bfa55215340e,show-podcast,HOST
cfb3cdbf-141a-4236-a985-0bd13badd884,Downtown Julie Brown,SXM_HOST,bbadead9-4fc7-174a-d360-3fd549bc530e,channel-linear,HOST
cfb3cdbf-141a-4236-a985-0bd13badd884,Downtown Julie Brown,SXM_HOST,d55c4c07-402b-0842-a876-8559ea64f494,channel-linear,HOST
6a3e1570-86ea-4155-8196-3dd5ec5a6d0e,Dan Soder,ARTIST,d2940cdc-5c35-3e93-8a81-7bfc6a8c84ba,show-podcast,HOST
55b02797-fae1-44f5-ba7a-49f3fcbd87ff,Rida,SXM_HOST,585d119c-bab5-2884-e20c-1086261bfaf6,show,HOST
ee7ad419-9674-4606-afc5-2e3eb46dd405,Priyanka Wali,HOST,7ceceba0-2f3c-381e-a2f8-7cf7fa92a949,show-podcast,HOST
780b6d56-668f-4da3-ab64-d221b5d37ea0,Hari Kondabolu,ARTIST,7ceceba0-2f3c-381e-a2f8-7cf7fa92a949,show-podcast,HOST
065abaa9-39a0-4cad-ad34-087d6bef3881,The Doobie Brothers,ARTIST,5ad8659a-414a-9e26-b973-f5a229d788dd,channel-linear,HOST
1d39658e-98be-42fe-938d-a7e87907989d,T. Graham Brown,ARTIST,32566352-8e68-80f8-fe11-3f9715b63876,channel-linear,HOST
bed37169-ec7b-435b-b3b8-df49129ede5d,Richard Marx,ARTIST,bda81f03-f231-d4db-56ad-40cb132c5663,channel-linear,HOST
3c13422a-0df2-47b9-8cb0-50c10dbd5ba8,Heather B,SXM_HOST,441fbeef-3d59-deb4-6b39-6a28cd617a9c,channel-linear,HOST
5b73b42a-be13-43c5-8caf-5f621b722d14,Billy Idol,ARTIST,65f04311-3581-256c-97b9-279838d6ff5e,channel-linear,HOST
e853a5b7-aba4-4809-9383-78f33da97568,Jason Davis,SXM_HOST,53083b46-7b29-3903-222a-3350e42eff68,channel-linear,HOST
82695204-5915-4dc8-8bea-d32649c8f7dd,Keith Costigan,SXM_HOST,2f7441a4-0d18-43ff-a574-e98217c28f4a,channel-linear,HOST
82695204-5915-4dc8-8bea-d32649c8f7dd,Keith Costigan,SXM_HOST,53083b46-7b29-3903-222a-3350e42eff68,channel-linear,HOST
81d3c4ee-48da-4804-9618-c266cddc6f3e,Tom Rennie,SXM_HOST,2f7441a4-0d18-43ff-a574-e98217c28f4a,channel-linear,HOST
95c5ae09-eda7-4ffb-9473-a92c3185ca02,Rodney Marsh,SXM_HOST,2f7441a4-0d18-43ff-a574-e98217c28f4a,channel-linear,HOST
e799b2e9-7ca4-460c-87c0-00fd26980f9b,Phil Schoen,SXM_HOST,2f7441a4-0d18-43ff-a574-e98217c28f4a,channel-linear,HOST
e799b2e9-7ca4-460c-87c0-00fd26980f9b,Phil Schoen,SXM_HOST,53083b46-7b29-3903-222a-3350e42eff68,channel-linear,HOST
95c5ae09-eda7-4ffb-9473-a92c3185ca02,Rodney Marsh,SXM_HOST,53083b46-7b29-3903-222a-3350e42eff68,channel-linear,HOST
8ce3d58f-2d58-4017-aab2-57aa7e319d1d,Brian Dunseth,SXM_HOST,2f7441a4-0d18-43ff-a574-e98217c28f4a,channel-linear,HOST
8ce3d58f-2d58-4017-aab2-57aa7e319d1d,Brian Dunseth,SXM_HOST,53083b46-7b29-3903-222a-3350e42eff68,channel-linear,HOST
81d3c4ee-48da-4804-9618-c266cddc6f3e,Tom Rennie,SXM_HOST,53083b46-7b29-3903-222a-3350e42eff68,channel-linear,HOST
e853a5b7-aba4-4809-9383-78f33da97568,Jason Davis,SXM_HOST,2f7441a4-0d18-43ff-a574-e98217c28f4a,channel-linear,HOST
230a05cb-6863-4a1c-ba87-65c37ad0789b,Teyana Taylor,ARTIST,da10e080-3102-9ec0-29df-4982b9ca09f5,show,GUEST
47feaf2a-db0c-45a7-9c5f-c28552c086f4,Fareed Zakaria,HOST,bfbb0693-0c7d-8a69-cf56-5101a9dda371,show,HOST
0a75a1b3-5075-4858-97be-2ce40a34c7a6,Brian Regan,ARTIST,7c03659c-755c-5a9c-8a5c-4d6bad764237,show,HOST
24f7b0b3-a444-4339-bd2e-cbc24f715d4c,Arnold Schwarzenegger,GUEST,bf39f6b0-c9ea-81fb-4a19-240f712fda09,show,GUEST
22d3482d-4f51-435b-8d2e-e64d24ca7e05,Kiki Monique,SXM_HOST,d8229f12-507c-368d-8236-94e664de18aa,show-podcast,HOST
24c5ce11-c626-4406-89a5-37461aeeca64,Matthew West,ARTIST,f5b62202-e945-357c-bc61-de3607946145,show-podcast,HOST
a5d6c204-92c4-4037-b603-c77e1b70bb54,Skip Bayless,SXM_HOST,c38f3123-9c6f-3883-a10f-28bae4ff4801,show-podcast,HOST
829db8a4-90ad-4284-abc6-697ec1503e22,Stanley T,SXM_HOST,78be52c6-7437-5155-d47d-b1af33b55fdf,show,HOST
79507419-9d74-4c8c-8a43-0e5346f4216d,Jesse Thorn,SXM_HOST,5286fbb3-3e06-329c-af4a-0f5defee51f3,show-podcast,HOST
93022d54-6345-4f83-8186-44677f9b4188,David Remnick,HOST,ce86c309-22bf-3e05-9d91-216a67c15306,show-podcast,HOST
c9e504bc-1238-474c-a648-9dfa5aea2374,Ron Bennington,SXM_HOST,80867fa3-093f-b076-bedc-af8d71cb54ab,channel-linear,HOST
201da46a-1993-467a-a765-cbf6b4a4553a,Robert Kelly,SXM_HOST,80867fa3-093f-b076-bedc-af8d71cb54ab,channel-linear,HOST
d85b9510-719b-4777-809f-1c96b0e7cabe,Gail Bennington,SXM_HOST,80867fa3-093f-b076-bedc-af8d71cb54ab,channel-linear,HOST
8a784928-8269-4c0b-8468-ccb421239716,Sam Roberts,SXM_HOST,80867fa3-093f-b076-bedc-af8d71cb54ab,channel-linear,HOST
4590fc71-e8f9-4865-a782-5282656c8237,Big Jay Oakerson,SXM_HOST,80867fa3-093f-b076-bedc-af8d71cb54ab,channel-linear,HOST
60e3fba8-09ce-42f3-baf2-7796b7219818,Grant Random,SXM_HOST,fd5740ec-7f11-0ecf-f676-46f9dc056d2c,channel-linear,HOST
1e126f95-3103-4cd4-a535-e8ff96569be5,Dan + Shay,ARTIST,fd5740ec-7f11-0ecf-f676-46f9dc056d2c,channel-linear,HOST
9e9bd8a5-402c-457b-8822-2294d499b4a2,Kat Corbett,SXM_HOST,fd5740ec-7f11-0ecf-f676-46f9dc056d2c,channel-linear,HOST
c9e504bc-1238-474c-a648-9dfa5aea2374,Ron Bennington,SXM_HOST,7afff919-c0fc-cf72-e705-8b5b7aa7f815,show,HOST
ddbef86c-961c-442b-a53c-d1abdbc773cf,Ryan Sampson,SXM_HOST,75c222e8-3696-7cee-6824-ecdbdadb7451,show,HOST
c9e504bc-1238-474c-a648-9dfa5aea2374,Ron Bennington,SXM_HOST,e0d9faa8-f4ef-dac1-12f0-8affa9bcf975,show,HOST
8a90b97e-bdd3-46bb-98aa-692232222fbd,Buzz Brainard,SXM_HOST,d06aed1e-70b4-8c4d-e0b2-54b259b22172,show,HOST
c1b86f35-571c-4aee-a6fc-af936400d0cd,Cayman Kelly,SXM_HOST,69cc3e2b-1005-4ebd-a744-3df16dbb47bb,show,HOST
34234f68-f46a-4a93-bc17-b613a8898ffb,Jose Mangin,SXM_HOST,bfb7ff2c-dff7-41f4-729e-469e61e7323b,show,HOST
81e8e5b2-883a-4a35-b52e-67267346c524,Macie Banks,SXM_HOST,08163c6e-35cc-d241-0805-8da6da000638,show,HOST
49c48b39-ea4e-4af6-8b14-042760ad346f,Mina SayWhat,SXM_HOST,9996fe79-6637-7d78-b624-c8bd54b5f921,show,HOST
958cad82-2605-4e8a-9a19-f442c4c610c3,"Marisol ""El Bombón"" Vargas",SXM_HOST,9c7652b9-5186-385a-b2e1-4c2fd12ddef9,show,HOST
c9e504bc-1238-474c-a648-9dfa5aea2374,Ron Bennington,SXM_HOST,2da82d3d-8916-fb2f-897d-b690f00eb19f,show,HOST
06f07f95-1c9a-4c5e-b662-ae55c0099872,Joe Madison,SXM_HOST,bfeb2258-c6e5-d346-5332-02ea357b63a4,show,HOST
f2b85ef4-da64-4ba8-9817-e89fa6cd82ba,Roxanne Shante,SXM_HOST,a8449352-8551-7e73-6d9f-426a6d40a18e,show,HOST
74ab0164-5325-4ab9-a802-5b5062ff642c,Karen Hunter,SXM_HOST,a8e8bba6-d44a-6086-a252-d15dac34e258,show,HOST
c9e504bc-1238-474c-a648-9dfa5aea2374,Ron Bennington,SXM_HOST,fec8b983-49d6-50a1-b1b7-0ad8b98d73ca,show,HOST
017b0f93-12a0-4174-90aa-02b3f6d337f4,Swaggy Sie,SXM_HOST,a8449352-8551-7e73-6d9f-426a6d40a18e,show,HOST
55b02797-fae1-44f5-ba7a-49f3fcbd87ff,Rida,SXM_HOST,de910d39-4ecf-2944-acfc-7c4288ef9422,show,HOST
f2b85ef4-da64-4ba8-9817-e89fa6cd82ba,Roxanne Shante,SXM_HOST,47ce8cc3-53a3-09cb-1ad7-94dc8b2dcbc1,show,HOST
06f07f95-1c9a-4c5e-b662-ae55c0099872,Joe Madison,SXM_HOST,6d0b835e-a3b9-30c4-2acd-d4aa76baa830,show,HOST
8a90b97e-bdd3-46bb-98aa-692232222fbd,Buzz Brainard,SXM_HOST,1dcf868c-609d-a238-3a9b-f012e607d1a6,show,HOST
017b0f93-12a0-4174-90aa-02b3f6d337f4,Swaggy Sie,SXM_HOST,47ce8cc3-53a3-09cb-1ad7-94dc8b2dcbc1,show,HOST
c1b86f35-571c-4aee-a6fc-af936400d0cd,Cayman Kelly,SXM_HOST,d2b6e681-177a-9bfc-a6d5-63d7ada25015,show,HOST
e4ed5636-1395-4187-8121-8050160157de,Jenny Eliscu,SXM_HOST,975ac404-d970-7f06-37cc-30a28c18077a,show,HOST
55b02797-fae1-44f5-ba7a-49f3fcbd87ff,Rida,SXM_HOST,340b35e3-6493-0834-46d7-7c5d4d1f2890,show,HOST
c9e504bc-1238-474c-a648-9dfa5aea2374,Ron Bennington,SXM_HOST,92021dfe-b237-86d1-06d1-c0ecddec415e,show,HOST
6a3e1570-86ea-4155-8196-3dd5ec5a6d0e,Dan Soder,ARTIST,32efb182-2229-6cba-4d18-a9657ef5cef0,show,HOST
1a2132b2-24ca-4f2b-b42a-cd2b4ba6c431,Sway Calloway,SXM_HOST,47b42f2e-4125-f0e7-20fc-5dc7aeb18809,show,HOST
8a90b97e-bdd3-46bb-98aa-692232222fbd,Buzz Brainard,SXM_HOST,0ae97635-5108-3a3d-30d0-d176dc850a8c,show,HOST
ea5e73c1-6285-4e83-ad55-96b2a7dbeb2a,Tony Fly,SXM_HOST,0750d96a-f257-48ee-9308-4b1f29f956da,show,HOST
1a2132b2-24ca-4f2b-b42a-cd2b4ba6c431,Sway Calloway,SXM_HOST,98730717-9233-3f80-6328-d19af1f70a8f,show,HOST
bf05e17d-bf08-4a31-9e95-38456e0d9219,Ania Hammar,SXM_HOST,0ae97635-5108-3a3d-30d0-d176dc850a8c,show,HOST
89f5a7b1-4781-469b-b290-e45cd03358c2,Symon,SXM_HOST,0750d96a-f257-48ee-9308-4b1f29f956da,show,HOST
6a3e1570-86ea-4155-8196-3dd5ec5a6d0e,Dan Soder,ARTIST,bd40178d-92b1-d3c0-76fb-f6e1afa9974a,show,HOST
e4ed5636-1395-4187-8121-8050160157de,Jenny Eliscu,SXM_HOST,c070d2ab-8090-5496-9cf9-70433ed53543,show,HOST
958cad82-2605-4e8a-9a19-f442c4c610c3,"Marisol ""El Bombón"" Vargas",SXM_HOST,54e51f0f-ff8f-e841-353a-355f9d6aa316,show,HOST
81e8e5b2-883a-4a35-b52e-67267346c524,Macie Banks,SXM_HOST,8c0b5b99-f1f3-05d8-96d3-9c4dcf0728b3,show,HOST
06f07f95-1c9a-4c5e-b662-ae55c0099872,Joe Madison,SXM_HOST,662b8633-2c60-2e80-b2a3-e16397440f9c,show,HOST
8a90b97e-bdd3-46bb-98aa-692232222fbd,Buzz Brainard,SXM_HOST,7bb657b1-a2d7-68e8-2aa3-b50c16664b8d,show,HOST
bf05e17d-bf08-4a31-9e95-38456e0d9219,Ania Hammar,SXM_HOST,7bb657b1-a2d7-68e8-2aa3-b50c16664b8d,show,HOST
576e0cc7-63eb-41e7-88c3-7be1bad19043,Billy Joel,ARTIST,877b01e8-9093-75cc-2097-cb081fe1e2ff,channel-linear,HOST
23d6b91e-5b90-4c4d-9ac0-48c79034beb3,Christopher Russo,SXM_HOST,23d6b91e-5b90-4c4d-9ac0-48c79034beb3,show,HOST
c7aef8e7-6fc1-49c0-8828-a5029174f6ac,Tommy London,SXM_HOST,568d364f-6ca3-d0b1-44ac-468329e6c236,show,HOST
9c81b45d-3e15-4fce-8a45-f9a515ee1bcc,Lisa Ann,SXM_HOST,8b66f94a-7304-fd83-d442-2153b881c21f,channel-linear,HOST
79507419-9d74-4c8c-8a43-0e5346f4216d,Jesse Thorn,SXM_HOST,22b6d419-0bc3-31f7-c9dd-53ca6c673d8c,channel-linear,HOST
abeda02f-c342-400e-8d5a-9a4e8651143a,John Roberts,SXM_HOST,c875a2e9-2768-ed46-5487-4e3e667ae553,channel-linear,HOST
2d491164-d923-4869-8e0b-28850221fc4d,KC Phillips,SXM_HOST,6be61b39-404e-7ccc-acac-f2dd90823ada,channel-linear,HOST
6dd9f690-ef9a-4dbd-a069-615dcaa25f7f,Michael B,SXM_HOST,54f4144b-13f6-4e4c-3d4b-3d9f6f766e27,channel-linear,HOST
2aa47542-02d5-49d5-a602-c870c0d529d6,Stephen A. Smith,SXM_HOST,1706e542-3ca7-79e7-75a9-f11aac2cbece,show,HOST
ed5f8747-0c2f-46fb-83cf-c5928ae64373,Lars Ulrich,ARTIST,bbabd8f9-69fd-6b42-d184-2a9195825534,show,HOST
2f91b387-6d23-43b9-bf74-e16ebaefbb71,Peter Frampton,ARTIST,20801778-3df2-d607-eab5-e03de0ca7815,channel-linear,HOST
9e92cc1d-11f7-4db2-89bb-170531848c23,Chris Spatola,SXM_HOST,325f06d1-8734-0378-1ae1-66323143c249,channel-linear,HOST
9e92cc1d-11f7-4db2-89bb-170531848c23,Chris Spatola,SXM_HOST,f5701423-11a8-9ee3-e9f9-11142108ae31,channel-linear,HOST
1bcae0f2-d614-4f97-b1b8-43dd01f867c2,John Mayer,ARTIST,5bac58df-8476-f8cc-f66f-b274615a5a41,show,HOST
e31de336-4c59-4934-bc69-81db104bc399,Bob Papa,SXM_HOST,f3126d70-09ea-bd0c-57cd-af5ab798f313,channel-linear,HOST
7094ec7e-52ff-4333-a504-7316ffd1acb2,Jim Bowden,SXM_HOST,f0cc0b32-5daa-3345-c618-4c48c2dda910,show,HOST
230a05cb-6863-4a1c-ba87-65c37ad0789b,Teyana Taylor,ARTIST,1171582e-b8ef-603f-e7d0-63b83081f17d,show,GUEST
cb865a68-42dd-4d28-b75e-7b667aa89673,Andy Cohen,SXM_HOST,1171582e-b8ef-603f-e7d0-63b83081f17d,show,HOST
9c25bf94-bc00-4ce1-9ef3-f0e31f58a2e4,Niecy Nash,GUEST,1171582e-b8ef-603f-e7d0-63b83081f17d,show,GUEST
cfe83a3d-49aa-4cd9-b7ca-4c114f745ec6,Sarah Paulson,GUEST,1171582e-b8ef-603f-e7d0-63b83081f17d,show,GUEST
ded1aee9-05da-4600-921d-0dfd15aadefc,Kaskade,ARTIST,b4ec0679-97a2-5193-772a-df63fec359ee,show,PERFORMER
747c3163-c1a2-4862-9b6a-5b473e5254d6,Jim Cramer,HOST,2b6effb8-eb0e-7421-d7bb-d843a9ff3ce1,channel-linear,HOST
762c496a-ffab-46d7-801b-180a14634998,Link Lauren,HOST,fc92713b-2006-4980-ef7c-e70f1da80427,channel-linear,HOST
13f7c77b-1fa8-4aed-ba2b-e2b3b82cf77a,Mark Halperin,SXM_HOST,fc92713b-2006-4980-ef7c-e70f1da80427,channel-linear,HOST
14e9eb97-7439-4d5a-808f-e21be62f09f3,Maureen Callahan,SXM_HOST,fc92713b-2006-4980-ef7c-e70f1da80427,channel-linear,HOST
029e4d59-e529-4cc7-a648-a224c7207ced,Sean Hannity,SXM_HOST,5f8894e9-d615-21d0-a114-ecd08e7fa75c,channel-linear,HOST
2aa47542-02d5-49d5-a602-c870c0d529d6,Stephen A. Smith,SXM_HOST,401adcf5-f664-8383-3dde-0f9f14769cc3,show,HOST
973459ad-9cf6-4c56-aa4f-4b90b7f8c63a,Julia Cunningham,SXM_HOST,e6867caa-68be-7d3c-d998-b10801ca2086,show,HOST
b57ad009-2579-4095-ae30-4ab04ef9933d,Nick Wright,SXM_HOST,cf68ff02-9dfd-4ec4-552e-d8fd40bf08c7,show,HOST
f94af6d7-794c-487d-b9e4-b764240811ee,Rich Davis,SXM_HOST,0ad7c62c-fa4f-405e-9d4e-253663cdee04,show,HOST
72b3d19c-0ac0-4557-b177-d997a03ce3c9,James Corden,ARTIST,949b0b3f-a69f-3fc5-80c7-bfc4845cd16e,show-podcast,HOST
e9ecebce-7928-415e-a4f0-5dadaa453eb1,Kim Ashley,SXM_HOST,0ad7c62c-fa4f-405e-9d4e-253663cdee04,show,HOST
cb865a68-42dd-4d28-b75e-7b667aa89673,Andy Cohen,SXM_HOST,43b21996-17f0-003b-73d5-657cdf3059bf,show,HOST
5dfef9ac-0ba7-4c34-bb22-ea1a2fe959a0,Emma Stone,GUEST,43b21996-17f0-003b-73d5-657cdf3059bf,show,GUEST
b5ec6b52-8458-43af-b7ec-9ee2ec8690a6,Barry Ritholtz,SXM_HOST,3511b4cd-288f-31a0-9e6a-d4abd4e47ce2,show-podcast,HOST
1317a8a3-2f32-406e-88b1-bdd680a23af5,Michael Ian Black,ARTIST,33b8cde7-7001-30e6-8a79-e9c77b5bd888,show-podcast,HOST
1e14beec-5855-4fe5-b5a3-a39a044cbdd4,Jenny Slate,GUEST,5fb780e3-dc50-38e6-a419-d0a32e56211b,show-podcast,HOST
df3ccc00-db99-4f6d-abcb-a8281754fe31,Ken Burns,GUEST,bcb4ea15-4cc6-3c0e-94a7-f6a331f41b78,show-podcast,HOST
7199bc4a-bdb9-42c2-8ef6-56088c519d07,Chiquis,ARTIST,ae93b4c0-d261-3b03-a263-a93d5740f35b,show-podcast,HOST
46faad40-5b1b-40a7-9bfc-ec76cb172677,Lewis Howes,HOST,d6ddb0fd-45fd-3837-815a-5a8467a72140,show-podcast,HOST
21798dc1-3e87-4e39-8075-c2efadde4cfa,John Fugelsang,SXM_HOST,73a586e5-ab9f-d1dd-7b8f-19d330c52c44,show,HOST
0a0a8f4b-d6d8-4dd8-86cf-8aa7348b8913,KAROL G,ARTIST,a8359fa0-f56e-f5a8-f8f5-e9d52b20331f,show,HOST
0a0a8f4b-d6d8-4dd8-86cf-8aa7348b8913,KAROL G,ARTIST,c2d3f592-0b27-6236-3b1c-1216afaa5b65,show,HOST
0a0a8f4b-d6d8-4dd8-86cf-8aa7348b8913,KAROL G,ARTIST,1ea2ae28-14d8-aebd-43ad-adab4121e9c7,show,HOST
8231c8f9-d2e1-44f7-88ca-674139e0ddf8,Kenny Chesney,ARTIST,0c22500b-8dbf-abf9-adae-024e510fca1a,show,GUEST
871af3a8-9280-4ea1-9de6-cf0f4bc9813c,Charlie Stillitano,SXM_HOST,0df442ee-fd74-fc8e-3946-24537a560374,show,HOST
871af3a8-9280-4ea1-9de6-cf0f4bc9813c,Charlie Stillitano,SXM_HOST,ba4f8356-1813-1307-683a-1d697ebb04ad,show,HOST
a8956eec-f02e-4adf-97fd-aa7a3b4aa204,Ashley Flowers,HOST,6ad7d5cb-6eec-3db4-bddd-8ab51bfceb98,show-podcast,HOST
a8956eec-f02e-4adf-97fd-aa7a3b4aa204,Ashley Flowers,HOST,35436c41-5de8-38c5-b675-7ad592c4f732,show-podcast,HOST
76396ddc-04a8-4e5f-94c0-89dbdd0ba574,Mikey Piff,SXM_HOST,a2d2f69b-cb59-4064-83d9-0c46130fce24,show,HOST
db997c4b-66a0-4a4f-95fc-1f13157f4172,Joy Reid,HOST,95bffee3-e903-ca28-6332-1b94f41a8962,channel-linear,HOST
5ee3bf3c-abf5-4b90-a78a-c9a94d23c735,David Fricke,SXM_HOST,60b0ea2e-dec7-1d4a-da2a-6de09f273fe7,channel-linear,HOST
e9b0672c-66eb-4d02-9d51-047e44a812af,Mike Krzyzewski,SXM_HOST,f5701423-11a8-9ee3-e9f9-11142108ae31,channel-linear,HOST
94611a90-4cc4-4c44-95fe-55378fa12214,Brian Simpson,SXM_HOST,96f5d0e4-ebff-564a-6c39-70a4a642e360,channel-linear,HOST
c764b4dc-a877-456e-964d-70de01644a2c,Tom Brady,SXM_HOST,f3126d70-09ea-bd0c-57cd-af5ab798f313,channel-linear,HOST
b81b1ebe-f593-4269-9aa8-a1b8bb02171f,Jon Favreau,SXM_HOST,f74f2e40-df6c-3719-9bd6-45fa1c543320,show-podcast,HOST
0a0a8f4b-d6d8-4dd8-86cf-8aa7348b8913,KAROL G,ARTIST,17388762-e841-e5c7-cf88-7f92ec1c9d00,show,HOST
2808c306-e53b-4192-9f27-f13ac6318127,Bill Belichick,GUEST,d99630f5-88f9-3748-80c8-22475b28f596,show-podcast,HOST
2808c306-e53b-4192-9f27-f13ac6318127,Bill Belichick,GUEST,227f8d5d-0f59-389a-b4b4-69768d419671,show-podcast,HOST
973459ad-9cf6-4c56-aa4f-4b90b7f8c63a,Julia Cunningham,SXM_HOST,960f0335-9c9a-10a6-748f-0186a1a342ab,show,HOST
0af7d726-ee57-4d29-a4de-e21dfafd6ed3,Christopher Miller,GUEST,960f0335-9c9a-10a6-748f-0186a1a342ab,show,GUEST
ee07e132-7005-4905-a6a0-fbcdaecd7cf9,Bill Polian,SXM_HOST,f3126d70-09ea-bd0c-57cd-af5ab798f313,channel-linear,HOST
e4ed5636-1395-4187-8121-8050160157de,Jenny Eliscu,SXM_HOST,60d0bb58-6cc6-0684-41f6-33aa04ddc86d,show,HOST
64ff8366-1222-466a-bf55-d8b35819201d,George Burns,ARTIST,6ce53b6e-fef9-ab81-e5e3-1e100e8a5e84,channel-linear,HOST
cd032653-5515-4474-bf68-cd56ec970d93,Alan Hunter,SXM_HOST,3680d71b-56ae-472c-3951-600d389a121d,channel-linear,HOST
c93662e5-b5a8-4c81-9e49-b50c20bf352a,Kristine Stone,SXM_HOST,3680d71b-56ae-472c-3951-600d389a121d,channel-linear,HOST
efdf31e3-e321-473a-8abd-8ab6dd15e58a,Cardinal Dolan,SXM_HOST,88c59be1-adab-d9c1-ee63-05fdef54f094,channel-linear,HOST
0139c5b4-585f-41bb-a8d2-16e1a6c02709,Father Dave Dwyer,SXM_HOST,0e975831-9c7f-5141-4044-c59b64e9d78b,show,HOST
05c6dafd-6b23-4698-b6fc-9b7d5122b841,Dan Bongino,HOST,6ab8c4cb-c80f-358f-a801-65a4646f1cd3,show-podcast,HOST
c4f713c8-2a04-4e97-9c39-e9617fb7bb90,Kevin Harvick,SXM_HOST,3a7e2191-1073-e94a-8026-8c88f30bcd19,show,HOST
d8239450-91c8-43ab-92b2-84460f60538b,Lena Dunham,HOST,290aad9a-b7a1-3ba1-a008-0a897f13a578,show-podcast,HOST
a93a86e0-9048-49b6-b2b3-ea70b17513a5,Luke Combs,ARTIST,c2f9ba6a-e13f-e52f-3ddf-294ca17e3490,show,HOST
a93a86e0-9048-49b6-b2b3-ea70b17513a5,Luke Combs,ARTIST,8c15432b-a8f8-864e-582e-b521366f5a89,show,HOST
1bcae0f2-d614-4f97-b1b8-43dd01f867c2,John Mayer,ARTIST,525e065d-a9d4-0d0e-6c98-93e68ec92ec8,show,HOST
04a2b1d3-2186-4172-bee6-38fba295811b,Bill Flanagan,GUEST,20801778-3df2-d607-eab5-e03de0ca7815,channel-linear,HOST
68482535-9a25-4411-8286-56ff28e32d8e,Caity Babs,SXM_HOST,a9ae7544-5a13-5347-b2a9-bd99244ab93e,channel-linear,HOST
34234f68-f46a-4a93-bc17-b613a8898ffb,Jose Mangin,SXM_HOST,6bd96f87-3529-f847-7d7e-0158592ac6fd,show,HOST
4c013120-0c7f-4067-ac89-38a3831a00b3,Willie Colón,ARTIST,43ab8801-5d27-e059-8e95-f5ec107d4944,show,PERFORMER
14e9eb97-7439-4d5a-808f-e21be62f09f3,Maureen Callahan,SXM_HOST,8496da99-3fdf-83f4-6e9a-87b9f14ca3da,show,HOST
d9daf4bb-a08a-4527-b970-ced9747cbf06,benny blanco,ARTIST,afdf376a-3cb0-3d15-af36-81d961647210,show-podcast,HOST
be51328f-5ed0-4cdf-b40c-db1faf6c03ab,Lil Dicky,ARTIST,afdf376a-3cb0-3d15-af36-81d961647210,show-podcast,HOST
d1a37b86-a475-45ad-99f3-fdaf656502d5,Mark Zito,SXM_HOST,80867fa3-093f-b076-bedc-af8d71cb54ab,channel-linear,HOST
54932246-4c11-4fa6-8946-07b1b5ad1cd0,Keith Roth,SXM_HOST,fed8de31-8d51-8949-6c69-2035fb0485b0,channel-linear,HOST
ddbef86c-961c-442b-a53c-d1abdbc773cf,Ryan Sampson,SXM_HOST,80867fa3-093f-b076-bedc-af8d71cb54ab,channel-linear,HOST
d486ce37-ce90-44fc-9640-36ad144f34b8,Dan Le Batard,HOST,51f88432-8311-37e0-b57d-9b0ab63f5ce9,channel-linear,HOST
4cc371ba-9963-4531-b3b1-19c59c99dc48,Mike Florio,SXM_HOST,66e0c959-ced8-2958-5d2c-c19ca4f770a4,channel-linear,HOST
97b6c64a-135b-422b-8526-623a707d71cf,Lindsay Rhodes,SXM_HOST,66e0c959-ced8-2958-5d2c-c19ca4f770a4,channel-linear,HOST
76e4b0cc-6c9b-4f26-92af-a88cea2ab182,Steve Covino,SXM_HOST,fed8de31-8d51-8949-6c69-2035fb0485b0,channel-linear,HOST
fedc2c0d-b2ca-44c0-bbc6-541e5ccdefbc,Dangerous Darren,SXM_HOST,fed8de31-8d51-8949-6c69-2035fb0485b0,channel-linear,HOST
87a65087-edcd-4d8d-89e3-d5e4261c0876,Duff McKagan,ARTIST,fed8de31-8d51-8949-6c69-2035fb0485b0,channel-linear,HOST
b57ad009-2579-4095-ae30-4ab04ef9933d,Nick Wright,SXM_HOST,21b63878-b369-1503-d1c8-6025cc8571de,channel-linear,HOST
c7aef8e7-6fc1-49c0-8828-a5029174f6ac,Tommy London,SXM_HOST,fed8de31-8d51-8949-6c69-2035fb0485b0,channel-linear,HOST
b0d6bda1-0071-433c-b611-5f025b7398a6,Jessica Charman,SXM_HOST,53083b46-7b29-3903-222a-3350e42eff68,channel-linear,HOST
bd923964-afad-40ba-ab82-db57d833eb73,Nathaniel Rateliff,ARTIST,804a5411-b234-1188-27da-f01197103886,channel-linear,HOST
defd2cfa-87b4-488a-9518-c866c094b6a7,Paul Oakenfold,ARTIST,a4b7a4f7-af96-3ae6-53df-f78ff9ac9aab,channel-linear,HOST
3a58a6ee-a25c-42d2-af82-55e854938e1b,Gayle King,SXM_HOST,813d656c-9af5-7f51-bb48-d724327d9289,channel-linear,HOST
617331b3-4f87-491d-be8f-701c9aec673c,Woody Harrelson,HOST,813d656c-9af5-7f51-bb48-d724327d9289,channel-linear,HOST
4b2fc2e5-fdab-44da-bb4c-cab8456b0498,Ted Danson,HOST,813d656c-9af5-7f51-bb48-d724327d9289,channel-linear,HOST
6004a941-b264-4583-952b-3640768d1182,Benmont Tench,ARTIST,60b0ea2e-dec7-1d4a-da2a-6de09f273fe7,channel-linear,HOST
eb7bf6cd-d4bf-43d4-aecc-4f5ee0ccf601,Jon Stewart,HOST,1df2ff37-3760-3548-aaeb-d569268520dc,show-podcast,HOST
1bcae0f2-d614-4f97-b1b8-43dd01f867c2,John Mayer,ARTIST,50f78c59-79b1-ecde-6488-ae2e163655a1,show,HOST
1bcae0f2-d614-4f97-b1b8-43dd01f867c2,John Mayer,ARTIST,f714908e-e50c-0817-746b-963ca58e45ee,show,HOST
1bcae0f2-d614-4f97-b1b8-43dd01f867c2,John Mayer,ARTIST,942e690c-c0ca-11cc-2e94-fa1a1ce8e4cb,show,PERFORMER
cb865a68-42dd-4d28-b75e-7b667aa89673,Andy Cohen,SXM_HOST,44d338ee-3d60-a894-c027-7e17dfe015b1,show,HOST
1bcae0f2-d614-4f97-b1b8-43dd01f867c2,John Mayer,ARTIST,44d338ee-3d60-a894-c027-7e17dfe015b1,show,GUEST
8a784928-8269-4c0b-8468-ccb421239716,Sam Roberts,SXM_HOST,4747c4c5-12fa-3fca-be00-c2f41eff5287,show-podcast,HOST
ef51bb39-5214-4dcf-9b30-747b13618f40,Phil Hendrie,ARTIST,0a0bb9da-8f46-3dcb-91b6-349262d3bb90,show-podcast,HOST
cb865a68-42dd-4d28-b75e-7b667aa89673,Andy Cohen,SXM_HOST,9426200d-aa2c-b2ad-c223-ba86971dc148,show,HOST
cb865a68-42dd-4d28-b75e-7b667aa89673,Andy Cohen,SXM_HOST,facd5922-32fd-20ae-cc13-e3792939c0a6,show,HOST
1bcae0f2-d614-4f97-b1b8-43dd01f867c2,John Mayer,ARTIST,b68649ca-73eb-2421-e887-07b38fddc864,show,HOST
dd772508-844a-4343-949d-3679d7c3357a,T.D. Jakes,ARTIST,39e10e18-a5a1-3a85-85bd-1e6c82bb75f3,show-podcast,HOST
ccb04e15-d14b-4f0a-8503-96e66ac47f34,Shannon Spake,SXM_HOST,46d6d3df-f791-3270-9721-3f9dcf07ea50,show-podcast,HOST
80c59171-6dc9-43bb-a5d2-755d8fe0c78d,Jen Morejon,SXM_HOST,d17d9b5a-2577-1241-b7f0-efac03348b78,channel-linear,HOST
275ce8ed-8e72-48aa-b66b-2c39610cba60,Craig Morgan,ARTIST,9034efa6-1f35-3dae-8ff4-3bc49596447e,show-podcast,HOST
16d15af0-54ad-4fbb-85e5-6e3af0353a26,Adam Carolla,HOST,bb535aff-46fd-68f7-d757-4fccabd0bfe8,show,HOST
16d15af0-54ad-4fbb-85e5-6e3af0353a26,Adam Carolla,HOST,bbb375d0-8f98-c55b-c555-42faa43b4335,show,HOST
b0634235-a142-469a-ba04-c80351ad4238,Trey Wingo,SXM_HOST,0c897e33-8f56-3489-a6c5-3fa425e0909b,show-podcast,HOST
215c9a48-8089-4e33-95ab-17e757aadf2d,Mack & Jen,SXM_HOST,72cf18ca-3e5b-ce74-6dbe-ecb4b73cad16,show,HOST
80c59171-6dc9-43bb-a5d2-755d8fe0c78d,Jen Morejon,SXM_HOST,72cf18ca-3e5b-ce74-6dbe-ecb4b73cad16,show,HOST
0c7b5709-2c74-49b7-933b-4ae6ea218fb9,Bob the Drag Queen,HOST,ea70437c-67c9-3617-afad-53f65baf72e9,show-podcast,HOST
16d15af0-54ad-4fbb-85e5-6e3af0353a26,Adam Carolla,HOST,fc92713b-2006-4980-ef7c-e70f1da80427,channel-linear,HOST
89c9bcb8-704a-435e-a047-30840e7ee70d,Diplo,ARTIST,b8c4de96-afd9-85ee-7e5f-95c2e380ab65,channel-linear,HOST
aa00cd50-532c-4181-8b83-f6ea6ed582e6,Joe Bonamassa,SXM_HOST,f067dc99-60bf-36e8-bcaa-3e049495982c,show-podcast,HOST
0ec744ff-e362-4f2e-b511-f64a0793da3d,Shawn Levy,GUEST,f79d0372-6587-3da5-82b2-3109cec0ffa9,show-podcast,HOST
1f229c50-e9bd-4d7f-a16b-025c2b2ecb3e,Robin Quivers,SXM_HOST,72874f52-9f17-2e8f-d4cc-3bfdccb4227c,channel-linear,HOST
1f574be0-7427-4827-8bda-034d132e8a03,Stephanie Ruhle,HOST,95bffee3-e903-ca28-6332-1b94f41a8962,channel-linear,HOST
ea5e73c1-6285-4e83-ad55-96b2a7dbeb2a,Tony Fly,SXM_HOST,df69e9bd-2ab2-23cc-9bed-d79d06135e15,show,HOST
903576d4-db2a-49e0-acaa-7447f862e098,Zerlina Maxwell,SXM_HOST,6f47a15c-d1b8-4ae3-1da4-e415939d80d8,show,HOST
89f5a7b1-4781-469b-b290-e45cd03358c2,Symon,SXM_HOST,df69e9bd-2ab2-23cc-9bed-d79d06135e15,show,HOST
cfb3cdbf-141a-4236-a985-0bd13badd884,Downtown Julie Brown,SXM_HOST,6a3330fe-8528-2602-9c63-d31990662f4a,show,HOST
0a60285c-d0e1-426e-8b0e-7ee23a00672c,Torae,SXM_HOST,b3a88c26-42f4-afe1-e1bb-5a7488dae46a,show,HOST
653506c4-be0f-4454-91b8-12aa4dfd35c1,will.i.am,ARTIST,cea71131-b08e-a8e2-007a-fbcdedfb7bcc,show,HOST
653506c4-be0f-4454-91b8-12aa4dfd35c1,will.i.am,ARTIST,8aca4c29-8a61-38d0-6b6e-7c1afd2c68d1,show,HOST
0dc8f48c-6785-4738-8bae-8bcbf42beb73,Spyder Harrison,SXM_HOST,55ffe478-f7b1-887a-e4c3-dd268b1a02ce,show,HOST
903576d4-db2a-49e0-acaa-7447f862e098,Zerlina Maxwell,SXM_HOST,2318e81e-5360-7480-330a-5a2f0ab4440d,show,HOST
f8fc800a-5376-4030-a39b-c4f3187a83f8,Jim Ladd,SXM_HOST,96a5029e-85f1-20f5-d3c4-13e44149694a,show,HOST
0dc8f48c-6785-4738-8bae-8bcbf42beb73,Spyder Harrison,SXM_HOST,81e803e9-ce00-f0d5-fcb4-2e496df8f990,show,HOST
c9a52d2d-d3c9-4fd0-9040-ee51ebc1dff6,John Frusciante,ARTIST,36e165d2-77d0-198b-f00a-a8606b04f4fb,channel-linear,HOST
fda9f9f6-6ee4-46ce-8f1b-ca078742311c,Nicolle Wallace,HOST,95bffee3-e903-ca28-6332-1b94f41a8962,channel-linear,HOST
8cd3d43d-e03a-41d5-b737-cbe73845fc3a,Josh Wink,ARTIST,df0d1a3c-d1ca-41e8-812f-a124e601d7ca,show,HOST
95805a5e-a198-47d0-aa5c-60d40a920bc8,Lin-Manuel Miranda,HOST,95cf8bf1-fc4e-76b9-ac2a-617dca0325e7,channel-linear,HOST
fda9f9f6-6ee4-46ce-8f1b-ca078742311c,Nicolle Wallace,HOST,6be526c8-f93c-983e-ba40-34e900d024cc,show,HOST
4f26e71b-d85f-4935-a561-95e7753eb2cf,Brian Setzer,ARTIST,3c7b2421-7ce4-0ecb-bc70-7f60f15d3d29,channel-linear,HOST
e65193b7-d072-415c-a46f-b13b5f50618c,Alison Wonderland,ARTIST,0f09ccb9-3b3f-79f7-5f4d-d17947c0308c,show,HOST
cf66eef5-8d36-4828-b370-08093a469c49,Kelly Ripa,SXM_HOST,b4551422-454e-c035-1dcb-1ecc3d7a0c13,show,HOST
c9a52d2d-d3c9-4fd0-9040-ee51ebc1dff6,John Frusciante,ARTIST,56ba8292-3f91-939e-d830-0185c006eb92,show,HOST
0e2a3647-6037-43a3-b54b-02d032e53136,"Gary ""Bud"" Smith",ARTIST,5f8894e9-d615-21d0-a114-ecd08e7fa75c,channel-linear,HOST
8cd3d43d-e03a-41d5-b737-cbe73845fc3a,Josh Wink,ARTIST,4ebc3011-0ebe-a9ad-c58b-9a306f60fc2b,channel-linear,HOST
cf66eef5-8d36-4828-b370-08093a469c49,Kelly Ripa,SXM_HOST,813d656c-9af5-7f51-bb48-d724327d9289,channel-linear,HOST
d16ca91b-97ff-4fd0-8e1d-d3339c8dec66,Mark O'Connor,ARTIST,3c7b2421-7ce4-0ecb-bc70-7f60f15d3d29,channel-linear,HOST
e65193b7-d072-415c-a46f-b13b5f50618c,Alison Wonderland,ARTIST,4ebc3011-0ebe-a9ad-c58b-9a306f60fc2b,channel-linear,HOST
cf66eef5-8d36-4828-b370-08093a469c49,Kelly Ripa,SXM_HOST,56605cc5-88b8-557b-fc3c-dae7eb41bf56,channel-linear,HOST
626cb2fd-c6dd-4ff8-bf2c-f32870257b10,Flea,ARTIST,36e165d2-77d0-198b-f00a-a8606b04f4fb,channel-linear,HOST
fda9f9f6-6ee4-46ce-8f1b-ca078742311c,Nicolle Wallace,HOST,40a774d0-6d77-22d9-e067-3380e9063345,show,HOST
fda9f9f6-6ee4-46ce-8f1b-ca078742311c,Nicolle Wallace,HOST,c039b402-1822-bad2-fa70-86416eafe4a8,show,HOST
fda9f9f6-6ee4-46ce-8f1b-ca078742311c,Nicolle Wallace,HOST,2d1a22b1-fa35-3952-3f5c-2435f877cbcb,show,HOST
99c4582c-b159-42c6-a265-8c2b84788280,Little Steven,SXM_HOST,3638c5df-15e2-97e2-d50c-a943d3dae284,show,HOST
60e83aff-8da9-4a35-b297-f2d024659d36,Dana Perino,HOST,5f8894e9-d615-21d0-a114-ecd08e7fa75c,channel-linear,HOST
b6442f28-06ea-4904-9d0c-f31508d8c157,June Diane Raphael,HOST,ee77774b-4296-3c8f-ac45-571d0549bcbf,show-podcast,PERFORMER
04d7eff9-06ae-4cb4-885e-5ad39d5d48b8,W. Kamau Bell,HOST,ee77774b-4296-3c8f-ac45-571d0549bcbf,show-podcast,PERFORMER
958cad82-2605-4e8a-9a19-f442c4c610c3,"Marisol ""El Bombón"" Vargas",SXM_HOST,63986eb3-c1b5-9388-f3e9-f40a2b916a79,show,HOST
5f801eab-7412-4c39-9095-51e3132a0f14,Tim Legler,SXM_HOST,963902a4-81f7-3438-ae38-097330598c39,show-podcast,HOST
86b308af-6abf-48cd-a509-0fb65c8929a6,Del McCoury,ARTIST,9e545d10-7c21-9707-1d34-3d503b7365bc,channel-linear,HOST
95ffacc4-89f7-4d34-990d-95856aee90b9,Jeff Lewis,SXM_HOST,6fcbd84f-8e6f-7e0e-0751-708705c83373,show,HOST
2ef619f3-c7f5-4fd8-a52b-207600ffd13f,Al Madrigal,ARTIST,c9bfa2de-b639-345d-b908-2fe330960c76,show-podcast,PERFORMER
c4f713c8-2a04-4e97-9c39-e9617fb7bb90,Kevin Harvick,SXM_HOST,dc71b6db-d155-3361-a161-b4a28056c82c,show-podcast,HOST
9824ef15-26f3-4f15-81cd-ac96d72b1d14,Garrett Hedlund,ARTIST,c9bfa2de-b639-345d-b908-2fe330960c76,show-podcast,PERFORMER
13f7c77b-1fa8-4aed-ba2b-e2b3b82cf77a,Mark Halperin,SXM_HOST,0c7aeb50-88fd-9f77-e7fb-b4ed69abd34e,show,HOST
99b36082-a76e-40a6-87f3-6d9097762e3b,Mary J. Blige,ARTIST,d0d67b8a-5cb8-f8d7-3119-a8baf864e9b4,show,HOST
340cf0ca-bdf8-4d24-be47-abb23f9b1a55,Jana Kramer,ARTIST,19ae6d75-4474-3a92-b77a-e036a5fea6de,show-podcast,HOST
9c794913-1fde-4a64-b351-de7d83397771,Jerry Cantrell,ARTIST,0fe416d7-be44-233f-13c6-667ea4cb0612,show,HOST
30553110-3705-4c70-aa4f-31a4268bf5cc,Andy Beshear,SXM_HOST,73a586e5-ab9f-d1dd-7b8f-19d330c52c44,show,HOST
30553110-3705-4c70-aa4f-31a4268bf5cc,Andy Beshear,SXM_HOST,e724a7c9-fcdd-3482-b5d5-9b281b205df9,show-podcast,HOST
034271a4-2f41-4db5-8c46-29135a5b2112,Cody Alan,SXM_HOST,fc2a31ae-8001-5336-26db-50731f970f55,show,HOST
53839050-278b-44f5-8748-a0d9b0d9f3f5,Kristen Bell,ARTIST,abac2001-11cf-d8f7-ddca-ad70a669bd80,show,GUEST
cb865a68-42dd-4d28-b75e-7b667aa89673,Andy Cohen,SXM_HOST,abac2001-11cf-d8f7-ddca-ad70a669bd80,show,HOST
1e51bb63-9b18-44bb-8ff4-f39963999dad,Megyn Kelly,SXM_HOST,fc92713b-2006-4980-ef7c-e70f1da80427,channel-linear,HOST
ed2c65f6-6bf8-423e-92dc-b87e7417743b,Rich Eisen,SXM_HOST,efd49ddc-f7a6-8f55-7832-24496861a44d,show,HOST
089d6a2e-7075-4e91-85b4-9d04a58512e3,Dr. Laura,SXM_HOST,06ddbb15-bf73-c677-754c-32feaf4d3d25,show,HOST
c25d5530-4b02-4343-9579-25122b619238,John Summit,ARTIST,ec71fa54-e583-bf95-d763-a15ef2f7c686,show,HOST
1e51bb63-9b18-44bb-8ff4-f39963999dad,Megyn Kelly,SXM_HOST,9ce3e19d-533c-01d0-5a27-acdc1387a4ad,show,HOST
2677513a-73ff-41e7-926d-e12b36c23e4b,Armin Van Buuren,ARTIST,6adef1b5-d812-9c10-7c6c-f05af4e27077,channel-linear,HOST
57894bb7-5837-4234-89a6-4b55ef0b37b6,Pat McAfee,SXM_HOST,e253bdca-601f-2b68-52fc-3f6a9fa33bb9,channel-linear,HOST
cbbe2f92-e1fd-4cae-83ea-6c57ff806af3,Steven Wilson,ARTIST,e3041d19-daa5-6517-8c73-41976582d1f9,channel-linear,HOST
908eea34-36b5-49c8-a30c-e5af9e11de46,Wolfgang Van Halen,SXM_HOST,7a642de7-c33f-a628-efb2-3d94a829d17b,channel-linear,HOST
ae907d63-bcb5-47cf-842a-50c69b132667,Sheryl Underwood,SXM_HOST,15c78a20-48ff-41f2-aa4e-d0da15455c24,channel-linear,HOST
907de37b-067d-4df5-951c-a22b0ef79857,Jeannie Seely,ARTIST,0aee72ed-5dd8-2848-3567-d8809e123cd1,channel-linear,HOST
04a2b1d3-2186-4172-bee6-38fba295811b,Bill Flanagan,GUEST,60b0ea2e-dec7-1d4a-da2a-6de09f273fe7,channel-linear,HOST
b146753f-482a-4ea3-8dc2-fb07b4115522,Anderson Cooper,HOST,3c7b2421-7ce4-0ecb-bc70-7f60f15d3d29,channel-linear,HOST
908eea34-36b5-49c8-a30c-e5af9e11de46,Wolfgang Van Halen,SXM_HOST,3680d71b-56ae-472c-3951-600d389a121d,channel-linear,HOST
5fe6ce30-0656-416c-8219-4b5c4f3ac17d,Eric Church,ARTIST,ffd94bb6-5368-67ae-91be-5b2bababeca0,channel-linear,HOST
c38ed3e0-0624-4992-ade9-f4a0133e3008,Mike Campbell,SXM_HOST,60b0ea2e-dec7-1d4a-da2a-6de09f273fe7,channel-linear,HOST
8e404da5-3ca6-482c-bed3-75029c693ab9,Eddie Vedder,ARTIST,cdc9bee8-9317-37fa-ec8e-464096670c60,channel-linear,HOST
f6537406-3f02-42bb-968b-1a60fa739f13,Grateful Dead,ARTIST,671375dc-0121-43ca-8135-fd1af93e5850,show,PERFORMER
f09a27b9-0883-475d-bdf8-a79ba2b3c412,Ben Hartsock,GUEST,51f88432-8311-37e0-b57d-9b0ab63f5ce9,channel-linear,HOST
1bcae0f2-d614-4f97-b1b8-43dd01f867c2,John Mayer,ARTIST,067801cb-bb3f-1707-dd21-d77e06bb27c0,channel-linear,HOST
b9e4e5d1-095a-4284-9a17-1625b683a63b,Erica LeAnn,SXM_HOST,a9ae7544-5a13-5347-b2a9-bd99244ab93e,channel-linear,HOST
4d549208-003c-465d-a5fd-fbb6681048b7,Ultra Naté,ARTIST,8d387b31-2065-7393-01c5-f86e3ea47dc9,channel-linear,HOST
034271a4-2f41-4db5-8c46-29135a5b2112,Cody Alan,SXM_HOST,f2f46a3e-7d4f-c900-ab8a-ca93489ca701,channel-linear,HOST
8a90b97e-bdd3-46bb-98aa-692232222fbd,Buzz Brainard,SXM_HOST,f2f46a3e-7d4f-c900-ab8a-ca93489ca701,channel-linear,HOST
29f7ce40-1a64-44c2-87a8-1ead8eca8256,Rachel Steele,SXM_HOST,3680d71b-56ae-472c-3951-600d389a121d,channel-linear,HOST
e42e030f-4839-48e6-b28e-b75826ba05fa,Jacob Hester,SXM_HOST,d9dcf813-1a1a-2f92-a53f-e372ffc235ea,channel-linear,HOST
80c59171-6dc9-43bb-a5d2-755d8fe0c78d,Jen Morejon,SXM_HOST,194adbca-34d6-cb94-b153-3488ee563308,channel-linear,HOST
8a784928-8269-4c0b-8468-ccb421239716,Sam Roberts,SXM_HOST,dd74fbe2-767c-7abe-b255-00e910b1fe83,show,HOST
5c1e9c5e-c064-4c81-9875-af91c12a3d23,Sinclair Skinner,SXM_HOST,15c78a20-48ff-41f2-aa4e-d0da15455c24,channel-linear,HOST
5512ac26-532d-4b3a-95c5-b612b35c24cf,Dave LaGreca,SXM_HOST,098425c8-142d-9ee9-3d45-bc5f7b284bd4,channel-linear,HOST
b1eddd40-b8ca-4d6a-a1aa-5088c474106c,Danny Valentino,SXM_HOST,6adef1b5-d812-9c10-7c6c-f05af4e27077,channel-linear,HOST
5a11faf7-8b2c-4835-94d5-d6cf0a1d78c5,Tommy Dreamer,SXM_HOST,098425c8-142d-9ee9-3d45-bc5f7b284bd4,channel-linear,HOST
1cd67191-8866-483e-a473-3719c96fe736,Bully Ray,SXM_HOST,098425c8-142d-9ee9-3d45-bc5f7b284bd4,channel-linear,HOST
151d96a6-4676-4da7-a97c-6003a662906a,Crystal Waters,ARTIST,15c78a20-48ff-41f2-aa4e-d0da15455c24,channel-linear,HOST
ddca9143-381e-421d-bdfb-b8aa9399356b,Shannon Gunz,SXM_HOST,fed8de31-8d51-8949-6c69-2035fb0485b0,channel-linear,HOST
8a90b97e-bdd3-46bb-98aa-692232222fbd,Buzz Brainard,SXM_HOST,fdfed5ae-6fb9-338f-342b-e8a922970123,channel-linear,HOST
2aa47542-02d5-49d5-a602-c870c0d529d6,Stephen A. Smith,SXM_HOST,e253bdca-601f-2b68-52fc-3f6a9fa33bb9,channel-linear,HOST
fbe5cdd5-3eb3-442d-abe7-84e9a33f0a54,Katie Nolan,SXM_HOST,23999ddf-2cc2-35e2-7d04-6cc2749043d0,channel-linear,HOST
60e3fba8-09ce-42f3-baf2-7796b7219818,Grant Random,SXM_HOST,740d1c8f-ae81-1024-16b1-e7444b35ed5b,channel-linear,HOST
f09a27b9-0883-475d-bdf8-a79ba2b3c412,Ben Hartsock,GUEST,d9dcf813-1a1a-2f92-a53f-e372ffc235ea,channel-linear,HOST
e853a5b7-aba4-4809-9383-78f33da97568,Jason Davis,SXM_HOST,53083b46-7b29-3903-222a-3350e42eff68,channel-linear,HOST
5584a9a1-0531-42cc-8412-565d6f630c71,Lisa Loeb,ARTIST,347314bb-0416-7ef3-2673-af6e96a1a0b5,channel-linear,HOST
81d3c4ee-48da-4804-9618-c266cddc6f3e,Tom Rennie,SXM_HOST,2f7441a4-0d18-43ff-a574-e98217c28f4a,channel-linear,HOST
a307b369-926a-44f4-a323-65163a7e68f1,Matt Gourley,SXM_HOST,813d656c-9af5-7f51-bb48-d724327d9289,channel-linear,HOST
79dc3af2-c67a-4203-873d-62b5af672a92,Dion,SXM_HOST,fdfed5ae-6fb9-338f-342b-e8a922970123,channel-linear,HOST
ce925d0b-8f21-47ba-8765-4f4fde72d653,David Gans,SXM_HOST,067801cb-bb3f-1707-dd21-d77e06bb27c0,channel-linear,HOST
cb63c806-5eac-42e5-9a6c-17c19cdc5804,Jeff Rickard,SXM_HOST,f3126d70-09ea-bd0c-57cd-af5ab798f313,channel-linear,HOST
ffce6faf-5338-4145-9b6e-fe76bff07eca,Glenn Crooks,SXM_HOST,2f7441a4-0d18-43ff-a574-e98217c28f4a,channel-linear,HOST
291c7147-5282-4749-8433-cad790bd47f8,Phish,ARTIST,0b5b5f60-dfcf-eba9-1dc6-ec3c909f4541,channel-linear,HOST
69502de6-9ab3-43a2-93f4-4cd2fd8977c9,Pat Kirwan,SXM_HOST,f3126d70-09ea-bd0c-57cd-af5ab798f313,channel-linear,HOST
9e92cc1d-11f7-4db2-89bb-170531848c23,Chris Spatola,SXM_HOST,f5701423-11a8-9ee3-e9f9-11142108ae31,channel-linear,HOST
ad0d3572-2b38-46b4-a47c-be8861b34dd8,Donald Faison,HOST,dd74fbe2-767c-7abe-b255-00e910b1fe83,show,GUEST
9f1997a2-934d-42d9-a167-2ef931775de6,Mack,SXM_HOST,194adbca-34d6-cb94-b153-3488ee563308,channel-linear,HOST
7e502ad6-83f7-494c-8794-9922090c7e2e,Zach Braff,HOST,dd74fbe2-767c-7abe-b255-00e910b1fe83,show,GUEST
ddca9143-381e-421d-bdfb-b8aa9399356b,Shannon Gunz,SXM_HOST,a9ae7544-5a13-5347-b2a9-bd99244ab93e,channel-linear,HOST
80e61f99-7729-4516-8fc1-fb919153bb7f,Dave Ramsey,HOST,bf022b5f-a52e-564e-c35b-4211126df403,channel-linear,HOST
f6537406-3f02-42bb-968b-1a60fa739f13,Grateful Dead,ARTIST,525e065d-a9d4-0d0e-6c98-93e68ec92ec8,show,PERFORMER
ddca9143-381e-421d-bdfb-b8aa9399356b,Shannon Gunz,SXM_HOST,f936a498-89c7-bc15-f158-19a015db0683,channel-linear,HOST
169bf673-a9e5-4c31-be64-fcdd7c61b6f2,Brett Kissel,ARTIST,5bcd3c8f-44cd-838f-d345-b53a622f688e,show,HOST
c1d3e78e-b4c9-44ff-bc8b-89b7a5e2f05c,Peter Mansbridge,SXM_HOST,0d5b37bc-7c45-304c-08e6-714f1a5d7023,show,HOST
6dd9f690-ef9a-4dbd-a069-615dcaa25f7f,Michael B,SXM_HOST,52ef6eee-a1e4-7316-b398-425124558ecb,show,HOST
72d8d050-6ef4-4f0c-beb7-abc8c5002879,Roy Wood Jr.,SXM_HOST,154153aa-9af7-3580-bf05-0f33d4402919,show-podcast,HOST
5c266a19-8d34-4eef-801f-b3d0f62b228e,BTS,ARTIST,ab0e4302-503b-e1ff-c786-8307a3d36fe0,channel-linear,HOST
8b014677-25c7-4edc-be6b-3eec44bed44c,Mike Rowe,HOST,9a32cb1d-e158-5f34-79be-cbeaca00cd11,channel-linear,HOST
0c824ab2-3006-4960-8004-0467885edf7a,Jeff Joyce,SXM_HOST,8d9c0b16-4734-3bc4-d523-7c942cf888aa,channel-linear,HOST
158170ef-2b88-41a6-a654-cb88f46db647,Granger Smith,ARTIST,3814df1c-753b-35f5-b5d0-fc66ff93be4b,show-podcast,HOST
c7379b39-3353-4aa9-bead-70aa64f9db23,Xavier Scruggs,SXM_HOST,c6e58b09-69ac-3db3-a54a-25a2dc38bdc9,show-podcast,HOST
a560afa9-de5a-41b6-8d63-705239c77e84,Joel McHale,HOST,f2b4f6ca-db67-39f7-be5c-eda4b647581d,show-podcast,PERFORMER
d2402ee8-c50e-4f94-a1af-34e418c405be,Tommee Profitt,ARTIST,244ab423-87f9-e1cf-758a-be162e0f41ce,show,HOST
034271a4-2f41-4db5-8c46-29135a5b2112,Cody Alan,SXM_HOST,755bc383-f21b-2fb5-10e0-aecbad9ef73c,show,HOST
01d37bbb-09b1-403a-8abc-6a241e3b2533,Jon Gabrus,HOST,2f6fc672-6424-3a28-980c-c16645aaaa12,show-podcast,HOST
c5516705-2802-4a01-8f67-425274548f97,Joe Elliott,SXM_HOST,e3041d19-daa5-6517-8c73-41976582d1f9,channel-linear,HOST
23d6b91e-5b90-4c4d-9ac0-48c79034beb3,Christopher Russo,SXM_HOST,be29777b-dae6-2734-74bd-c2f33396501f,show,HOST
fbe5cdd5-3eb3-442d-abe7-84e9a33f0a54,Katie Nolan,SXM_HOST,14be5c53-ef06-6bbb-5927-a83f411c9ad8,show,HOST
5ef375d7-ee0e-4de2-82e2-1a1a43790f43,Carrie Underwood,ARTIST,75301b34-2f01-2c17-0b52-028bec0d271c,channel-linear,HOST
b1eddd40-b8ca-4d6a-a1aa-5088c474106c,Danny Valentino,SXM_HOST,6adef1b5-d812-9c10-7c6c-f05af4e27077,channel-linear,HOST
7e4ae8c6-3f05-4b99-adbe-d0cfb116e4fc,Dani Wexelman,SXM_HOST,a5821d13-02ea-94b1-6686-c822e4f18485,show,HOST
7bb7d1f6-e0ca-4ccd-b44f-be459a95b647,Clipse,ARTIST,15d47b90-8ebb-7495-2c84-7f73e39e2f5c,show,HOST
8ad46c02-0ae2-4a8a-acb9-5b4b716600af,Jim Duquette,SXM_HOST,a5821d13-02ea-94b1-6686-c822e4f18485,show,HOST
fe7d8a29-383b-466d-8669-1f146528cc82,Elliott Kalan,HOST,db8ce72e-fe72-cc37-612b-d457eeeb65f0,show,HOST
215c9a48-8089-4e33-95ab-17e757aadf2d,Mack & Jen,SXM_HOST,dd8a1385-cb17-1092-4ec5-65611e29cbcf,show,HOST
4aae1849-9970-4bfb-948f-5c95b86cc9b7,Fat Joe,ARTIST,13b84957-c66d-32cb-bd64-05e7429f688d,show-podcast,HOST
c5b2c44e-60dc-44b2-a078-e9b4727b66af,Jadakiss,ARTIST,13b84957-c66d-32cb-bd64-05e7429f688d,show-podcast,HOST
46484b72-d97c-4cdc-9d61-0e70ab7fa616,Memphis Bleek,ARTIST,fbb1110d-31b1-3e55-821c-67ec2ed7d1f7,show-podcast,HOST
9e92cc1d-11f7-4db2-89bb-170531848c23,Chris Spatola,SXM_HOST,43ddb4a5-4a28-3aff-8cb2-bacb550e3488,show,HOST
e9189f03-c1c9-4d1d-a313-a77094db9324,U2,ARTIST,beb1ee35-1dd2-14fb-f62e-b32c2094b337,show,GUEST
5ee3bf3c-abf5-4b90-a78a-c9a94d23c735,David Fricke,SXM_HOST,beb1ee35-1dd2-14fb-f62e-b32c2094b337,show,GUEST
ac6a811a-200b-4340-8f24-bbf698d7ed1b,Jon Bon Jovi,ARTIST,a763b8e0-9d63-aba7-c3d8-2606db6710cf,show,HOST
c764b4dc-a877-456e-964d-70de01644a2c,Tom Brady,SXM_HOST,9873e7b8-7507-34d3-8b38-9c3fa65891e1,show-podcast,HOST
31a480c9-ae4f-48cc-9cdf-526743f9ec98,Paul F. Tompkins,HOST,4ee30f39-6a45-3e13-af29-ba75b2440452,show-podcast,HOST
a24e3c88-54a8-49ff-b588-0601cd7b2f75,Tom Segura,HOST,9fce34c7-4a85-3e90-8ae3-f11cf67ec14a,show-podcast,HOST
62d453bc-f799-4484-ae0f-67db8c27eb5d,Gil Brandt,SXM_HOST,8d675971-64f7-450c-8438-2e2a2a6939b0,show,HOST
624c1777-351d-4ab4-bda6-9e76019cfd3b,Tom Papa,HOST,cf0579bf-8131-4af8-88e8-540db1d73a89,show,HOST
30bf5de1-df51-4181-931e-65d9934bf41e,Patton Oswalt,HOST,54f97f2e-e41e-34fc-8cd8-501414e926a1,show-podcast,HOST
7834aa12-c395-49c4-beba-3040f980681a,Jimmy Fallon,HOST,c934de69-127c-3018-b6d7-68691bc684ca,show-podcast,HOST
4899c2c7-0fc6-4161-8744-8933b7026c1b,David Spade,HOST,5379c67f-e2c6-3b2e-9798-08f08614cd42,show-podcast,HOST
d4d5a6f5-593f-4c97-bc1c-12cddb2de71e,Dan Cummins,HOST,974b7323-a97f-326f-aad9-d2049e1f6729,show-podcast,HOST
6547be5c-13f5-42bb-89f2-d6395dc0dc9a,Gilbert Gottfried,HOST,adc602fc-06e2-2c5d-8d63-6ca0df27e690,show,HOST
a24e3c88-54a8-49ff-b588-0601cd7b2f75,Tom Segura,HOST,277e8ef1-7061-315f-a81b-c2d88736a3c5,show-podcast,HOST
61edb0f8-9ce2-41b1-8083-2959d1d32b3e,Steve Harvey,HOST,6144338f-b0bd-3aca-94d7-0bf1cd77e799,show-podcast,HOST
d4d5a6f5-593f-4c97-bc1c-12cddb2de71e,Dan Cummins,HOST,ef572f4e-e687-3e68-824e-38047389b0e7,show-podcast,HOST
2b18dcd3-9c54-4fb4-a3d8-7182eb05d114,Howie Mandel,HOST,e45b5e3a-3d46-3312-9bf9-e15c196705c8,show-podcast,HOST
61edb0f8-9ce2-41b1-8083-2959d1d32b3e,Steve Harvey,HOST,177c0992-a2dc-3209-94dc-c9b52a48e446,show-podcast,HOST
e4a4a645-c221-4eb0-b581-4a9bc004607d,Doris Day,ARTIST,1c52d38a-d7f1-40b4-85e0-96b3abea2719,show,HOST
2bae6449-bb88-403f-be01-b3b5b7f8b327,Theo Von,HOST,691dc020-e100-3633-9fbb-e222ed418c07,show-podcast,HOST
35afd77f-c31e-41a5-87a0-8c741edd3abc,Stephen Colbert,HOST,c934de69-127c-3018-b6d7-68691bc684ca,show-podcast,HOST
61edb0f8-9ce2-41b1-8083-2959d1d32b3e,Steve Harvey,HOST,ab8d4a3d-d60c-3792-8a9b-7fb3fe99f0ad,show-podcast,HOST
624c1777-351d-4ab4-bda6-9e76019cfd3b,Tom Papa,HOST,6712cc70-8420-679f-a0d0-e927f78a22b3,show,HOST
211f6da3-ac45-47fa-a28b-f144f1bc932c,Marc Maron (DEPRECATED)(TEST),HOST,a82d8a70-955a-3bbc-9be9-988ec68cd5e3,show-podcast,HOST
e6ffdad3-fd89-43e9-b0ca-c36cad8805b9,Craig Ferguson,HOST,f365ad6a-8dde-3326-9ba6-60e03fc37ea2,show-podcast,HOST
78918051-ff3b-4df5-a204-dad2d5a60576,Whitney Cummings,HOST,5c2c9e99-7415-3df4-ba21-946239a43ded,show-podcast,HOST
9e5f781c-b7e0-44ba-bfc0-6c1687bcecaa,Aaron Murray,SXM_HOST,d9dcf813-1a1a-2f92-a53f-e372ffc235ea,channel-linear,HOST
fb03def4-df1a-492e-ade8-41a47a3a183e,Bing Crosby,ARTIST,33794a0f-2a24-08bb-492e-12e441fab2f0,channel-linear,HOST
cae2e5c6-7c0d-43be-9b81-bd28d75e4dd5,Nikki Haley,SXM_HOST,bf022b5f-a52e-564e-c35b-4211126df403,channel-linear,HOST
0d015cfa-abd4-482d-847b-80607e68a89a,Bob Buchmann,SXM_HOST,b8c4de96-afd9-85ee-7e5f-95c2e380ab65,channel-linear,HOST
06f07f95-1c9a-4c5e-b662-ae55c0099872,Joe Madison,SXM_HOST,fb5bc33e-a51e-d1dd-d547-3d80e0b8324c,channel-linear,HOST
8e873985-6d99-43dd-8f69-ff3ffa3eed30,Americus Reed,SXM_HOST,9737bbee-364f-05f9-fe3f-392bbbf61850,channel-linear,HOST
bb8178cd-eab6-4eb8-8522-f949c37a7de1,Sean Burke,SXM_HOST,9737bbee-364f-05f9-fe3f-392bbbf61850,channel-linear,HOST
f9f3553a-d83b-4fd7-a29e-42cb1e2c50f9,Tinx,SXM_HOST,56605cc5-88b8-557b-fc3c-dae7eb41bf56,channel-linear,HOST
e9b0672c-66eb-4d02-9d51-047e44a812af,Mike Krzyzewski,SXM_HOST,d9dcf813-1a1a-2f92-a53f-e372ffc235ea,channel-linear,HOST
9e92cc1d-11f7-4db2-89bb-170531848c23,Chris Spatola,SXM_HOST,d9dcf813-1a1a-2f92-a53f-e372ffc235ea,channel-linear,HOST
b11a5a9f-95cc-448f-bc8d-d0ac06c73595,LP Giobbi,ARTIST,4ebc3011-0ebe-a9ad-c58b-9a306f60fc2b,channel-linear,HOST
d2c4fe11-4719-479d-b229-59083a88d01b,Brad Gillie,SXM_HOST,c875a2e9-2768-ed46-5487-4e3e667ae553,channel-linear,HOST
fb03def4-df1a-492e-ade8-41a47a3a183e,Bing Crosby,ARTIST,6ce53b6e-fef9-ab81-e5e3-1e100e8a5e84,channel-linear,HOST
6f3633bc-72e5-4193-9d88-7b3541c127af,Steve Phillips,SXM_HOST,66e0c959-ced8-2958-5d2c-c19ca4f770a4,channel-linear,HOST
1a6f37a2-d7cc-472d-b65c-289a5fcd442d,Jason Whitlock,SXM_HOST,21b63878-b369-1503-d1c8-6025cc8571de,channel-linear,HOST
e42e030f-4839-48e6-b28e-b75826ba05fa,Jacob Hester,SXM_HOST,c0a96785-4769-0b4c-ff9a-71f650992745,show,HOST
80490506-1311-48ab-adde-a905aa462ad8,Rich Vos,ARTIST,68828dc2-d040-391d-8973-92e11ab564b6,show-podcast,HOST
4d6ca672-086b-4231-aeec-65172ea6c4ce,Daniel Jeremiah,HOST,9324b376-597a-34a1-9137-f962705269a1,show-podcast,HOST
ed5f8747-0c2f-46fb-83cf-c5928ae64373,Lars Ulrich,ARTIST,1cdbe8b7-353a-159f-d64a-66c99909eb28,show,HOST
3117a64f-4df3-4e62-9e27-8e638b41945a,Jad Abumrad,HOST,1d94cd79-f38d-31f6-826e-5a17ef3d97fa,show-podcast,HOST
3f4dff95-44a5-4746-b600-40e1d5ffd6eb,Beto Cuevas,ARTIST,de7aeb0d-5903-dfd0-cbea-b10048d3ecd7,show,HOST
6e18e1f9-f071-455a-bc70-ffae99f20370,DC Young Fly,ARTIST,bc05118a-1a4c-3890-be9f-68e733946387,show-podcast,HOST
ed2c65f6-6bf8-423e-92dc-b87e7417743b,Rich Eisen,SXM_HOST,7c987478-2f68-d267-acc6-56497c448256,channel-linear,HOST
3ab90d62-e3f7-4c8b-bbd1-edc58d6c2df1,Marcellus Wiley,SXM_HOST,648c9651-0a3e-37c7-8596-86c4f8264a09,show-podcast,HOST
23d6b91e-5b90-4c4d-9ac0-48c79034beb3,Christopher Russo,SXM_HOST,23999ddf-2cc2-35e2-7d04-6cc2749043d0,channel-linear,HOST
23d6b91e-5b90-4c4d-9ac0-48c79034beb3,Christopher Russo,SXM_HOST,e253bdca-601f-2b68-52fc-3f6a9fa33bb9,channel-linear,HOST
8231c8f9-d2e1-44f7-88ca-674139e0ddf8,Kenny Chesney,ARTIST,e0ba2bfb-2421-d817-74ca-55aca7769a60,show,HOST
88fb440c-fca1-441a-b40d-a94d1258f477,Earthquake,SXM_HOST,ab6a16eb-6e7b-6933-1dd1-8b04fbc922ed,channel-linear,HOST
35d2b7f5-4a30-481b-a43a-773027b30ae1,Wil Wheaton,HOST,9b5b2b23-9938-3119-ba6d-4500036bb6ec,show-podcast,PERFORMER
d77a780e-77a1-4a1c-a2a1-9e76aa3d4853,Myles Turner,GUEST,6750be76-881b-3857-aa13-83ea62d664cb,show-podcast,HOST
fffc9020-0cf2-43bf-8fad-83da7c2c4db1,Buck Sexton,HOST,70a60b29-e452-3033-0cf8-a3e9ca3fdff8,show,HOST
230a05cb-6863-4a1c-ba87-65c37ad0789b,Teyana Taylor,ARTIST,aa6f622b-30e0-5005-faa0-c9d2e76be2ca,show,GUEST
973459ad-9cf6-4c56-aa4f-4b90b7f8c63a,Julia Cunningham,SXM_HOST,aa6f622b-30e0-5005-faa0-c9d2e76be2ca,show,HOST
eafcdf88-3d7f-4f25-9a37-ef4a31c5b329,Payne Lindsey,HOST,e115d58d-d3d0-3f71-b494-d23e607e9bbb,show-podcast,HOST
d7778e23-d3a5-46e0-9680-6b330065d58a,Noah Kahan,ARTIST,b628a54b-0f60-89b3-a0e4-ddb7d405be7d,show,HOST
ba3e77ff-be5f-481c-bc7d-ccda37c9bfe4,Tony Yayo,ARTIST,e2f32a6d-10ca-30de-894e-276f837c2cec,show-podcast,HOST
4dcd5519-4f62-420a-aed8-9f441b9c90ac,Uncle Murda,ARTIST,e2f32a6d-10ca-30de-894e-276f837c2cec,show-podcast,HOST
78757faf-4bfa-4207-ab8c-15ddabb393a7,The Presidents Of The United States Of America,ARTIST,0f79520f-f0eb-0fdd-a582-b5912bda9e20,show,PERFORMER
23d6b91e-5b90-4c4d-9ac0-48c79034beb3,Christopher Russo,SXM_HOST,2e55afe6-a465-b705-7a7d-3e51e03e730c,show,HOST
80e61f99-7729-4516-8fc1-fb919153bb7f,Dave Ramsey,HOST,9737bbee-364f-05f9-fe3f-392bbbf61850,channel-linear,HOST
01e1e24d-df50-45da-9a70-2d6910664a58,Randi Zuckerberg,SXM_HOST,9737bbee-364f-05f9-fe3f-392bbbf61850,channel-linear,HOST
31dbf862-0794-4acf-acb9-18a911a6cfc4,Metallica,ARTIST,1cdbe8b7-353a-159f-d64a-66c99909eb28,show,HOST
829db8a4-90ad-4284-abc6-697ec1503e22,Stanley T,SXM_HOST,75301b34-2f01-2c17-0b52-028bec0d271c,channel-linear,HOST
30933ec6-d26c-4dd4-9a59-14906cdc7d35,Nicole Ryan,SXM_HOST,75301b34-2f01-2c17-0b52-028bec0d271c,channel-linear,HOST
c9e504bc-1238-474c-a648-9dfa5aea2374,Ron Bennington,SXM_HOST,53b80144-2cb1-e723-07fd-6b164434b186,channel-linear,HOST
ddbef86c-961c-442b-a53c-d1abdbc773cf,Ryan Sampson,SXM_HOST,75301b34-2f01-2c17-0b52-028bec0d271c,channel-linear,HOST
22d3482d-4f51-435b-8d2e-e64d24ca7e05,Kiki Monique,SXM_HOST,80eb20e6-e41c-4668-08f0-0e5b4df5bbd2,show,HOST
50ba215f-8615-43d9-8fae-a180c1edd6b0,Dorinda Medley,SXM_HOST,80eb20e6-e41c-4668-08f0-0e5b4df5bbd2,show,HOST
c0b39c3b-77f2-4244-8cb8-488170cefb87,John Lithgow,GUEST,da467111-bf9b-3780-8d74-a7bd4476999c,show-podcast,PERFORMER
b617a8b0-758e-4b6d-908f-35066d5745fa,Marshawn Lynch,GUEST,615444c9-1ea6-3333-881e-37ef7cbeacfe,show-podcast,HOST
1317a8a3-2f32-406e-88b1-bdd680a23af5,Michael Ian Black,ARTIST,0992199b-5759-690b-f218-6c5928a99931,show,HOST
72d8d050-6ef4-4f0c-beb7-abc8c5002879,Roy Wood Jr.,SXM_HOST,0992199b-5759-690b-f218-6c5928a99931,show,HOST
a8956eec-f02e-4adf-97fd-aa7a3b4aa204,Ashley Flowers,HOST,168f7e19-b4a0-0cce-46b5-54d7f127e7e7,channel-linear,HOST
c3727563-9e80-49b2-a9aa-079a04e97776,Allison Dore,SXM_HOST,54f4144b-13f6-4e4c-3d4b-3d9f6f766e27,channel-linear,HOST
c7379b39-3353-4aa9-bead-70aa64f9db23,Xavier Scruggs,SXM_HOST,1568647b-15ec-3865-9637-b5ec5e9b94cc,show-podcast,HOST
f94af6d7-794c-487d-b9e4-b764240811ee,Rich Davis,SXM_HOST,194adbca-34d6-cb94-b153-3488ee563308,channel-linear,HOST
cae2e5c6-7c0d-43be-9b81-bd28d75e4dd5,Nikki Haley,SXM_HOST,813d656c-9af5-7f51-bb48-d724327d9289,channel-linear,HOST
f09a27b9-0883-475d-bdf8-a79ba2b3c412,Ben Hartsock,GUEST,454db282-082e-b9a0-d099-89afbf335688,channel-linear,HOST
63b93cdd-6ade-49e5-a3c2-2e0cfe6f5003,Linkin Park,ARTIST,4a121e6f-9d04-d2bb-763f-2b9119a5d281,channel-linear,HOST
cb865a68-42dd-4d28-b75e-7b667aa89673,Andy Cohen,SXM_HOST,fdfed5ae-6fb9-338f-342b-e8a922970123,channel-linear,HOST
8d4b50f8-d37e-4ebf-905c-5c9f39119234,Barenaked Ladies,ARTIST,c9256031-1123-f35f-4d49-1ba4d5379258,channel-linear,HOST
9d8b8527-c218-41f3-820a-ae0dcc95e910,Sugar Ray,ARTIST,c9256031-1123-f35f-4d49-1ba4d5379258,channel-linear,HOST
e2e2d3fb-31b8-4948-848a-2613dd9eb2c1,Train,ARTIST,44f9129f-579a-3d23-218f-3c3518036fc6,channel-linear,HOST
e9ecebce-7928-415e-a4f0-5dadaa453eb1,Kim Ashley,SXM_HOST,ffd94bb6-5368-67ae-91be-5b2bababeca0,channel-linear,HOST
cd420d17-bc84-402b-b4da-98e892468735,Jordan Feliz,ARTIST,52832987-456a-28a1-f52e-92c03847ea7a,channel-linear,HOST
a19f8f56-768c-49fd-a553-7dcc49edac7f,Jason Gray,SXM_HOST,52832987-456a-28a1-f52e-92c03847ea7a,channel-linear,HOST
90aab0df-cb3a-4e78-9e91-eb9c48d4fa7a,Purple Disco Machine,ARTIST,2211d1e6-153e-f617-b0d7-fd0b4ff513f2,channel-linear,HOST
3b504016-f190-4452-b4db-8afc36457950,Iliza Shlesinger,HOST,813d656c-9af5-7f51-bb48-d724327d9289,channel-linear,HOST
72b3d19c-0ac0-4557-b177-d997a03ce3c9,James Corden,ARTIST,813d656c-9af5-7f51-bb48-d724327d9289,channel-linear,HOST
47feaf2a-db0c-45a7-9c5f-c28552c086f4,Fareed Zakaria,HOST,de5d1299-2583-b821-d70b-20fa0c805eb9,show,HOST
cb865a68-42dd-4d28-b75e-7b667aa89673,Andy Cohen,SXM_HOST,8200bf0e-e9a7-7ed0-0afd-a5d25087dc1b,show,HOST
4d9640d8-35ef-47f7-9fed-fa10d49a4b78,Howard Stern,SXM_HOST,8200bf0e-e9a7-7ed0-0afd-a5d25087dc1b,show,HOST
e8c27fdc-e49f-4883-8728-fa420d2d17e1,Brian Scalabrine,SXM_HOST,72bc1035-4b58-1166-0050-2ce4884f774c,show,HOST
c6f79647-5ae8-4253-9d97-8a15fac07892,Frank Isola,SXM_HOST,72bc1035-4b58-1166-0050-2ce4884f774c,show,HOST
cb865a68-42dd-4d28-b75e-7b667aa89673,Andy Cohen,SXM_HOST,aa008817-8147-31bc-f5ff-de71bd47c092,show,HOST
bc029f26-105c-453d-ba74-30d1d2e0d4a8,Richard Blade,SXM_HOST,0d09b1e2-d362-ed6e-e043-716d9fc23ac7,show,HOST
91734c4b-65cd-4a82-92d3-144b3c67f946,Smokey Robinson,ARTIST,1d181347-37a2-0752-9cb4-c076f5a89e63,show,HOST
b78a5de5-51dc-41b0-bc7f-0aee60d728ed,Trick Daddy,ARTIST,9b1ef12a-f2e3-355a-a078-d3e92f5fd675,show-podcast,HOST
2aa47542-02d5-49d5-a602-c870c0d529d6,Stephen A. Smith,SXM_HOST,43993462-1c73-efb8-29e5-0c4652cf8e4f,channel-linear,HOST
2aa47542-02d5-49d5-a602-c870c0d529d6,Stephen A. Smith,SXM_HOST,587a0c84-fce0-694f-a413-b8af6b647f32,show,HOST
6b47d2f2-52c7-4639-bba3-9ad73feaee26,Less Than Jake,ARTIST,afbed950-952f-3454-a150-e999b3571b9b,show-podcast,HOST
31dbf862-0794-4acf-acb9-18a911a6cfc4,Metallica,ARTIST,35b0a4e3-b63d-b68e-4c34-6462579a8721,channel-linear,HOST
2aa47542-02d5-49d5-a602-c870c0d529d6,Stephen A. Smith,SXM_HOST,64c9de27-0e7f-0669-caee-152b11f1720f,show,HOST
ed2c65f6-6bf8-423e-92dc-b87e7417743b,Rich Eisen,SXM_HOST,51f88432-8311-37e0-b57d-9b0ab63f5ce9,channel-linear,HOST
55140f20-c7fb-4bb0-80ae-0a241350fee5,La India,ARTIST,43912883-4e45-61fc-9e31-f13099f25031,show,HOST
772740b1-2f8b-471e-ae15-27e970ddc991,Kelsea Ballerini,ARTIST,480ff5ca-261e-4528-5d55-19000856c038,show,HOST
ac2e896d-719a-4efa-90db-0f7362b8a37d,Willy Chirino,ARTIST,c985dc08-09d2-ed74-67ae-15cab3957810,show,HOST
08b42aae-4035-4efa-8928-b8fa48b15e5c,Margo Price,ARTIST,97f52444-cd53-6f10-dd83-8fa7704e7dd2,show,HOST
89f5a7b1-4781-469b-b290-e45cd03358c2,Symon,SXM_HOST,c28ecabd-e450-cf86-3812-21a419cd59f3,show,HOST
617331b3-4f87-491d-be8f-701c9aec673c,Woody Harrelson,HOST,bc310d10-542b-36da-898d-5a5c77bc2322,show-podcast,HOST
a19f8f56-768c-49fd-a553-7dcc49edac7f,Jason Gray,SXM_HOST,c2e3e686-93a6-5d22-c818-6d8ea63bcc7c,channel-linear,HOST
fa37fb8f-da8e-49cc-9046-09b24164a2a3,Randy Bachman,ARTIST,20801778-3df2-d607-eab5-e03de0ca7815,channel-linear,HOST
c9c3f1d3-1b5a-4a56-8286-fabce6f8c18a,Dave Nemo,SXM_HOST,01305215-db22-2cdc-7eaf-ca12c60a2643,channel-linear,HOST
f813d43f-090b-4832-809b-9173787cd060,Patton Oswalt,ARTIST,8b66f94a-7304-fd83-d442-2153b881c21f,channel-linear,HOST
46db0750-b7ef-4dc9-8da7-ea17980d8a37,Phoebe Bridgers,ARTIST,f49737db-bea3-0c13-9834-b879fb1894c4,channel-linear,HOST
3a873920-8877-496b-b77f-9687daf0c845,Dwight Yoakam,ARTIST,32566352-8e68-80f8-fe11-3f9715b63876,channel-linear,HOST
fcb54db0-5a89-4d60-ac32-326b59f423c7,Diljit Dosanjh,ARTIST,c4533437-55d7-b623-9e7d-da95c64c4caf,channel-linear,HOST
e6a9f06c-5e00-45b3-a838-d0ecf17b1954,The Edge,ARTIST,a4b7a4f7-af96-3ae6-53df-f78ff9ac9aab,channel-linear,HOST
b146753f-482a-4ea3-8dc2-fb07b4115522,Anderson Cooper,HOST,bf3be08d-63f4-078f-7592-d5fcb52681b2,channel-linear,HOST
80c6ed94-aa0e-4eea-903f-caca627b1cc9,Michelle Beadle,SXM_HOST,23999ddf-2cc2-35e2-7d04-6cc2749043d0,channel-linear,HOST
7e31b48f-8c94-422d-bbdd-8991591ad518,Danny Higginbotham,SXM_HOST,2f7441a4-0d18-43ff-a574-e98217c28f4a,channel-linear,HOST
871af3a8-9280-4ea1-9de6-cf0f4bc9813c,Charlie Stillitano,SXM_HOST,53083b46-7b29-3903-222a-3350e42eff68,channel-linear,HOST
0f04c1f9-1f0c-49a8-bf43-e8fb9cc31ccf,Ray Hudson,SXM_HOST,53083b46-7b29-3903-222a-3350e42eff68,channel-linear,HOST
7e31b48f-8c94-422d-bbdd-8991591ad518,Danny Higginbotham,SXM_HOST,53083b46-7b29-3903-222a-3350e42eff68,channel-linear,HOST
8b638bd5-b033-4a49-a401-b8a1a5cd19f4,Tyler Terens,SXM_HOST,53083b46-7b29-3903-222a-3350e42eff68,channel-linear,HOST
0f04c1f9-1f0c-49a8-bf43-e8fb9cc31ccf,Ray Hudson,SXM_HOST,2f7441a4-0d18-43ff-a574-e98217c28f4a,channel-linear,HOST
8b638bd5-b033-4a49-a401-b8a1a5cd19f4,Tyler Terens,SXM_HOST,2f7441a4-0d18-43ff-a574-e98217c28f4a,channel-linear,HOST
871af3a8-9280-4ea1-9de6-cf0f4bc9813c,Charlie Stillitano,SXM_HOST,2f7441a4-0d18-43ff-a574-e98217c28f4a,channel-linear,HOST
3c747960-f4e9-43af-a054-fe5a310252f8,Bob Hope,ARTIST,6ce53b6e-fef9-ab81-e5e3-1e100e8a5e84,channel-linear,HOST
aafbf261-0167-4076-abd9-abb20a7de075,Liam Neeson,GUEST,044a25d8-6051-5709-b545-f2e351bf8a96,show,GUEST
7c984543-32d6-4589-9844-ae04a7090b27,Pamela Anderson,GUEST,044a25d8-6051-5709-b545-f2e351bf8a96,show,GUEST
1ddb090b-842b-4470-a282-b3af3ce348fd,Sean Hayes,HOST,db8ce72e-fe72-cc37-612b-d457eeeb65f0,show,GUEST
cb865a68-42dd-4d28-b75e-7b667aa89673,Andy Cohen,SXM_HOST,044a25d8-6051-5709-b545-f2e351bf8a96,show,HOST
59d33b04-59b0-4dc2-a167-a0ab0f5879d9,Craig Robinson,GUEST,c0043a4a-37ff-53f2-1222-60a86f64f6c9,show,GUEST
973459ad-9cf6-4c56-aa4f-4b90b7f8c63a,Julia Cunningham,SXM_HOST,c0043a4a-37ff-53f2-1222-60a86f64f6c9,show,HOST
2b2c39cc-f3cd-4437-9a78-671da63cc6cc,Awkwafina,GUEST,c0043a4a-37ff-53f2-1222-60a86f64f6c9,show,GUEST
8f2338d5-e63a-4f05-8405-8a7e0fe0be2d,Tommy Vietor,SXM_HOST,6644df67-8eb1-3fde-8a03-03ae764f0d57,show-podcast,HOST
f3049685-5f7b-4b9a-9d19-b9e63cb0adf8,Nick Lachey,ARTIST,0517ea1c-7a28-9b4c-3773-9fa3b724e95b,show,HOST
0457f3d9-bab4-4463-a9dd-ccf355fb1490,Josh Ross,ARTIST,f486c6d6-2a12-7a3b-cd81-48668acd2b87,show,HOST
5ee3bf3c-abf5-4b90-a78a-c9a94d23c735,David Fricke,SXM_HOST,20801778-3df2-d607-eab5-e03de0ca7815,channel-linear,HOST
601b3861-ffea-4afe-9149-db4736def786,Becky G,ARTIST,ecb0f19c-ea10-d4ce-0326-4e7477d16d5c,channel-linear,HOST
bb07b83d-79b6-4d15-8ce9-0e9a970348cf,Israel Salazar,SXM_HOST,ecb0f19c-ea10-d4ce-0326-4e7477d16d5c,channel-linear,HOST
d54168ed-4eab-43b1-ba8c-574cd4b46a57,Chris Cuomo,SXM_HOST,868c9144-338e-c3e4-8ff2-5678f332451e,show,HOST
d54168ed-4eab-43b1-ba8c-574cd4b46a57,Chris Cuomo,SXM_HOST,61501a77-b170-e663-5292-b7d455cb241c,show,HOST
d54168ed-4eab-43b1-ba8c-574cd4b46a57,Chris Cuomo,SXM_HOST,4e629c2a-6d24-e819-5570-ada9ead0a837,show,HOST
d54168ed-4eab-43b1-ba8c-574cd4b46a57,Chris Cuomo,SXM_HOST,7dbb75a5-f3f3-2ef2-c403-c6580191f559,show,HOST
d54168ed-4eab-43b1-ba8c-574cd4b46a57,Chris Cuomo,SXM_HOST,7e33ea18-75bc-2766-0019-973231fc9b20,show,HOST
980bee99-9a2f-4c15-96aa-71d1736a88e0,Raheem DeVaughn,ARTIST,684383fa-a7bc-aaf5-7389-7cd3e80fc271,show,HOST
94851596-63f6-428b-9953-2e6525e3a892,Peter Davison,ARTIST,66050c25-4b6a-36e5-bad7-a5536dfbe236,show-podcast,PERFORMER
f20bdae0-a211-47f0-892f-25efae8a6f2d,Keke Palmer,HOST,66050c25-4b6a-36e5-bad7-a5536dfbe236,show-podcast,PERFORMER
1a198df2-0b1c-4f30-b01d-8bdfb139822c,Pete Davidson,ARTIST,66050c25-4b6a-36e5-bad7-a5536dfbe236,show-podcast,PERFORMER
88c2c967-7da9-4b74-b84c-e19515711f97,Emily Sumlin,SXM_HOST,d7b96084-7990-022b-f7fa-665be0ac1c45,channel-linear,HOST
5ef375d7-ee0e-4de2-82e2-1a1a43790f43,Carrie Underwood,ARTIST,75301b34-2f01-2c17-0b52-028bec0d271c,channel-linear,HOST
a93a86e0-9048-49b6-b2b3-ea70b17513a5,Luke Combs,ARTIST,d3253c66-e1e1-331b-02e6-71580c33791b,channel-linear,HOST
ea5e73c1-6285-4e83-ad55-96b2a7dbeb2a,Tony Fly,SXM_HOST,28f890bf-4f7a-c358-ce43-fb0325624f05,show,HOST
1ce1511a-6d37-4b61-8b6b-99f9aa2b118e,Tommy James,ARTIST,9424e2ec-5a18-9d0c-2a66-1884ba5dc7e8,show,HOST
1ce1511a-6d37-4b61-8b6b-99f9aa2b118e,Tommy James,ARTIST,d3253c66-e1e1-331b-02e6-71580c33791b,channel-linear,HOST
1ce1511a-6d37-4b61-8b6b-99f9aa2b118e,Tommy James,ARTIST,7389abc2-1e09-3288-79c5-146fb166c32b,channel-linear,HOST
cd420d17-bc84-402b-b4da-98e892468735,Jordan Feliz,ARTIST,c2e3e686-93a6-5d22-c818-6d8ea63bcc7c,channel-linear,HOST
8b524aef-91af-45f8-85d5-65b05a0823d5,Jen Psaki,HOST,500190c9-7d4a-3402-aca3-e33b8b896bf0,show-podcast,HOST
fce122a7-feec-4864-91db-64661998e6e7,Shaggy,SXM_HOST,441fbeef-3d59-deb4-6b39-6a28cd617a9c,channel-linear,HOST
2677513a-73ff-41e7-926d-e12b36c23e4b,Armin Van Buuren,ARTIST,f1846f01-98ff-2a9c-7e57-21eeb30e1958,show,HOST
8b638bd5-b033-4a49-a401-b8a1a5cd19f4,Tyler Terens,SXM_HOST,53083b46-7b29-3903-222a-3350e42eff68,channel-linear,HOST
9fabcaae-ccb0-4901-8d8a-af6d035d69eb,John Hansen,SXM_HOST,66e0c959-ced8-2958-5d2c-c19ca4f770a4,channel-linear,HOST
81d3c4ee-48da-4804-9618-c266cddc6f3e,Tom Rennie,SXM_HOST,53083b46-7b29-3903-222a-3350e42eff68,channel-linear,HOST
95c5ae09-eda7-4ffb-9473-a92c3185ca02,Rodney Marsh,SXM_HOST,53083b46-7b29-3903-222a-3350e42eff68,channel-linear,HOST
017b0f93-12a0-4174-90aa-02b3f6d337f4,Swaggy Sie,SXM_HOST,8b22006d-3e43-ceb2-863b-f038cddcc218,channel-linear,HOST
f94af6d7-794c-487d-b9e4-b764240811ee,Rich Davis,SXM_HOST,f0009e1b-32a4-a10e-bbe1-442ecb3986e5,channel-linear,HOST
81e8e5b2-883a-4a35-b52e-67267346c524,Macie Banks,SXM_HOST,f2f46a3e-7d4f-c900-ab8a-ca93489ca701,channel-linear,HOST
58973865-c476-47f3-9f1b-733fac246df7,Harry Jowsey,HOST,d20ad2ef-54e7-4b1a-60b6-ff5351421cd0,channel-linear,HOST
9e9bd8a5-402c-457b-8822-2294d499b4a2,Kat Corbett,SXM_HOST,740d1c8f-ae81-1024-16b1-e7444b35ed5b,channel-linear,HOST
c6f79647-5ae8-4253-9d97-8a15fac07892,Frank Isola,SXM_HOST,325f06d1-8734-0378-1ae1-66323143c249,channel-linear,HOST
b9139c1e-5e36-4367-9d6c-b5d37163936a,Rev. Al Sharpton,SXM_HOST,fb5bc33e-a51e-d1dd-d547-3d80e0b8324c,channel-linear,HOST
9f1997a2-934d-42d9-a167-2ef931775de6,Mack,SXM_HOST,2ed60707-282d-2d28-116c-41d7eddeacbf,channel-linear,HOST
0d015cfa-abd4-482d-847b-80607e68a89a,Bob Buchmann,SXM_HOST,7a642de7-c33f-a628-efb2-3d94a829d17b,channel-linear,HOST
ddca9143-381e-421d-bdfb-b8aa9399356b,Shannon Gunz,SXM_HOST,cb8f90fb-1592-2df9-bcd6-73ed3c6bcf94,channel-linear,HOST
4b2fc2e5-fdab-44da-bb4c-cab8456b0498,Ted Danson,HOST,813d656c-9af5-7f51-bb48-d724327d9289,channel-linear,HOST
9e9bd8a5-402c-457b-8822-2294d499b4a2,Kat Corbett,SXM_HOST,32c4747f-8739-d578-62d8-08a92d518445,channel-linear,HOST
fffc9020-0cf2-43bf-8fad-83da7c2c4db1,Buck Sexton,HOST,bf022b5f-a52e-564e-c35b-4211126df403,channel-linear,HOST
617331b3-4f87-491d-be8f-701c9aec673c,Woody Harrelson,HOST,813d656c-9af5-7f51-bb48-d724327d9289,channel-linear,HOST
0dc8f48c-6785-4738-8bae-8bcbf42beb73,Spyder Harrison,SXM_HOST,347314bb-0416-7ef3-2673-af6e96a1a0b5,channel-linear,HOST
7e31b48f-8c94-422d-bbdd-8991591ad518,Danny Higginbotham,SXM_HOST,53083b46-7b29-3903-222a-3350e42eff68,channel-linear,HOST
e853a5b7-aba4-4809-9383-78f33da97568,Jason Davis,SXM_HOST,2f7441a4-0d18-43ff-a574-e98217c28f4a,channel-linear,HOST
0a60285c-d0e1-426e-8b0e-7ee23a00672c,Torae,SXM_HOST,1c4ce8a6-0fe4-9f22-53c5-b60ccc66a203,channel-linear,HOST
e8c27fdc-e49f-4883-8728-fa420d2d17e1,Brian Scalabrine,SXM_HOST,325f06d1-8734-0378-1ae1-66323143c249,channel-linear,HOST
ddbef86c-961c-442b-a53c-d1abdbc773cf,Ryan Sampson,SXM_HOST,4c97d095-b8c1-162a-9d72-0c7c16f458bf,channel-linear,HOST
973459ad-9cf6-4c56-aa4f-4b90b7f8c63a,Julia Cunningham,SXM_HOST,56605cc5-88b8-557b-fc3c-dae7eb41bf56,channel-linear,HOST
b37157de-81cd-436b-9630-515cd6c939ad,Trace Adkins,ARTIST,7389abc2-1e09-3288-79c5-146fb166c32b,channel-linear,HOST
017b0f93-12a0-4174-90aa-02b3f6d337f4,Swaggy Sie,SXM_HOST,1c4ce8a6-0fe4-9f22-53c5-b60ccc66a203,channel-linear,HOST
82695204-5915-4dc8-8bea-d32649c8f7dd,Keith Costigan,SXM_HOST,53083b46-7b29-3903-222a-3350e42eff68,channel-linear,HOST
53f5361f-57aa-49ab-b18b-927333be57aa,Marty Smith,SXM_HOST,454db282-082e-b9a0-d099-89afbf335688,channel-linear,HOST
d2abf286-3802-44b1-984a-d8ee010545b5,Laura Coates,SXM_HOST,3c7b2421-7ce4-0ecb-bc70-7f60f15d3d29,channel-linear,HOST
49c48b39-ea4e-4af6-8b14-042760ad346f,Mina SayWhat,SXM_HOST,8b22006d-3e43-ceb2-863b-f038cddcc218,channel-linear,HOST
d2c4fe11-4719-479d-b229-59083a88d01b,Brad Gillie,SXM_HOST,c875a2e9-2768-ed46-5487-4e3e667ae553,channel-linear,HOST
bfffa7de-6036-4d6d-9d0c-52ecc36db3b8,Alison Brown,ARTIST,9e545d10-7c21-9707-1d34-3d503b7365bc,channel-linear,HOST
a1399080-0c9f-4c21-92b4-8cc9cdeedf62,Danielle Peck,ARTIST,7389abc2-1e09-3288-79c5-146fb166c32b,channel-linear,HOST
58cd7419-2b5d-41fc-959c-efd345e24c08,Jeff Hammond,SXM_HOST,c875a2e9-2768-ed46-5487-4e3e667ae553,channel-linear,HOST
68482535-9a25-4411-8286-56ff28e32d8e,Caity Babs,SXM_HOST,cb8f90fb-1592-2df9-bcd6-73ed3c6bcf94,channel-linear,HOST
215c9a48-8089-4e33-95ab-17e757aadf2d,Mack & Jen,SXM_HOST,4c97d095-b8c1-162a-9d72-0c7c16f458bf,channel-linear,HOST
0dc8f48c-6785-4738-8bae-8bcbf42beb73,Spyder Harrison,SXM_HOST,194adbca-34d6-cb94-b153-3488ee563308,channel-linear,HOST
89f5a7b1-4781-469b-b290-e45cd03358c2,Symon,SXM_HOST,4c97d095-b8c1-162a-9d72-0c7c16f458bf,channel-linear,HOST
30933ec6-d26c-4dd4-9a59-14906cdc7d35,Nicole Ryan,SXM_HOST,194adbca-34d6-cb94-b153-3488ee563308,channel-linear,HOST
abeda02f-c342-400e-8d5a-9a4e8651143a,John Roberts,SXM_HOST,c875a2e9-2768-ed46-5487-4e3e667ae553,channel-linear,HOST
76e4b0cc-6c9b-4f26-92af-a88cea2ab182,Steve Covino,SXM_HOST,cb8f90fb-1592-2df9-bcd6-73ed3c6bcf94,channel-linear,HOST
76e4b0cc-6c9b-4f26-92af-a88cea2ab182,Steve Covino,SXM_HOST,21b63878-b369-1503-d1c8-6025cc8571de,channel-linear,HOST
a906d107-e172-4832-b785-5932c78d5843,Rick Kamla,GUEST,325f06d1-8734-0378-1ae1-66323143c249,channel-linear,HOST
871af3a8-9280-4ea1-9de6-cf0f4bc9813c,Charlie Stillitano,SXM_HOST,53083b46-7b29-3903-222a-3350e42eff68,channel-linear,HOST
6f3633bc-72e5-4193-9d88-7b3541c127af,Steve Phillips,SXM_HOST,66e0c959-ced8-2958-5d2c-c19ca4f770a4,channel-linear,HOST
980bee99-9a2f-4c15-96aa-71d1736a88e0,Raheem DeVaughn,ARTIST,15c78a20-48ff-41f2-aa4e-d0da15455c24,channel-linear,HOST
017b0f93-12a0-4174-90aa-02b3f6d337f4,Swaggy Sie,SXM_HOST,bd54fc02-e063-0e3e-0cbb-4ceafef734e7,channel-linear,HOST
ae1c85fd-12bd-418b-be67-b79d6783aac8,Joe Dolan,SXM_HOST,66e0c959-ced8-2958-5d2c-c19ca4f770a4,channel-linear,HOST
5d6405aa-000b-423e-8b0f-80ee9b53e1c1,Chris Simms,SXM_HOST,b8d08b56-6bca-a461-189e-ea00b223fbf4,channel-linear,HOST
80c59171-6dc9-43bb-a5d2-755d8fe0c78d,Jen Morejon,SXM_HOST,4c97d095-b8c1-162a-9d72-0c7c16f458bf,channel-linear,HOST
0dc8f48c-6785-4738-8bae-8bcbf42beb73,Spyder Harrison,SXM_HOST,2ed60707-282d-2d28-116c-41d7eddeacbf,channel-linear,HOST
ddbef86c-961c-442b-a53c-d1abdbc773cf,Ryan Sampson,SXM_HOST,194adbca-34d6-cb94-b153-3488ee563308,channel-linear,HOST
f94af6d7-794c-487d-b9e4-b764240811ee,Rich Davis,SXM_HOST,21b63878-b369-1503-d1c8-6025cc8571de,channel-linear,HOST
edd3dd88-1ff0-42e3-8718-b54ea835001d,Michael Smerconish,SXM_HOST,3c7b2421-7ce4-0ecb-bc70-7f60f15d3d29,channel-linear,HOST
1a0d89c4-cab7-4087-b80b-63897bef70de,Ken Coleman,SXM_HOST,2f2237ba-4880-43e0-b173-3350b754391d,channel-linear,HOST
8ce3d58f-2d58-4017-aab2-57aa7e319d1d,Brian Dunseth,SXM_HOST,53083b46-7b29-3903-222a-3350e42eff68,channel-linear,HOST
bf05e17d-bf08-4a31-9e95-38456e0d9219,Ania Hammar,SXM_HOST,7389abc2-1e09-3288-79c5-146fb166c32b,channel-linear,HOST
3aae7d10-1720-4c5a-85eb-68e41b7955e5,Rick Springfield,ARTIST,2caaf183-6bd3-ac52-e60f-c8383c6f78d7,channel-linear,HOST
8a90b97e-bdd3-46bb-98aa-692232222fbd,Buzz Brainard,SXM_HOST,d3253c66-e1e1-331b-02e6-71580c33791b,channel-linear,HOST
829db8a4-90ad-4284-abc6-697ec1503e22,Stanley T,SXM_HOST,4c97d095-b8c1-162a-9d72-0c7c16f458bf,channel-linear,HOST
a5caab89-3fd3-4774-b6eb-86787d847981,Mark Levin,SXM_HOST,5f8894e9-d615-21d0-a114-ecd08e7fa75c,channel-linear,HOST
0a60285c-d0e1-426e-8b0e-7ee23a00672c,Torae,SXM_HOST,bd54fc02-e063-0e3e-0cbb-4ceafef734e7,channel-linear,HOST
7804ae9e-2188-40be-86de-92f54f5f5a0f,Morning Mash Up,SXM_HOST,4c97d095-b8c1-162a-9d72-0c7c16f458bf,channel-linear,HOST
30933ec6-d26c-4dd4-9a59-14906cdc7d35,Nicole Ryan,SXM_HOST,4c97d095-b8c1-162a-9d72-0c7c16f458bf,channel-linear,HOST
7804ae9e-2188-40be-86de-92f54f5f5a0f,Morning Mash Up,SXM_HOST,194adbca-34d6-cb94-b153-3488ee563308,channel-linear,HOST
0d015cfa-abd4-482d-847b-80607e68a89a,Bob Buchmann,SXM_HOST,5ad8659a-414a-9e26-b973-f5a229d788dd,channel-linear,HOST
79dc3af2-c67a-4203-873d-62b5af672a92,Dion,SXM_HOST,8b22006d-3e43-ceb2-863b-f038cddcc218,channel-linear,HOST
fce122a7-feec-4864-91db-64661998e6e7,Shaggy,SXM_HOST,ac00ab0c-0a60-63bb-32fe-44e8b9be24fd,channel-linear,HOST
95c5ae09-eda7-4ffb-9473-a92c3185ca02,Rodney Marsh,SXM_HOST,2f7441a4-0d18-43ff-a574-e98217c28f4a,channel-linear,HOST
0f04c1f9-1f0c-49a8-bf43-e8fb9cc31ccf,Ray Hudson,SXM_HOST,53083b46-7b29-3903-222a-3350e42eff68,channel-linear,HOST
9b77e4e6-b65e-47be-a537-3526fab35a37,Tony Fly & Symon,SXM_HOST,4c97d095-b8c1-162a-9d72-0c7c16f458bf,channel-linear,HOST
c6ae1881-6a3b-46ca-b389-d2bd7cf7d678,Statik Selektah,ARTIST,2022dfab-580f-675f-6aad-00aad9c3be9b,channel-linear,HOST
d970f12d-745a-486d-a7e8-d02f425b493e,Chris Powell,SXM_HOST,ab6a16eb-6e7b-6933-1dd1-8b04fbc922ed,channel-linear,HOST
4de97846-62fc-476a-9a5a-2c3226ecd5ec,Todd Gordon,SXM_HOST,c875a2e9-2768-ed46-5487-4e3e667ae553,channel-linear,HOST
653506c4-be0f-4454-91b8-12aa4dfd35c1,will.i.am,ARTIST,2ed60707-282d-2d28-116c-41d7eddeacbf,channel-linear,HOST
8ce3d58f-2d58-4017-aab2-57aa7e319d1d,Brian Dunseth,SXM_HOST,2f7441a4-0d18-43ff-a574-e98217c28f4a,channel-linear,HOST
7e4ae8c6-3f05-4b99-adbe-d0cfb116e4fc,Dani Wexelman,SXM_HOST,8d9c0b16-4734-3bc4-d523-7c942cf888aa,channel-linear,HOST
65db9eb6-6b4f-4385-94cf-a757cda409af,Ayman Mohyeldin,SXM_HOST,95bffee3-e903-ca28-6332-1b94f41a8962,channel-linear,HOST
34234f68-f46a-4a93-bc17-b613a8898ffb,Jose Mangin,SXM_HOST,a9ae7544-5a13-5347-b2a9-bd99244ab93e,channel-linear,HOST
215c9a48-8089-4e33-95ab-17e757aadf2d,Mack & Jen,SXM_HOST,194adbca-34d6-cb94-b153-3488ee563308,channel-linear,HOST
f319c835-5ca8-4e64-9ac3-af3fff839c79,Grace O'Malley,SXM_HOST,d20ad2ef-54e7-4b1a-60b6-ff5351421cd0,channel-linear,HOST
829db8a4-90ad-4284-abc6-697ec1503e22,Stanley T,SXM_HOST,194adbca-34d6-cb94-b153-3488ee563308,channel-linear,HOST
7e31b48f-8c94-422d-bbdd-8991591ad518,Danny Higginbotham,SXM_HOST,2f7441a4-0d18-43ff-a574-e98217c28f4a,channel-linear,HOST
871af3a8-9280-4ea1-9de6-cf0f4bc9813c,Charlie Stillitano,SXM_HOST,2f7441a4-0d18-43ff-a574-e98217c28f4a,channel-linear,HOST
8b638bd5-b033-4a49-a401-b8a1a5cd19f4,Tyler Terens,SXM_HOST,2f7441a4-0d18-43ff-a574-e98217c28f4a,channel-linear,HOST
b257d09d-d750-44ff-bcab-09439ef6acc8,Tom Morello,ARTIST,740d1c8f-ae81-1024-16b1-e7444b35ed5b,channel-linear,HOST
0d015cfa-abd4-482d-847b-80607e68a89a,Bob Buchmann,SXM_HOST,3680d71b-56ae-472c-3951-600d389a121d,channel-linear,HOST
5dd6b1d9-99cb-485a-be51-f7236a260ffc,Nina Blackwood,SXM_HOST,2caaf183-6bd3-ac52-e60f-c8383c6f78d7,channel-linear,HOST
58cdfc84-25c6-4361-86f3-9dde0207d528,Mark Goodman,SXM_HOST,2caaf183-6bd3-ac52-e60f-c8383c6f78d7,channel-linear,HOST
0f09fbac-05f9-48e1-b0f8-f5453164f1fc,Madison,SXM_HOST,740d1c8f-ae81-1024-16b1-e7444b35ed5b,channel-linear,HOST
c7aef8e7-6fc1-49c0-8828-a5029174f6ac,Tommy London,SXM_HOST,3680d71b-56ae-472c-3951-600d389a121d,channel-linear,HOST
cfb3cdbf-141a-4236-a985-0bd13badd884,Downtown Julie Brown,SXM_HOST,347314bb-0416-7ef3-2673-af6e96a1a0b5,channel-linear,HOST
cd032653-5515-4474-bf68-cd56ec970d93,Alan Hunter,SXM_HOST,2caaf183-6bd3-ac52-e60f-c8383c6f78d7,channel-linear,HOST
8a90b97e-bdd3-46bb-98aa-692232222fbd,Buzz Brainard,SXM_HOST,7389abc2-1e09-3288-79c5-146fb166c32b,channel-linear,HOST
58cdfc84-25c6-4361-86f3-9dde0207d528,Mark Goodman,SXM_HOST,3680d71b-56ae-472c-3951-600d389a121d,channel-linear,HOST
76396ddc-04a8-4e5f-94c0-89dbdd0ba574,Mikey Piff,SXM_HOST,4c97d095-b8c1-162a-9d72-0c7c16f458bf,channel-linear,HOST
0dc8f48c-6785-4738-8bae-8bcbf42beb73,Spyder Harrison,SXM_HOST,4c97d095-b8c1-162a-9d72-0c7c16f458bf,channel-linear,HOST
bd923964-afad-40ba-ab82-db57d833eb73,Nathaniel Rateliff,ARTIST,804a5411-b234-1188-27da-f01197103886,channel-linear,HOST
bf05e17d-bf08-4a31-9e95-38456e0d9219,Ania Hammar,SXM_HOST,f2f46a3e-7d4f-c900-ab8a-ca93489ca701,channel-linear,HOST
d54168ed-4eab-43b1-ba8c-574cd4b46a57,Chris Cuomo,SXM_HOST,43993462-1c73-efb8-29e5-0c4652cf8e4f,channel-linear,HOST
e4ed5636-1395-4187-8121-8050160157de,Jenny Eliscu,SXM_HOST,804a5411-b234-1188-27da-f01197103886,channel-linear,HOST
69cd0fc0-ec1b-4293-b36d-cd42ec563da9,Shannon Sharpe,HOST,e253bdca-601f-2b68-52fc-3f6a9fa33bb9,channel-linear,HOST
5bd3f9ae-5a41-49df-bb4c-85c7046dbfc2,Marcus Miller,ARTIST,e6333906-2e89-6c07-59d6-36d09248b8dc,channel-linear,HOST
151d96a6-4676-4da7-a97c-6003a662906a,Crystal Waters,ARTIST,8d387b31-2065-7393-01c5-f86e3ea47dc9,channel-linear,HOST
3c13422a-0df2-47b9-8cb0-50c10dbd5ba8,Heather B,SXM_HOST,441fbeef-3d59-deb4-6b39-6a28cd617a9c,channel-linear,HOST
e04bc626-6b05-4c27-8ab1-9648e056d478,Melissa Etheridge,ARTIST,6de294d3-512d-16f5-b67b-b028f306d476,show,HOST
5fe6ce30-0656-416c-8219-4b5c4f3ac17d,Eric Church,ARTIST,f2f46a3e-7d4f-c900-ab8a-ca93489ca701,channel-linear,HOST
f09a27b9-0883-475d-bdf8-a79ba2b3c412,Ben Hartsock,GUEST,a1aed141-90d4-4f65-4c58-eb0d99d8bcce,channel-linear,HOST
53f5361f-57aa-49ab-b18b-927333be57aa,Marty Smith,SXM_HOST,51f88432-8311-37e0-b57d-9b0ab63f5ce9,channel-linear,HOST
8ece48bf-d874-4779-8571-b480ec59e465,Alex Cooper,SXM_HOST,d20ad2ef-54e7-4b1a-60b6-ff5351421cd0,channel-linear,HOST
8baec0c0-94e1-4ef3-90ac-2bd18d7a03f4,The Chainsmokers,ARTIST,6adef1b5-d812-9c10-7c6c-f05af4e27077,channel-linear,HOST
0f04c1f9-1f0c-49a8-bf43-e8fb9cc31ccf,Ray Hudson,SXM_HOST,2f7441a4-0d18-43ff-a574-e98217c28f4a,channel-linear,HOST
242c5b0e-6828-4c12-99d4-3e70bbb9e50d,Antonio Daniels,SXM_HOST,325f06d1-8734-0378-1ae1-66323143c249,channel-linear,HOST
82695204-5915-4dc8-8bea-d32649c8f7dd,Keith Costigan,SXM_HOST,2f7441a4-0d18-43ff-a574-e98217c28f4a,channel-linear,HOST
28362a29-9c95-47d2-8380-89621451e055,Anthony Herron,SXM_HOST,a1aed141-90d4-4f65-4c58-eb0d99d8bcce,channel-linear,HOST
c93662e5-b5a8-4c81-9e49-b50c20bf352a,Kristine Stone,SXM_HOST,804a5411-b234-1188-27da-f01197103886,channel-linear,HOST
e31de336-4c59-4934-bc69-81db104bc399,Bob Papa,SXM_HOST,f3126d70-09ea-bd0c-57cd-af5ab798f313,channel-linear,HOST
06406690-0586-4c10-be06-b98571347be8,Theodora Richards,HOST,804a5411-b234-1188-27da-f01197103886,channel-linear,HOST
af178d17-7103-4202-893d-9c306852b4b5,Avery Woods,SXM_HOST,d20ad2ef-54e7-4b1a-60b6-ff5351421cd0,channel-linear,HOST
3c747960-f4e9-43af-a054-fe5a310252f8,Bob Hope,ARTIST,6ce53b6e-fef9-ab81-e5e3-1e100e8a5e84,channel-linear,HOST
fbe5cdd5-3eb3-442d-abe7-84e9a33f0a54,Katie Nolan,SXM_HOST,ffbca018-a4eb-b6aa-1702-a0ab16ffa56f,show,HOST
c25d5530-4b02-4343-9579-25122b619238,John Summit,ARTIST,61c16a99-e3c5-88e3-21a2-16df48cb66d5,show,HOST
9423bf7e-1794-4d1a-8f83-ea52433c41d9,Lucille Ball,ARTIST,6ce53b6e-fef9-ab81-e5e3-1e100e8a5e84,channel-linear,HOST
a19f8f56-768c-49fd-a553-7dcc49edac7f,Jason Gray,SXM_HOST,c2e3e686-93a6-5d22-c818-6d8ea63bcc7c,channel-linear,HOST
ea5e73c1-6285-4e83-ad55-96b2a7dbeb2a,Tony Fly,SXM_HOST,2ed60707-282d-2d28-116c-41d7eddeacbf,channel-linear,HOST
fba1a1ac-1f2c-49fd-b5f9-d64b99f17396,Davis Burleson,SXM_HOST,4c97d095-b8c1-162a-9d72-0c7c16f458bf,channel-linear,HOST
e04bc626-6b05-4c27-8ab1-9648e056d478,Melissa Etheridge,ARTIST,b8c4de96-afd9-85ee-7e5f-95c2e380ab65,channel-linear,HOST
ea5e73c1-6285-4e83-ad55-96b2a7dbeb2a,Tony Fly,SXM_HOST,038e9a9a-4878-7561-521b-5d432a0798a0,channel-linear,HOST
fba1a1ac-1f2c-49fd-b5f9-d64b99f17396,Davis Burleson,SXM_HOST,194adbca-34d6-cb94-b153-3488ee563308,channel-linear,HOST
fba1a1ac-1f2c-49fd-b5f9-d64b99f17396,Davis Burleson,SXM_HOST,d1163087-e766-23d9-89e6-8f09e5e5a129,show,HOST
576e0cc7-63eb-41e7-88c3-7be1bad19043,Billy Joel,ARTIST,b8c4de96-afd9-85ee-7e5f-95c2e380ab65,channel-linear,HOST
5b107084-3774-4c15-a0b3-01d833e028f6,Dan Loney,SXM_HOST,9737bbee-364f-05f9-fe3f-392bbbf61850,channel-linear,HOST
9fabcaae-ccb0-4901-8d8a-af6d035d69eb,John Hansen,SXM_HOST,66e0c959-ced8-2958-5d2c-c19ca4f770a4,channel-linear,HOST
ae1c85fd-12bd-418b-be67-b79d6783aac8,Joe Dolan,SXM_HOST,66e0c959-ced8-2958-5d2c-c19ca4f770a4,channel-linear,HOST
64ad4834-4432-4465-b6be-3825d9e4557b,Tim Harford,HOST,93c1c9bd-3403-392c-9ae7-ae292b8bb052,channel-linear,HOST
f09a27b9-0883-475d-bdf8-a79ba2b3c412,Ben Hartsock,GUEST,a1aed141-90d4-4f65-4c58-eb0d99d8bcce,channel-linear,HOST
62470ac9-ce57-4141-8bde-8f007791847c,Jess Cagle,SXM_HOST,56605cc5-88b8-557b-fc3c-dae7eb41bf56,channel-linear,HOST
72d8d050-6ef4-4f0c-beb7-abc8c5002879,Roy Wood Jr.,SXM_HOST,3f5977af-6b6d-cc6c-44d1-1b1dd456ec83,show,HOST
f2b85ef4-da64-4ba8-9817-e89fa6cd82ba,Roxanne Shante,SXM_HOST,5179e3af-b093-847f-a73f-22fa4fe01a84,show,HOST
290017fe-2a0c-4ec7-a31f-0bd4aa9c2f0e,Giuseppe Verdi,ARTIST,33de835f-e348-219d-e388-2c1212e46893,show,PERFORMER
a221b7fc-740b-4101-817f-a495451f3642,Montaine,SXM_HOST,d20ad2ef-54e7-4b1a-60b6-ff5351421cd0,channel-linear,HOST
f5a822e1-e05e-4641-b430-0703e685ed61,Eddie Trunk,SXM_HOST,7abc7ba2-2259-dea7-b7a2-1833cfb3ac8e,show,HOST
0d015cfa-abd4-482d-847b-80607e68a89a,Bob Buchmann,SXM_HOST,3680d71b-56ae-472c-3951-600d389a121d,channel-linear,HOST
7804ae9e-2188-40be-86de-92f54f5f5a0f,Morning Mash Up,SXM_HOST,a42c16ac-e28a-b611-e648-4476e553561f,show,HOST
7a52f074-985b-4282-9ff7-2fb1944c54a6,Bevy Smith,SXM_HOST,4ac5372f-77f9-7bae-f954-5acbe08bfb9a,show,HOST
51ab4b4e-0abd-4e7a-b787-a9890007beed,Scotty,SXM_HOST,634ea01e-4ae2-c7e8-7567-138965e8a6fe,channel-linear,HOST
79dc3af2-c67a-4203-873d-62b5af672a92,Dion,SXM_HOST,3888fd9c-dcee-4a11-b7d3-3f1ba7167f82,show,HOST
0dc8f48c-6785-4738-8bae-8bcbf42beb73,Spyder Harrison,SXM_HOST,c9256031-1123-f35f-4d49-1ba4d5379258,channel-linear,HOST
ae1c85fd-12bd-418b-be67-b79d6783aac8,Joe Dolan,SXM_HOST,d533a255-585c-e59a-2c37-fb080fdcf4ba,show,HOST
973459ad-9cf6-4c56-aa4f-4b90b7f8c63a,Julia Cunningham,SXM_HOST,c0a64e91-ef0f-0087-9093-c6da049c71db,show,HOST
ea5e73c1-6285-4e83-ad55-96b2a7dbeb2a,Tony Fly,SXM_HOST,0750d96a-f257-48ee-9308-4b1f29f956da,show,HOST
5a11faf7-8b2c-4835-94d5-d6cf0a1d78c5,Tommy Dreamer,SXM_HOST,9289992c-04e8-1af3-1117-ac26a1a3121e,show,HOST
7d7bf7de-9b61-4d5c-9e45-d0004ea29045,Stacy Washington,SXM_HOST,6739babb-7975-e60e-1835-fbacd4bbd855,channel-linear,HOST
69cd0fc0-ec1b-4293-b36d-cd42ec563da9,Shannon Sharpe,HOST,e253bdca-601f-2b68-52fc-3f6a9fa33bb9,channel-linear,HOST
d970f12d-745a-486d-a7e8-d02f425b493e,Chris Powell,SXM_HOST,ab6a16eb-6e7b-6933-1dd1-8b04fbc922ed,channel-linear,HOST
190c6220-d0ca-4abd-9af0-c082793ac0ad,Elizabeth Cook,SXM_HOST,896f5787-45b2-b509-dab1-9dc87284c6d4,show,HOST
50d1038d-f537-457b-a3c8-bf51c9c8c33d,Laurie Kilmartin,SXM_HOST,dd21ed4a-49e7-ae02-3a61-cd730602a389,channel-linear,HOST
8ce3d58f-2d58-4017-aab2-57aa7e319d1d,Brian Dunseth,SXM_HOST,6abc5f08-0e98-484a-838a-a560381cc27f,show,HOST
ee028725-edef-44b9-88fb-b82eaa775b1c,Adam Pally,HOST,7d22fea8-0a0e-a1b2-e21d-1a66aa71f9ee,show,HOST
238493ba-01ed-475c-b146-1ab1389a7c19,Al Roker,SXM_HOST,303c9b30-d3fb-5266-272b-13af1fb7473c,show,HOST
ad507585-3f93-4945-8e62-6da3bbc8d215,Mojo Nixon,ARTIST,176daca5-6810-3a1c-49e9-39b69055e811,channel-linear,HOST
a698f507-693e-4524-83ed-db58c90da7ce,Ari Fink,SXM_HOST,be48a305-7274-8a27-d437-5e895d38fbc3,show,HOST
8ece48bf-d874-4779-8571-b480ec59e465,Alex Cooper,SXM_HOST,fca58fc0-9cc9-a723-caaf-0e0b8a120822,show,HOST
78a4f1de-2d70-4491-9f42-c5cd6eb57113,Kelly Carlin,GUEST,84638073-0d0a-4611-abcc-d353bfbffbe0,show,HOST
6d369b6b-c95b-43cc-889c-68616e4be0f6,Lori Majewski,SXM_HOST,65f04311-3581-256c-97b9-279838d6ff5e,channel-linear,HOST
51ab4b4e-0abd-4e7a-b787-a9890007beed,Scotty,SXM_HOST,f8fcddaf-b203-4b7f-ae2e-8b540f8e2677,show,HOST
017b0f93-12a0-4174-90aa-02b3f6d337f4,Swaggy Sie,SXM_HOST,a8449352-8551-7e73-6d9f-426a6d40a18e,show,HOST
9e9bd8a5-402c-457b-8822-2294d499b4a2,Kat Corbett,SXM_HOST,32c4747f-8739-d578-62d8-08a92d518445,channel-linear,HOST
e853a5b7-aba4-4809-9383-78f33da97568,Jason Davis,SXM_HOST,5e633f39-f834-ec97-5aff-c17100352688,show,HOST
e4ed5636-1395-4187-8121-8050160157de,Jenny Eliscu,SXM_HOST,f49737db-bea3-0c13-9834-b879fb1894c4,channel-linear,HOST
8a90b97e-bdd3-46bb-98aa-692232222fbd,Buzz Brainard,SXM_HOST,fb9516b0-34a1-6c41-8d4d-b9636253d7d7,show,HOST
5ef375d7-ee0e-4de2-82e2-1a1a43790f43,Carrie Underwood,ARTIST,6673ab5c-196f-ad56-19d4-3de954452988,show,PERFORMER
3a873920-8877-496b-b77f-9687daf0c845,Dwight Yoakam,ARTIST,9c002be5-f6f4-6375-6a3d-06a9f527cddc,show,HOST
72b3d19c-0ac0-4557-b177-d997a03ce3c9,James Corden,ARTIST,4e2f69b9-42ae-f437-3623-c9ebe77782e2,show,HOST
1cd67191-8866-483e-a473-3719c96fe736,Bully Ray,SXM_HOST,9289992c-04e8-1af3-1117-ac26a1a3121e,show,HOST
7be60aa9-ebd8-4c63-b8e1-228fe47da08d,Mike Babchik,SXM_HOST,d7a99226-e6cf-fd81-234d-4764b4d77882,show,HOST
1d9054b1-3447-4da9-86f0-270347f2bce7,Paul Finebaum,SXM_HOST,454db282-082e-b9a0-d099-89afbf335688,channel-linear,HOST
cd032653-5515-4474-bf68-cd56ec970d93,Alan Hunter,SXM_HOST,6f8b4a56-0746-9c0f-04df-551fe24bbd52,channel-linear,HOST
f600f325-d107-4306-82e4-e305f9eac062,Joel Osteen,SXM_HOST,635c7928-8df7-5677-c92a-4492be0d3bd8,channel-linear,HOST
f5a822e1-e05e-4641-b430-0703e685ed61,Eddie Trunk,SXM_HOST,dd14cb3f-1335-7d31-4fd7-389832eeaf02,show,HOST
e2553cd3-bfb7-4a51-85ff-cd33d2ca6798,Nicole Scherzinger,ARTIST,83d8714a-1146-1287-b226-b1c6ab4afacc,show,GUEST
34234f68-f46a-4a93-bc17-b613a8898ffb,Jose Mangin,SXM_HOST,6d94e735-19c7-4523-8103-45083eaca96d,show,HOST
e9ecebce-7928-415e-a4f0-5dadaa453eb1,Kim Ashley,SXM_HOST,3b99ed09-32af-9253-5cc7-9ffb81541faa,channel-linear,HOST
f714020c-975d-426a-95a3-287ef0a9db12,Andrew Wilkow,SXM_HOST,aa47060e-355d-4c3a-aed3-39861943d3ba,show,HOST
71621d95-bc61-429c-b771-1f202f6c1819,Jay Sekulow,SXM_HOST,a078936b-043a-868c-3def-233ac0e49853,channel-linear,HOST
bc029f26-105c-453d-ba74-30d1d2e0d4a8,Richard Blade,SXM_HOST,fddd5a15-3b72-d9dd-a60f-29f3377bdef6,show,HOST
cb865a68-42dd-4d28-b75e-7b667aa89673,Andy Cohen,SXM_HOST,df5c45c7-ddf0-c8c8-1483-fd07a06b79ff,show,HOST
c1b86f35-571c-4aee-a6fc-af936400d0cd,Cayman Kelly,SXM_HOST,25de1705-19ad-6f6e-d45f-3f8775a37800,channel-linear,HOST
5dd6b1d9-99cb-485a-be51-f7236a260ffc,Nina Blackwood,SXM_HOST,8753a626-6ea2-8dd6-55c5-8f5b9e1d7357,channel-linear,HOST
87476d9a-f157-40af-b5c0-e3760d1f33b5,Dr. Charles Marmar,SXM_HOST,97548371-5133-a4c6-373f-801a18dc3237,channel-linear,HOST
ea5e73c1-6285-4e83-ad55-96b2a7dbeb2a,Tony Fly,SXM_HOST,194adbca-34d6-cb94-b153-3488ee563308,channel-linear,HOST
973459ad-9cf6-4c56-aa4f-4b90b7f8c63a,Julia Cunningham,SXM_HOST,44f9129f-579a-3d23-218f-3c3518036fc6,channel-linear,HOST
f0fe87af-ea42-47a8-bbbf-61b056c16386,Sophia Kianni,SXM_HOST,7aef1ea8-6c69-aae0-9cd9-cda9c91b8e89,show,HOST
a0f6b3c7-a4f4-4d4f-9b95-8ecd6dbe25a8,Ed Sheeran,ARTIST,185820fb-079e-33f5-87b7-46cd3bb2ed53,show,GUEST
0f09fbac-05f9-48e1-b0f8-f5453164f1fc,Madison,SXM_HOST,fd5740ec-7f11-0ecf-f676-46f9dc056d2c,channel-linear,HOST
47feaf2a-db0c-45a7-9c5f-c28552c086f4,Fareed Zakaria,HOST,3c7b2421-7ce4-0ecb-bc70-7f60f15d3d29,channel-linear,HOST
bd106ed4-c85f-40e4-ac1f-31351bc0aa9f,Nancy Grace,HOST,bf022b5f-a52e-564e-c35b-4211126df403,channel-linear,HOST
1018267a-5fde-405e-90de-9af07cec4f85,Clay Cane,SXM_HOST,fb5bc33e-a51e-d1dd-d547-3d80e0b8324c,channel-linear,HOST
68482535-9a25-4411-8286-56ff28e32d8e,Caity Babs,SXM_HOST,f936a498-89c7-bc15-f158-19a015db0683,channel-linear,HOST
5cc4c7f4-feb4-4f50-869e-145a61cf42fd,Adam Schein,SXM_HOST,dccb418f-060b-7c3b-3d4f-0fcb3989916e,show,HOST
53e357b0-6fd0-4dd2-a32e-a93c74f169f2,Carmen Aristegui,SXM_HOST,156d990f-c331-ba42-44b3-0ed2d6791050,show,HOST
747c3163-c1a2-4862-9b6a-5b473e5254d6,Jim Cramer,HOST,2b6effb8-eb0e-7421-d7bb-d843a9ff3ce1,channel-linear,HOST
30121ddf-ea83-4576-a13b-b39b2907583e,Fred Couples,SXM_HOST,a44e273d-a7e5-c358-a8ae-39dc91ca9c30,channel-linear,HOST
5dd6b1d9-99cb-485a-be51-f7236a260ffc,Nina Blackwood,SXM_HOST,8753a626-6ea2-8dd6-55c5-8f5b9e1d7357,channel-linear,HOST
76e4b0cc-6c9b-4f26-92af-a88cea2ab182,Steve Covino,SXM_HOST,f936a498-89c7-bc15-f158-19a015db0683,channel-linear,HOST
5462ed00-f157-4203-90f7-5b4774893bd1,Scotty McCreery,ARTIST,6c3daee0-91c9-668d-f240-0f56fb70e7d7,show,HOST
c9c3f1d3-1b5a-4a56-8286-fabce6f8c18a,Dave Nemo,SXM_HOST,9aa89d79-5c42-4c9e-9f22-430cf2e505be,show,HOST
a1f7491a-f6d1-48da-9864-e81c27928fcd,Angela Duckworth,SXM_HOST,2337bd03-66df-f3fa-5f6f-385fd242e405,channel-linear,HOST
9b76961e-f194-4120-a9f8-fa909b55140b,Jim Norton,SXM_HOST,fc5583a8-0698-f68b-c261-6df3afa426ce,show,HOST
bb6f09fc-b980-4378-8b69-3417a68133a3,Paris Hilton,ARTIST,c88fe3b3-fcad-151e-1e93-1f2f24024313,show,HOST
1a75f6e7-2816-4f7e-b2c0-448b5cff0ab1,Paula Nelson,SXM_HOST,4e804b8e-90b4-adb9-d778-20e2cbb0daea,show,HOST
c7aef8e7-6fc1-49c0-8828-a5029174f6ac,Tommy London,SXM_HOST,7a642de7-c33f-a628-efb2-3d94a829d17b,channel-linear,HOST
89c9bcb8-704a-435e-a047-30840e7ee70d,Diplo,ARTIST,c84c4405-b119-00f1-83a7-0153f95c7c25,show,HOST
54932246-4c11-4fa6-8946-07b1b5ad1cd0,Keith Roth,SXM_HOST,c8decbc4-9de7-44b1-a571-d6c568f178c2,show,HOST
391ea97f-d0ef-4d0e-9aa9-65722d4844aa,Dallas Wayne,SXM_HOST,176daca5-6810-3a1c-49e9-39b69055e811,channel-linear,HOST
fa37fb8f-da8e-49cc-9046-09b24164a2a3,Randy Bachman,ARTIST,f0805c5e-3056-4e4d-e7a9-698befcc41b5,show,HOST
d486ce37-ce90-44fc-9640-36ad144f34b8,Dan Le Batard,HOST,b8d08b56-6bca-a461-189e-ea00b223fbf4,channel-linear,HOST
ae3a96db-2291-4913-a4f4-8be838c8ec30,Bonnie McFarlane,ARTIST,a9ee4146-7a1e-2aad-2898-335bfc349987,show,HOST
953f0918-e510-4292-bdbd-2f98a1b77ec2,Jeff Mans,SXM_HOST,66e0c959-ced8-2958-5d2c-c19ca4f770a4,channel-linear,HOST
62470ac9-ce57-4141-8bde-8f007791847c,Jess Cagle,SXM_HOST,11ca428d-0327-96fb-6053-0ecfb21439ec,show,HOST
469a253c-ea34-4350-86a3-dd2c0e5ca6c8,Carlos Vives,ARTIST,e5309bbf-3fd8-a021-7628-b3c9ac7f3aa3,show,HOST
5116d6dd-641a-4946-96e0-309995156ea0,Tiësto,ARTIST,a17ef481-71a1-478a-836f-5215a498bfc4,show,HOST
bf05e17d-bf08-4a31-9e95-38456e0d9219,Ania Hammar,SXM_HOST,d3253c66-e1e1-331b-02e6-71580c33791b,channel-linear,HOST
1d412291-06b7-42a3-8f9f-bddb66377f2f,Stephanie Miller,SXM_HOST,fb452ece-ac0c-2236-780a-d85c72fbcc88,channel-linear,HOST
0c824ab2-3006-4960-8004-0467885edf7a,Jeff Joyce,SXM_HOST,8d9c0b16-4734-3bc4-d523-7c942cf888aa,channel-linear,HOST
d970f12d-745a-486d-a7e8-d02f425b493e,Chris Powell,SXM_HOST,cdcb0a8e-691b-fd14-4261-a4bc3f6e2a55,show,HOST
712bf50e-c2ae-4278-b472-a18e157855b4,DJ Laz,ARTIST,c246c196-f9cc-a4e9-7aea-6c9094c25a2b,show,HOST
e54c8a99-c2a2-4413-8585-74af75449564,Buddy Miller,ARTIST,567933b9-e618-494d-ba60-0d7f12d6ac31,show,HOST
0257b139-6b49-4f39-bcd5-1f9d62cab61b,Hallie Batchelder,HOST,bdcc8991-e270-3454-17b2-a0d24535d974,show,HOST
f2b85ef4-da64-4ba8-9817-e89fa6cd82ba,Roxanne Shante,SXM_HOST,47ce8cc3-53a3-09cb-1ad7-94dc8b2dcbc1,show,HOST
017b0f93-12a0-4174-90aa-02b3f6d337f4,Swaggy Sie,SXM_HOST,c2a517d4-c02f-06eb-77cf-f81bfa719188,channel-linear,HOST
1f229c50-e9bd-4d7f-a16b-025c2b2ecb3e,Robin Quivers,SXM_HOST,72874f52-9f17-2e8f-d4cc-3bfdccb4227c,channel-linear,HOST
d649f67f-7eb8-4310-aef2-5b65c5d9dd6d,Grant Cardone,HOST,9737bbee-364f-05f9-fe3f-392bbbf61850,channel-linear,HOST
0fb5eb70-b47a-4404-b29c-6ef1f66b6943,Steve Earle,ARTIST,176daca5-6810-3a1c-49e9-39b69055e811,channel-linear,HOST
bb249904-8814-4c4d-b698-a6fbb9e4f295,Seth Rogen,HOST,79b02dcd-f1b4-e0ea-b291-6da58729cc37,show,GUEST
1526a17b-b04b-4631-b2b2-2c024d213993,Lawrence O'Donnell,HOST,95bffee3-e903-ca28-6332-1b94f41a8962,channel-linear,HOST
f9f3553a-d83b-4fd7-a29e-42cb1e2c50f9,Tinx,SXM_HOST,813d656c-9af5-7f51-bb48-d724327d9289,channel-linear,HOST
85f6d312-333d-4585-a743-d9c418ec446a,Mark Dominik,SXM_HOST,f3126d70-09ea-bd0c-57cd-af5ab798f313,channel-linear,HOST
7e4ae8c6-3f05-4b99-adbe-d0cfb116e4fc,Dani Wexelman,SXM_HOST,d9dcf813-1a1a-2f92-a53f-e372ffc235ea,channel-linear,HOST
97b6c64a-135b-422b-8526-623a707d71cf,Lindsay Rhodes,SXM_HOST,66e0c959-ced8-2958-5d2c-c19ca4f770a4,channel-linear,HOST
9fabcaae-ccb0-4901-8d8a-af6d035d69eb,John Hansen,SXM_HOST,8fb082f7-1a67-be1f-3dbb-eac488435925,show,HOST
89c9bcb8-704a-435e-a047-30840e7ee70d,Diplo,ARTIST,944994a6-37e4-bc07-ff6f-011ed5f815ac,show,HOST
b58783fd-e356-409b-9703-737406784c13,Shotgun Tom Kelly,SXM_HOST,277cc0fa-44d4-bd21-56cc-25375b26cd2d,show,HOST
6d3cd053-1976-407c-8bb6-cdccfc220098,Willie Geist,SXM_HOST,95bffee3-e903-ca28-6332-1b94f41a8962,channel-linear,HOST
b257d09d-d750-44ff-bcab-09439ef6acc8,Tom Morello,ARTIST,65f04311-3581-256c-97b9-279838d6ff5e,channel-linear,HOST
58cdfc84-25c6-4361-86f3-9dde0207d528,Mark Goodman,SXM_HOST,9b5cf370-4c1e-d6a8-058e-bf553fca2b61,show,HOST
f2b85ef4-da64-4ba8-9817-e89fa6cd82ba,Roxanne Shante,SXM_HOST,2a827f63-8b55-fc91-2b55-d96e17f4f678,show,HOST
017b0f93-12a0-4174-90aa-02b3f6d337f4,Swaggy Sie,SXM_HOST,eb1136f9-77a9-82f1-fb49-f4eac938343c,show,HOST
bdb37a22-2577-427a-8fd2-d6b066a0a865,BeBe Winans,ARTIST,25de1705-19ad-6f6e-d45f-3f8775a37800,channel-linear,HOST
8a784928-8269-4c0b-8468-ccb421239716,Sam Roberts,SXM_HOST,6d116a70-61f9-1252-1407-fddbae2948fc,show,HOST
76e4b0cc-6c9b-4f26-92af-a88cea2ab182,Steve Covino,SXM_HOST,c8decbc4-9de7-44b1-a571-d6c568f178c2,show,HOST
e1c2f877-b910-43b0-aa98-6ca274da49a4,Bruce Springsteen & The E Street Band,ARTIST,5acd9fe4-04ce-4618-b491-8688731495a3,show,HOST
8a90b97e-bdd3-46bb-98aa-692232222fbd,Buzz Brainard,SXM_HOST,3b99ed09-32af-9253-5cc7-9ffb81541faa,channel-linear,HOST
1d9054b1-3447-4da9-86f0-270347f2bce7,Paul Finebaum,SXM_HOST,e253bdca-601f-2b68-52fc-3f6a9fa33bb9,channel-linear,HOST
02b02f51-3a76-420d-93f0-8008f3d44ff2,Chris Weidman,SXM_HOST,81cc4c74-38d5-d89b-b346-a91bae5018d4,show,HOST
feff79ae-0778-461e-9779-7acc8328cae2,Paul Sweeney,SXM_HOST,27adcf33-1681-9f00-2461-2129a2471abf,channel-linear,HOST
973459ad-9cf6-4c56-aa4f-4b90b7f8c63a,Julia Cunningham,SXM_HOST,8ab3e65d-2b6a-8998-5f65-2bee7cbf38ae,show,HOST
49c48b39-ea4e-4af6-8b14-042760ad346f,Mina SayWhat,SXM_HOST,8b22006d-3e43-ceb2-863b-f038cddcc218,channel-linear,HOST
74ab0164-5325-4ab9-a802-5b5062ff642c,Karen Hunter,SXM_HOST,a8e8bba6-d44a-6086-a252-d15dac34e258,show,HOST
cb865a68-42dd-4d28-b75e-7b667aa89673,Andy Cohen,SXM_HOST,9cbf0d26-5888-1943-1f3b-f4fe1bceaf5f,show,HOST
2e72399e-8aa1-428c-beb7-87971529acd0,Chris Doering,SXM_HOST,cb69b60f-f014-d32a-9b9a-97a827a90c32,show,HOST
2a432919-925e-4557-b3c6-e945ba58029e,Alan Light,SXM_HOST,b6e7e65c-5d73-8930-ff21-b8277a17430a,show,HOST
7be60aa9-ebd8-4c63-b8e1-228fe47da08d,Mike Babchik,SXM_HOST,e4ebe843-77ae-27cc-05ad-64fed29b129e,show,HOST
fce122a7-feec-4864-91db-64661998e6e7,Shaggy,SXM_HOST,05cd3a1a-d292-3b8e-e8c9-1566d0726994,channel-linear,HOST
ed2c65f6-6bf8-423e-92dc-b87e7417743b,Rich Eisen,SXM_HOST,04b2a781-8a7b-e44b-97c1-e32586477952,channel-linear,HOST
3c13422a-0df2-47b9-8cb0-50c10dbd5ba8,Heather B,SXM_HOST,2679dff6-adf7-485c-a89e-cc538f7d27ca,show,HOST
e5dfff38-3242-447b-a782-ced0e0e8de1f,Matthew Berry,HOST,b8d08b56-6bca-a461-189e-ea00b223fbf4,channel-linear,HOST
0f09fbac-05f9-48e1-b0f8-f5453164f1fc,Madison,SXM_HOST,cdcf543e-2f6a-bcbf-f44b-6e8d3b83e56a,show,HOST
391ea97f-d0ef-4d0e-9aa9-65722d4844aa,Dallas Wayne,SXM_HOST,176daca5-6810-3a1c-49e9-39b69055e811,channel-linear,HOST
51ab4b4e-0abd-4e7a-b787-a9890007beed,Scotty,SXM_HOST,176daca5-6810-3a1c-49e9-39b69055e811,channel-linear,HOST
78a4f1de-2d70-4491-9f42-c5cd6eb57113,Kelly Carlin,GUEST,dbdbdd15-afbf-4dbd-9414-a70e763a3fb6,show,HOST
fd988efa-6654-42f3-80cc-25e0fe7400df,Jimmy Fallon,HOST,97f5855d-45fd-52d6-07b1-df9a0691470e,show,HOST
74ab0164-5325-4ab9-a802-5b5062ff642c,Karen Hunter,SXM_HOST,b7a02d56-0e38-dc1a-6edb-c19315dcd28a,show,HOST
cd032653-5515-4474-bf68-cd56ec970d93,Alan Hunter,SXM_HOST,8753a626-6ea2-8dd6-55c5-8f5b9e1d7357,channel-linear,HOST
b146753f-482a-4ea3-8dc2-fb07b4115522,Anderson Cooper,HOST,615db878-a3d3-c5e2-fbe4-49401087952c,show,HOST
f813d43f-090b-4832-809b-9173787cd060,Patton Oswalt,ARTIST,c6d38fe2-4276-1453-ba7a-095eecb534b5,show,HOST
44255e59-66d3-4fab-a296-f53af6a0296e,Jason Kelce,HOST,e253bdca-601f-2b68-52fc-3f6a9fa33bb9,channel-linear,HOST
e7049ede-b71e-42f5-82ed-f64a67550342,Mindy,SXM_HOST,182cf491-8d34-33c7-9aa6-b39fa92d2ca6,show,HOST
f94af6d7-794c-487d-b9e4-b764240811ee,Rich Davis,SXM_HOST,9bc62478-5232-0064-3fb5-5b8b408a3f51,show,HOST
5dd6b1d9-99cb-485a-be51-f7236a260ffc,Nina Blackwood,SXM_HOST,2ea07147-a720-ed0c-d4ce-d7bddd1640d3,channel-linear,HOST
8b172125-a5bb-4396-91a3-43f67d862472,Steve Scully,SXM_HOST,319a0fa0-38ea-72ca-737a-9ae7676c5c30,show,HOST
bc029f26-105c-453d-ba74-30d1d2e0d4a8,Richard Blade,SXM_HOST,65f04311-3581-256c-97b9-279838d6ff5e,channel-linear,HOST
31dbf862-0794-4acf-acb9-18a911a6cfc4,Metallica,ARTIST,fc74163c-2756-e6a6-aa8e-82206c64a2dc,show,PERFORMER
0c824ab2-3006-4960-8004-0467885edf7a,Jeff Joyce,SXM_HOST,415d4f17-33cd-60b8-9c42-5b3189b2de69,show,HOST
b81b1ebe-f593-4269-9aa8-a1b8bb02171f,Jon Favreau,SXM_HOST,f8b53ad2-8ef0-b5ac-944a-2354733024af,show,HOST
c1b86f35-571c-4aee-a6fc-af936400d0cd,Cayman Kelly,SXM_HOST,25de1705-19ad-6f6e-d45f-3f8775a37800,channel-linear,HOST
5a11faf7-8b2c-4835-94d5-d6cf0a1d78c5,Tommy Dreamer,SXM_HOST,098425c8-142d-9ee9-3d45-bc5f7b284bd4,channel-linear,HOST
ddbef86c-961c-442b-a53c-d1abdbc773cf,Ryan Sampson,SXM_HOST,250277a3-65bf-059d-645f-609cf2e5e7e6,show,HOST
53f5361f-57aa-49ab-b18b-927333be57aa,Marty Smith,SXM_HOST,a1482277-fb48-7e46-ad3d-eafa56a6ab91,show,HOST
4d9640d8-35ef-47f7-9fed-fa10d49a4b78,Howard Stern,SXM_HOST,72874f52-9f17-2e8f-d4cc-3bfdccb4227c,channel-linear,HOST
907de37b-067d-4df5-951c-a22b0ef79857,Jeannie Seely,ARTIST,0aee72ed-5dd8-2848-3567-d8809e123cd1,channel-linear,HOST
2d901977-12e7-4985-9b96-ba28cb6c1813,Mike Bagley,SXM_HOST,c875a2e9-2768-ed46-5487-4e3e667ae553,channel-linear,HOST
1e51bb63-9b18-44bb-8ff4-f39963999dad,Megyn Kelly,SXM_HOST,ee675f43-eec9-1db5-9580-99b72af1922f,show,HOST
541b68df-d031-48ce-8d30-a04bf63f0991,Kristin Davis,HOST,eecb981c-1e96-ef48-0620-1277294c0415,show,GUEST
291c7147-5282-4749-8433-cad790bd47f8,Phish,ARTIST,74cb5e1b-7319-10de-1fbd-ad0c6eb038cb,show,HOST
94eb52ea-f433-41da-8749-e55ce94f78de,Too $hort,SXM_HOST,988d25d1-db91-ee15-72e1-386c1972b8b0,channel-linear,HOST
1bcae0f2-d614-4f97-b1b8-43dd01f867c2,John Mayer,ARTIST,3ff29edd-711e-ec5b-1bc8-d6dddddd2487,show,PERFORMER
eb2369d1-62bf-4fdd-aa68-3cfbd35a1697,Joel Meyers,SXM_HOST,325f06d1-8734-0378-1ae1-66323143c249,channel-linear,HOST
2d3b8258-2d39-4eba-b49e-3b91745309cb,Geronimo,SXM_HOST,368775bc-b73d-4ead-a10d-e1f6249bdde1,show,HOST
465a14e8-9e78-464e-80b2-13202e658eb7,"Johnny ""El Picoso""",SXM_HOST,53b80144-2cb1-e723-07fd-6b164434b186,channel-linear,HOST
c93662e5-b5a8-4c81-9e49-b50c20bf352a,Kristine Stone,SXM_HOST,7a642de7-c33f-a628-efb2-3d94a829d17b,channel-linear,HOST
13754410-d934-43d2-a462-56e59a2018f4,Kai Ryssdal,HOST,22b6d419-0bc3-31f7-c9dd-53ca6c673d8c,channel-linear,HOST
1a2132b2-24ca-4f2b-b42a-cd2b4ba6c431,Sway Calloway,SXM_HOST,2679dff6-adf7-485c-a89e-cc538f7d27ca,show,HOST
4000a0ab-1cff-4d04-af58-ab6b0137e15b,Hannah Kosh,SXM_HOST,5a6b5de3-9098-a28d-9a74-18e459ff54e3,show,HOST
3a3dbe0b-e0e9-49d6-b64e-dd9015aefa62,Drew Stoltz,SXM_HOST,c145b2c8-28d0-339a-6332-8cd0d7820a22,show,HOST
a1399080-0c9f-4c21-92b4-8cc9cdeedf62,Danielle Peck,ARTIST,2cdbfa58-fd00-7920-c915-b4c66113a6b2,show,HOST
7d7bf7de-9b61-4d5c-9e45-d0004ea29045,Stacy Washington,SXM_HOST,6739babb-7975-e60e-1835-fbacd4bbd855,channel-linear,HOST
3d2d6c0c-1e97-4177-bb4e-19bdc6dd30b4,Wolf Blitzer,SXM_HOST,b82aadfb-27aa-797e-06ee-2870d30809be,show,HOST
2db6dc18-8bd6-44f2-bf34-2607f80c0267,Chris Carter,SXM_HOST,20801778-3df2-d607-eab5-e03de0ca7815,channel-linear,HOST
ff727541-987d-4362-8dec-3e965e6cd895,Sarah Silverman,HOST,19088856-c7d6-d08d-6431-62b8c999ce8b,show,HOST
9fabcaae-ccb0-4901-8d8a-af6d035d69eb,John Hansen,SXM_HOST,d533a255-585c-e59a-2c37-fb080fdcf4ba,show,HOST
d910e79a-948d-4203-9470-8dd65b0561fb,Laura Cantrell,ARTIST,d71e3e42-5cb5-1f48-d925-1e5f4ad12f37,show,HOST
52b192c8-2aba-4090-b655-c38fa54a4893,Julie James,SXM_HOST,98865d8b-db09-412e-9732-3429ab910137,show,HOST
bb8178cd-eab6-4eb8-8522-f949c37a7de1,Sean Burke,SXM_HOST,63518e7f-cf08-e544-8780-d5949e1a052b,show,HOST
0d015cfa-abd4-482d-847b-80607e68a89a,Bob Buchmann,SXM_HOST,7a642de7-c33f-a628-efb2-3d94a829d17b,channel-linear,HOST
3d2d6c0c-1e97-4177-bb4e-19bdc6dd30b4,Wolf Blitzer,SXM_HOST,3c7b2421-7ce4-0ecb-bc70-7f60f15d3d29,channel-linear,HOST
9253fdee-2788-487d-8b6e-fdd49cbb9c6b,Brad Lidge,SXM_HOST,fa763f07-a222-45f2-8b5b-5b1db32145a7,show,HOST
2808c306-e53b-4192-9f27-f13ac6318127,Bill Belichick,GUEST,7e9b4ea4-0620-bb66-ed6c-3adef81b216d,show,HOST
a1727015-f1db-4a2e-aaa3-886e78cf940a,"Dr. Billy Goldberg, MD",SXM_HOST,97548371-5133-a4c6-373f-801a18dc3237,channel-linear,HOST
5a11faf7-8b2c-4835-94d5-d6cf0a1d78c5,Tommy Dreamer,SXM_HOST,5299813b-b120-b278-242e-67ad85a1e41b,show,HOST
89f5a7b1-4781-469b-b290-e45cd03358c2,Symon,SXM_HOST,194adbca-34d6-cb94-b153-3488ee563308,channel-linear,HOST
0d015cfa-abd4-482d-847b-80607e68a89a,Bob Buchmann,SXM_HOST,5ad8659a-414a-9e26-b973-f5a229d788dd,channel-linear,HOST
54932246-4c11-4fa6-8946-07b1b5ad1cd0,Keith Roth,SXM_HOST,63289cee-e343-696e-65b9-6ae533a33540,channel-linear,HOST
7804ae9e-2188-40be-86de-92f54f5f5a0f,Morning Mash Up,SXM_HOST,69defb18-7f8a-482f-a493-641fdbb500a8,show,HOST
abeda02f-c342-400e-8d5a-9a4e8651143a,John Roberts,SXM_HOST,8fe918c7-0d80-d8a1-339c-570a8f268a4b,show,HOST
fedc2c0d-b2ca-44c0-bbc6-541e5ccdefbc,Dangerous Darren,SXM_HOST,b8b47809-4e8e-f556-8325-bd45fa3d4dc4,channel-linear,HOST
cb865a68-42dd-4d28-b75e-7b667aa89673,Andy Cohen,SXM_HOST,bf39f6b0-c9ea-81fb-4a19-240f712fda09,show,HOST
c5a6ae8e-3725-4ec7-8b1f-f28173f1e87b,Jason Smith,SXM_HOST,21b63878-b369-1503-d1c8-6025cc8571de,channel-linear,HOST
bc21328b-c8b9-46b3-b86c-0df34a6bab13,Chris Jericho,SXM_HOST,aaa6e1a5-e6e9-7e1d-f5d6-51d9b5378c3b,show,HOST
7be60aa9-ebd8-4c63-b8e1-228fe47da08d,Mike Babchik,SXM_HOST,2474f3e5-71bf-6b60-8f27-c72586966a2a,show,HOST
f5a822e1-e05e-4641-b430-0703e685ed61,Eddie Trunk,SXM_HOST,b2f01aae-2b1d-5677-9fce-b25d2227905c,show,HOST
94970d7a-6626-4118-9af5-1953c46f85a4,Preston Trombly,SXM_HOST,a7bbde5b-ecc8-4d7c-9720-68e38dae9faa,show,HOST
d970f12d-745a-486d-a7e8-d02f425b493e,Chris Powell,SXM_HOST,96f5d0e4-ebff-564a-6c39-70a4a642e360,channel-linear,HOST
30933ec6-d26c-4dd4-9a59-14906cdc7d35,Nicole Ryan,SXM_HOST,e174effd-314e-0ad5-3c1f-fdebd5942fb8,show,HOST
acf8a01d-96b8-4174-bd0d-dd32abd9887b,Steven Kapp Perry,SXM_HOST,95b8cbc7-948f-db6d-a317-21f1ba3b8462,show,HOST
1cd67191-8866-483e-a473-3719c96fe736,Bully Ray,SXM_HOST,3bcf5595-380b-af4e-f2e5-b6aef314687b,show,HOST
ddca9143-381e-421d-bdfb-b8aa9399356b,Shannon Gunz,SXM_HOST,f936a498-89c7-bc15-f158-19a015db0683,channel-linear,HOST
0c6a22dc-58fe-4c1d-bb36-be5ed4042eb1,Jelly Roll,ARTIST,3ff29edd-711e-ec5b-1bc8-d6dddddd2487,show,PERFORMER
438dd61c-6dc8-4262-a659-7d29cb6d9b69,Seth Rudetsky,SXM_HOST,adc27a20-6fc4-7269-5ca6-4a492f7dfa55,channel-linear,HOST
c1b86f35-571c-4aee-a6fc-af936400d0cd,Cayman Kelly,SXM_HOST,9f8a0515-6b18-4164-a426-24f8cfbd1385,show,HOST
381226a7-e933-4d56-ac17-e5a7e7222787,Kirk Franklin,ARTIST,30c0f207-e184-f64b-920e-23ba7f26c489,show,HOST
e9ecebce-7928-415e-a4f0-5dadaa453eb1,Kim Ashley,SXM_HOST,cb31eeb9-c527-c994-9cc3-cd6ea53d30e7,channel-linear,HOST
f8fc800a-5376-4030-a39b-c4f3187a83f8,Jim Ladd,SXM_HOST,e3041d19-daa5-6517-8c73-41976582d1f9,channel-linear,HOST
1d1b3bae-75c4-405c-aaf6-df3d89f7183a,Trevor May,SXM_HOST,f3ea98ad-341e-7dd2-3954-64fdf87639e7,show,HOST
1cd67191-8866-483e-a473-3719c96fe736,Bully Ray,SXM_HOST,5299813b-b120-b278-242e-67ad85a1e41b,show,HOST
cda62b3a-fcab-4934-84d6-1b9d08fab9b7,Sandra Bernhard,ARTIST,e8ae0788-65ec-d947-f63e-bddfa74fdfab,show,HOST
215fc1af-9508-44d0-a2ad-04192de652c2,Megless Griffin,SXM_HOST,82705672-dfa1-23ca-6651-62bef336beaa,show,HOST
1a2132b2-24ca-4f2b-b42a-cd2b4ba6c431,Sway Calloway,SXM_HOST,c1ef36f6-f673-4c57-9f75-4542de4b6733,show,HOST
c9e504bc-1238-474c-a648-9dfa5aea2374,Ron Bennington,SXM_HOST,0b5d14d5-11d8-8651-39c7-c86901d86100,show,HOST
1bcae0f2-d614-4f97-b1b8-43dd01f867c2,John Mayer,ARTIST,cc7aaf04-4079-a459-93e1-63c5f348da6b,show,HOST
1cd67191-8866-483e-a473-3719c96fe736,Bully Ray,SXM_HOST,4a75ab10-a358-3204-edbe-8cf24217bdfa,show,HOST
7c203ebe-0a80-47e6-8564-035ef6adde15,Bob McCown,SXM_HOST,54f4144b-13f6-4e4c-3d4b-3d9f6f766e27,channel-linear,HOST
39e2db56-2ba1-4ba1-9dfe-ec9b59194033,Hoda Kotb,SXM_HOST,443f8e3a-417d-bc12-8fb7-d84f333826d1,show,HOST
ddbef86c-961c-442b-a53c-d1abdbc773cf,Ryan Sampson,SXM_HOST,e174effd-314e-0ad5-3c1f-fdebd5942fb8,show,HOST
1a2132b2-24ca-4f2b-b42a-cd2b4ba6c431,Sway Calloway,SXM_HOST,64feadaf-2f22-cc18-9054-b048f1e91744,show,HOST
829db8a4-90ad-4284-abc6-697ec1503e22,Stanley T,SXM_HOST,e174effd-314e-0ad5-3c1f-fdebd5942fb8,show,HOST
a0992672-780c-4eff-8a28-b311552c161d,Peter Noone,SXM_HOST,6567f2ee-4d7a-cd6d-3402-55ed6089cd0c,channel-linear,HOST
0ad93c3d-1d4c-4f58-bd28-6897a2bbeb62,Geoff Schwartz,SXM_HOST,ca69f5af-2bc9-8922-949d-2658afb0d606,show,HOST
0a60285c-d0e1-426e-8b0e-7ee23a00672c,Torae,SXM_HOST,73a02fb4-a5ac-6097-453a-74110cfe371d,show,HOST
c93662e5-b5a8-4c81-9e49-b50c20bf352a,Kristine Stone,SXM_HOST,13159afb-8b4d-4a7a-a79c-1e285c8bb6cf,show,HOST
291c7147-5282-4749-8433-cad790bd47f8,Phish,ARTIST,535bfdb7-7993-0f17-58c2-9ef350805391,show,HOST
935982dc-fbd7-4896-8c04-8593e073e371,Neil Barnett,SXM_HOST,53083b46-7b29-3903-222a-3350e42eff68,channel-linear,HOST
2db6dc18-8bd6-44f2-bf34-2607f80c0267,Chris Carter,SXM_HOST,3b83dc80-5987-6898-e98d-a98012f700c1,channel-linear,HOST
95ffacc4-89f7-4d34-990d-95856aee90b9,Jeff Lewis,SXM_HOST,20424891-10fa-3714-79a4-0e7a65cdaa03,show,HOST
242c5b0e-6828-4c12-99d4-3e70bbb9e50d,Antonio Daniels,SXM_HOST,a3bd4684-b06d-e6d8-61c5-40c12a9d6a8e,show,HOST
cb865a68-42dd-4d28-b75e-7b667aa89673,Andy Cohen,SXM_HOST,cc7aaf04-4079-a459-93e1-63c5f348da6b,show,HOST
cb865a68-42dd-4d28-b75e-7b667aa89673,Andy Cohen,SXM_HOST,2ca62db0-635c-0cd4-3e6e-7fda9a89b3ec,show,HOST
74ab0164-5325-4ab9-a802-5b5062ff642c,Karen Hunter,SXM_HOST,fb5bc33e-a51e-d1dd-d547-3d80e0b8324c,channel-linear,HOST
a0415525-8924-4317-9544-33b469a100d8,Thom Hartmann,SXM_HOST,fb452ece-ac0c-2236-780a-d85c72fbcc88,channel-linear,HOST
903576d4-db2a-49e0-acaa-7447f862e098,Zerlina Maxwell,SXM_HOST,15343f0b-11fa-81af-9cd0-42ea706439a5,show,HOST
fda9f9f6-6ee4-46ce-8f1b-ca078742311c,Nicolle Wallace,HOST,9f034939-b10a-6c0f-164d-a90412d5f386,show,HOST
0f35371e-63d3-4555-8c50-2050f4ad9c7c,Fastball,ARTIST,44f9129f-579a-3d23-218f-3c3518036fc6,channel-linear,HOST
0a60285c-d0e1-426e-8b0e-7ee23a00672c,Torae,SXM_HOST,a8449352-8551-7e73-6d9f-426a6d40a18e,show,HOST
cb271fc0-0625-4baf-96d9-0345b1647bee,Russell Howard,HOST,06b29031-300d-a8c0-bde9-5aaea4daf39d,show,HOST
c7aef8e7-6fc1-49c0-8828-a5029174f6ac,Tommy London,SXM_HOST,3680d71b-56ae-472c-3951-600d389a121d,channel-linear,HOST
438dd61c-6dc8-4262-a659-7d29cb6d9b69,Seth Rudetsky,SXM_HOST,c2cf5c45-20af-4bbf-8602-0a97c3167909,show,HOST
fcb86638-d6d1-49e1-8bcf-efa10b97dd82,David Westin,SXM_HOST,f2cf2096-7c28-5759-317b-746ba34d8c34,show,HOST
6d369b6b-c95b-43cc-889c-68616e4be0f6,Lori Majewski,SXM_HOST,a3e205fe-ffb4-3581-b84b-94e83c59648f,show,HOST
58cdfc84-25c6-4361-86f3-9dde0207d528,Mark Goodman,SXM_HOST,f3414e55-1d44-2964-8d03-9114cd755e01,show,HOST
029e4d59-e529-4cc7-a648-a224c7207ced,Sean Hannity,SXM_HOST,00e5dbc2-3f5e-f6d8-d2a4-0a40a1102650,show,HOST
7094ec7e-52ff-4333-a504-7316ffd1acb2,Jim Bowden,SXM_HOST,4b5f6ebe-ddaa-4647-976d-56f5164e296e,show,HOST
3d5f62df-214d-4c9a-9184-6afe3f63681e,Billie Eilish,ARTIST,ee3046d3-ed7e-c11d-d055-939333a8d958,show,HOST
358d9c97-2462-492d-9198-24f3ae5cc7f2,Dan Hardy,SXM_HOST,6e4303e6-415c-319d-8517-52fcc93fc3fa,show,HOST
5a11faf7-8b2c-4835-94d5-d6cf0a1d78c5,Tommy Dreamer,SXM_HOST,80867fa3-093f-b076-bedc-af8d71cb54ab,channel-linear,HOST
ebd5b895-90f6-47b4-a0fe-b2eff55ccd78,Ice Nine Kills,ARTIST,5188938d-3c49-31bc-038e-d09ab85b4f2d,show,PERFORMER
30933ec6-d26c-4dd4-9a59-14906cdc7d35,Nicole Ryan,SXM_HOST,b0cb68e6-a901-466b-ac7b-414bf57cd50f,show,HOST
f5a822e1-e05e-4641-b430-0703e685ed61,Eddie Trunk,SXM_HOST,d03b40d3-158f-c2ea-d7e1-eb0105fa3081,show,HOST
294a7669-407b-44f9-ab88-b84290d5038f,Rachel Friedman,SXM_HOST,d20ad2ef-54e7-4b1a-60b6-ff5351421cd0,channel-linear,HOST
8b8d837b-b278-4eb8-960a-196c6faf8a87,Din Thomas,SXM_HOST,098425c8-142d-9ee9-3d45-bc5f7b284bd4,channel-linear,HOST
7a52f074-985b-4282-9ff7-2fb1944c54a6,Bevy Smith,SXM_HOST,e801376d-5e6a-fd3a-4157-4ef721b3cede,show,HOST
2aa47542-02d5-49d5-a602-c870c0d529d6,Stephen A. Smith,SXM_HOST,53fdc8d8-39eb-c76d-b8b2-dade4cc5fd0e,show,HOST
23d6b91e-5b90-4c4d-9ac0-48c79034beb3,Christopher Russo,SXM_HOST,8d9c0b16-4734-3bc4-d523-7c942cf888aa,channel-linear,HOST
7be60aa9-ebd8-4c63-b8e1-228fe47da08d,Mike Babchik,SXM_HOST,23999ddf-2cc2-35e2-7d04-6cc2749043d0,channel-linear,HOST
ea5e73c1-6285-4e83-ad55-96b2a7dbeb2a,Tony Fly,SXM_HOST,194adbca-34d6-cb94-b153-3488ee563308,channel-linear,HOST
1dfbce37-46f6-4e26-aec1-d0519939eed4,John Tartaglia,SXM_HOST,98865d8b-db09-412e-9732-3429ab910137,show,HOST
9d61a585-28fb-4a4b-9065-9cff30bced09,Michael Holley,GUEST,b8d08b56-6bca-a461-189e-ea00b223fbf4,channel-linear,HOST
58cdfc84-25c6-4361-86f3-9dde0207d528,Mark Goodman,SXM_HOST,8753a626-6ea2-8dd6-55c5-8f5b9e1d7357,channel-linear,HOST
3177a68b-d4e6-4976-a1f4-f741523ff78f,Kevin Hart,SXM_HOST,737f5e8d-3e7b-a152-beb4-130bde4f4c49,show,HOST
6dd9f690-ef9a-4dbd-a069-615dcaa25f7f,Michael B,SXM_HOST,f5f0fcb6-818c-e3dc-1722-8d11dd60a0ff,show,HOST
967af678-dcde-4e62-a033-e4bb449dc6a4,Sunny Sweeney,ARTIST,b1bc1835-f9b7-c185-3df3-26f3cec06195,show,HOST
9b76961e-f194-4120-a9f8-fa909b55140b,Jim Norton,SXM_HOST,03075d58-0423-b2d2-d6fd-051594c59ebe,show,HOST
e9841a14-8419-47c8-a359-f4dc5dbf38f3,Swedish Egil,SXM_HOST,65f04311-3581-256c-97b9-279838d6ff5e,channel-linear,HOST
76396ddc-04a8-4e5f-94c0-89dbdd0ba574,Mikey Piff,SXM_HOST,e1177680-4207-40e7-8e01-8ad9885759ac,show,HOST
238493ba-01ed-475c-b146-1ab1389a7c19,Al Roker,SXM_HOST,2a74320f-938b-8e80-5e7f-5e8e110e1d42,channel-linear,HOST
55966fa4-6bfc-4ec6-929a-d133a6266a82,Rude Jude,SXM_HOST,e2f60e47-62bc-42fa-8661-cf46d0cc042a,show,HOST
d2c4fe11-4719-479d-b229-59083a88d01b,Brad Gillie,SXM_HOST,c72642d2-587c-4e15-8863-878b7b23870e,show,HOST
54932246-4c11-4fa6-8946-07b1b5ad1cd0,Keith Roth,SXM_HOST,fed8de31-8d51-8949-6c69-2035fb0485b0,channel-linear,HOST
c9e504bc-1238-474c-a648-9dfa5aea2374,Ron Bennington,SXM_HOST,84a8169c-a172-c6f2-f6c7-d8079e784403,show,HOST
79c0e6e4-54a4-4121-ae7c-4d6cad4d6f3f,Sanjay Gupta,SXM_HOST,3c7b2421-7ce4-0ecb-bc70-7f60f15d3d29,channel-linear,HOST
34234f68-f46a-4a93-bc17-b613a8898ffb,Jose Mangin,SXM_HOST,bfb7ff2c-dff7-41f4-729e-469e61e7323b,show,HOST
74be0973-90ce-47da-823f-723c1f32ce35,Emily Morse,HOST,594391b8-f4c7-bfbb-1479-0f5070fc6e07,show,HOST
e9ecebce-7928-415e-a4f0-5dadaa453eb1,Kim Ashley,SXM_HOST,3b99ed09-32af-9253-5cc7-9ffb81541faa,channel-linear,HOST
e993c789-2529-4fd7-bcc2-3a165bd621e6,Rita Wilson,ARTIST,39fed3c4-3c7f-84b6-7d00-e1e677089210,show,HOST
0f35371e-63d3-4555-8c50-2050f4ad9c7c,Fastball,ARTIST,44f9129f-579a-3d23-218f-3c3518036fc6,channel-linear,HOST
0f09fbac-05f9-48e1-b0f8-f5453164f1fc,Madison,SXM_HOST,f4a1cffa-d364-97ec-78b2-2b0e2b1a509b,show,HOST
b98f1861-a916-4342-847f-a839a0f534de,Eduardo Pérez,SXM_HOST,8d9c0b16-4734-3bc4-d523-7c942cf888aa,channel-linear,HOST
ed139028-7a3f-4d0a-99e6-b9c7e22573ec,Tom Papa,ARTIST,96f5d0e4-ebff-564a-6c39-70a4a642e360,channel-linear,HOST
ec36510d-fe58-40f2-a089-748574740afd,Joey Defrancesco,ARTIST,7fb5c127-435b-4ad1-a6d0-9f12778510f9,show,HOST
958cad82-2605-4e8a-9a19-f442c4c610c3,"Marisol ""El Bombón"" Vargas",SXM_HOST,492a20f2-3a58-3ecd-5f0a-a9faf0d7f1a5,show,HOST
acc1ee78-42d8-4d00-989c-0aae07dc27e5,Brady Quinn,SXM_HOST,21b63878-b369-1503-d1c8-6025cc8571de,channel-linear,HOST
10b7b6b9-8641-48c0-82df-5f89264dbbf4,Pat Perez,SXM_HOST,d44a60be-99c6-868e-cef4-8d0517fd04e9,show,HOST
3765720b-3749-437c-bf9d-0ad8a04c62e1,Bon Jovi,ARTIST,1d365f49-3bc6-4a5f-725a-ace15ba2c49c,show,PERFORMER
55966fa4-6bfc-4ec6-929a-d133a6266a82,Rude Jude,SXM_HOST,2022dfab-580f-675f-6aad-00aad9c3be9b,channel-linear,HOST
bdf477e5-4509-4910-b9f2-0d18d6f1564b,EJ Manuel,SXM_HOST,f5701423-11a8-9ee3-e9f9-11142108ae31,channel-linear,HOST
5b7a85f7-885b-4729-b998-04d8fe2087c2,Erin Burnett,SXM_HOST,3c7b2421-7ce4-0ecb-bc70-7f60f15d3d29,channel-linear,HOST
967af678-dcde-4e62-a033-e4bb449dc6a4,Sunny Sweeney,ARTIST,176daca5-6810-3a1c-49e9-39b69055e811,channel-linear,HOST
d34f8a19-98fd-48c4-b76d-99e718859c30,Mel Robbins,HOST,57f69c0c-22fb-a893-612d-15d700e31714,show,HOST
8b172125-a5bb-4396-91a3-43f67d862472,Steve Scully,SXM_HOST,43993462-1c73-efb8-29e5-0c4652cf8e4f,channel-linear,HOST
af260567-9374-4889-8438-7816bf7ab56e,Red Hot Chili Peppers,ARTIST,5d57655b-4084-0944-748b-320aeee6c1f9,show,PERFORMER
7539fb1b-661e-4b25-9b73-dbd50d940a9d,Alex Marvez,SXM_HOST,cad2385b-dd49-ca89-4d52-2d36350afe60,show,HOST
215fc1af-9508-44d0-a2ad-04192de652c2,Megless Griffin,SXM_HOST,882b5229-2798-4385-5f05-0835c1d017c2,channel-linear,HOST
7e4ae8c6-3f05-4b99-adbe-d0cfb116e4fc,Dani Wexelman,SXM_HOST,f3ea98ad-341e-7dd2-3954-64fdf87639e7,show,HOST
0dc8f48c-6785-4738-8bae-8bcbf42beb73,Spyder Harrison,SXM_HOST,347314bb-0416-7ef3-2673-af6e96a1a0b5,channel-linear,HOST
3177a68b-d4e6-4976-a1f4-f741523ff78f,Kevin Hart,SXM_HOST,7fecdff0-cace-0fb6-0dcb-0784b1722296,show,HOST
e853a5b7-aba4-4809-9383-78f33da97568,Jason Davis,SXM_HOST,509be0c5-c210-a9b4-35f3-2c2201ce7267,show,HOST
7804ae9e-2188-40be-86de-92f54f5f5a0f,Morning Mash Up,SXM_HOST,4c97d095-b8c1-162a-9d72-0c7c16f458bf,channel-linear,HOST
8ece48bf-d874-4779-8571-b480ec59e465,Alex Cooper,SXM_HOST,ae77c69b-21b3-8d14-6942-e376e62c46fb,show,HOST
ddbef86c-961c-442b-a53c-d1abdbc773cf,Ryan Sampson,SXM_HOST,80867fa3-093f-b076-bedc-af8d71cb54ab,channel-linear,HOST
1a0d89c4-cab7-4087-b80b-63897bef70de,Ken Coleman,SXM_HOST,9737bbee-364f-05f9-fe3f-392bbbf61850,channel-linear,HOST
8baec0c0-94e1-4ef3-90ac-2bd18d7a03f4,The Chainsmokers,ARTIST,952eb7d3-f748-4af2-e0d0-b1153c867584,show,PERFORMER
16836083-fab9-425c-8aac-5792f8bcf59c,Sasheer Zamata,HOST,93557b2b-ee2d-5710-384f-0b2155f04f8e,show,HOST
36822f76-672f-4559-a033-fbb47f996910,Jesse Watters,HOST,99893f96-224d-d6af-d07c-3e2cfd6d1c8b,show,HOST
f3d9e8df-385d-454e-88aa-c7cf210687e9,Kamala Harris,GUEST,ba23b7ca-9a48-e84d-9b3a-7d5861d15f8f,show,GUEST
68482535-9a25-4411-8286-56ff28e32d8e,Caity Babs,SXM_HOST,0fed9647-cc82-24d7-526d-98762e8a52cd,channel-linear,HOST
d34f8a19-98fd-48c4-b76d-99e718859c30,Mel Robbins,HOST,813d656c-9af5-7f51-bb48-d724327d9289,channel-linear,HOST
5a8182b2-42c0-4092-b3c9-817ceb3da0a4,Sona Movsesian,SXM_HOST,dd21ed4a-49e7-ae02-3a61-cd730602a389,channel-linear,HOST
a0992672-780c-4eff-8a28-b311552c161d,Peter Noone,SXM_HOST,6567f2ee-4d7a-cd6d-3402-55ed6089cd0c,channel-linear,HOST
7defdd83-99c2-425b-9520-ee76222e1a9b,Jack Harlow,ARTIST,b18f2683-ab3b-71e4-f7b6-05dfb6e14c62,show,PERFORMER
10251d79-e0fc-4cc7-900f-2cc867136cdd,Bruce Murray,SXM_HOST,b14d328d-30f0-4c28-a5c7-6fb16f2ad3a9,show,HOST
6ca915cb-cc7e-4ee8-9bd9-b905ce97a87d,Steven Levitt,SXM_HOST,2337bd03-66df-f3fa-5f6f-385fd242e405,channel-linear,HOST
15e600e2-65ce-4f21-acff-3033b795c455,"Dr. Marc Siegel, MD",SXM_HOST,97548371-5133-a4c6-373f-801a18dc3237,channel-linear,HOST
34234f68-f46a-4a93-bc17-b613a8898ffb,Jose Mangin,SXM_HOST,a9ae7544-5a13-5347-b2a9-bd99244ab93e,channel-linear,HOST
3a58a6ee-a25c-42d2-af82-55e854938e1b,Gayle King,SXM_HOST,852bc6c7-0bd8-697e-9b8c-c629f996364b,show,HOST
62470ac9-ce57-4141-8bde-8f007791847c,Jess Cagle,SXM_HOST,2d764fc0-f12f-a869-c9ce-c7c8509b265b,show,HOST
4de97846-62fc-476a-9a5a-2c3226ecd5ec,Todd Gordon,SXM_HOST,dbd13d59-ceeb-4d4b-9e57-5c07dc264238,show,HOST
1938fbc6-94ec-40a4-afe9-3f6cc49a983a,Carl Paulson,SXM_HOST,a44e273d-a7e5-c358-a8ae-39dc91ca9c30,channel-linear,HOST
7d6270c8-fde7-4147-8f49-43f5478258fe,Bryan Cranston,GUEST,eac99f15-79bd-293d-0256-62bdba7f2cf7,show,HOST
ddbef86c-961c-442b-a53c-d1abdbc773cf,Ryan Sampson,SXM_HOST,4c97d095-b8c1-162a-9d72-0c7c16f458bf,channel-linear,HOST
7ec3c9f4-d11d-497a-b193-37e0e1c81898,Rich Gannon,SXM_HOST,f3126d70-09ea-bd0c-57cd-af5ab798f313,channel-linear,HOST
55457c1f-f4b7-4872-8960-ea6a62e5c77f,Foo Fighters,ARTIST,0501862f-d093-5159-7fb5-c49af4f76b5f,show,HOST
8231c8f9-d2e1-44f7-88ca-674139e0ddf8,Kenny Chesney,ARTIST,3c47d1c1-f6c4-2f59-9110-c09e09f6be6b,show,GUEST
1cd67191-8866-483e-a473-3719c96fe736,Bully Ray,SXM_HOST,4242527a-d16b-8c35-ed91-dc3dd6665461,show,HOST
215fc1af-9508-44d0-a2ad-04192de652c2,Megless Griffin,SXM_HOST,8f2a097b-a5d4-4a78-8054-331242604ad3,show,HOST
5584a9a1-0531-42cc-8412-565d6f630c71,Lisa Loeb,ARTIST,0a75d1e0-9aa5-95fc-e34b-9c491d34f4e4,show,HOST
95ffacc4-89f7-4d34-990d-95856aee90b9,Jeff Lewis,SXM_HOST,5eaf305d-3043-c4ac-874f-fa0f08342b0c,show,HOST
29f7ce40-1a64-44c2-87a8-1ead8eca8256,Rachel Steele,SXM_HOST,5ad8659a-414a-9e26-b973-f5a229d788dd,channel-linear,HOST
2a432919-925e-4557-b3c6-e945ba58029e,Alan Light,SXM_HOST,6408d2ca-a766-60ee-242e-886f8999d63f,show,HOST
c859e58b-b062-41e2-baa4-959f1dc4d847,Earle Bailey,SXM_HOST,42bfcd90-7f1f-983b-169a-62af5d2f051d,show,HOST
a0415525-8924-4317-9544-33b469a100d8,Thom Hartmann,SXM_HOST,fb452ece-ac0c-2236-780a-d85c72fbcc88,channel-linear,HOST
8a784928-8269-4c0b-8468-ccb421239716,Sam Roberts,SXM_HOST,b7527c67-738e-1ddd-0720-a5862cceffbf,show,HOST
0d035aa8-cc5a-43b2-a26d-5a957ad9d6ef,Matt Striker,SXM_HOST,f06b4489-0684-6a4e-d2b2-2122a5056a64,show,HOST
151d96a6-4676-4da7-a97c-6003a662906a,Crystal Waters,ARTIST,15c78a20-48ff-41f2-aa4e-d0da15455c24,channel-linear,HOST
c9e504bc-1238-474c-a648-9dfa5aea2374,Ron Bennington,SXM_HOST,2da82d3d-8916-fb2f-897d-b690f00eb19f,show,HOST
cd032653-5515-4474-bf68-cd56ec970d93,Alan Hunter,SXM_HOST,630febb7-aa64-a946-6a13-92d5ac27b27e,show,HOST
576e0cc7-63eb-41e7-88c3-7be1bad19043,Billy Joel,ARTIST,45ae1d5b-a86c-1163-d607-5da7d5820bcf,show,HOST
a8956eec-f02e-4adf-97fd-aa7a3b4aa204,Ashley Flowers,HOST,813d656c-9af5-7f51-bb48-d724327d9289,channel-linear,HOST
5512ac26-532d-4b3a-95c5-b612b35c24cf,Dave LaGreca,SXM_HOST,87308df5-fa63-90e3-df36-500b8c1757a1,show,HOST
0b217687-463c-4ad8-8def-7d327e6b69e8,Will Arnett,HOST,a3c08c83-d23a-6df9-f59e-84b0cca9da0a,show,HOST
c837641e-b01b-40ee-aaf7-dfe3e3e580eb,Fiona Shea,SXM_HOST,d20ad2ef-54e7-4b1a-60b6-ff5351421cd0,channel-linear,HOST
30933ec6-d26c-4dd4-9a59-14906cdc7d35,Nicole Ryan,SXM_HOST,75c222e8-3696-7cee-6824-ecdbdadb7451,show,HOST
2e72399e-8aa1-428c-beb7-87971529acd0,Chris Doering,SXM_HOST,cfda84b5-c90d-4dff-8a73-331226bc7201,show,HOST
79dc3af2-c67a-4203-873d-62b5af672a92,Dion,SXM_HOST,91be75cc-537b-0ff4-7a38-d1983c8d99d1,channel-linear,HOST
88fa2cf8-aea0-4597-801f-a75a7964e3a4,Jim Daly,SXM_HOST,a078936b-043a-868c-3def-233ac0e49853,channel-linear,HOST
abeda02f-c342-400e-8d5a-9a4e8651143a,John Roberts,SXM_HOST,c72642d2-587c-4e15-8863-878b7b23870e,show,HOST
f09a27b9-0883-475d-bdf8-a79ba2b3c412,Ben Hartsock,GUEST,ac2bcb3d-4fe5-3227-5599-8951e495756c,show,HOST
8b638bd5-b033-4a49-a401-b8a1a5cd19f4,Tyler Terens,SXM_HOST,6abc5f08-0e98-484a-838a-a560381cc27f,show,HOST
e94bc9c4-41b1-4298-ad09-761125ad0a75,Greg McElroy,SXM_HOST,d4349585-b85d-cdcd-0adb-d4b057e06471,show,HOST
9e9bd8a5-402c-457b-8822-2294d499b4a2,Kat Corbett,SXM_HOST,202a2f0f-2c01-1163-dfc6-25675abd42ff,show,HOST
9253fdee-2788-487d-8b6e-fdd49cbb9c6b,Brad Lidge,SXM_HOST,8d9c0b16-4734-3bc4-d523-7c942cf888aa,channel-linear,HOST
04a2b1d3-2186-4172-bee6-38fba295811b,Bill Flanagan,GUEST,c3a1a3d0-46e0-5e7d-d036-90c42309f73c,show,HOST
874811ae-dacf-408b-8875-8f9dabfa6a63,Slim Jim Phantom,SXM_HOST,3b83dc80-5987-6898-e98d-a98012f700c1,channel-linear,HOST
cfb3cdbf-141a-4236-a985-0bd13badd884,Downtown Julie Brown,SXM_HOST,8753a626-6ea2-8dd6-55c5-8f5b9e1d7357,channel-linear,HOST
75eb8e53-0bf4-4a44-9ec2-468295e0b8a6,Johnny Knoxville,SXM_HOST,176daca5-6810-3a1c-49e9-39b69055e811,channel-linear,HOST
5ee3bf3c-abf5-4b90-a78a-c9a94d23c735,David Fricke,SXM_HOST,fc674189-dc0d-cd74-2a26-dc147dad0e04,show,HOST
cb865a68-42dd-4d28-b75e-7b667aa89673,Andy Cohen,SXM_HOST,9ce2456b-4db1-d7c2-f8c6-7593f172745e,show,HOST
80c6ed94-aa0e-4eea-903f-caca627b1cc9,Michelle Beadle,SXM_HOST,dcd11c53-066e-928a-1a0b-b615611abe6d,show,HOST
94611a90-4cc4-4c44-95fe-55378fa12214,Brian Simpson,SXM_HOST,62365699-324f-faa0-0603-61d154f804aa,show,HOST
0f09fbac-05f9-48e1-b0f8-f5453164f1fc,Madison,SXM_HOST,53f1ca49-64d8-2bbb-8d01-01482ed647cd,channel-linear,HOST
df276c93-3fc1-46b2-a85c-84ece61e77e6,Larry the Cable Guy,SXM_HOST,3b599f4e-a756-38b7-675e-6138b4d464f9,show,HOST
438dd61c-6dc8-4262-a659-7d29cb6d9b69,Seth Rudetsky,SXM_HOST,1ca6204b-7d4e-33d0-f38d-be80e777b896,show,HOST
4a0d8856-ad25-4870-89ac-47fddc1dc8e1,Gerry Cooney,SXM_HOST,bd99d58e-62a8-0d24-468f-7e785ad1cf0f,show,HOST
2a432919-925e-4557-b3c6-e945ba58029e,Alan Light,SXM_HOST,ce94b6b6-c378-f76e-1f4e-f2c4be7718ef,show,HOST
f2b85ef4-da64-4ba8-9817-e89fa6cd82ba,Roxanne Shante,SXM_HOST,a8449352-8551-7e73-6d9f-426a6d40a18e,show,HOST
abfb9c37-f675-4fbb-bffc-5caf0ab53289,Rosalyn Gold-Onwude,SXM_HOST,3e1f61f6-55dd-a833-9a6e-1e7933fcecc5,show,HOST
973459ad-9cf6-4c56-aa4f-4b90b7f8c63a,Julia Cunningham,SXM_HOST,2d764fc0-f12f-a869-c9ce-c7c8509b265b,show,HOST
cd420d17-bc84-402b-b4da-98e892468735,Jordan Feliz,ARTIST,c2e3e686-93a6-5d22-c818-6d8ea63bcc7c,channel-linear,HOST
c859e58b-b062-41e2-baa4-959f1dc4d847,Earle Bailey,SXM_HOST,0e727e80-61d1-42fc-b27a-09108d379fc4,show,HOST
894f2664-b7e4-4d28-b1a9-8d32f809bc2f,Paul Bachmann,SXM_HOST,c46c9810-6274-a715-a8b9-de9d4ac33873,channel-linear,HOST
b37157de-81cd-436b-9630-515cd6c939ad,Trace Adkins,ARTIST,d3253c66-e1e1-331b-02e6-71580c33791b,channel-linear,HOST
b1eddd40-b8ca-4d6a-a1aa-5088c474106c,Danny Valentino,SXM_HOST,d04d7be4-2e95-4e50-9e5c-35cabaeb9e40,show,HOST
1f229c50-e9bd-4d7f-a16b-025c2b2ecb3e,Robin Quivers,SXM_HOST,123f7d39-c99f-2f01-7900-0d4b8b010cb7,channel-linear,HOST
60e3fba8-09ce-42f3-baf2-7796b7219818,Grant Random,SXM_HOST,740d1c8f-ae81-1024-16b1-e7444b35ed5b,channel-linear,HOST
a221b7fc-740b-4101-817f-a495451f3642,Montaine,SXM_HOST,9b6e9f8d-16db-f198-8497-7bf957d949f2,show,HOST
bd6a677b-5d5c-419b-a4d0-16913b4fed4e,Jason Bateman,HOST,813d656c-9af5-7f51-bb48-d724327d9289,channel-linear,HOST
a906d107-e172-4832-b785-5932c78d5843,Rick Kamla,GUEST,39d820d9-ebe6-fb3a-7c4e-290adef92d39,show,HOST
0d015cfa-abd4-482d-847b-80607e68a89a,Bob Buchmann,SXM_HOST,7353664e-7dbf-ab5b-e2a4-50c3a11f0b7c,show,HOST
140adf09-5d19-4deb-8d07-e2b4d640e5c9,Drew Carey,ARTIST,3b83dc80-5987-6898-e98d-a98012f700c1,channel-linear,HOST
4d549208-003c-465d-a5fd-fbb6681048b7,Ultra Naté,ARTIST,f1039606-a651-1d67-ae89-8f33b8d75e07,show,HOST
8c77324d-9419-46d2-9235-de80866739c5,Will Perdue,GUEST,325f06d1-8734-0378-1ae1-66323143c249,channel-linear,HOST
f1932350-a3dd-411d-9255-fc8ded6999af,Diallo Riddle,HOST,c0da4ac1-93fc-06f1-6ccd-1d0ea0633f46,show,HOST
973459ad-9cf6-4c56-aa4f-4b90b7f8c63a,Julia Cunningham,SXM_HOST,7a1bd503-e97d-4893-7b33-8c805a14d89f,show,HOST
d970f12d-745a-486d-a7e8-d02f425b493e,Chris Powell,SXM_HOST,d318ca1f-8b95-d015-4011-b2b23c0cc494,show,HOST
8b950473-b62d-4c3b-970f-6e0c99ee0986,Casey Kasem,SXM_HOST,95d4d8ef-55e4-8337-78f1-2fda944991d8,channel-linear,HOST
cd032653-5515-4474-bf68-cd56ec970d93,Alan Hunter,SXM_HOST,7a642de7-c33f-a628-efb2-3d94a829d17b,channel-linear,HOST
5eb35ea7-28f4-452a-9847-2fe5ebb45644,Kristen Soltis Anderson,SXM_HOST,2dbb4911-9a32-b0df-8072-e0dfe2b83171,show,HOST
653506c4-be0f-4454-91b8-12aa4dfd35c1,will.i.am,ARTIST,a9aba4c2-8d10-0910-1bf3-64e01fcf3ed2,show,HOST
1f86a5de-cf6b-4ecf-8711-b42e4124514a,Greg Laurie,HOST,a078936b-043a-868c-3def-233ac0e49853,channel-linear,HOST
af260567-9374-4889-8438-7816bf7ab56e,Red Hot Chili Peppers,ARTIST,39fd43e3-a00f-bcb9-1035-94dee0634f5f,show,PERFORMER
fbbda155-85b8-4117-8cdc-8d822aa8ff1e,Katie Prejean McGrady,SXM_HOST,cc93e5fa-f744-1e97-b398-c3fc65b08fa5,show,HOST
1a2132b2-24ca-4f2b-b42a-cd2b4ba6c431,Sway Calloway,SXM_HOST,47b42f2e-4125-f0e7-20fc-5dc7aeb18809,show,HOST
c034ab6b-4330-47a0-83b8-b20042599292,L. Joy Williams,SXM_HOST,16d33b16-17c7-b8fa-1a22-7031284062f0,show,HOST
fedc2c0d-b2ca-44c0-bbc6-541e5ccdefbc,Dangerous Darren,SXM_HOST,fed8de31-8d51-8949-6c69-2035fb0485b0,channel-linear,HOST
72d8d050-6ef4-4f0c-beb7-abc8c5002879,Roy Wood Jr.,SXM_HOST,f92ad634-053d-515f-cd81-86d66f4e1ea6,show,HOST
242b2ce6-8126-4333-baf6-0c4ec546d5a5,Jimmy Jam,ARTIST,0dc5d7be-2c02-332f-477e-66a2e9b8768a,show,HOST
7d7bf7de-9b61-4d5c-9e45-d0004ea29045,Stacy Washington,SXM_HOST,9077818b-610a-7b27-a0a3-737ae47c5348,show,HOST
cda62b3a-fcab-4934-84d6-1b9d08fab9b7,Sandra Bernhard,ARTIST,b860996c-90f4-2bde-3adf-e542979f22bb,show,HOST
ddca9143-381e-421d-bdfb-b8aa9399356b,Shannon Gunz,SXM_HOST,fed8de31-8d51-8949-6c69-2035fb0485b0,channel-linear,HOST
ddbef86c-961c-442b-a53c-d1abdbc773cf,Ryan Sampson,SXM_HOST,5db586d9-4c05-a7fb-396b-5512a8f601b6,show,HOST
5ef375d7-ee0e-4de2-82e2-1a1a43790f43,Carrie Underwood,ARTIST,45d6132e-bfbb-77c6-1fa6-2393b3581636,show,HOST
2db6dc18-8bd6-44f2-bf34-2607f80c0267,Chris Carter,SXM_HOST,20801778-3df2-d607-eab5-e03de0ca7815,channel-linear,HOST
5fe6ce30-0656-416c-8219-4b5c4f3ac17d,Eric Church,ARTIST,04e45b04-19ab-3ca3-3064-4fe6320df18b,channel-linear,HOST
089d6a2e-7075-4e91-85b4-9d04a58512e3,Dr. Laura,SXM_HOST,bf022b5f-a52e-564e-c35b-4211126df403,channel-linear,HOST
b240c279-9b85-47c9-b7bf-5178e0fb427e,Brittany Luse,HOST,502371e1-c071-6b52-1587-373866f65126,show,HOST
a1399080-0c9f-4c21-92b4-8cc9cdeedf62,Danielle Peck,ARTIST,d3253c66-e1e1-331b-02e6-71580c33791b,channel-linear,HOST
cd032653-5515-4474-bf68-cd56ec970d93,Alan Hunter,SXM_HOST,2caaf183-6bd3-ac52-e60f-c8383c6f78d7,channel-linear,HOST
7094ec7e-52ff-4333-a504-7316ffd1acb2,Jim Bowden,SXM_HOST,8d9c0b16-4734-3bc4-d523-7c942cf888aa,channel-linear,HOST
9f301f89-a80f-4da8-a827-9715229de828,George Noory,HOST,01305215-db22-2cdc-7eaf-ca12c60a2643,channel-linear,HOST
35907760-e973-430c-b4c2-5bef8b70defe,David Webb,SXM_HOST,6739babb-7975-e60e-1835-fbacd4bbd855,channel-linear,HOST
46ac1ae9-7b9a-495b-a783-746d2f4bd846,Yamaneika Saunders,HOST,ab6a16eb-6e7b-6933-1dd1-8b04fbc922ed,channel-linear,HOST
19d1cda9-a759-4ede-a769-4ad78269872b,Mary Sue Twohy,SXM_HOST,2fe63194-f70f-4354-b0b2-72fdb1ce531b,show,HOST
68903b16-7885-46dc-8616-ecfd700d054d,LeSean McCoy,HOST,9e3b50de-a69b-33f9-24d0-1eb608026d52,show,HOST
5a8182b2-42c0-4092-b3c9-817ceb3da0a4,Sona Movsesian,SXM_HOST,fe3487e4-b0d5-e694-ce09-4a0ede2ea38c,show,HOST
5fb47d61-98f4-4b2c-9dba-658d4c59f8ee,Coldplay,ARTIST,777cb21e-e5d6-99e7-2100-18f4ac7c1e2f,show,HOST
8a90b97e-bdd3-46bb-98aa-692232222fbd,Buzz Brainard,SXM_HOST,0ae97635-5108-3a3d-30d0-d176dc850a8c,show,HOST
ffce6faf-5338-4145-9b6e-fe76bff07eca,Glenn Crooks,SXM_HOST,34cec5b0-655f-3413-79ec-bc9706ab9aa4,show,HOST
bdb37a22-2577-427a-8fd2-d6b066a0a865,BeBe Winans,ARTIST,25de1705-19ad-6f6e-d45f-3f8775a37800,channel-linear,HOST
81e8e5b2-883a-4a35-b52e-67267346c524,Macie Banks,SXM_HOST,f2f46a3e-7d4f-c900-ab8a-ca93489ca701,channel-linear,HOST
4a3f8765-4b92-44d9-9068-67e86783064a,Nikki Glaser,ARTIST,331a32e8-27bd-40e0-4991-1a0d138ba56e,show,HOST
9b77e4e6-b65e-47be-a537-3526fab35a37,Tony Fly & Symon,SXM_HOST,67cb58e6-305e-3599-85c4-a1e3ef216662,show,HOST
5cc4c7f4-feb4-4f50-869e-145a61cf42fd,Adam Schein,SXM_HOST,472b0fd3-d495-4410-a858-046b5ad9a5a4,show,HOST
f09a27b9-0883-475d-bdf8-a79ba2b3c412,Ben Hartsock,GUEST,d9dcf813-1a1a-2f92-a53f-e372ffc235ea,channel-linear,HOST
01d37bbb-09b1-403a-8abc-6a241e3b2533,Jon Gabrus,HOST,7d22fea8-0a0e-a1b2-e21d-1a66aa71f9ee,show,HOST
9e92cc1d-11f7-4db2-89bb-170531848c23,Chris Spatola,SXM_HOST,4aeddc67-d0c4-c804-b5c6-eafb1d506167,show,HOST
9c81b45d-3e15-4fce-8a45-f9a515ee1bcc,Lisa Ann,SXM_HOST,4b80d138-82b4-5972-e05f-2d33b896be44,show,HOST
9c1eefbb-aed3-41eb-821f-3ea1bd46841f,Shawn Winkler,SXM_HOST,634ea01e-4ae2-c7e8-7567-138965e8a6fe,channel-linear,HOST
22cf61b0-906e-4c17-920f-a2d9192ef356,Amy Sedaris,GUEST,999049ae-7e1e-2be1-d752-11b534b98371,show,HOST
034271a4-2f41-4db5-8c46-29135a5b2112,Cody Alan,SXM_HOST,f2f46a3e-7d4f-c900-ab8a-ca93489ca701,channel-linear,HOST
618c4071-80ac-4f35-bd4a-529c2c78d06e,Fortune Feimster,SXM_HOST,96f5d0e4-ebff-564a-6c39-70a4a642e360,channel-linear,HOST
2db6dc18-8bd6-44f2-bf34-2607f80c0267,Chris Carter,SXM_HOST,3a03329c-f9d5-8842-0d01-d5c305364b2c,show,HOST
391ea97f-d0ef-4d0e-9aa9-65722d4844aa,Dallas Wayne,SXM_HOST,6dae9e42-95f6-d1f4-32e7-4d32840a1005,show,HOST
bc21328b-c8b9-46b3-b86c-0df34a6bab13,Chris Jericho,SXM_HOST,03608703-837a-929e-9b3c-b50900ce418c,show,HOST
5512ac26-532d-4b3a-95c5-b612b35c24cf,Dave LaGreca,SXM_HOST,53657570-9e2a-4c74-b69c-7739625b021e,show,HOST
bf05e17d-bf08-4a31-9e95-38456e0d9219,Ania Hammar,SXM_HOST,7294dcf9-bb88-4c4e-abf0-9230d4554a3b,show,HOST
9ba6b697-c0cd-4ccd-a2df-b6468db7ef29,Afrojack,ARTIST,79141559-9e6f-36a0-94f2-f4c8c195fefc,show,HOST
88fb440c-fca1-441a-b40d-a94d1258f477,Earthquake,SXM_HOST,ab6a16eb-6e7b-6933-1dd1-8b04fbc922ed,channel-linear,HOST
c7aef8e7-6fc1-49c0-8828-a5029174f6ac,Tommy London,SXM_HOST,b8b47809-4e8e-f556-8325-bd45fa3d4dc4,channel-linear,HOST
f5a822e1-e05e-4641-b430-0703e685ed61,Eddie Trunk,SXM_HOST,b8b47809-4e8e-f556-8325-bd45fa3d4dc4,channel-linear,HOST
c93662e5-b5a8-4c81-9e49-b50c20bf352a,Kristine Stone,SXM_HOST,7a642de7-c33f-a628-efb2-3d94a829d17b,channel-linear,HOST
7804ae9e-2188-40be-86de-92f54f5f5a0f,Morning Mash Up,SXM_HOST,db1924a4-0461-d111-2d1d-2e9070916d02,show,HOST
829db8a4-90ad-4284-abc6-697ec1503e22,Stanley T,SXM_HOST,194adbca-34d6-cb94-b153-3488ee563308,channel-linear,HOST
f48a45c8-068f-422e-b8c7-1adb32f65b78,Bob Harris,SXM_HOST,0f0c71b9-d98c-bc50-e49e-41eb3e065fa6,show,HOST
981ca18f-ba86-4605-9f77-8dc149db7fbe,24KGoldn,ARTIST,194adbca-34d6-cb94-b153-3488ee563308,channel-linear,HOST
ed139028-7a3f-4d0a-99e6-b9c7e22573ec,Tom Papa,ARTIST,0c8ec1e3-f152-0ea1-3b45-35f7ec816990,channel-linear,HOST
9c81b45d-3e15-4fce-8a45-f9a515ee1bcc,Lisa Ann,SXM_HOST,36a69b8e-cd2a-6e1a-977b-67d9b5723e46,show,HOST
57750f1b-62d3-4c0d-a687-d90f0867778e,Chloe Veitch,SXM_HOST,55c0d0e6-604c-3097-ca95-00d7c01c7b91,show,HOST
1ea3db59-d5a8-4b51-af9f-5821f4e427ca,Lino Rulli,SXM_HOST,2ac8d004-667a-4c54-8832-766343d5842c,show,HOST
76396ddc-04a8-4e5f-94c0-89dbdd0ba574,Mikey Piff,SXM_HOST,4c97d095-b8c1-162a-9d72-0c7c16f458bf,channel-linear,HOST
99c4582c-b159-42c6-a265-8c2b84788280,Little Steven,SXM_HOST,ec84fd32-44ab-4d83-e7d1-7053e877aeae,show,HOST
ec8e3eb2-40bf-4068-8b1f-9d7906a86675,Mark Henry,SXM_HOST,098425c8-142d-9ee9-3d45-bc5f7b284bd4,channel-linear,HOST
275ce8ed-8e72-48aa-b66b-2c39610cba60,Craig Morgan,ARTIST,614aedc5-432d-dab4-a3ec-bd807ed21b66,show,PERFORMER
1d412291-06b7-42a3-8f9f-bddb66377f2f,Stephanie Miller,SXM_HOST,fb452ece-ac0c-2236-780a-d85c72fbcc88,channel-linear,HOST
8b950473-b62d-4c3b-970f-6e0c99ee0986,Casey Kasem,SXM_HOST,599272fd-5f1e-4681-777a-5218955a7930,show,HOST
28362a29-9c95-47d2-8380-89621451e055,Anthony Herron,SXM_HOST,d9dcf813-1a1a-2f92-a53f-e372ffc235ea,channel-linear,HOST
1726c332-3352-4947-86e4-176dcd207630,Noel Gallagher,ARTIST,5cf346d0-7cf3-4afb-e441-940bbe58ab35,show,HOST
cd032653-5515-4474-bf68-cd56ec970d93,Alan Hunter,SXM_HOST,7a642de7-c33f-a628-efb2-3d94a829d17b,channel-linear,HOST
45de66f5-03fc-4581-9723-237e1b5bd09c,Jimmy Sturr,ARTIST,25d4ac6d-d139-43c8-8b36-ec033e2e38dd,show,HOST
b240c279-9b85-47c9-b7bf-5178e0fb427e,Brittany Luse,HOST,22b6d419-0bc3-31f7-c9dd-53ca6c673d8c,channel-linear,HOST
5cc4c7f4-feb4-4f50-869e-145a61cf42fd,Adam Schein,SXM_HOST,67f0bdfa-fa47-2747-0b01-b5cbb3e5dcbc,show,HOST
5ee3bf3c-abf5-4b90-a78a-c9a94d23c735,David Fricke,SXM_HOST,6720c7d3-c3c9-9331-48d5-3189692a71e6,show,HOST
ed4c853c-def0-4482-8892-acf445d94c92,Lisa Marie Presley,ARTIST,747d7589-41df-5366-7624-c857e348b84b,show,HOST
69cd0fc0-ec1b-4293-b36d-cd42ec563da9,Shannon Sharpe,HOST,65ad5021-6a32-11d8-c0ba-fc1fbad653f6,show,HOST
215fc1af-9508-44d0-a2ad-04192de652c2,Megless Griffin,SXM_HOST,7e8a8f9b-cf29-0d29-2cd3-7f380e156ad6,show,HOST
973459ad-9cf6-4c56-aa4f-4b90b7f8c63a,Julia Cunningham,SXM_HOST,315540ac-8115-beac-8571-e2323a420d4a,show,HOST
a6a20c29-2f93-436b-aa41-ce34ad4e16f1,Nathaniel Rateliff & The Night Sweats,ARTIST,aa0d8f33-611b-ebc2-6b4b-b08c979f6ae8,show,PERFORMER
bec4a9f0-3ff8-4918-b2fd-74416c212c39,Christopher O'Riley,ARTIST,1f469060-f19a-4401-ac03-3e0ec728a3f3,show,HOST
23d6b91e-5b90-4c4d-9ac0-48c79034beb3,Christopher Russo,SXM_HOST,1e2ea7be-d430-f952-e0ac-8e5cab280b8b,show,HOST
ab25359e-3ee9-4d77-8903-74158d3b2c35,Amy Phillips,HOST,d4f95f57-94ad-cc90-44b2-d6d2a19d9de4,show,HOST
5512ac26-532d-4b3a-95c5-b612b35c24cf,Dave LaGreca,SXM_HOST,9fa1969a-1ae2-ade4-96bf-83365a3929c1,show,HOST
8b74ce98-5fe1-4c0b-adf2-d6d26da4a9bf,Michael Fabiano,SXM_HOST,66e0c959-ced8-2958-5d2c-c19ca4f770a4,channel-linear,HOST
5a8182b2-42c0-4092-b3c9-817ceb3da0a4,Sona Movsesian,SXM_HOST,dd21ed4a-49e7-ae02-3a61-cd730602a389,channel-linear,HOST
23d6b91e-5b90-4c4d-9ac0-48c79034beb3,Christopher Russo,SXM_HOST,b4eeb7a0-19d5-f099-d704-e70dec4af547,show,HOST
81e8e5b2-883a-4a35-b52e-67267346c524,Macie Banks,SXM_HOST,ffd94bb6-5368-67ae-91be-5b2bababeca0,channel-linear,HOST
63b3b4d7-00ff-4137-9927-2f1fddee2d33,Robin Lundberg,SXM_HOST,098425c8-142d-9ee9-3d45-bc5f7b284bd4,channel-linear,HOST
238493ba-01ed-475c-b146-1ab1389a7c19,Al Roker,SXM_HOST,e64314c9-05a0-4802-38b6-8899427fd652,show,HOST
cf66eef5-8d36-4828-b370-08093a469c49,Kelly Ripa,SXM_HOST,5a542754-587f-e997-8805-737eb62a56e4,show,HOST
f5a822e1-e05e-4641-b430-0703e685ed61,Eddie Trunk,SXM_HOST,fe08419e-8d06-eac2-851e-c5d3d84a9d9b,show,HOST
67390169-c16a-459b-ab99-bf591c4b1777,Jon Lovett,SXM_HOST,f8b53ad2-8ef0-b5ac-944a-2354733024af,show,HOST
3c13422a-0df2-47b9-8cb0-50c10dbd5ba8,Heather B,SXM_HOST,255682b9-78d5-0279-ca90-fb6b37c87592,channel-linear,HOST
52b192c8-2aba-4090-b655-c38fa54a4893,Julie James,SXM_HOST,adc27a20-6fc4-7269-5ca6-4a492f7dfa55,channel-linear,HOST
bc029f26-105c-453d-ba74-30d1d2e0d4a8,Richard Blade,SXM_HOST,ba6e613c-2f85-0a7d-d848-01dae3ee201d,show,HOST
5bd3f9ae-5a41-49df-bb4c-85c7046dbfc2,Marcus Miller,ARTIST,e6333906-2e89-6c07-59d6-36d09248b8dc,channel-linear,HOST
a8956eec-f02e-4adf-97fd-aa7a3b4aa204,Ashley Flowers,HOST,5765a76b-2d75-81c5-7a14-dbc40aeef81b,show,HOST
8a784928-8269-4c0b-8468-ccb421239716,Sam Roberts,SXM_HOST,4eb8ebcb-1667-242d-8437-c868f76fc9f1,show,HOST
5c1e9c5e-c064-4c81-9875-af91c12a3d23,Sinclair Skinner,SXM_HOST,15c78a20-48ff-41f2-aa4e-d0da15455c24,channel-linear,HOST
21798dc1-3e87-4e39-8075-c2efadde4cfa,John Fugelsang,SXM_HOST,fb452ece-ac0c-2236-780a-d85c72fbcc88,channel-linear,HOST
edd3dd88-1ff0-42e3-8718-b54ea835001d,Michael Smerconish,SXM_HOST,c4387c03-bf69-4899-596e-fce650f0642c,show,HOST
0de07cc7-3432-45f7-9778-53a034c3041e,Smith Sisters,SXM_HOST,20753245-bf6c-f526-9ada-0d0be522d73f,show,HOST
06f07f95-1c9a-4c5e-b662-ae55c0099872,Joe Madison,SXM_HOST,7b8711dc-b379-e23f-4b06-5d6f782b5882,show,HOST
6004a941-b264-4583-952b-3640768d1182,Benmont Tench,ARTIST,0aae3507-34d9-0678-1ece-526c94395f49,show,PERFORMER
e4ed5636-1395-4187-8121-8050160157de,Jenny Eliscu,SXM_HOST,804a5411-b234-1188-27da-f01197103886,channel-linear,HOST
0139c5b4-585f-41bb-a8d2-16e1a6c02709,Father Dave Dwyer,SXM_HOST,9d44a3fb-22a5-4f52-bb2e-d6a6364668c8,show,HOST
49c48b39-ea4e-4af6-8b14-042760ad346f,Mina SayWhat,SXM_HOST,c2a517d4-c02f-06eb-77cf-f81bfa719188,channel-linear,HOST
391ea97f-d0ef-4d0e-9aa9-65722d4844aa,Dallas Wayne,SXM_HOST,0aee72ed-5dd8-2848-3567-d8809e123cd1,channel-linear,HOST
acf8a01d-96b8-4174-bd0d-dd32abd9887b,Steven Kapp Perry,SXM_HOST,ffbdc12f-4ed9-0896-af68-a1353b5f0b7b,channel-linear,HOST
8d4b50f8-d37e-4ebf-905c-5c9f39119234,Barenaked Ladies,ARTIST,d9ebeb03-efdb-deae-2c98-530cea3f002d,show,HOST
89f5a7b1-4781-469b-b290-e45cd03358c2,Symon,SXM_HOST,67cb58e6-305e-3599-85c4-a1e3ef216662,show,HOST
9e5f781c-b7e0-44ba-bfc0-6c1687bcecaa,Aaron Murray,SXM_HOST,e99f5dde-57e1-9d0b-e16b-2691202d48da,show,HOST
d38bdbed-7461-4022-b6e9-e3a45c74c001,Kevin Frandsen,SXM_HOST,4c4d60e0-db5c-22bd-b127-e0cb8cd8985f,show,HOST
67b121f7-9bd5-4cdd-9235-041a4bfc11cb,Tyler Perry,HOST,da10e080-3102-9ec0-29df-4982b9ca09f5,show,GUEST
d040cfe5-c444-4af2-807f-2715141a1651,Hillbilly Jim,SXM_HOST,176daca5-6810-3a1c-49e9-39b69055e811,channel-linear,HOST
cf777b78-d53d-4f26-be8c-1ac9b7805043,Dax McCarty,SXM_HOST,98ff988e-1382-b5c4-094e-d75fdeac234d,show,HOST
e9ecebce-7928-415e-a4f0-5dadaa453eb1,Kim Ashley,SXM_HOST,9e8d6f72-0b59-85cf-a222-b18d38acdc0f,channel-linear,HOST
e9189f03-c1c9-4d1d-a313-a77094db9324,U2,ARTIST,9f065cea-f71e-efa3-adee-d7b662739283,show,PERFORMER
1018267a-5fde-405e-90de-9af07cec4f85,Clay Cane,SXM_HOST,2b3478bf-5efc-4433-7420-b1b580e7ffde,show,HOST
51ab4b4e-0abd-4e7a-b787-a9890007beed,Scotty,SXM_HOST,634ea01e-4ae2-c7e8-7567-138965e8a6fe,channel-linear,HOST
f9f3553a-d83b-4fd7-a29e-42cb1e2c50f9,Tinx,SXM_HOST,6c27c1b5-0798-ee0b-0395-0e7ed96fd4fc,show,HOST
c389715b-d7ab-41f2-8792-b4686a88b987,Jody Watley,ARTIST,7b32233d-bf01-9654-d97f-9e261aad3d8f,channel-linear,HOST
86d2b065-d2a4-48e4-8b4e-1a140e6cdc58,Julie Mason,SXM_HOST,43993462-1c73-efb8-29e5-0c4652cf8e4f,channel-linear,HOST
a19f8f56-768c-49fd-a553-7dcc49edac7f,Jason Gray,SXM_HOST,bf9950a1-90fd-246c-4b6a-f8732e87123e,show,HOST
e9ecebce-7928-415e-a4f0-5dadaa453eb1,Kim Ashley,SXM_HOST,cb31eeb9-c527-c994-9cc3-cd6ea53d30e7,channel-linear,HOST
f8ba124f-fba7-4a35-b79d-d6951f1b6daf,James Menendez,SXM_HOST,94c2e264-8354-4636-b04c-a92a584478de,show,HOST
f2b85ef4-da64-4ba8-9817-e89fa6cd82ba,Roxanne Shante,SXM_HOST,61d7413a-443e-9116-a0f3-6ca898eb44d1,show,HOST
90aab0df-cb3a-4e78-9e91-eb9c48d4fa7a,Purple Disco Machine,ARTIST,2894011d-16ad-1301-1e9c-9a80a986aaf9,show,HOST
903576d4-db2a-49e0-acaa-7447f862e098,Zerlina Maxwell,SXM_HOST,fb452ece-ac0c-2236-780a-d85c72fbcc88,channel-linear,HOST
017b0f93-12a0-4174-90aa-02b3f6d337f4,Swaggy Sie,SXM_HOST,416cc271-1562-278a-fe8a-ca1903eb58e3,show,HOST
017b0f93-12a0-4174-90aa-02b3f6d337f4,Swaggy Sie,SXM_HOST,bd54fc02-e063-0e3e-0cbb-4ceafef734e7,channel-linear,HOST
83ab786a-43df-4c0f-ac66-564637a861bc,George Carlin,ARTIST,84638073-0d0a-4611-abcc-d353bfbffbe0,show,PERFORMER
a1399080-0c9f-4c21-92b4-8cc9cdeedf62,Danielle Peck,ARTIST,86354d3a-d250-f03d-3884-f02141c622cf,show,HOST
0dc8f48c-6785-4738-8bae-8bcbf42beb73,Spyder Harrison,SXM_HOST,038e9a9a-4878-7561-521b-5d432a0798a0,channel-linear,HOST
c859e58b-b062-41e2-baa4-959f1dc4d847,Earle Bailey,SXM_HOST,e3041d19-daa5-6517-8c73-41976582d1f9,channel-linear,HOST
fbbda155-85b8-4117-8cdc-8d822aa8ff1e,Katie Prejean McGrady,SXM_HOST,88c59be1-adab-d9c1-ee63-05fdef54f094,channel-linear,HOST
29f7ce40-1a64-44c2-87a8-1ead8eca8256,Rachel Steele,SXM_HOST,3680d71b-56ae-472c-3951-600d389a121d,channel-linear,HOST
81e8e5b2-883a-4a35-b52e-67267346c524,Macie Banks,SXM_HOST,ffd94bb6-5368-67ae-91be-5b2bababeca0,channel-linear,HOST
e6d3162e-a5cc-4b1c-bba1-3781c78634e7,Ozuna,ARTIST,30657d95-0a07-a352-d0c5-500e89751477,show,PERFORMER
cb865a68-42dd-4d28-b75e-7b667aa89673,Andy Cohen,SXM_HOST,a5420c0b-0cf4-5446-61d1-4062e6a435ce,show,HOST
1a2132b2-24ca-4f2b-b42a-cd2b4ba6c431,Sway Calloway,SXM_HOST,255682b9-78d5-0279-ca90-fb6b37c87592,channel-linear,HOST
0f09fbac-05f9-48e1-b0f8-f5453164f1fc,Madison,SXM_HOST,ae192c53-c2a1-4ad9-88ca-a91bd04b349b,show,HOST
58cdfc84-25c6-4361-86f3-9dde0207d528,Mark Goodman,SXM_HOST,b6e7e65c-5d73-8930-ff21-b8277a17430a,show,HOST
b20e5d0b-c48a-4708-b7ef-03282e889e9f,Rob Lowe,HOST,813d656c-9af5-7f51-bb48-d724327d9289,channel-linear,HOST
7539fb1b-661e-4b25-9b73-dbd50d940a9d,Alex Marvez,SXM_HOST,9980faf4-118e-2556-07f6-62799391ee16,show,HOST
5584a9a1-0531-42cc-8412-565d6f630c71,Lisa Loeb,ARTIST,c9256031-1123-f35f-4d49-1ba4d5379258,channel-linear,HOST
88fa2cf8-aea0-4597-801f-a75a7964e3a4,Jim Daly,SXM_HOST,a078936b-043a-868c-3def-233ac0e49853,channel-linear,HOST
2d3b8258-2d39-4eba-b49e-3b91745309cb,Geronimo,SXM_HOST,1fca2aea-2a42-763d-0171-8bda639a1fad,show,HOST
9e9bd8a5-402c-457b-8822-2294d499b4a2,Kat Corbett,SXM_HOST,c1a3ffd0-327d-1f53-200e-6896c3ed9224,show,HOST
bd923964-afad-40ba-ab82-db57d833eb73,Nathaniel Rateliff,ARTIST,f72229a1-1e80-fbee-a717-874b07dce393,show,HOST
bc8f4bb3-1a10-44bb-aeed-7e8fd47c9549,Terry Gross,SXM_HOST,22b6d419-0bc3-31f7-c9dd-53ca6c673d8c,channel-linear,HOST
215fc1af-9508-44d0-a2ad-04192de652c2,Megless Griffin,SXM_HOST,b324df05-9216-6f49-a819-4e1e9f6fc8a3,show,HOST
576e0cc7-63eb-41e7-88c3-7be1bad19043,Billy Joel,ARTIST,c19ded57-8d46-13b3-211b-5d644577d151,show,HOST
edd3dd88-1ff0-42e3-8718-b54ea835001d,Michael Smerconish,SXM_HOST,43993462-1c73-efb8-29e5-0c4652cf8e4f,channel-linear,HOST
cd032653-5515-4474-bf68-cd56ec970d93,Alan Hunter,SXM_HOST,63289cee-e343-696e-65b9-6ae533a33540,channel-linear,HOST
ed2c65f6-6bf8-423e-92dc-b87e7417743b,Rich Eisen,SXM_HOST,04b2a781-8a7b-e44b-97c1-e32586477952,channel-linear,HOST
89f5a7b1-4781-469b-b290-e45cd03358c2,Symon,SXM_HOST,194adbca-34d6-cb94-b153-3488ee563308,channel-linear,HOST
d2abf286-3802-44b1-984a-d8ee010545b5,Laura Coates,SXM_HOST,06a93272-371e-e3b1-8588-9054198462ce,channel-linear,HOST
8baec0c0-94e1-4ef3-90ac-2bd18d7a03f4,The Chainsmokers,ARTIST,efc86601-2a0b-14db-9b49-de5dfdc916ee,show,HOST
1bcae0f2-d614-4f97-b1b8-43dd01f867c2,John Mayer,ARTIST,f8c09e75-d088-8f6b-f3cf-d9bde2aac0db,show,PERFORMER
576e0cc7-63eb-41e7-88c3-7be1bad19043,Billy Joel,ARTIST,064513bb-d33d-dff2-730b-3e9fa57391ed,show,HOST
f714020c-975d-426a-95a3-287ef0a9db12,Andrew Wilkow,SXM_HOST,6739babb-7975-e60e-1835-fbacd4bbd855,channel-linear,HOST
abeda02f-c342-400e-8d5a-9a4e8651143a,John Roberts,SXM_HOST,659309e1-6820-ce9f-c227-b9ebbe92ef8a,show,HOST
3c13422a-0df2-47b9-8cb0-50c10dbd5ba8,Heather B,SXM_HOST,2022dfab-580f-675f-6aad-00aad9c3be9b,channel-linear,HOST
9ec25401-ab16-4f4d-89e9-2bcda6ffe55c,Robert Krulwich,HOST,a2e7dc2c-150e-ee96-f253-ea622a9c9491,show,HOST
fce122a7-feec-4864-91db-64661998e6e7,Shaggy,SXM_HOST,05cd3a1a-d292-3b8e-e8c9-1566d0726994,channel-linear,HOST
ddca9143-381e-421d-bdfb-b8aa9399356b,Shannon Gunz,SXM_HOST,0fed9647-cc82-24d7-526d-98762e8a52cd,channel-linear,HOST
67922d54-55c2-49cd-87e7-83b8bfc0d9d5,Gwen Stefani,ARTIST,3ff29edd-711e-ec5b-1bc8-d6dddddd2487,show,PERFORMER
1018267a-5fde-405e-90de-9af07cec4f85,Clay Cane,SXM_HOST,fb5bc33e-a51e-d1dd-d547-3d80e0b8324c,channel-linear,HOST
c9e504bc-1238-474c-a648-9dfa5aea2374,Ron Bennington,SXM_HOST,9d99e47e-ea5a-6a03-a674-517ce6ffd4ac,show,HOST
f94af6d7-794c-487d-b9e4-b764240811ee,Rich Davis,SXM_HOST,71fabafa-4967-ee17-96b5-5d2a372b5544,show,HOST
e01bb338-0b76-4ee7-9617-f6d2ffed92b5,Joe Scarborough,SXM_HOST,314a104a-2ca3-482f-b97e-e8c1934d0625,show,HOST
52b192c8-2aba-4090-b655-c38fa54a4893,Julie James,SXM_HOST,8fd9d706-4835-ee23-d380-7117a90facd5,show,HOST
b8c174f0-ffb3-44ba-bb3a-55c92408d775,Jenny Cavnar,SXM_HOST,8d00e9c6-7095-6d39-aaf7-9d1131f47b65,show,HOST
576e0cc7-63eb-41e7-88c3-7be1bad19043,Billy Joel,ARTIST,aed8218b-f5fa-c4aa-ba10-7c9acf909323,show,HOST
1ea3db59-d5a8-4b51-af9f-5821f4e427ca,Lino Rulli,SXM_HOST,88c59be1-adab-d9c1-ee63-05fdef54f094,channel-linear,HOST
6eed3020-3671-4579-bafd-b521650f27c3,Marky Ramone,ARTIST,65f04311-3581-256c-97b9-279838d6ff5e,channel-linear,HOST
a1f7491a-f6d1-48da-9864-e81c27928fcd,Angela Duckworth,SXM_HOST,8699c579-390d-9c06-2cab-cb5e881b325e,show,HOST
55457c1f-f4b7-4872-8960-ea6a62e5c77f,Foo Fighters,ARTIST,d14a307f-d01c-ded8-2811-bf3c93e12283,show,HOST
5ee3bf3c-abf5-4b90-a78a-c9a94d23c735,David Fricke,SXM_HOST,bf2f2b31-7451-b40c-bc2a-8822d0b33f86,show,HOST
58973865-c476-47f3-9f1b-733fac246df7,Harry Jowsey,HOST,01005abe-6bf5-7111-8f9e-92bbb5df00c0,show,HOST
89c9bcb8-704a-435e-a047-30840e7ee70d,Diplo,ARTIST,442fe724-a711-dbd1-59df-a24b6e11ac56,show,HOST
78875057-1f88-4edc-83d9-f6843e6672fd,Jimmy Smith,SXM_HOST,098425c8-142d-9ee9-3d45-bc5f7b284bd4,channel-linear,HOST
ddca9143-381e-421d-bdfb-b8aa9399356b,Shannon Gunz,SXM_HOST,4fb810de-8116-48da-a015-3f7b7b310f37,show,HOST
31d868a7-0dc8-4668-8206-3d3ef8c0fed4,Michael Yo,ARTIST,40c3d189-9611-e59f-5808-7847e294642e,channel-linear,HOST
b57ad009-2579-4095-ae30-4ab04ef9933d,Nick Wright,SXM_HOST,9ae4c4d3-3073-f79a-a422-2b96a438fee1,show,HOST
4a02b0ae-653c-4569-a312-f5c2b1070e36,Jimi Hendrix,ARTIST,744ed6b7-7d1c-d8c7-990c-d2ed2d6a8280,show,PERFORMER
1729aa27-b7cb-437a-8e31-bdf84ec04a8a,Mika Brzezinski,SXM_HOST,314a104a-2ca3-482f-b97e-e8c1934d0625,show,HOST
8a90b97e-bdd3-46bb-98aa-692232222fbd,Buzz Brainard,SXM_HOST,17eda56f-afb3-ed1a-0092-45f575088e82,show,HOST
bb6f09fc-b980-4378-8b69-3417a68133a3,Paris Hilton,ARTIST,7df75f72-be56-e2f8-a093-3d3e1d68e7ba,show,HOST
88678b1c-a036-4907-9845-d9a15e0734e3,Punkie Johnson,ARTIST,ab6a16eb-6e7b-6933-1dd1-8b04fbc922ed,channel-linear,HOST
27158217-f487-4931-b566-384c1f05d26d,Mina Kimes,HOST,4a4c6c22-787c-90f5-5c4b-bd635d3972b9,channel-linear,HOST
cd032653-5515-4474-bf68-cd56ec970d93,Alan Hunter,SXM_HOST,2cf43bc7-a226-59c8-45bc-9069879ef74d,show,HOST
bf05e17d-bf08-4a31-9e95-38456e0d9219,Ania Hammar,SXM_HOST,86354d3a-d250-f03d-3884-f02141c622cf,show,HOST
ddca9143-381e-421d-bdfb-b8aa9399356b,Shannon Gunz,SXM_HOST,a9ae7544-5a13-5347-b2a9-bd99244ab93e,channel-linear,HOST
1cd67191-8866-483e-a473-3719c96fe736,Bully Ray,SXM_HOST,80867fa3-093f-b076-bedc-af8d71cb54ab,channel-linear,HOST
58cdfc84-25c6-4361-86f3-9dde0207d528,Mark Goodman,SXM_HOST,2caaf183-6bd3-ac52-e60f-c8383c6f78d7,channel-linear,HOST
ddbef86c-961c-442b-a53c-d1abdbc773cf,Ryan Sampson,SXM_HOST,fd968f25-ddc7-8a04-d64d-21b3bcd53438,show,HOST
e9ecebce-7928-415e-a4f0-5dadaa453eb1,Kim Ashley,SXM_HOST,9e8d6f72-0b59-85cf-a222-b18d38acdc0f,channel-linear,HOST
0dc8f48c-6785-4738-8bae-8bcbf42beb73,Spyder Harrison,SXM_HOST,4c97d095-b8c1-162a-9d72-0c7c16f458bf,channel-linear,HOST
65db9eb6-6b4f-4385-94cf-a757cda409af,Ayman Mohyeldin,SXM_HOST,95bffee3-e903-ca28-6332-1b94f41a8962,channel-linear,HOST
43fc3b13-94f3-45ae-85c7-ea9324a6e723,Chris Wittyngham,SXM_HOST,06b29031-300d-a8c0-bde9-5aaea4daf39d,show,HOST
617331b3-4f87-491d-be8f-701c9aec673c,Woody Harrelson,HOST,65e867ff-7c50-84f2-2310-c90c10e21897,show,HOST
31ca9413-5fea-4d8c-a89f-27bf717aba11,Amelie Lens,ARTIST,f2c5691b-5fe5-2272-1940-c31dc7af3df0,show,HOST
017b0f93-12a0-4174-90aa-02b3f6d337f4,Swaggy Sie,SXM_HOST,5239e722-9c0f-81bc-02f5-1928cae81c60,show,HOST
c6f79647-5ae8-4253-9d97-8a15fac07892,Frank Isola,SXM_HOST,86958740-3176-bf1b-9028-b69eb6739e8b,show,HOST
8baec0c0-94e1-4ef3-90ac-2bd18d7a03f4,The Chainsmokers,ARTIST,9c911c97-e663-a5bd-efb6-d15da296c552,show,HOST
2c7a09d2-504e-4339-9dfe-49a6cedf2ee2,Sequoia Holmes,SXM_HOST,d20ad2ef-54e7-4b1a-60b6-ff5351421cd0,channel-linear,HOST
bc029f26-105c-453d-ba74-30d1d2e0d4a8,Richard Blade,SXM_HOST,7167378f-9caf-65fa-deb9-dd031a4097df,show,HOST
bc8f4bb3-1a10-44bb-aeed-7e8fd47c9549,Terry Gross,SXM_HOST,22b6d419-0bc3-31f7-c9dd-53ca6c673d8c,channel-linear,HOST
ddbef86c-961c-442b-a53c-d1abdbc773cf,Ryan Sampson,SXM_HOST,69defb18-7f8a-482f-a493-641fdbb500a8,show,HOST
c9e504bc-1238-474c-a648-9dfa5aea2374,Ron Bennington,SXM_HOST,e0d9faa8-f4ef-dac1-12f0-8affa9bcf975,show,HOST
95ffacc4-89f7-4d34-990d-95856aee90b9,Jeff Lewis,SXM_HOST,c2144e7c-f3b3-29b4-0ace-c7abdc77f2c9,channel-linear,HOST
7094ec7e-52ff-4333-a504-7316ffd1acb2,Jim Bowden,SXM_HOST,ce323528-a948-4934-a68a-d28f4f7f4bc9,show,HOST
c3c2125d-73e6-40c1-be29-5750692c1450,The Allman Brothers Band,ARTIST,7492d3c2-54e0-d38e-afb4-508ad2cadecd,show,PERFORMER
5512ac26-532d-4b3a-95c5-b612b35c24cf,Dave LaGreca,SXM_HOST,5299813b-b120-b278-242e-67ad85a1e41b,show,HOST
60e83aff-8da9-4a35-b297-f2d024659d36,Dana Perino,HOST,00e5dbc2-3f5e-f6d8-d2a4-0a40a1102650,show,HOST
291c7147-5282-4749-8433-cad790bd47f8,Phish,ARTIST,5e56fb0d-eb7c-4efd-9dba-9a87a6cc4ea5,show,HOST
3b504016-f190-4452-b4db-8afc36457950,Iliza Shlesinger,HOST,05e4e57b-642d-5fef-5cd3-bcec95e046ce,show,HOST
8b014677-25c7-4edc-be6b-3eec44bed44c,Mike Rowe,HOST,0da424d3-965b-2ca3-ac3b-5c503b33d588,show,HOST
d910e79a-948d-4203-9470-8dd65b0561fb,Laura Cantrell,ARTIST,20801778-3df2-d607-eab5-e03de0ca7815,channel-linear,HOST
62470ac9-ce57-4141-8bde-8f007791847c,Jess Cagle,SXM_HOST,8ab3e65d-2b6a-8998-5f65-2bee7cbf38ae,show,HOST
25cf7d58-a248-4778-af00-027a434b31f1,Bill Gaither,ARTIST,8a38c48f-9f99-17ce-8a62-435eecf51ab0,channel-linear,HOST
5584a9a1-0531-42cc-8412-565d6f630c71,Lisa Loeb,ARTIST,5296f253-0fef-c211-9409-cf811ce8cc49,show,HOST
bc029f26-105c-453d-ba74-30d1d2e0d4a8,Richard Blade,SXM_HOST,58a62563-7e46-c196-50b5-f01aa448e6c8,show,HOST
2e40ea04-965b-4b49-9d1c-2934aedbf1a8,Dave Grohl,ARTIST,9ff85fd7-3904-2170-54ad-d8b2606040a2,show,GUEST
57e62221-311b-40fd-bc3e-92c6a57adb48,Shooter Jennings,ARTIST,176daca5-6810-3a1c-49e9-39b69055e811,channel-linear,HOST
215c9a48-8089-4e33-95ab-17e757aadf2d,Mack & Jen,SXM_HOST,194adbca-34d6-cb94-b153-3488ee563308,channel-linear,HOST
c1b86f35-571c-4aee-a6fc-af936400d0cd,Cayman Kelly,SXM_HOST,d475ccb0-3753-16cf-3a52-c420d1aa8dce,show,HOST
291c7147-5282-4749-8433-cad790bd47f8,Phish,ARTIST,13b68cfc-7ebc-7ee2-8b41-cfdacfa52743,show,HOST
0def432a-0cc6-444f-a63f-c9cfdcf065bd,Jimmie Johnson,SXM_HOST,c36fef2c-b51c-02e1-27ca-aaced2867c79,show,HOST
1ce1511a-6d37-4b61-8b6b-99f9aa2b118e,Tommy James,ARTIST,6567f2ee-4d7a-cd6d-3402-55ed6089cd0c,channel-linear,HOST
215c9a48-8089-4e33-95ab-17e757aadf2d,Mack & Jen,SXM_HOST,7ce8dd39-0fe9-4b3b-cbe1-2463327a30e5,show,HOST
3aae7d10-1720-4c5a-85eb-68e41b7955e5,Rick Springfield,ARTIST,2ea07147-a720-ed0c-d4ce-d7bddd1640d3,channel-linear,HOST
c6f79647-5ae8-4253-9d97-8a15fac07892,Frank Isola,SXM_HOST,ea50146b-09c9-54ab-287a-ff857bb47ad9,show,HOST
e4ed5636-1395-4187-8121-8050160157de,Jenny Eliscu,SXM_HOST,975ac404-d970-7f06-37cc-30a28c18077a,show,HOST
58cdfc84-25c6-4361-86f3-9dde0207d528,Mark Goodman,SXM_HOST,6f8b4a56-0746-9c0f-04df-551fe24bbd52,channel-linear,HOST
e4ed5636-1395-4187-8121-8050160157de,Jenny Eliscu,SXM_HOST,13fdc598-aa88-44dc-bb87-b703fde8578b,show,HOST
e6d3162e-a5cc-4b1c-bba1-3781c78634e7,Ozuna,ARTIST,0704415a-d358-d510-3687-653553737011,show,HOST
0f04c1f9-1f0c-49a8-bf43-e8fb9cc31ccf,Ray Hudson,SXM_HOST,c6de1f24-a0e1-4101-a80b-86eb106f1d1b,show,HOST
d38bdbed-7461-4022-b6e9-e3a45c74c001,Kevin Frandsen,SXM_HOST,81a7b2a2-dfd3-d3b8-ff2a-e71a66f76932,show,HOST
1f229c50-e9bd-4d7f-a16b-025c2b2ecb3e,Robin Quivers,SXM_HOST,1ca4bdb5-07d9-c036-34c7-184c7217ea50,show,HOST
86d2b065-d2a4-48e4-8b4e-1a140e6cdc58,Julie Mason,SXM_HOST,d8b8ae50-95b6-ced4-2195-51b9f4ff24b8,show,HOST
a221b7fc-740b-4101-817f-a495451f3642,Montaine,SXM_HOST,d20ad2ef-54e7-4b1a-60b6-ff5351421cd0,channel-linear,HOST
9b77e4e6-b65e-47be-a537-3526fab35a37,Tony Fly & Symon,SXM_HOST,4c97d095-b8c1-162a-9d72-0c7c16f458bf,channel-linear,HOST
bdb37a22-2577-427a-8fd2-d6b066a0a865,BeBe Winans,ARTIST,41352933-47b4-ba51-b743-2e4e5c07d4df,channel-linear,HOST
2808c306-e53b-4192-9f27-f13ac6318127,Bill Belichick,GUEST,f15c489c-9f8e-88a8-94e2-97e425452fe7,show,HOST
b636d1ea-b694-4908-ad9f-645bc0a61f9c,Peter Sagal,HOST,9a185b79-4048-4aa0-8165-75562748a312,show,HOST
ce925d0b-8f21-47ba-8765-4f4fde72d653,David Gans,SXM_HOST,2136fd0e-3026-f6fe-3538-df087535df40,show,HOST
1bcae0f2-d614-4f97-b1b8-43dd01f867c2,John Mayer,ARTIST,0f12028f-79ed-decf-83f0-e87278bbf938,show,HOST
8d88a591-816e-443c-9cfa-d1efdb45e210,The Black Crowes,ARTIST,a160753f-450f-8cd0-c453-bd6c4809e845,show,PERFORMER
8a90b97e-bdd3-46bb-98aa-692232222fbd,Buzz Brainard,SXM_HOST,6c72f52a-ae5b-0d9e-9451-e7ab8d6a44b7,show,HOST
fc04435c-0b76-4f93-87f4-c29ba5a2241a,Lord Sear,SXM_HOST,2022dfab-580f-675f-6aad-00aad9c3be9b,channel-linear,HOST
10251d79-e0fc-4cc7-900f-2cc867136cdd,Bruce Murray,SXM_HOST,f3126d70-09ea-bd0c-57cd-af5ab798f313,channel-linear,HOST
8b172125-a5bb-4396-91a3-43f67d862472,Steve Scully,SXM_HOST,43993462-1c73-efb8-29e5-0c4652cf8e4f,channel-linear,HOST
58cdfc84-25c6-4361-86f3-9dde0207d528,Mark Goodman,SXM_HOST,2492c1d6-793d-4fac-adbf-ddd9d4df9dea,show,HOST
28906609-cd8b-4092-aac8-4f87cefea3d9,Mitchell Whitfield,SXM_HOST,ec9678c8-e225-4239-a735-daea07109309,show,HOST
c1b86f35-571c-4aee-a6fc-af936400d0cd,Cayman Kelly,SXM_HOST,d2b6e681-177a-9bfc-a6d5-63d7ada25015,show,HOST
2a432919-925e-4557-b3c6-e945ba58029e,Alan Light,SXM_HOST,f3414e55-1d44-2964-8d03-9114cd755e01,show,HOST
62470ac9-ce57-4141-8bde-8f007791847c,Jess Cagle,SXM_HOST,a38cb6bc-19ea-f7bd-0e35-3cf56f031ab1,show,HOST
54932246-4c11-4fa6-8946-07b1b5ad1cd0,Keith Roth,SXM_HOST,63289cee-e343-696e-65b9-6ae533a33540,channel-linear,HOST
888d5521-1555-4c64-9e3f-157584733c9c,Will Cain,HOST,5f8894e9-d615-21d0-a114-ecd08e7fa75c,channel-linear,HOST
438dd61c-6dc8-4262-a659-7d29cb6d9b69,Seth Rudetsky,SXM_HOST,0f46055b-330a-1200-2796-5560692f39af,show,HOST
1c51633a-2c22-485c-ad95-bafc949238c8,Mike Sweeney,SXM_HOST,860a4a83-6955-d5fd-de15-11cc182486a7,show,HOST
4590fc71-e8f9-4865-a782-5282656c8237,Big Jay Oakerson,SXM_HOST,bd40178d-92b1-d3c0-76fb-f6e1afa9974a,show,HOST
468c195d-2e29-4d5d-93d3-268cb69736cc,Noel King,HOST,22b6d419-0bc3-31f7-c9dd-53ca6c673d8c,channel-linear,HOST
54932246-4c11-4fa6-8946-07b1b5ad1cd0,Keith Roth,SXM_HOST,b8b47809-4e8e-f556-8325-bd45fa3d4dc4,channel-linear,HOST
76e4b0cc-6c9b-4f26-92af-a88cea2ab182,Steve Covino,SXM_HOST,33022e5a-73ab-77bb-3ac9-29bbb98a2834,show,HOST
048a7114-9962-4315-bd34-1a46c2cc1a16,Dan Abrams,SXM_HOST,951fcb1d-f631-3120-4bd7-0231e8c8d75e,show,HOST
438dd61c-6dc8-4262-a659-7d29cb6d9b69,Seth Rudetsky,SXM_HOST,b2f156c6-bb45-93f9-9dff-d6765f43885f,show,HOST
e8c27fdc-e49f-4883-8728-fa420d2d17e1,Brian Scalabrine,SXM_HOST,325f06d1-8734-0378-1ae1-66323143c249,channel-linear,HOST
f5a822e1-e05e-4641-b430-0703e685ed61,Eddie Trunk,SXM_HOST,80867fa3-093f-b076-bedc-af8d71cb54ab,channel-linear,HOST
1e14beec-5855-4fe5-b5a3-a39a044cbdd4,Jenny Slate,GUEST,cf9c4ca1-87a8-b46c-6ef9-0c6765c7b0cd,show,GUEST
c93662e5-b5a8-4c81-9e49-b50c20bf352a,Kristine Stone,SXM_HOST,ccb459fe-50be-4dc9-92d6-9649f52ff358,show,HOST
d2abf286-3802-44b1-984a-d8ee010545b5,Laura Coates,SXM_HOST,ffb27e63-5124-283a-3d3f-01aaa6447d7a,show,HOST
8359e07f-dc79-490b-8b42-e81350b497f5,Ne-Yo,ARTIST,e348d866-3fbe-36f6-f25a-72cc68b7f4a5,show,HOST
81ee3fb0-bc72-4948-9e5d-a608f1d94a05,Bob Marley,ARTIST,57b4e751-2e7d-30fd-92c4-2773ceb8375c,show,HOST
0d015cfa-abd4-482d-847b-80607e68a89a,Bob Buchmann,SXM_HOST,13159afb-8b4d-4a7a-a79c-1e285c8bb6cf,show,HOST
403d927c-4fa7-4262-abf2-4405e7b1c66b,Dan Patrick,SXM_HOST,b8d08b56-6bca-a461-189e-ea00b223fbf4,channel-linear,HOST
50ba215f-8615-43d9-8fae-a180c1edd6b0,Dorinda Medley,SXM_HOST,c5f07a04-6de3-083d-4b5d-dd29115532c8,show,HOST
03ef47e5-692d-4edc-b5a9-7208831d0429,Beartooth,ARTIST,68ec9ee6-0454-eafd-2f05-1e1c1ccc4ef3,show,HOST
be05a8d2-7762-4bdf-8c82-db9c33a1622a,Kellie Pickler,ARTIST,00565f68-5dd2-5df7-5bba-0174bc21efac,show,HOST
c5516705-2802-4a01-8f67-425274548f97,Joe Elliott,SXM_HOST,7e418ad8-430d-5372-3334-160b227a9e5d,show,HOST
1ddb090b-842b-4470-a282-b3af3ce348fd,Sean Hayes,HOST,93a8061c-dae0-9668-34bd-a5350770d2cb,channel-linear,HOST
653506c4-be0f-4454-91b8-12aa4dfd35c1,will.i.am,ARTIST,4adcf849-e9e6-1f00-b062-92f21a862d0c,show,HOST
553256ea-a93c-4401-9339-781b29c0db5a,Conan O'Brien,SXM_HOST,417aee0d-91ea-0339-11a3-1677fa755f5d,show,HOST
2d3b8258-2d39-4eba-b49e-3b91745309cb,Geronimo,SXM_HOST,e236a301-80d8-484a-ae5a-095b4e8b63a8,show,HOST
e6a9f06c-5e00-45b3-a838-d0ecf17b1954,The Edge,ARTIST,827aaaa1-c1bf-ae19-79a2-104cdeef2acc,show,HOST
215fc1af-9508-44d0-a2ad-04192de652c2,Megless Griffin,SXM_HOST,c2493335-dcc6-45f0-957c-2e6dbe000877,show,HOST
cfb3cdbf-141a-4236-a985-0bd13badd884,Downtown Julie Brown,SXM_HOST,8753a626-6ea2-8dd6-55c5-8f5b9e1d7357,channel-linear,HOST
d34f8a19-98fd-48c4-b76d-99e718859c30,Mel Robbins,HOST,813d656c-9af5-7f51-bb48-d724327d9289,channel-linear,HOST
cae2e5c6-7c0d-43be-9b81-bd28d75e4dd5,Nikki Haley,SXM_HOST,0a91a8ee-869d-375b-bec4-1d86f92b93d3,show,HOST
238493ba-01ed-475c-b146-1ab1389a7c19,Al Roker,SXM_HOST,c9810e6d-0569-6a6f-7362-cd4abedb5a07,show,HOST
5584a9a1-0531-42cc-8412-565d6f630c71,Lisa Loeb,ARTIST,ef940a5b-255c-9f91-a3a5-41c6a9a24260,channel-linear,HOST
438dd61c-6dc8-4262-a659-7d29cb6d9b69,Seth Rudetsky,SXM_HOST,e05137dc-7acc-42ed-bf1f-b6bad71d40de,show,HOST
55b02797-fae1-44f5-ba7a-49f3fcbd87ff,Rida,SXM_HOST,81a3d735-afc4-a076-3b7c-439768060240,show,HOST
53f5361f-57aa-49ab-b18b-927333be57aa,Marty Smith,SXM_HOST,c36fef2c-b51c-02e1-27ca-aaced2867c79,show,HOST
6d3cd053-1976-407c-8bb6-cdccfc220098,Willie Geist,SXM_HOST,95bffee3-e903-ca28-6332-1b94f41a8962,channel-linear,HOST
76e4b0cc-6c9b-4f26-92af-a88cea2ab182,Steve Covino,SXM_HOST,d03d61b6-3a03-58c5-362f-e45fd7872a65,show,HOST
ed139028-7a3f-4d0a-99e6-b9c7e22573ec,Tom Papa,ARTIST,96f5d0e4-ebff-564a-6c39-70a4a642e360,channel-linear,HOST
953f0918-e510-4292-bdbd-2f98a1b77ec2,Jeff Mans,SXM_HOST,0f0c71b9-d98c-bc50-e49e-41eb3e065fa6,show,HOST
defd2cfa-87b4-488a-9518-c866c094b6a7,Paul Oakenfold,ARTIST,18277109-4307-0f46-1614-3cc449bd9840,show,HOST
d85b9510-719b-4777-809f-1c96b0e7cabe,Gail Bennington,SXM_HOST,ee265530-82cc-89d2-678d-9917680b6a67,show,HOST
576e0cc7-63eb-41e7-88c3-7be1bad19043,Billy Joel,ARTIST,1a20f8fb-e69a-aed3-2dca-6eaa29ce031d,show,HOST
31d868a7-0dc8-4668-8206-3d3ef8c0fed4,Michael Yo,ARTIST,fb84c4f3-b91b-2b72-65c1-d39f98710e37,show,HOST
5fe6ce30-0656-416c-8219-4b5c4f3ac17d,Eric Church,ARTIST,04e45b04-19ab-3ca3-3064-4fe6320df18b,channel-linear,HOST
1a2132b2-24ca-4f2b-b42a-cd2b4ba6c431,Sway Calloway,SXM_HOST,255682b9-78d5-0279-ca90-fb6b37c87592,channel-linear,HOST
5dd6b1d9-99cb-485a-be51-f7236a260ffc,Nina Blackwood,SXM_HOST,6f8b4a56-0746-9c0f-04df-551fe24bbd52,channel-linear,HOST
e6d37f80-4574-4e62-9c26-73e43eef57a5,Don Cannon,SXM_HOST,2022dfab-580f-675f-6aad-00aad9c3be9b,channel-linear,HOST
8ad46c02-0ae2-4a8a-acb9-5b4b716600af,Jim Duquette,SXM_HOST,869855d7-4e5b-4833-93ed-b06b5b033784,show,HOST
683c9053-26bc-4e17-bed1-2a64d80e217a,Andrea Mitchell,SXM_HOST,1a3f1e88-3dcf-3cc6-3ce7-28a8dbb05430,show,HOST
7e31b48f-8c94-422d-bbdd-8991591ad518,Danny Higginbotham,SXM_HOST,c6de1f24-a0e1-4101-a80b-86eb106f1d1b,show,HOST
5cc4c7f4-feb4-4f50-869e-145a61cf42fd,Adam Schein,SXM_HOST,c2c10b72-0bc0-43d1-9be4-226cbf47ac4b,show,HOST
76e4b0cc-6c9b-4f26-92af-a88cea2ab182,Steve Covino,SXM_HOST,238eb7d2-b556-974c-e94b-d001aa03f57e,show,HOST
8a784928-8269-4c0b-8468-ccb421239716,Sam Roberts,SXM_HOST,1042b010-3d01-04ea-8edf-c686c95acda1,show,HOST
b58783fd-e356-409b-9703-737406784c13,Shotgun Tom Kelly,SXM_HOST,6567f2ee-4d7a-cd6d-3402-55ed6089cd0c,channel-linear,HOST
b98f1861-a916-4342-847f-a839a0f534de,Eduardo Pérez,SXM_HOST,8d9c0b16-4734-3bc4-d523-7c942cf888aa,channel-linear,HOST
034271a4-2f41-4db5-8c46-29135a5b2112,Cody Alan,SXM_HOST,82cdcab8-f5ff-48cb-14a0-219d60af2c65,show,HOST
8a90b97e-bdd3-46bb-98aa-692232222fbd,Buzz Brainard,SXM_HOST,7bb657b1-a2d7-68e8-2aa3-b50c16664b8d,show,HOST
86d2b065-d2a4-48e4-8b4e-1a140e6cdc58,Julie Mason,SXM_HOST,673c0ac1-cb1b-1079-9b07-d22075ae4ec4,show,HOST
5dff945e-fec0-4731-92ad-9475f306ba13,Rachel Smith,SXM_HOST,56605cc5-88b8-557b-fc3c-dae7eb41bf56,channel-linear,HOST
aaa301e1-f5ef-41ef-8f38-ae7505c1332c,Larry the Duck,SXM_HOST,65f04311-3581-256c-97b9-279838d6ff5e,channel-linear,HOST
81d3c4ee-48da-4804-9618-c266cddc6f3e,Tom Rennie,SXM_HOST,3b15a491-c96a-e01c-a401-b91d2de3f2ce,show,HOST
62470ac9-ce57-4141-8bde-8f007791847c,Jess Cagle,SXM_HOST,51c56ea5-8f1a-c538-5761-9e228be7129e,show,HOST
309fe630-ad4a-4312-a658-32627350b1e7,Tony Reali,HOST,e9fb23c0-35f6-3868-029e-32b18c1eccbd,show,HOST
cfb3cdbf-141a-4236-a985-0bd13badd884,Downtown Julie Brown,SXM_HOST,347314bb-0416-7ef3-2673-af6e96a1a0b5,channel-linear,HOST
cb865a68-42dd-4d28-b75e-7b667aa89673,Andy Cohen,SXM_HOST,d206440c-9f62-6712-1788-01e5d2cc1530,show,HOST
53c5bdb3-9086-4d1f-a965-7915940be725,Shaquille O'Neal,ARTIST,4441a285-df7f-dabe-17dc-f6dbe6bf96ae,show,HOST
5ee3bf3c-abf5-4b90-a78a-c9a94d23c735,David Fricke,SXM_HOST,804a5411-b234-1188-27da-f01197103886,channel-linear,HOST
79dc3af2-c67a-4203-873d-62b5af672a92,Dion,SXM_HOST,9fbf9a84-bedb-4747-bc62-7c029e94e508,show,HOST
034271a4-2f41-4db5-8c46-29135a5b2112,Cody Alan,SXM_HOST,ffd94bb6-5368-67ae-91be-5b2bababeca0,channel-linear,HOST
efdf31e3-e321-473a-8abd-8ab6dd15e58a,Cardinal Dolan,SXM_HOST,88c59be1-adab-d9c1-ee63-05fdef54f094,channel-linear,HOST
76e4b0cc-6c9b-4f26-92af-a88cea2ab182,Steve Covino,SXM_HOST,c4e26421-852a-3967-e5b0-1b64532c97c2,show,HOST
49c48b39-ea4e-4af6-8b14-042760ad346f,Mina SayWhat,SXM_HOST,24d8ea11-e875-8070-d339-ef88bbd7f592,show,HOST
c837641e-b01b-40ee-aaf7-dfe3e3e580eb,Fiona Shea,SXM_HOST,d20ad2ef-54e7-4b1a-60b6-ff5351421cd0,channel-linear,HOST
b9e4e5d1-095a-4284-9a17-1625b683a63b,Erica LeAnn,SXM_HOST,0fed9647-cc82-24d7-526d-98762e8a52cd,channel-linear,HOST
ffb97b94-7cc4-4574-bb32-d4eac8bbc591,Lee Ritenour,ARTIST,d5df5320-7e38-97ec-3b8e-f3e393dec6bd,show,HOST
c9e504bc-1238-474c-a648-9dfa5aea2374,Ron Bennington,SXM_HOST,fec8b983-49d6-50a1-b1b7-0ad8b98d73ca,show,HOST
0b217687-463c-4ad8-8def-7d327e6b69e8,Will Arnett,HOST,813d656c-9af5-7f51-bb48-d724327d9289,channel-linear,HOST
c9e504bc-1238-474c-a648-9dfa5aea2374,Ron Bennington,SXM_HOST,92021dfe-b237-86d1-06d1-c0ecddec415e,show,HOST
cfb3cdbf-141a-4236-a985-0bd13badd884,Downtown Julie Brown,SXM_HOST,c9256031-1123-f35f-4d49-1ba4d5379258,channel-linear,HOST
fedc2c0d-b2ca-44c0-bbc6-541e5ccdefbc,Dangerous Darren,SXM_HOST,01538ed3-d2ec-42f8-b18b-f2f223394b02,show,HOST
d282eea3-0f75-4c85-acd8-72b49ef540f1,Bun B,SXM_HOST,988d25d1-db91-ee15-72e1-386c1972b8b0,channel-linear,HOST
95ffacc4-89f7-4d34-990d-95856aee90b9,Jeff Lewis,SXM_HOST,117ed4b4-70f0-2d2b-75c2-6520b7be8d36,show,HOST
0c6a22dc-58fe-4c1d-bb36-be5ed4042eb1,Jelly Roll,ARTIST,76ec4e9e-ce08-281e-4282-97bdfc2dea93,show,HOST
9c81b45d-3e15-4fce-8a45-f9a515ee1bcc,Lisa Ann,SXM_HOST,00606587-5671-2f35-1a5a-67731c90f962,show,HOST
ae907d63-bcb5-47cf-842a-50c69b132667,Sheryl Underwood,SXM_HOST,15c78a20-48ff-41f2-aa4e-d0da15455c24,channel-linear,HOST
3e3e3f54-5256-4a94-9144-53a6b0a13141,Robert Smith,HOST,f2a86f1a-d4dd-573d-ebdf-ee9025d7a7d5,show,HOST
06406690-0586-4c10-be06-b98571347be8,Theodora Richards,HOST,804a5411-b234-1188-27da-f01197103886,channel-linear,HOST
1a75f6e7-2816-4f7e-b2c0-448b5cff0ab1,Paula Nelson,SXM_HOST,6dae9e42-95f6-d1f4-32e7-4d32840a1005,show,HOST
f9220333-7423-44c4-9dd2-8b8eda76151d,Chris Hayes,HOST,95bffee3-e903-ca28-6332-1b94f41a8962,channel-linear,HOST
03a92304-a5f8-4057-90b6-d192d8824cac,Joy Taylor,SXM_HOST,f75d6711-221a-0be7-734f-63698c631cfd,show,HOST
400ea6c6-2a61-4f28-b04c-a49b784692d1,Eric Alper,SXM_HOST,54f4144b-13f6-4e4c-3d4b-3d9f6f766e27,channel-linear,HOST
5dd6b1d9-99cb-485a-be51-f7236a260ffc,Nina Blackwood,SXM_HOST,ec873f00-026f-4a4b-bc17-d45e26ef95cc,show,HOST
9e9bd8a5-402c-457b-8822-2294d499b4a2,Kat Corbett,SXM_HOST,f4a1cffa-d364-97ec-78b2-2b0e2b1a509b,show,HOST
215fc1af-9508-44d0-a2ad-04192de652c2,Megless Griffin,SXM_HOST,5ad8659a-414a-9e26-b973-f5a229d788dd,channel-linear,HOST
a02d486a-6059-457d-9cb3-ef13b7aebc1a,Seth Meyers,HOST,dd2fa28a-4e1c-5e4e-e67c-70b9f22e90aa,show,HOST
973459ad-9cf6-4c56-aa4f-4b90b7f8c63a,Julia Cunningham,SXM_HOST,51c56ea5-8f1a-c538-5761-9e228be7129e,show,HOST
fdd589a3-85f5-403e-b88b-463e47d79978,Redman,ARTIST,502f5418-863e-ca53-b603-d31b76ea8708,show,HOST
1ea3db59-d5a8-4b51-af9f-5821f4e427ca,Lino Rulli,SXM_HOST,88c59be1-adab-d9c1-ee63-05fdef54f094,channel-linear,HOST
e4a4a645-c221-4eb0-b581-4a9bc004607d,Doris Day,ARTIST,97548371-5133-a4c6-373f-801a18dc3237,channel-linear,HOST
fb721169-cf5a-41bf-949f-33c14d2ffa69,My Morning Jacket,ARTIST,221dbf73-17c3-860a-dceb-8b2e89120338,show,HOST
acc94549-5d38-4956-8db4-e27b7ba32d4e,Kyle Ayers,ARTIST,d6c55b50-822b-77ce-ce8f-b7f4e269c14a,show,HOST
a69baa04-35b3-4d77-8eb6-db846dbe3704,Seth Greenberg,SXM_HOST,e253bdca-601f-2b68-52fc-3f6a9fa33bb9,channel-linear,HOST
f600f325-d107-4306-82e4-e305f9eac062,Joel Osteen,SXM_HOST,a0e2b235-6734-ff39-8270-5b849cbd707d,show,HOST
b6a66b81-b9f1-4691-98b6-4d98cec8a445,Cody Alan & Macie Banks,SXM_HOST,3c47d1c1-f6c4-2f59-9110-c09e09f6be6b,show,HOST
38f19833-a7ad-419d-8b20-39f20d6e196b,Chip Davis,ARTIST,164e2592-cbd8-900c-6201-2fe759db6211,channel-linear,HOST
ff070940-01b8-4278-9390-ebfc892397e1,Johnny Knoxville & Roger Alan Wade,ARTIST,176daca5-6810-3a1c-49e9-39b69055e811,channel-linear,HOST
541b68df-d031-48ce-8d30-a04bf63f0991,Kristin Davis,HOST,2c5d854d-8b1f-e899-f1f6-b1ecdf4f7728,show,GUEST
5dd6b1d9-99cb-485a-be51-f7236a260ffc,Nina Blackwood,SXM_HOST,2caaf183-6bd3-ac52-e60f-c8383c6f78d7,channel-linear,HOST
ae1c85fd-12bd-418b-be67-b79d6783aac8,Joe Dolan,SXM_HOST,45b3cb89-e5b7-d789-8800-70705c69a221,show,HOST
793d02bb-d93b-4ae5-a4e8-ab35610c7f61,Jake Tapper,HOST,3c7b2421-7ce4-0ecb-bc70-7f60f15d3d29,channel-linear,HOST
95ffacc4-89f7-4d34-990d-95856aee90b9,Jeff Lewis,SXM_HOST,1499ff4b-22c8-102e-cacb-e0856af058f7,show,HOST
576e0cc7-63eb-41e7-88c3-7be1bad19043,Billy Joel,ARTIST,7265b5d4-7d88-6bdb-d5c3-c0e13486ceae,show,HOST
47feaf2a-db0c-45a7-9c5f-c28552c086f4,Fareed Zakaria,HOST,3c7b2421-7ce4-0ecb-bc70-7f60f15d3d29,channel-linear,HOST
e9b0672c-66eb-4d02-9d51-047e44a812af,Mike Krzyzewski,SXM_HOST,6f078461-ece6-2a82-eb97-1821a616905e,show,HOST
74a66893-1c68-4620-84a6-36a394db113c,Lurie Daniel Favors,SXM_HOST,fb5bc33e-a51e-d1dd-d547-3d80e0b8324c,channel-linear,HOST
8b74ce98-5fe1-4c0b-adf2-d6d26da4a9bf,Michael Fabiano,SXM_HOST,66e0c959-ced8-2958-5d2c-c19ca4f770a4,channel-linear,HOST
9f301f89-a80f-4da8-a827-9715229de828,George Noory,HOST,01305215-db22-2cdc-7eaf-ca12c60a2643,channel-linear,HOST
958cad82-2605-4e8a-9a19-f442c4c610c3,"Marisol ""El Bombón"" Vargas",SXM_HOST,53b80144-2cb1-e723-07fd-6b164434b186,channel-linear,HOST
3a3dbe0b-e0e9-49d6-b64e-dd9015aefa62,Drew Stoltz,SXM_HOST,a44e273d-a7e5-c358-a8ae-39dc91ca9c30,channel-linear,HOST
b9139c1e-5e36-4367-9d6c-b5d37163936a,Rev. Al Sharpton,SXM_HOST,95bffee3-e903-ca28-6332-1b94f41a8962,channel-linear,HOST
294a7669-407b-44f9-ab88-b84290d5038f,Rachel Friedman,SXM_HOST,d20ad2ef-54e7-4b1a-60b6-ff5351421cd0,channel-linear,HOST
34234f68-f46a-4a93-bc17-b613a8898ffb,Jose Mangin,SXM_HOST,a6c60dad-208a-90aa-f8da-03bf868508ac,show,HOST
438dd61c-6dc8-4262-a659-7d29cb6d9b69,Seth Rudetsky,SXM_HOST,dc5f52ed-11c1-49e7-adb5-c19d18f31b2f,show,HOST
1a75f6e7-2816-4f7e-b2c0-448b5cff0ab1,Paula Nelson,SXM_HOST,5469fc09-d702-826a-cd7a-95cfe410e64a,show,HOST
b37157de-81cd-436b-9630-515cd6c939ad,Trace Adkins,ARTIST,7389abc2-1e09-3288-79c5-146fb166c32b,channel-linear,HOST
e9b0672c-66eb-4d02-9d51-047e44a812af,Mike Krzyzewski,SXM_HOST,8491ccef-d637-2fe8-5643-fceb47cb4a01,show,HOST
8f2338d5-e63a-4f05-8405-8a7e0fe0be2d,Tommy Vietor,SXM_HOST,8b97a469-aebf-4186-9989-462a0ceb7b51,show,HOST
9fabcaae-ccb0-4901-8d8a-af6d035d69eb,John Hansen,SXM_HOST,771e64b7-b469-2b4f-51a7-333f940b859a,channel-linear,HOST
5e2c10fb-f0df-4676-a32e-5ac8dfe063fa,Mark Willis,SXM_HOST,01305215-db22-2cdc-7eaf-ca12c60a2643,channel-linear,HOST
6f3633bc-72e5-4193-9d88-7b3541c127af,Steve Phillips,SXM_HOST,8d9c0b16-4734-3bc4-d523-7c942cf888aa,channel-linear,HOST
793d02bb-d93b-4ae5-a4e8-ab35610c7f61,Jake Tapper,HOST,0e5600c0-6e7c-d907-abc3-541b1e5ecb91,show,HOST
158f24fc-c3d7-4c38-8653-0d9a7fae8995,Michelle Obama,HOST,362a0ee6-6839-09a2-2ffe-54b12ce2225d,show,GUEST
f33a76da-53aa-46ba-aaf9-51dc909b5fd0,Sevendust,ARTIST,73553275-0d3f-f980-cd86-f212fe86e38b,show,GUEST
c6ae1881-6a3b-46ca-b389-d2bd7cf7d678,Statik Selektah,ARTIST,2022dfab-580f-675f-6aad-00aad9c3be9b,channel-linear,HOST
553256ea-a93c-4401-9339-781b29c0db5a,Conan O'Brien,SXM_HOST,a479c48f-b37b-8918-0bf6-7628a8540f10,show,HOST
0dc8f48c-6785-4738-8bae-8bcbf42beb73,Spyder Harrison,SXM_HOST,f2501dfe-9d93-c619-5315-1486bdfdcbd2,show,HOST
58cd7419-2b5d-41fc-959c-efd345e24c08,Jeff Hammond,SXM_HOST,dbd13d59-ceeb-4d4b-9e57-5c07dc264238,show,HOST
215fc1af-9508-44d0-a2ad-04192de652c2,Megless Griffin,SXM_HOST,ce00f1d6-7b26-47f3-83cd-1ab85b066250,show,HOST
47feaf2a-db0c-45a7-9c5f-c28552c086f4,Fareed Zakaria,HOST,1c790250-7b71-673d-107d-b1274177faff,show,HOST
0a60285c-d0e1-426e-8b0e-7ee23a00672c,Torae,SXM_HOST,1c4ce8a6-0fe4-9f22-53c5-b60ccc66a203,channel-linear,HOST
22d3482d-4f51-435b-8d2e-e64d24ca7e05,Kiki Monique,SXM_HOST,c5f07a04-6de3-083d-4b5d-dd29115532c8,show,HOST
373d9470-9711-4601-ac70-76bc849604d7,Stevie Nicks,ARTIST,3ff29edd-711e-ec5b-1bc8-d6dddddd2487,show,PERFORMER
a5caab89-3fd3-4774-b6eb-86787d847981,Mark Levin,SXM_HOST,070b7ca9-c7ec-497b-8ace-4a5f25586487,show,HOST
958cad82-2605-4e8a-9a19-f442c4c610c3,"Marisol ""El Bombón"" Vargas",SXM_HOST,54e51f0f-ff8f-e841-353a-355f9d6aa316,show,HOST
140adf09-5d19-4deb-8d07-e2b4d640e5c9,Drew Carey,ARTIST,3b83dc80-5987-6898-e98d-a98012f700c1,channel-linear,HOST
e4ed5636-1395-4187-8121-8050160157de,Jenny Eliscu,SXM_HOST,c070d2ab-8090-5496-9cf9-70433ed53543,show,HOST
38f19833-a7ad-419d-8b20-39f20d6e196b,Chip Davis,ARTIST,45a3e515-fa07-cfb7-4897-7ef90ca8305d,show,HOST
391ea97f-d0ef-4d0e-9aa9-65722d4844aa,Dallas Wayne,SXM_HOST,5469fc09-d702-826a-cd7a-95cfe410e64a,show,HOST
b147e72c-b6bb-49c5-91e3-9d4e32bd365c,Red Steagall,ARTIST,691c32ca-de5c-49c2-fa10-e2c2fc83ed21,channel-linear,HOST
7804ae9e-2188-40be-86de-92f54f5f5a0f,Morning Mash Up,SXM_HOST,b0cb68e6-a901-466b-ac7b-414bf57cd50f,show,HOST
ac6a811a-200b-4340-8f24-bbf698d7ed1b,Jon Bon Jovi,ARTIST,e7e0eaf5-85ce-3e53-a3c3-36bcdc33f023,show,GUEST
151d96a6-4676-4da7-a97c-6003a662906a,Crystal Waters,ARTIST,d0bc0c8a-afc6-0089-5956-dcc937186514,show,HOST
fb842a5f-b045-4381-a5c5-8dde20001d45,Rodney Bingenheimer,HOST,9ab9c4e7-41b8-d383-c525-366f5c4af8f4,show,HOST
6d369b6b-c95b-43cc-889c-68616e4be0f6,Lori Majewski,SXM_HOST,db3eeac6-d55c-dad4-5caf-f31fbc666a35,show,HOST
1a2132b2-24ca-4f2b-b42a-cd2b4ba6c431,Sway Calloway,SXM_HOST,2022dfab-580f-675f-6aad-00aad9c3be9b,channel-linear,HOST
8a90b97e-bdd3-46bb-98aa-692232222fbd,Buzz Brainard,SXM_HOST,7389abc2-1e09-3288-79c5-146fb166c32b,channel-linear,HOST
22d3482d-4f51-435b-8d2e-e64d24ca7e05,Kiki Monique,SXM_HOST,56605cc5-88b8-557b-fc3c-dae7eb41bf56,channel-linear,HOST
bf05e17d-bf08-4a31-9e95-38456e0d9219,Ania Hammar,SXM_HOST,ffd94bb6-5368-67ae-91be-5b2bababeca0,channel-linear,HOST
8ad46c02-0ae2-4a8a-acb9-5b4b716600af,Jim Duquette,SXM_HOST,8d9c0b16-4734-3bc4-d523-7c942cf888aa,channel-linear,HOST
935982dc-fbd7-4896-8c04-8593e073e371,Neil Barnett,SXM_HOST,2f7441a4-0d18-43ff-a574-e98217c28f4a,channel-linear,HOST
ed139028-7a3f-4d0a-99e6-b9c7e22573ec,Tom Papa,ARTIST,0c8ec1e3-f152-0ea1-3b45-35f7ec816990,channel-linear,HOST
2d491164-d923-4869-8e0b-28850221fc4d,KC Phillips,SXM_HOST,01305215-db22-2cdc-7eaf-ca12c60a2643,channel-linear,HOST
f94af6d7-794c-487d-b9e4-b764240811ee,Rich Davis,SXM_HOST,40c3d189-9611-e59f-5808-7847e294642e,channel-linear,HOST
3c13422a-0df2-47b9-8cb0-50c10dbd5ba8,Heather B,SXM_HOST,eec77cbe-a79a-2494-867d-a6c0d6a9e4e6,show,HOST
76396ddc-04a8-4e5f-94c0-89dbdd0ba574,Mikey Piff,SXM_HOST,194adbca-34d6-cb94-b153-3488ee563308,channel-linear,HOST
8ad46c02-0ae2-4a8a-acb9-5b4b716600af,Jim Duquette,SXM_HOST,4c4d60e0-db5c-22bd-b127-e0cb8cd8985f,show,HOST
829db8a4-90ad-4284-abc6-697ec1503e22,Stanley T,SXM_HOST,69defb18-7f8a-482f-a493-641fdbb500a8,show,HOST
58cdfc84-25c6-4361-86f3-9dde0207d528,Mark Goodman,SXM_HOST,6f8b4a56-0746-9c0f-04df-551fe24bbd52,channel-linear,HOST
57e62221-311b-40fd-bc3e-92c6a57adb48,Shooter Jennings,ARTIST,176daca5-6810-3a1c-49e9-39b69055e811,channel-linear,HOST
1a75f6e7-2816-4f7e-b2c0-448b5cff0ab1,Paula Nelson,SXM_HOST,0aee72ed-5dd8-2848-3567-d8809e123cd1,channel-linear,HOST
a14a7f49-4d80-418c-a93a-2d13a0b4a0ff,Jimmy Buffett,ARTIST,d322de9f-debb-4704-93bb-26e68be2e8c7,show,HOST
cd032653-5515-4474-bf68-cd56ec970d93,Alan Hunter,SXM_HOST,8753a626-6ea2-8dd6-55c5-8f5b9e1d7357,channel-linear,HOST
0dc8f48c-6785-4738-8bae-8bcbf42beb73,Spyder Harrison,SXM_HOST,45eaf545-c0ca-1dac-ec16-190f8ba8957e,show,HOST
0f09fbac-05f9-48e1-b0f8-f5453164f1fc,Madison,SXM_HOST,74d06afe-0584-101e-ed75-50666e68906d,show,HOST
3a58a6ee-a25c-42d2-af82-55e854938e1b,Gayle King,SXM_HOST,a68c030a-e7c3-5436-4a4b-84b53ae82a21,show,HOST
973459ad-9cf6-4c56-aa4f-4b90b7f8c63a,Julia Cunningham,SXM_HOST,56605cc5-88b8-557b-fc3c-dae7eb41bf56,channel-linear,HOST
4b2fc2e5-fdab-44da-bb4c-cab8456b0498,Ted Danson,HOST,0840bac2-43f7-77fc-0b81-99e11ca41fd8,show,HOST
2d491164-d923-4869-8e0b-28850221fc4d,KC Phillips,SXM_HOST,01305215-db22-2cdc-7eaf-ca12c60a2643,channel-linear,HOST
8b524aef-91af-45f8-85d5-65b05a0823d5,Jen Psaki,HOST,06e1ff71-1359-ab23-70b1-6496c16469d2,show,HOST
c1b86f35-571c-4aee-a6fc-af936400d0cd,Cayman Kelly,SXM_HOST,0096ac72-dccc-4f11-9293-3717c4458e73,show,HOST
52c29f3c-a3de-45df-ba5c-8646b32bac3c,Tim Walz,GUEST,ba23b7ca-9a48-e84d-9b3a-7d5861d15f8f,show,GUEST
bb07b83d-79b6-4d15-8ce9-0e9a970348cf,Israel Salazar,SXM_HOST,e4e0a9dc-cd79-2596-cd77-c61eee05db7c,show,HOST
1a2132b2-24ca-4f2b-b42a-cd2b4ba6c431,Sway Calloway,SXM_HOST,2022dfab-580f-675f-6aad-00aad9c3be9b,channel-linear,HOST
d1371b1c-9f8f-4cbd-b839-79170d6df0c2,Shemekia Copeland,ARTIST,eba9ea25-e4d1-9fa3-f242-0b4acf94b0bc,show,HOST
2a432919-925e-4557-b3c6-e945ba58029e,Alan Light,SXM_HOST,bb5184d2-b3b8-31a9-accf-15d2782273ea,show,HOST
69502de6-9ab3-43a2-93f4-4cd2fd8977c9,Pat Kirwan,SXM_HOST,f3126d70-09ea-bd0c-57cd-af5ab798f313,channel-linear,HOST
9e9bd8a5-402c-457b-8822-2294d499b4a2,Kat Corbett,SXM_HOST,44f9129f-579a-3d23-218f-3c3518036fc6,channel-linear,HOST
3c13422a-0df2-47b9-8cb0-50c10dbd5ba8,Heather B,SXM_HOST,64feadaf-2f22-cc18-9054-b048f1e91744,show,HOST
8baec0c0-94e1-4ef3-90ac-2bd18d7a03f4,The Chainsmokers,ARTIST,6adef1b5-d812-9c10-7c6c-f05af4e27077,channel-linear,HOST
e7049ede-b71e-42f5-82ed-f64a67550342,Mindy,SXM_HOST,5d6347dd-ce61-9b85-c1d9-70a82209b02e,channel-linear,HOST
0e29e719-468e-4c98-b3ae-881d6483abb3,Jeff Ratcliffe,SXM_HOST,66e0c959-ced8-2958-5d2c-c19ca4f770a4,channel-linear,HOST
9253fdee-2788-487d-8b6e-fdd49cbb9c6b,Brad Lidge,SXM_HOST,81a7b2a2-dfd3-d3b8-ff2a-e71a66f76932,show,HOST
55966fa4-6bfc-4ec6-929a-d133a6266a82,Rude Jude,SXM_HOST,4737539c-3dbe-25d2-14ef-abd00526bc68,show,HOST
68482535-9a25-4411-8286-56ff28e32d8e,Caity Babs,SXM_HOST,4c47af69-97d8-8a66-997b-3565cd3018b1,show,HOST
465a14e8-9e78-464e-80b2-13202e658eb7,"Johnny ""El Picoso""",SXM_HOST,15dd2d23-ab25-4230-8f5b-591bbe87c6f8,show,HOST
2ec12d8c-3e87-4bba-8a10-e5255423b7da,Chad Daniels,ARTIST,3b599f4e-a756-38b7-675e-6138b4d464f9,show,GUEST
0a60285c-d0e1-426e-8b0e-7ee23a00672c,Torae,SXM_HOST,47ce8cc3-53a3-09cb-1ad7-94dc8b2dcbc1,show,HOST
0fb5eb70-b47a-4404-b29c-6ef1f66b6943,Steve Earle,ARTIST,176daca5-6810-3a1c-49e9-39b69055e811,channel-linear,HOST
391ea97f-d0ef-4d0e-9aa9-65722d4844aa,Dallas Wayne,SXM_HOST,0aee72ed-5dd8-2848-3567-d8809e123cd1,channel-linear,HOST
206494da-25d6-433f-94d7-e30c97218560,Andy Richter,SXM_HOST,dd21ed4a-49e7-ae02-3a61-cd730602a389,channel-linear,HOST
660fc1e4-acb1-473a-993e-357c0f9e745b,Dean Obeidallah,SXM_HOST,5a18c7e0-053c-a738-c99f-dfde8152735d,show,HOST
46ac1ae9-7b9a-495b-a783-746d2f4bd846,Yamaneika Saunders,HOST,6200bc97-a9af-9d3b-b743-8eadda290a08,show,HOST
9c95223a-ff8c-42eb-84be-fb51b734076d,Blackstreet,ARTIST,556bd7a0-adef-ac68-435d-9ead612aacb7,show,PERFORMER
e9ecebce-7928-415e-a4f0-5dadaa453eb1,Kim Ashley,SXM_HOST,32566352-8e68-80f8-fe11-3f9715b63876,channel-linear,HOST
d1371b1c-9f8f-4cbd-b839-79170d6df0c2,Shemekia Copeland,ARTIST,c4406844-de06-901b-6b4f-02420e2bd2d6,channel-linear,HOST
017b0f93-12a0-4174-90aa-02b3f6d337f4,Swaggy Sie,SXM_HOST,2d493e93-4e59-99d4-27bc-83e1ecec9e62,show,HOST
e6a9f06c-5e00-45b3-a838-d0ecf17b1954,The Edge,ARTIST,dfef0af2-2ffe-3d05-0199-ebe1cf1bbb73,show,HOST
5e2c10fb-f0df-4676-a32e-5ac8dfe063fa,Mark Willis,SXM_HOST,57fe0e2b-7fcd-41ac-bcf5-b44e3f352c5a,show,HOST
8a90b97e-bdd3-46bb-98aa-692232222fbd,Buzz Brainard,SXM_HOST,ffd94bb6-5368-67ae-91be-5b2bababeca0,channel-linear,HOST
cd032653-5515-4474-bf68-cd56ec970d93,Alan Hunter,SXM_HOST,63289cee-e343-696e-65b9-6ae533a33540,channel-linear,HOST
8a784928-8269-4c0b-8468-ccb421239716,Sam Roberts,SXM_HOST,03075d58-0423-b2d2-d6fd-051594c59ebe,show,HOST
8ad46c02-0ae2-4a8a-acb9-5b4b716600af,Jim Duquette,SXM_HOST,0ef07069-5b09-d1de-0f9d-24f347b21bc7,show,HOST
b1eddd40-b8ca-4d6a-a1aa-5088c474106c,Danny Valentino,SXM_HOST,d2c19cc4-cb94-85dd-40f3-82e22885c32c,show,HOST
a307b369-926a-44f4-a323-65163a7e68f1,Matt Gourley,SXM_HOST,51c8536b-3279-d6b3-1f83-269c03a2d064,show,HOST
97b6c64a-135b-422b-8526-623a707d71cf,Lindsay Rhodes,SXM_HOST,ca54ad16-541d-44be-61f8-9fe6f31c8040,show,HOST
190c6220-d0ca-4abd-9af0-c082793ac0ad,Elizabeth Cook,SXM_HOST,176daca5-6810-3a1c-49e9-39b69055e811,channel-linear,HOST
2c2d7ffd-05ce-4137-9c1a-765591aca603,DJ Drama,SXM_HOST,59508a86-1e48-4dcf-bf78-a59c3b149f95,show,HOST
7e4ae8c6-3f05-4b99-adbe-d0cfb116e4fc,Dani Wexelman,SXM_HOST,415d4f17-33cd-60b8-9c42-5b3189b2de69,show,HOST
7be60aa9-ebd8-4c63-b8e1-228fe47da08d,Mike Babchik,SXM_HOST,bf02a26c-696d-a9f0-2e7d-8640b5412451,show,HOST
b9e4e5d1-095a-4284-9a17-1625b683a63b,Erica LeAnn,SXM_HOST,0fed9647-cc82-24d7-526d-98762e8a52cd,channel-linear,HOST
958cad82-2605-4e8a-9a19-f442c4c610c3,"Marisol ""El Bombón"" Vargas",SXM_HOST,9c7652b9-5186-385a-b2e1-4c2fd12ddef9,show,HOST
7e4ae8c6-3f05-4b99-adbe-d0cfb116e4fc,Dani Wexelman,SXM_HOST,4c4d60e0-db5c-22bd-b127-e0cb8cd8985f,show,HOST
c3727563-9e80-49b2-a9aa-079a04e97776,Allison Dore,SXM_HOST,54f4144b-13f6-4e4c-3d4b-3d9f6f766e27,channel-linear,HOST
d2c4fe11-4719-479d-b229-59083a88d01b,Brad Gillie,SXM_HOST,dbd13d59-ceeb-4d4b-9e57-5c07dc264238,show,HOST
62470ac9-ce57-4141-8bde-8f007791847c,Jess Cagle,SXM_HOST,f50381d1-4bb3-8417-0f5b-b2d50b075b63,show,HOST
45de66f5-03fc-4581-9723-237e1b5bd09c,Jimmy Sturr,ARTIST,691c32ca-de5c-49c2-fa10-e2c2fc83ed21,channel-linear,HOST
f94af6d7-794c-487d-b9e4-b764240811ee,Rich Davis,SXM_HOST,9e8d6f72-0b59-85cf-a222-b18d38acdc0f,channel-linear,HOST
ddca9143-381e-421d-bdfb-b8aa9399356b,Shannon Gunz,SXM_HOST,c8decbc4-9de7-44b1-a571-d6c568f178c2,show,HOST
3c13422a-0df2-47b9-8cb0-50c10dbd5ba8,Heather B,SXM_HOST,255682b9-78d5-0279-ca90-fb6b37c87592,channel-linear,HOST
fc04435c-0b76-4f93-87f4-c29ba5a2241a,Lord Sear,SXM_HOST,2022dfab-580f-675f-6aad-00aad9c3be9b,channel-linear,HOST
10251d79-e0fc-4cc7-900f-2cc867136cdd,Bruce Murray,SXM_HOST,f3126d70-09ea-bd0c-57cd-af5ab798f313,channel-linear,HOST
81e8e5b2-883a-4a35-b52e-67267346c524,Macie Banks,SXM_HOST,08163c6e-35cc-d241-0805-8da6da000638,show,HOST
f5a822e1-e05e-4641-b430-0703e685ed61,Eddie Trunk,SXM_HOST,80867fa3-093f-b076-bedc-af8d71cb54ab,channel-linear,HOST
86b308af-6abf-48cd-a509-0fb65c8929a6,Del McCoury,ARTIST,9e545d10-7c21-9707-1d34-3d503b7365bc,channel-linear,HOST
4590fc71-e8f9-4865-a782-5282656c8237,Big Jay Oakerson,SXM_HOST,80867fa3-093f-b076-bedc-af8d71cb54ab,channel-linear,HOST
b0d6bda1-0071-433c-b611-5f025b7398a6,Jessica Charman,SXM_HOST,9e908ef9-fa90-090e-bdb1-e6af8e1b6a70,show,HOST
8a90b97e-bdd3-46bb-98aa-692232222fbd,Buzz Brainard,SXM_HOST,6e4a6e8d-9445-400c-af31-6f239e537d3b,show,HOST
cd420d17-bc84-402b-b4da-98e892468735,Jordan Feliz,ARTIST,38107db7-7724-2a33-2e6e-ce270509a295,show,HOST
215fc1af-9508-44d0-a2ad-04192de652c2,Megless Griffin,SXM_HOST,20801778-3df2-d607-eab5-e03de0ca7815,channel-linear,HOST
5512ac26-532d-4b3a-95c5-b612b35c24cf,Dave LaGreca,SXM_HOST,80867fa3-093f-b076-bedc-af8d71cb54ab,channel-linear,HOST
a4c9240f-9a9f-449b-be7e-4284df75ba0b,Steph Tolev,HOST,96f5d0e4-ebff-564a-6c39-70a4a642e360,channel-linear,HOST
4656512c-482b-4581-b668-410afd387f3d,Frank Sinatra,ARTIST,6ce53b6e-fef9-ab81-e5e3-1e100e8a5e84,channel-linear,HOST
5512ac26-532d-4b3a-95c5-b612b35c24cf,Dave LaGreca,SXM_HOST,4a75ab10-a358-3204-edbe-8cf24217bdfa,show,HOST
f611e9d1-a14e-4f7a-9b36-36e1b94be304,Trisha Yearwood,ARTIST,0b609867-fd33-901c-c29a-492dd57abff6,show,HOST
76396ddc-04a8-4e5f-94c0-89dbdd0ba574,Mikey Piff,SXM_HOST,194adbca-34d6-cb94-b153-3488ee563308,channel-linear,HOST
35907760-e973-430c-b4c2-5bef8b70defe,David Webb,SXM_HOST,2cb22fc6-c436-4c65-940c-7f66f917ab5d,show,HOST
4e0c146f-cc60-4486-ab1d-e2f764fc708b,Phoebe Gates,SXM_HOST,7aef1ea8-6c69-aae0-9cd9-cda9c91b8e89,show,HOST
a1399080-0c9f-4c21-92b4-8cc9cdeedf62,Danielle Peck,ARTIST,d3253c66-e1e1-331b-02e6-71580c33791b,channel-linear,HOST
31ca9413-5fea-4d8c-a89f-27bf717aba11,Amelie Lens,ARTIST,4ebc3011-0ebe-a9ad-c58b-9a306f60fc2b,channel-linear,HOST
e9ecebce-7928-415e-a4f0-5dadaa453eb1,Kim Ashley,SXM_HOST,40c3d189-9611-e59f-5808-7847e294642e,channel-linear,HOST
7094ec7e-52ff-4333-a504-7316ffd1acb2,Jim Bowden,SXM_HOST,66e0c959-ced8-2958-5d2c-c19ca4f770a4,channel-linear,HOST
29f7ce40-1a64-44c2-87a8-1ead8eca8256,Rachel Steele,SXM_HOST,5ad8659a-414a-9e26-b973-f5a229d788dd,channel-linear,HOST
1f86a5de-cf6b-4ecf-8711-b42e4124514a,Greg Laurie,HOST,40416ef7-4cb0-128a-d9e3-5f1f1de8a2e0,show,HOST
8fe863fc-3155-443a-9bab-9db9b48a1dfa,Michelangelo Signorile,SXM_HOST,fb452ece-ac0c-2236-780a-d85c72fbcc88,channel-linear,HOST
55b02797-fae1-44f5-ba7a-49f3fcbd87ff,Rida,SXM_HOST,585d119c-bab5-2884-e20c-1086261bfaf6,show,HOST
f09a27b9-0883-475d-bdf8-a79ba2b3c412,Ben Hartsock,GUEST,cfda84b5-c90d-4dff-8a73-331226bc7201,show,HOST
29f7ce40-1a64-44c2-87a8-1ead8eca8256,Rachel Steele,SXM_HOST,7a642de7-c33f-a628-efb2-3d94a829d17b,channel-linear,HOST
3a58a6ee-a25c-42d2-af82-55e854938e1b,Gayle King,SXM_HOST,56605cc5-88b8-557b-fc3c-dae7eb41bf56,channel-linear,HOST
190c6220-d0ca-4abd-9af0-c082793ac0ad,Elizabeth Cook,SXM_HOST,176daca5-6810-3a1c-49e9-39b69055e811,channel-linear,HOST
bc5e2252-3e8f-496a-8231-7412f7450abc,Jeremy Siegel,SXM_HOST,9d0f7574-1a53-4577-8280-531519892eb8,show,HOST
b257d09d-d750-44ff-bcab-09439ef6acc8,Tom Morello,ARTIST,5c7eb9f8-23e1-d168-b312-013b9022575e,show,HOST
8359e07f-dc79-490b-8b42-e81350b497f5,Ne-Yo,ARTIST,0131a219-c947-471e-3744-fb0dcd5d17e9,show,HOST
7a52f074-985b-4282-9ff7-2fb1944c54a6,Bevy Smith,SXM_HOST,cc34fe61-186a-3ef2-805e-644336340771,show,HOST
3d2d6c0c-1e97-4177-bb4e-19bdc6dd30b4,Wolf Blitzer,SXM_HOST,38c47ab3-06c7-7c83-c8b8-95834a84327e,show,HOST
1d092068-0924-4107-b446-7533447a97d9,Jeff Foxworthy,SXM_HOST,9e9583ee-9b64-c550-1169-b0fffdda6d67,show,HOST
2c7a09d2-504e-4339-9dfe-49a6cedf2ee2,Sequoia Holmes,SXM_HOST,d20ad2ef-54e7-4b1a-60b6-ff5351421cd0,channel-linear,HOST
06f07f95-1c9a-4c5e-b662-ae55c0099872,Joe Madison,SXM_HOST,6d0b835e-a3b9-30c4-2acd-d4aa76baa830,show,HOST
7efd6d02-3962-4e2c-be81-0ce2a577d7a8,Alice In Chains,ARTIST,0fe416d7-be44-233f-13c6-667ea4cb0612,show,HOST
215fc1af-9508-44d0-a2ad-04192de652c2,Megless Griffin,SXM_HOST,e3041d19-daa5-6517-8c73-41976582d1f9,channel-linear,HOST
151d96a6-4676-4da7-a97c-6003a662906a,Crystal Waters,ARTIST,d88c17e4-9a9d-0f62-5bb6-88adf58fd41d,show,HOST
4b2fc2e5-fdab-44da-bb4c-cab8456b0498,Ted Danson,HOST,65e867ff-7c50-84f2-2310-c90c10e21897,show,HOST
9253fdee-2788-487d-8b6e-fdd49cbb9c6b,Brad Lidge,SXM_HOST,8d9c0b16-4734-3bc4-d523-7c942cf888aa,channel-linear,HOST
44255e59-66d3-4fab-a296-f53af6a0296e,Jason Kelce,HOST,e253bdca-601f-2b68-52fc-3f6a9fa33bb9,channel-linear,HOST
10251d79-e0fc-4cc7-900f-2cc867136cdd,Bruce Murray,SXM_HOST,5070d6e6-6fd3-9a54-44ec-278a2997ccf9,show,HOST
68482535-9a25-4411-8286-56ff28e32d8e,Caity Babs,SXM_HOST,0fed9647-cc82-24d7-526d-98762e8a52cd,channel-linear,HOST
cd032653-5515-4474-bf68-cd56ec970d93,Alan Hunter,SXM_HOST,6f8b4a56-0746-9c0f-04df-551fe24bbd52,channel-linear,HOST
39e2db56-2ba1-4ba1-9dfe-ec9b59194033,Hoda Kotb,SXM_HOST,68e4d7eb-1f2c-7ce8-3fd6-d083194fbdfb,show,HOST
1f229c50-e9bd-4d7f-a16b-025c2b2ecb3e,Robin Quivers,SXM_HOST,9f9cccf9-f3f4-e77e-cedc-7d22a85d2f0a,show,HOST
1d9054b1-3447-4da9-86f0-270347f2bce7,Paul Finebaum,SXM_HOST,e253bdca-601f-2b68-52fc-3f6a9fa33bb9,channel-linear,HOST
85f6d312-333d-4585-a743-d9c418ec446a,Mark Dominik,SXM_HOST,356cb4b6-d54e-4c75-8a20-01101ca55bad,show,HOST
7b3ebb64-6e31-4c0d-ac22-ab51fec19518,Brad Hopkins,SXM_HOST,28889973-af8e-4e71-99fc-c0ae27343326,show,HOST
2c7a09d2-504e-4339-9dfe-49a6cedf2ee2,Sequoia Holmes,SXM_HOST,5a6b5de3-9098-a28d-9a74-18e459ff54e3,show,HOST
576e0cc7-63eb-41e7-88c3-7be1bad19043,Billy Joel,ARTIST,9abcc96c-36d7-4399-bdad-f508cbacbf0f,show,HOST
c93662e5-b5a8-4c81-9e49-b50c20bf352a,Kristine Stone,SXM_HOST,804a5411-b234-1188-27da-f01197103886,channel-linear,HOST
0c824ab2-3006-4960-8004-0467885edf7a,Jeff Joyce,SXM_HOST,f3ea98ad-341e-7dd2-3954-64fdf87639e7,show,HOST
40379dd3-e68d-4839-9674-636e298c40b0,Shankar Vedantam,HOST,22b6d419-0bc3-31f7-c9dd-53ca6c673d8c,channel-linear,HOST
7804ae9e-2188-40be-86de-92f54f5f5a0f,Morning Mash Up,SXM_HOST,194adbca-34d6-cb94-b153-3488ee563308,channel-linear,HOST
1ddb090b-842b-4470-a282-b3af3ce348fd,Sean Hayes,HOST,93a8061c-dae0-9668-34bd-a5350770d2cb,channel-linear,HOST
576e0cc7-63eb-41e7-88c3-7be1bad19043,Billy Joel,ARTIST,876f950b-4657-2462-0809-d1a4e7c19b36,show,HOST
4a5c5b2f-4d4d-44c2-9581-b7b4b92a867f,Rod Stewart,ARTIST,3ff29edd-711e-ec5b-1bc8-d6dddddd2487,show,PERFORMER
53e357b0-6fd0-4dd2-a32e-a93c74f169f2,Carmen Aristegui,SXM_HOST,8c81e09c-eb95-80ad-ea2a-b859f8d5df2d,show,HOST
0b217687-463c-4ad8-8def-7d327e6b69e8,Will Arnett,HOST,93a8061c-dae0-9668-34bd-a5350770d2cb,channel-linear,HOST
e9ecebce-7928-415e-a4f0-5dadaa453eb1,Kim Ashley,SXM_HOST,1b12be0f-05bb-c042-5a4a-5c54db5ccff4,show,HOST
7a52f074-985b-4282-9ff7-2fb1944c54a6,Bevy Smith,SXM_HOST,da10e080-3102-9ec0-29df-4982b9ca09f5,show,HOST
1f229c50-e9bd-4d7f-a16b-025c2b2ecb3e,Robin Quivers,SXM_HOST,5ad6890a-adaf-48bf-adbf-d0bf28def878,show,HOST
017b0f93-12a0-4174-90aa-02b3f6d337f4,Swaggy Sie,SXM_HOST,8b22006d-3e43-ceb2-863b-f038cddcc218,channel-linear,HOST
5a8182b2-42c0-4092-b3c9-817ceb3da0a4,Sona Movsesian,SXM_HOST,51c8536b-3279-d6b3-1f83-269c03a2d064,show,HOST
f94af6d7-794c-487d-b9e4-b764240811ee,Rich Davis,SXM_HOST,f397b1ad-415b-4c7a-1e23-6aad5558d3c2,show,HOST
9fabcaae-ccb0-4901-8d8a-af6d035d69eb,John Hansen,SXM_HOST,20df8b05-0b6f-91dd-2072-3449e43298fa,show,HOST
68482535-9a25-4411-8286-56ff28e32d8e,Caity Babs,SXM_HOST,73553275-0d3f-f980-cd86-f212fe86e38b,show,HOST
553256ea-a93c-4401-9339-781b29c0db5a,Conan O'Brien,SXM_HOST,7cfe4eb6-db5a-32a9-8ae2-619396f8af33,show,HOST
ef6a2aa9-29b9-42a5-bb5e-3b6c0733e223,Dasha,ARTIST,3bf5edae-9367-4628-6483-f75199388a53,show,HOST
ec8e3eb2-40bf-4068-8b1f-9d7906a86675,Mark Henry,SXM_HOST,53657570-9e2a-4c74-b69c-7739625b021e,show,HOST
55b02797-fae1-44f5-ba7a-49f3fcbd87ff,Rida,SXM_HOST,de910d39-4ecf-2944-acfc-7c4288ef9422,show,HOST
28906609-cd8b-4092-aac8-4f87cefea3d9,Mitchell Whitfield,SXM_HOST,54f4144b-13f6-4e4c-3d4b-3d9f6f766e27,channel-linear,HOST
60e3fba8-09ce-42f3-baf2-7796b7219818,Grant Random,SXM_HOST,32c4747f-8739-d578-62d8-08a92d518445,channel-linear,HOST
ab25359e-3ee9-4d77-8903-74158d3b2c35,Amy Phillips,HOST,c0f51549-fb82-9f7f-8acc-a6f24e39e315,show,HOST
7243f97a-247b-43a6-8e27-f94eba79b2bf,Stephen Dubner,HOST,a8b212ac-042a-9c8e-7489-410515bfb114,show,HOST
4cc371ba-9963-4531-b3b1-19c59c99dc48,Mike Florio,SXM_HOST,b8d08b56-6bca-a461-189e-ea00b223fbf4,channel-linear,HOST
58cdfc84-25c6-4361-86f3-9dde0207d528,Mark Goodman,SXM_HOST,2ea07147-a720-ed0c-d4ce-d7bddd1640d3,channel-linear,HOST
0faf1591-d68d-40fa-8caf-e85d0e321df3,Alec Ingold,SXM_HOST,def1d118-cb38-c092-2b14-d25db274d6ac,show,HOST
0139c5b4-585f-41bb-a8d2-16e1a6c02709,Father Dave Dwyer,SXM_HOST,88c59be1-adab-d9c1-ee63-05fdef54f094,channel-linear,HOST
46ec2eda-6e3f-4192-ab77-30a03be98c05,Guy,ARTIST,556bd7a0-adef-ac68-435d-9ead612aacb7,show,PERFORMER
d2abf286-3802-44b1-984a-d8ee010545b5,Laura Coates,SXM_HOST,aa879f4f-9d0b-0d7b-1090-65067372e656,show,HOST
fc04435c-0b76-4f93-87f4-c29ba5a2241a,Lord Sear,SXM_HOST,a46069f2-6e41-a40a-79b0-3a6b5aa5287e,show,HOST
c4f713c8-2a04-4e97-9c39-e9617fb7bb90,Kevin Harvick,SXM_HOST,f0e73c8d-8a23-5630-feb1-34c58c78075b,show,HOST
fba1a1ac-1f2c-49fd-b5f9-d64b99f17396,Davis Burleson,SXM_HOST,71f89640-f11f-19eb-4144-b5fae9b3b0fa,show,HOST
7be60aa9-ebd8-4c63-b8e1-228fe47da08d,Mike Babchik,SXM_HOST,207ac4fc-c435-a771-1cf6-05c52cc15344,show,HOST
30933ec6-d26c-4dd4-9a59-14906cdc7d35,Nicole Ryan,SXM_HOST,69defb18-7f8a-482f-a493-641fdbb500a8,show,HOST
52b192c8-2aba-4090-b655-c38fa54a4893,Julie James,SXM_HOST,adc27a20-6fc4-7269-5ca6-4a492f7dfa55,channel-linear,HOST
438dd61c-6dc8-4262-a659-7d29cb6d9b69,Seth Rudetsky,SXM_HOST,adc27a20-6fc4-7269-5ca6-4a492f7dfa55,channel-linear,HOST
34234f68-f46a-4a93-bc17-b613a8898ffb,Jose Mangin,SXM_HOST,634ea01e-4ae2-c7e8-7567-138965e8a6fe,channel-linear,HOST
99ec4e2e-e4ab-4bef-8079-90b9275187ef,Rachel Maddow,SXM_HOST,95bffee3-e903-ca28-6332-1b94f41a8962,channel-linear,HOST
cda62b3a-fcab-4934-84d6-1b9d08fab9b7,Sandra Bernhard,ARTIST,56605cc5-88b8-557b-fc3c-dae7eb41bf56,channel-linear,HOST
3c13422a-0df2-47b9-8cb0-50c10dbd5ba8,Heather B,SXM_HOST,05cd3a1a-d292-3b8e-e8c9-1566d0726994,channel-linear,HOST
9d8b8527-c218-41f3-820a-ae0dcc95e910,Sugar Ray,ARTIST,d9ebeb03-efdb-deae-2c98-530cea3f002d,show,HOST
f94af6d7-794c-487d-b9e4-b764240811ee,Rich Davis,SXM_HOST,f0009e1b-32a4-a10e-bbe1-442ecb3986e5,channel-linear,HOST
cb865a68-42dd-4d28-b75e-7b667aa89673,Andy Cohen,SXM_HOST,eecb981c-1e96-ef48-0620-1277294c0415,show,HOST
0b217687-463c-4ad8-8def-7d327e6b69e8,Will Arnett,HOST,813d656c-9af5-7f51-bb48-d724327d9289,channel-linear,HOST
efdf31e3-e321-473a-8abd-8ab6dd15e58a,Cardinal Dolan,SXM_HOST,64ea4123-adea-22a5-7cc0-407818db7f0e,show,HOST
9423bf7e-1794-4d1a-8f83-ea52433c41d9,Lucille Ball,ARTIST,b6082ae1-4dd6-857f-25e4-da3051f55a14,show,HOST
4cc371ba-9963-4531-b3b1-19c59c99dc48,Mike Florio,SXM_HOST,b8d08b56-6bca-a461-189e-ea00b223fbf4,channel-linear,HOST
45de66f5-03fc-4581-9723-237e1b5bd09c,Jimmy Sturr,ARTIST,691c32ca-de5c-49c2-fa10-e2c2fc83ed21,channel-linear,HOST
b257d09d-d750-44ff-bcab-09439ef6acc8,Tom Morello,ARTIST,18ecb186-4fc8-769c-3d83-f8511087296f,show,HOST
973459ad-9cf6-4c56-aa4f-4b90b7f8c63a,Julia Cunningham,SXM_HOST,fd64cddb-6369-ff06-c9bf-264aa0b4849b,show,HOST
c1b86f35-571c-4aee-a6fc-af936400d0cd,Cayman Kelly,SXM_HOST,69cc3e2b-1005-4ebd-a744-3df16dbb47bb,show,HOST
9f301f89-a80f-4da8-a827-9715229de828,George Noory,HOST,0b214b64-9f21-a684-1244-8b6e5fc2eff5,show,HOST
7e4ae8c6-3f05-4b99-adbe-d0cfb116e4fc,Dani Wexelman,SXM_HOST,d9dcf813-1a1a-2f92-a53f-e372ffc235ea,channel-linear,HOST
3c13422a-0df2-47b9-8cb0-50c10dbd5ba8,Heather B,SXM_HOST,fb5bc33e-a51e-d1dd-d547-3d80e0b8324c,channel-linear,HOST
edd3dd88-1ff0-42e3-8718-b54ea835001d,Michael Smerconish,SXM_HOST,43993462-1c73-efb8-29e5-0c4652cf8e4f,channel-linear,HOST
2b508cf4-55a2-40f5-8204-9fccab5f325c,Chucho Valdés,SXM_HOST,4ba2ccc3-c5c9-eb1b-5b59-0af34ea7aa3c,show,HOST
68482535-9a25-4411-8286-56ff28e32d8e,Caity Babs,SXM_HOST,cb8f90fb-1592-2df9-bcd6-73ed3c6bcf94,channel-linear,HOST
7a52f074-985b-4282-9ff7-2fb1944c54a6,Bevy Smith,SXM_HOST,aa6e1070-5bab-87ca-dd72-ac8cc57f206c,show,HOST
cb865a68-42dd-4d28-b75e-7b667aa89673,Andy Cohen,SXM_HOST,2c5d854d-8b1f-e899-f1f6-b1ecdf4f7728,show,HOST
ddbef86c-961c-442b-a53c-d1abdbc773cf,Ryan Sampson,SXM_HOST,db1924a4-0461-d111-2d1d-2e9070916d02,show,HOST
1a75f6e7-2816-4f7e-b2c0-448b5cff0ab1,Paula Nelson,SXM_HOST,73e7abd5-f853-9936-9aa7-ff69119ada68,show,HOST
19d1cda9-a759-4ede-a769-4ad78269872b,Mary Sue Twohy,SXM_HOST,d471e554-e116-47be-8333-dc68ca3e9b09,show,HOST
1d1b3bae-75c4-405c-aaf6-df3d89f7183a,Trevor May,SXM_HOST,d6d309b8-c11e-b5f5-4c85-a4ebe3059d50,show,HOST
089d6a2e-7075-4e91-85b4-9d04a58512e3,Dr. Laura,SXM_HOST,bf022b5f-a52e-564e-c35b-4211126df403,channel-linear,HOST
184fe930-9b9a-4ad9-af7a-a64f177c0a11,John Legend,ARTIST,89fa5b7f-45ba-1856-3a54-0223f95e1d5e,show,PERFORMER
c1b86f35-571c-4aee-a6fc-af936400d0cd,Cayman Kelly,SXM_HOST,41352933-47b4-ba51-b743-2e4e5c07d4df,channel-linear,HOST
3d2d6c0c-1e97-4177-bb4e-19bdc6dd30b4,Wolf Blitzer,SXM_HOST,06a93272-371e-e3b1-8588-9054198462ce,channel-linear,HOST
e42e030f-4839-48e6-b28e-b75826ba05fa,Jacob Hester,SXM_HOST,cfda84b5-c90d-4dff-8a73-331226bc7201,show,HOST
76e4b0cc-6c9b-4f26-92af-a88cea2ab182,Steve Covino,SXM_HOST,cb8f90fb-1592-2df9-bcd6-73ed3c6bcf94,channel-linear,HOST
62470ac9-ce57-4141-8bde-8f007791847c,Jess Cagle,SXM_HOST,18b528dc-3774-faaf-7797-42dd95f23e29,show,HOST
58cdfc84-25c6-4361-86f3-9dde0207d528,Mark Goodman,SXM_HOST,3680d71b-56ae-472c-3951-600d389a121d,channel-linear,HOST
a14a7f49-4d80-418c-a93a-2d13a0b4a0ff,Jimmy Buffett,ARTIST,988d25d1-db91-ee15-72e1-386c1972b8b0,channel-linear,HOST
973459ad-9cf6-4c56-aa4f-4b90b7f8c63a,Julia Cunningham,SXM_HOST,c0a81030-a3a4-b492-5d2e-1362e2093ecf,show,HOST
3e497ce2-22e3-4266-9d47-85e6caa29e3c,Gioacchino Rossini,ARTIST,892b7e92-b28c-4b90-8962-2f9deb9f5d70,show,PERFORMER
f94af6d7-794c-487d-b9e4-b764240811ee,Rich Davis,SXM_HOST,adc73a42-74e6-2d23-9f79-2c7b202d3547,show,HOST
fd988efa-6654-42f3-80cc-25e0fe7400df,Jimmy Fallon,HOST,22d13afd-c1e6-8f40-f03c-358eb713cc88,show,HOST
a906d107-e172-4832-b785-5932c78d5843,Rick Kamla,GUEST,6832023a-653d-4412-4b99-409773f70a36,show,HOST
438dd61c-6dc8-4262-a659-7d29cb6d9b69,Seth Rudetsky,SXM_HOST,98865d8b-db09-412e-9732-3429ab910137,show,HOST
3c13422a-0df2-47b9-8cb0-50c10dbd5ba8,Heather B,SXM_HOST,346252cd-cd6a-9ec0-f96e-6504aae40317,show,HOST
bc029f26-105c-453d-ba74-30d1d2e0d4a8,Richard Blade,SXM_HOST,0a812925-55f4-a359-7d11-698dc2f514b3,show,HOST
894f2664-b7e4-4d28-b1a9-8d32f809bc2f,Paul Bachmann,SXM_HOST,5d6347dd-ce61-9b85-c1d9-70a82209b02e,channel-linear,HOST
048a7114-9962-4315-bd34-1a46c2cc1a16,Dan Abrams,SXM_HOST,43993462-1c73-efb8-29e5-0c4652cf8e4f,channel-linear,HOST
894f2664-b7e4-4d28-b1a9-8d32f809bc2f,Paul Bachmann,SXM_HOST,1bff4cda-2408-480c-b6be-5dc86dd6cfce,show,HOST
ddca9143-381e-421d-bdfb-b8aa9399356b,Shannon Gunz,SXM_HOST,8fa3e2d9-da19-ff96-7abb-f0ec79e0e846,show,HOST
281fb8e1-b5c3-406f-9e88-3c6beb2f2eca,Wayne Gretzky,HOST,44ccdd25-ffd4-406d-d470-255d564ab13e,show,HOST
215fc1af-9508-44d0-a2ad-04192de652c2,Megless Griffin,SXM_HOST,7871f976-6416-46ca-a5d1-c9dd4d593cf8,show,HOST
3c13422a-0df2-47b9-8cb0-50c10dbd5ba8,Heather B,SXM_HOST,05cd3a1a-d292-3b8e-e8c9-1566d0726994,channel-linear,HOST
065abaa9-39a0-4cad-ad34-087d6bef3881,The Doobie Brothers,ARTIST,b40dfb8e-0a06-2ea6-e240-9f15a8e3e9e1,show,HOST
01a846a2-2779-482f-9788-0dceb11c1ea1,Adam Caplan,SXM_HOST,d533a255-585c-e59a-2c37-fb080fdcf4ba,show,HOST
017b0f93-12a0-4174-90aa-02b3f6d337f4,Swaggy Sie,SXM_HOST,1c4ce8a6-0fe4-9f22-53c5-b60ccc66a203,channel-linear,HOST
68482535-9a25-4411-8286-56ff28e32d8e,Caity Babs,SXM_HOST,21c376ec-08cb-5e39-1d98-594bba805a69,show,HOST
d85b9510-719b-4777-809f-1c96b0e7cabe,Gail Bennington,SXM_HOST,8b66f94a-7304-fd83-d442-2153b881c21f,channel-linear,HOST
5512ac26-532d-4b3a-95c5-b612b35c24cf,Dave LaGreca,SXM_HOST,653661fc-3bfb-95cf-dbbf-9d561091c2e2,show,HOST
9dbdc1d0-f36c-438b-bef6-ebf7dad55e41,Phil Lesh,ARTIST,56937504-74ec-39c6-b3da-45550cdf31dc,show,PERFORMER
c859e58b-b062-41e2-baa4-959f1dc4d847,Earle Bailey,SXM_HOST,72b0f093-9d7d-429b-97ce-829fa987446b,show,HOST
8b8d837b-b278-4eb8-960a-196c6faf8a87,Din Thomas,SXM_HOST,6e4303e6-415c-319d-8517-52fcc93fc3fa,show,HOST
c93662e5-b5a8-4c81-9e49-b50c20bf352a,Kristine Stone,SXM_HOST,63289cee-e343-696e-65b9-6ae533a33540,channel-linear,HOST
b146753f-482a-4ea3-8dc2-fb07b4115522,Anderson Cooper,HOST,7c5ea940-4a2f-2e96-54da-a36c28eeb737,show,HOST
54932246-4c11-4fa6-8946-07b1b5ad1cd0,Keith Roth,SXM_HOST,7a642de7-c33f-a628-efb2-3d94a829d17b,channel-linear,HOST
2d491164-d923-4869-8e0b-28850221fc4d,KC Phillips,SXM_HOST,d56c501c-25f8-4975-a4f4-24b626ae566f,show,HOST
6dd9f690-ef9a-4dbd-a069-615dcaa25f7f,Michael B,SXM_HOST,f9ee46e0-8988-07b0-6fbe-0ce6071e7907,show,HOST
9fabcaae-ccb0-4901-8d8a-af6d035d69eb,John Hansen,SXM_HOST,771e64b7-b469-2b4f-51a7-333f940b859a,channel-linear,HOST
20e94976-3dfa-4602-8fc0-a9926cf581cb,Queen,ARTIST,27bc06ed-78a5-4f9c-fc23-00bc2f940068,show,GUEST
0dc8f48c-6785-4738-8bae-8bcbf42beb73,Spyder Harrison,SXM_HOST,2ed60707-282d-2d28-116c-41d7eddeacbf,channel-linear,HOST
e9ecebce-7928-415e-a4f0-5dadaa453eb1,Kim Ashley,SXM_HOST,9500b9a2-1b49-4983-a962-57fbf495c0c9,show,HOST
1a0d89c4-cab7-4087-b80b-63897bef70de,Ken Coleman,SXM_HOST,02420cc7-be0a-cc9b-c8e0-11f3f2e68349,show,HOST
cfb3cdbf-141a-4236-a985-0bd13badd884,Downtown Julie Brown,SXM_HOST,ef940a5b-255c-9f91-a3a5-41c6a9a24260,channel-linear,HOST
b257d09d-d750-44ff-bcab-09439ef6acc8,Tom Morello,ARTIST,740d1c8f-ae81-1024-16b1-e7444b35ed5b,channel-linear,HOST
5c453468-643e-4d90-9c1c-8989c536d2dc,Perri Peltz,SXM_HOST,9737bbee-364f-05f9-fe3f-392bbbf61850,channel-linear,HOST
5cc4c7f4-feb4-4f50-869e-145a61cf42fd,Adam Schein,SXM_HOST,23999ddf-2cc2-35e2-7d04-6cc2749043d0,channel-linear,HOST
bd6a677b-5d5c-419b-a4d0-16913b4fed4e,Jason Bateman,HOST,82534c7b-09dd-3813-16f4-ac33de3c659b,show,HOST
9e9bd8a5-402c-457b-8822-2294d499b4a2,Kat Corbett,SXM_HOST,226518b0-22f9-c433-262c-d4d34686bfad,show,HOST
bd923964-afad-40ba-ab82-db57d833eb73,Nathaniel Rateliff,ARTIST,aa0d8f33-611b-ebc2-6b4b-b08c979f6ae8,show,PERFORMER
e2e2d3fb-31b8-4948-848a-2613dd9eb2c1,Train,ARTIST,066141f6-7001-5742-2b0e-ac89271af38f,show,HOST
f714020c-975d-426a-95a3-287ef0a9db12,Andrew Wilkow,SXM_HOST,9077818b-610a-7b27-a0a3-737ae47c5348,show,HOST
9b76961e-f194-4120-a9f8-fa909b55140b,Jim Norton,SXM_HOST,80867fa3-093f-b076-bedc-af8d71cb54ab,channel-linear,HOST
bea76fb4-a595-4d80-add6-0d35b489919f,Joyce Meyer,HOST,2d17b821-05da-4fbe-b561-7753645819b6,show,HOST
206494da-25d6-433f-94d7-e30c97218560,Andy Richter,SXM_HOST,dd21ed4a-49e7-ae02-3a61-cd730602a389,channel-linear,HOST
53f5361f-57aa-49ab-b18b-927333be57aa,Marty Smith,SXM_HOST,51f88432-8311-37e0-b57d-9b0ab63f5ce9,channel-linear,HOST
894f2664-b7e4-4d28-b1a9-8d32f809bc2f,Paul Bachmann,SXM_HOST,5c5182ac-1342-43bc-b5d3-efb57cf426c9,show,HOST
8b8d837b-b278-4eb8-960a-196c6faf8a87,Din Thomas,SXM_HOST,41ca90db-90fc-2d14-0fad-21d5deaa58c1,show,HOST
a8956eec-f02e-4adf-97fd-aa7a3b4aa204,Ashley Flowers,HOST,669b0094-b755-788a-b68a-a6d6a7524dd9,show,HOST
5c453468-643e-4d90-9c1c-8989c536d2dc,Perri Peltz,SXM_HOST,fb19764f-793b-4ba1-a345-40299f268a19,show,HOST
1ddb090b-842b-4470-a282-b3af3ce348fd,Sean Hayes,HOST,813d656c-9af5-7f51-bb48-d724327d9289,channel-linear,HOST
2ad1b10a-41ea-41a2-9013-792f9572ad26,Pitbull,ARTIST,7ebcb38c-a1ab-e608-7e6a-bc2165b6b52a,show,HOST
c32fd89e-3cee-4839-9249-6aa2fae282af,Matthew Stafford (American football),GUEST,f15c489c-9f8e-88a8-94e2-97e425452fe7,show,HOST
0a60285c-d0e1-426e-8b0e-7ee23a00672c,Torae,SXM_HOST,e51e0208-cc1a-237a-77e3-0c5a29786552,show,HOST
907de37b-067d-4df5-951c-a22b0ef79857,Jeannie Seely,ARTIST,6eb8dde1-0f10-dbd4-ce76-8003692086ac,show,HOST
ddbef86c-961c-442b-a53c-d1abdbc773cf,Ryan Sampson,SXM_HOST,75c222e8-3696-7cee-6824-ecdbdadb7451,show,HOST
abfb9c37-f675-4fbb-bffc-5caf0ab53289,Rosalyn Gold-Onwude,SXM_HOST,325f06d1-8734-0378-1ae1-66323143c249,channel-linear,HOST
d1371b1c-9f8f-4cbd-b839-79170d6df0c2,Shemekia Copeland,ARTIST,c4406844-de06-901b-6b4f-02420e2bd2d6,channel-linear,HOST
69502de6-9ab3-43a2-93f4-4cd2fd8977c9,Pat Kirwan,SXM_HOST,6393817d-60e4-4d7d-9cfb-d30b18633334,show,HOST
8a90b97e-bdd3-46bb-98aa-692232222fbd,Buzz Brainard,SXM_HOST,acdef9f1-411c-af9c-a69a-e9113ed1f9d0,show,HOST
a1399080-0c9f-4c21-92b4-8cc9cdeedf62,Danielle Peck,ARTIST,7389abc2-1e09-3288-79c5-146fb166c32b,channel-linear,HOST
c93662e5-b5a8-4c81-9e49-b50c20bf352a,Kristine Stone,SXM_HOST,3680d71b-56ae-472c-3951-600d389a121d,channel-linear,HOST
1cd67191-8866-483e-a473-3719c96fe736,Bully Ray,SXM_HOST,02ef26f1-5348-cfdd-18a6-94e17cd24a1b,show,HOST
ee07e132-7005-4905-a6a0-fbcdaecd7cf9,Bill Polian,SXM_HOST,8d675971-64f7-450c-8438-2e2a2a6939b0,show,HOST
0b217687-463c-4ad8-8def-7d327e6b69e8,Will Arnett,HOST,82534c7b-09dd-3813-16f4-ac33de3c659b,show,HOST
fbb7033b-79c7-4f5c-b893-690f577578f2,Glenn Beck,HOST,bf022b5f-a52e-564e-c35b-4211126df403,channel-linear,HOST
cb865a68-42dd-4d28-b75e-7b667aa89673,Andy Cohen,SXM_HOST,e9fdb33f-0ae7-49ae-f939-d455d5c4601b,show,HOST
5512ac26-532d-4b3a-95c5-b612b35c24cf,Dave LaGreca,SXM_HOST,098425c8-142d-9ee9-3d45-bc5f7b284bd4,channel-linear,HOST
1dfbce37-46f6-4e26-aec1-d0519939eed4,John Tartaglia,SXM_HOST,adc27a20-6fc4-7269-5ca6-4a492f7dfa55,channel-linear,HOST
c859e58b-b062-41e2-baa4-959f1dc4d847,Earle Bailey,SXM_HOST,e3041d19-daa5-6517-8c73-41976582d1f9,channel-linear,HOST
f8ba124f-fba7-4a35-b79d-d6951f1b6daf,James Menendez,SXM_HOST,93c1c9bd-3403-392c-9ae7-ae292b8bb052,channel-linear,HOST
a8654186-c377-4d4a-96b9-502021e968cb,Tom Hanks,GUEST,39386a1a-2c3f-7265-519d-ae1447620634,show,GUEST
79dc3af2-c67a-4203-873d-62b5af672a92,Dion,SXM_HOST,8b22006d-3e43-ceb2-863b-f038cddcc218,channel-linear,HOST
1f229c50-e9bd-4d7f-a16b-025c2b2ecb3e,Robin Quivers,SXM_HOST,123f7d39-c99f-2f01-7900-0d4b8b010cb7,channel-linear,HOST
d8927972-39ff-42b9-9cc4-e540fcbc95aa,The Tragically Hip,ARTIST,9c16e146-5f87-a920-9c63-b9f6db4ff558,show,HOST
b6a66b81-b9f1-4691-98b6-4d98cec8a445,Cody Alan & Macie Banks,SXM_HOST,ddda2579-e907-d1c3-8b12-0c465a2ea8e7,show,HOST
e9ecebce-7928-415e-a4f0-5dadaa453eb1,Kim Ashley,SXM_HOST,42eb9918-5250-4643-954d-4f3e826a2650,show,HOST
967af678-dcde-4e62-a033-e4bb449dc6a4,Sunny Sweeney,ARTIST,0aee72ed-5dd8-2848-3567-d8809e123cd1,channel-linear,HOST
e9841a14-8419-47c8-a359-f4dc5dbf38f3,Swedish Egil,SXM_HOST,6aa30fe8-6223-43c3-bc3f-808055094da5,show,HOST
e6f3bc8b-9c47-4088-bc08-4041a13fd418,Kylie Minogue,ARTIST,b82d9342-f36d-ae42-95a1-72492131705c,show,HOST
abfb9c37-f675-4fbb-bffc-5caf0ab53289,Rosalyn Gold-Onwude,SXM_HOST,7319a435-b662-54f9-c32e-b0674faa91ef,show,HOST
8b950473-b62d-4c3b-970f-6e0c99ee0986,Casey Kasem,SXM_HOST,8753a626-6ea2-8dd6-55c5-8f5b9e1d7357,channel-linear,HOST
88c2c967-7da9-4b74-b84c-e19515711f97,Emily Sumlin,SXM_HOST,4cbc0d7d-5077-a299-4f75-ef071fa81759,show,HOST
acf8a01d-96b8-4174-bd0d-dd32abd9887b,Steven Kapp Perry,SXM_HOST,ffbdc12f-4ed9-0896-af68-a1353b5f0b7b,channel-linear,HOST
7094ec7e-52ff-4333-a504-7316ffd1acb2,Jim Bowden,SXM_HOST,66e0c959-ced8-2958-5d2c-c19ca4f770a4,channel-linear,HOST
1f574be0-7427-4827-8bda-034d132e8a03,Stephanie Ruhle,HOST,95bffee3-e903-ca28-6332-1b94f41a8962,channel-linear,HOST
8b950473-b62d-4c3b-970f-6e0c99ee0986,Casey Kasem,SXM_HOST,95d4d8ef-55e4-8337-78f1-2fda944991d8,channel-linear,HOST
2a432919-925e-4557-b3c6-e945ba58029e,Alan Light,SXM_HOST,7c44720e-ca67-02f9-ee30-b8a2fb989488,show,HOST
0d015cfa-abd4-482d-847b-80607e68a89a,Bob Buchmann,SXM_HOST,86d1a676-7900-fa3d-5fdd-feff3d792fd2,show,HOST
d486ce37-ce90-44fc-9640-36ad144f34b8,Dan Le Batard,HOST,51f88432-8311-37e0-b57d-9b0ab63f5ce9,channel-linear,HOST
206494da-25d6-433f-94d7-e30c97218560,Andy Richter,SXM_HOST,e1d0807c-de1b-4004-435d-cb429ddf1ff4,show,HOST
19d1cda9-a759-4ede-a769-4ad78269872b,Mary Sue Twohy,SXM_HOST,5fbd983b-7cf9-71d7-7890-c13682e2375a,channel-linear,HOST
948c1c06-c018-4e86-9733-376133cb06df,Peter Asher,ARTIST,20801778-3df2-d607-eab5-e03de0ca7815,channel-linear,HOST
5c453468-643e-4d90-9c1c-8989c536d2dc,Perri Peltz,SXM_HOST,2fbb1028-9740-335f-b5e9-58aac271a7ff,show,HOST
cce2b0e0-5874-460e-a09b-b49910224a94,Dave Anthony,HOST,07a65df6-8e3c-a8cb-aab1-714f18ef220e,show,HOST
3c13422a-0df2-47b9-8cb0-50c10dbd5ba8,Heather B,SXM_HOST,2022dfab-580f-675f-6aad-00aad9c3be9b,channel-linear,HOST
e6d37f80-4574-4e62-9c26-73e43eef57a5,Don Cannon,SXM_HOST,2022dfab-580f-675f-6aad-00aad9c3be9b,channel-linear,HOST
75df08ae-c0e9-4822-a731-81a001b3aadb,Peter Bergen,HOST,f3833950-3795-50e3-52ca-20581aecfb45,show,HOST
1cd67191-8866-483e-a473-3719c96fe736,Bully Ray,SXM_HOST,7dd172b7-268d-475a-a407-641544dfffc5,show,HOST
b257d09d-d750-44ff-bcab-09439ef6acc8,Tom Morello,ARTIST,1ace8769-7049-0737-2ca8-d92623a0cd75,show,HOST
653506c4-be0f-4454-91b8-12aa4dfd35c1,will.i.am,ARTIST,038e9a9a-4878-7561-521b-5d432a0798a0,channel-linear,HOST
215fc1af-9508-44d0-a2ad-04192de652c2,Megless Griffin,SXM_HOST,e3041d19-daa5-6517-8c73-41976582d1f9,channel-linear,HOST
aa00cd50-532c-4181-8b83-f6ea6ed582e6,Joe Bonamassa,SXM_HOST,c4406844-de06-901b-6b4f-02420e2bd2d6,channel-linear,HOST
e6d37f80-4574-4e62-9c26-73e43eef57a5,Don Cannon,SXM_HOST,59508a86-1e48-4dcf-bf78-a59c3b149f95,show,HOST
29f7ce40-1a64-44c2-87a8-1ead8eca8256,Rachel Steele,SXM_HOST,7a642de7-c33f-a628-efb2-3d94a829d17b,channel-linear,HOST
973459ad-9cf6-4c56-aa4f-4b90b7f8c63a,Julia Cunningham,SXM_HOST,22aa6a15-ed96-c247-3a5e-6bb1bfb77f0f,show,HOST
b257d09d-d750-44ff-bcab-09439ef6acc8,Tom Morello,ARTIST,32c4747f-8739-d578-62d8-08a92d518445,channel-linear,HOST
7a52f074-985b-4282-9ff7-2fb1944c54a6,Bevy Smith,SXM_HOST,e8ae0788-65ec-d947-f63e-bddfa74fdfab,show,HOST
f9220333-7423-44c4-9dd2-8b8eda76151d,Chris Hayes,HOST,95bffee3-e903-ca28-6332-1b94f41a8962,channel-linear,HOST
871af3a8-9280-4ea1-9de6-cf0f4bc9813c,Charlie Stillitano,SXM_HOST,c6de1f24-a0e1-4101-a80b-86eb106f1d1b,show,HOST
8baec0c0-94e1-4ef3-90ac-2bd18d7a03f4,The Chainsmokers,ARTIST,0e681b37-cecb-ab53-9e05-004c239d283c,show,PERFORMER
fd749b99-33b0-4680-8c26-f01e2e75ef21,"Dr. Jess Shatkin, MD, MPH",SXM_HOST,97548371-5133-a4c6-373f-801a18dc3237,channel-linear,HOST
53e357b0-6fd0-4dd2-a32e-a93c74f169f2,Carmen Aristegui,SXM_HOST,ca999408-50b0-4ff3-abc9-e5935e69e117,show,HOST
c7aef8e7-6fc1-49c0-8828-a5029174f6ac,Tommy London,SXM_HOST,fed8de31-8d51-8949-6c69-2035fb0485b0,channel-linear,HOST
215fc1af-9508-44d0-a2ad-04192de652c2,Megless Griffin,SXM_HOST,882b5229-2798-4385-5f05-0835c1d017c2,channel-linear,HOST
6d369b6b-c95b-43cc-889c-68616e4be0f6,Lori Majewski,SXM_HOST,8d5e1261-d8f4-855a-9f76-a3733d314d01,show,HOST
034271a4-2f41-4db5-8c46-29135a5b2112,Cody Alan,SXM_HOST,7e10c4bf-afcc-fe98-6399-c1b8a54ff4c7,show,HOST
238493ba-01ed-475c-b146-1ab1389a7c19,Al Roker,SXM_HOST,9150cc82-af5c-3be3-d170-0e81d87375a8,channel-linear,HOST
0ccfc0a2-a688-488a-bb0a-36ab170ee05a,Christina Milian,ARTIST,d1ddcb56-84bc-c69c-22ca-e1a71a9895e4,show,GUEST
1729aa27-b7cb-437a-8e31-bdf84ec04a8a,Mika Brzezinski,SXM_HOST,95bffee3-e903-ca28-6332-1b94f41a8962,channel-linear,HOST
1a2132b2-24ca-4f2b-b42a-cd2b4ba6c431,Sway Calloway,SXM_HOST,f8bc644d-6368-4837-a230-7503b9bb0537,show,HOST
ddbef86c-961c-442b-a53c-d1abdbc773cf,Ryan Sampson,SXM_HOST,194adbca-34d6-cb94-b153-3488ee563308,channel-linear,HOST
238493ba-01ed-475c-b146-1ab1389a7c19,Al Roker,SXM_HOST,2e1b2d2c-e6ff-d025-73d7-f80b86699331,show,HOST
90aab0df-cb3a-4e78-9e91-eb9c48d4fa7a,Purple Disco Machine,ARTIST,2d1f4ecc-68ed-5e7c-d8c3-535a0bc55eec,show,HOST
dbafbedc-0df6-4f87-91af-b8a82e2f1eff,Roger Alan Wade,ARTIST,176daca5-6810-3a1c-49e9-39b69055e811,channel-linear,HOST
8fe863fc-3155-443a-9bab-9db9b48a1dfa,Michelangelo Signorile,SXM_HOST,fb452ece-ac0c-2236-780a-d85c72fbcc88,channel-linear,HOST
048a7114-9962-4315-bd34-1a46c2cc1a16,Dan Abrams,SXM_HOST,43993462-1c73-efb8-29e5-0c4652cf8e4f,channel-linear,HOST
76396ddc-04a8-4e5f-94c0-89dbdd0ba574,Mikey Piff,SXM_HOST,eaeb0adc-cd70-4d41-81ca-1688e981316a,show,HOST
2d3b8258-2d39-4eba-b49e-3b91745309cb,Geronimo,SXM_HOST,de910d39-4ecf-2944-acfc-7c4288ef9422,show,HOST
36822f76-672f-4559-a033-fbb47f996910,Jesse Watters,HOST,5f8894e9-d615-21d0-a114-ecd08e7fa75c,channel-linear,HOST
95805a5e-a198-47d0-aa5c-60d40a920bc8,Lin-Manuel Miranda,HOST,6905e9ed-5126-f150-3a63-891d4c5b37b7,show,HOST
13754410-d934-43d2-a462-56e59a2018f4,Kai Ryssdal,HOST,22b6d419-0bc3-31f7-c9dd-53ca6c673d8c,channel-linear,HOST
77605a18-2611-4b23-bab2-83d75d8e3754,George Harrison,ARTIST,11ded9f3-379b-57a0-9af5-a255bb1106bc,show,PERFORMER
e9ecebce-7928-415e-a4f0-5dadaa453eb1,Kim Ashley,SXM_HOST,32566352-8e68-80f8-fe11-3f9715b63876,channel-linear,HOST
c7aef8e7-6fc1-49c0-8828-a5029174f6ac,Tommy London,SXM_HOST,fc4c7205-4b8f-c914-d8f2-64991b770ef6,show,HOST
82c891b7-057a-4eec-84e6-e5d1096626b1,Phil Savage,SXM_HOST,f3126d70-09ea-bd0c-57cd-af5ab798f313,channel-linear,HOST
23d6b91e-5b90-4c4d-9ac0-48c79034beb3,Christopher Russo,SXM_HOST,65dca52d-bc15-6237-00b6-f0329a1fc756,show,HOST
1e51bb63-9b18-44bb-8ff4-f39963999dad,Megyn Kelly,SXM_HOST,7290fe63-4a80-d055-ff31-855a1d8dddfd,show,HOST
bdf477e5-4509-4910-b9f2-0d18d6f1564b,EJ Manuel,SXM_HOST,d9dcf813-1a1a-2f92-a53f-e372ffc235ea,channel-linear,HOST
b81b1ebe-f593-4269-9aa8-a1b8bb02171f,Jon Favreau,SXM_HOST,8b97a469-aebf-4186-9989-462a0ceb7b51,show,HOST
cd032653-5515-4474-bf68-cd56ec970d93,Alan Hunter,SXM_HOST,8a3d176b-87e9-4600-9f29-53350daca710,show,HOST
0de07cc7-3432-45f7-9778-53a034c3041e,Smith Sisters,SXM_HOST,b436c7d2-38b2-b8aa-48df-c175e0f1f5b3,show,HOST
ff070940-01b8-4278-9390-ebfc892397e1,Johnny Knoxville & Roger Alan Wade,ARTIST,176daca5-6810-3a1c-49e9-39b69055e811,channel-linear,HOST
8a784928-8269-4c0b-8468-ccb421239716,Sam Roberts,SXM_HOST,7d47ba13-17ac-177e-9ec9-3fb74be82f50,show,HOST
973459ad-9cf6-4c56-aa4f-4b90b7f8c63a,Julia Cunningham,SXM_HOST,44f9129f-579a-3d23-218f-3c3518036fc6,channel-linear,HOST
80e61f99-7729-4516-8fc1-fb919153bb7f,Dave Ramsey,HOST,51134c61-b234-af23-bf09-f7d742be6b2e,show,HOST
0f09fbac-05f9-48e1-b0f8-f5453164f1fc,Madison,SXM_HOST,fd5740ec-7f11-0ecf-f676-46f9dc056d2c,channel-linear,HOST
e956cd97-f9e7-41f3-b317-0eac0521d58b,Sway,ARTIST,2022dfab-580f-675f-6aad-00aad9c3be9b,channel-linear,HOST
d970f12d-745a-486d-a7e8-d02f425b493e,Chris Powell,SXM_HOST,96f5d0e4-ebff-564a-6c39-70a4a642e360,channel-linear,HOST
bf05e17d-bf08-4a31-9e95-38456e0d9219,Ania Hammar,SXM_HOST,f2f46a3e-7d4f-c900-ab8a-ca93489ca701,channel-linear,HOST
dfc6a79b-2e97-4a4f-a931-efed3685601f,Lady Gaga,ARTIST,3ff29edd-711e-ec5b-1bc8-d6dddddd2487,show,PERFORMER
7be60aa9-ebd8-4c63-b8e1-228fe47da08d,Mike Babchik,SXM_HOST,472b0fd3-d495-4410-a858-046b5ad9a5a4,show,HOST
76e4b0cc-6c9b-4f26-92af-a88cea2ab182,Steve Covino,SXM_HOST,fed8de31-8d51-8949-6c69-2035fb0485b0,channel-linear,HOST
468c195d-2e29-4d5d-93d3-268cb69736cc,Noel King,HOST,22b6d419-0bc3-31f7-c9dd-53ca6c673d8c,channel-linear,HOST
58cdfc84-25c6-4361-86f3-9dde0207d528,Mark Goodman,SXM_HOST,74699acf-5c24-6bc0-b041-67c256562c58,show,HOST
c7aef8e7-6fc1-49c0-8828-a5029174f6ac,Tommy London,SXM_HOST,13159afb-8b4d-4a7a-a79c-1e285c8bb6cf,show,HOST
0139c5b4-585f-41bb-a8d2-16e1a6c02709,Father Dave Dwyer,SXM_HOST,88c59be1-adab-d9c1-ee63-05fdef54f094,channel-linear,HOST
dbafbedc-0df6-4f87-91af-b8a82e2f1eff,Roger Alan Wade,ARTIST,176daca5-6810-3a1c-49e9-39b69055e811,channel-linear,HOST
ddca9143-381e-421d-bdfb-b8aa9399356b,Shannon Gunz,SXM_HOST,da5753ad-feae-944e-e23c-118ce3e65696,show,HOST
b1eddd40-b8ca-4d6a-a1aa-5088c474106c,Danny Valentino,SXM_HOST,f4227790-3b4b-e1cb-ba08-5b1c6375844e,show,HOST
8a90b97e-bdd3-46bb-98aa-692232222fbd,Buzz Brainard,SXM_HOST,3b99ed09-32af-9253-5cc7-9ffb81541faa,channel-linear,HOST
8f2338d5-e63a-4f05-8405-8a7e0fe0be2d,Tommy Vietor,SXM_HOST,f8b53ad2-8ef0-b5ac-944a-2354733024af,show,HOST
8a784928-8269-4c0b-8468-ccb421239716,Sam Roberts,SXM_HOST,098425c8-142d-9ee9-3d45-bc5f7b284bd4,channel-linear,HOST
c2940b10-01b6-4e0f-9ccf-76e680f1e4b7,Marc Anthony,ARTIST,cd5f7df0-c179-49ea-da0e-e9614b98e4fb,show,HOST
df276c93-3fc1-46b2-a85c-84ece61e77e6,Larry the Cable Guy,SXM_HOST,eeab21f3-792e-0dbe-c1e9-1721edcaf3fb,show,HOST
b636d1ea-b694-4908-ad9f-645bc0a61f9c,Peter Sagal,HOST,22b6d419-0bc3-31f7-c9dd-53ca6c673d8c,channel-linear,HOST
a1399080-0c9f-4c21-92b4-8cc9cdeedf62,Danielle Peck,ARTIST,614aedc5-432d-dab4-a3ec-bd807ed21b66,show,HOST
cb865a68-42dd-4d28-b75e-7b667aa89673,Andy Cohen,SXM_HOST,79b02dcd-f1b4-e0ea-b291-6da58729cc37,show,HOST
f94af6d7-794c-487d-b9e4-b764240811ee,Rich Davis,SXM_HOST,40c3d189-9611-e59f-5808-7847e294642e,channel-linear,HOST
2aa47542-02d5-49d5-a602-c870c0d529d6,Stephen A. Smith,SXM_HOST,e253bdca-601f-2b68-52fc-3f6a9fa33bb9,channel-linear,HOST
e54c8a99-c2a2-4413-8585-74af75449564,Buddy Miller,ARTIST,176daca5-6810-3a1c-49e9-39b69055e811,channel-linear,HOST
39e2db56-2ba1-4ba1-9dfe-ec9b59194033,Hoda Kotb,SXM_HOST,92f9adec-9301-4db8-a8cc-538a6ae38543,show,HOST
86d2b065-d2a4-48e4-8b4e-1a140e6cdc58,Julie Mason,SXM_HOST,43993462-1c73-efb8-29e5-0c4652cf8e4f,channel-linear,HOST
ca4d14c0-fe16-48e8-a930-1ea3d6d248ec,Dave Koz,ARTIST,e4b5402c-c608-db84-ad15-4bc8e2cdccce,channel-linear,HOST
c6ae1881-6a3b-46ca-b389-d2bd7cf7d678,Statik Selektah,ARTIST,a4c3e0f1-1dd2-4644-af4a-d3f6b7b34560,show,HOST
9d61a585-28fb-4a4b-9065-9cff30bced09,Michael Holley,GUEST,637069c2-5a55-be4d-61f6-4ea10f3a69f7,show,HOST
1ddb090b-842b-4470-a282-b3af3ce348fd,Sean Hayes,HOST,813d656c-9af5-7f51-bb48-d724327d9289,channel-linear,HOST
68482535-9a25-4411-8286-56ff28e32d8e,Caity Babs,SXM_HOST,a9ae7544-5a13-5347-b2a9-bd99244ab93e,channel-linear,HOST
935982dc-fbd7-4896-8c04-8593e073e371,Neil Barnett,SXM_HOST,2f7441a4-0d18-43ff-a574-e98217c28f4a,channel-linear,HOST
7b86c234-ac69-4365-ad55-94e46004f79e,Dan Soder,ARTIST,bd40178d-92b1-d3c0-76fb-f6e1afa9974a,show,HOST
a8956eec-f02e-4adf-97fd-aa7a3b4aa204,Ashley Flowers,HOST,27e1aa2d-8757-6c85-83ab-9d7208debbd8,show,HOST
92723873-f172-4c83-8b36-bc92cefe7a1c,Bryan Adams,ARTIST,86d1a676-7900-fa3d-5fdd-feff3d792fd2,show,GUEST
ffce6faf-5338-4145-9b6e-fe76bff07eca,Glenn Crooks,SXM_HOST,6abc5f08-0e98-484a-838a-a560381cc27f,show,HOST
f09a27b9-0883-475d-bdf8-a79ba2b3c412,Ben Hartsock,GUEST,51f88432-8311-37e0-b57d-9b0ab63f5ce9,channel-linear,HOST
d649f67f-7eb8-4310-aef2-5b65c5d9dd6d,Grant Cardone,HOST,9737bbee-364f-05f9-fe3f-392bbbf61850,channel-linear,HOST
0dc8f48c-6785-4738-8bae-8bcbf42beb73,Spyder Harrison,SXM_HOST,194adbca-34d6-cb94-b153-3488ee563308,channel-linear,HOST
948c1c06-c018-4e86-9733-376133cb06df,Peter Asher,ARTIST,20801778-3df2-d607-eab5-e03de0ca7815,channel-linear,HOST
54932246-4c11-4fa6-8946-07b1b5ad1cd0,Keith Roth,SXM_HOST,01538ed3-d2ec-42f8-b18b-f2f223394b02,show,HOST
95ffacc4-89f7-4d34-990d-95856aee90b9,Jeff Lewis,SXM_HOST,813d656c-9af5-7f51-bb48-d724327d9289,channel-linear,HOST
bc029f26-105c-453d-ba74-30d1d2e0d4a8,Richard Blade,SXM_HOST,812def88-01e7-e292-7b62-233c8b7392f2,show,HOST
7243f97a-247b-43a6-8e27-f94eba79b2bf,Stephen Dubner,HOST,2337bd03-66df-f3fa-5f6f-385fd242e405,channel-linear,HOST
fdd589a3-85f5-403e-b88b-463e47d79978,Redman,ARTIST,53f1ca49-64d8-2bbb-8d01-01482ed647cd,channel-linear,HOST
5ef375d7-ee0e-4de2-82e2-1a1a43790f43,Carrie Underwood,ARTIST,82cdcab8-f5ff-48cb-14a0-219d60af2c65,show,HOST
a14a7f49-4d80-418c-a93a-2d13a0b4a0ff,Jimmy Buffett,ARTIST,abcf2e73-0045-4fb0-8675-0412613b7f9e,show,PERFORMER
55457c1f-f4b7-4872-8960-ea6a62e5c77f,Foo Fighters,ARTIST,c4ccdc5a-6198-f956-59e7-94592f26024b,show,HOST
553256ea-a93c-4401-9339-781b29c0db5a,Conan O'Brien,SXM_HOST,29959418-0da1-4773-7e0b-5e7828c43856,show,HOST
f94af6d7-794c-487d-b9e4-b764240811ee,Rich Davis,SXM_HOST,c353a0ac-0b40-55da-fa53-3d63b95c5b63,show,HOST
86d2b065-d2a4-48e4-8b4e-1a140e6cdc58,Julie Mason,SXM_HOST,ebde7d12-42c1-9cd7-f107-993a4aec86ab,show,HOST
1ddb090b-842b-4470-a282-b3af3ce348fd,Sean Hayes,HOST,a3c08c83-d23a-6df9-f59e-84b0cca9da0a,show,HOST
391ea97f-d0ef-4d0e-9aa9-65722d4844aa,Dallas Wayne,SXM_HOST,efa5c029-bd26-4c77-823c-fa957481c3d8,show,HOST
55b02797-fae1-44f5-ba7a-49f3fcbd87ff,Rida,SXM_HOST,340b35e3-6493-0834-46d7-7c5d4d1f2890,show,HOST
1a2132b2-24ca-4f2b-b42a-cd2b4ba6c431,Sway Calloway,SXM_HOST,d634d98d-3858-9d3d-35c6-aa2b772bfc0a,show,HOST
9b77e4e6-b65e-47be-a537-3526fab35a37,Tony Fly & Symon,SXM_HOST,194adbca-34d6-cb94-b153-3488ee563308,channel-linear,HOST
2c2d7ffd-05ce-4137-9c1a-765591aca603,DJ Drama,SXM_HOST,2022dfab-580f-675f-6aad-00aad9c3be9b,channel-linear,HOST
b8c174f0-ffb3-44ba-bb3a-55c92408d775,Jenny Cavnar,SXM_HOST,29c90f16-bf33-3fd5-e226-5727f5c6ee2c,show,HOST
5dd6b1d9-99cb-485a-be51-f7236a260ffc,Nina Blackwood,SXM_HOST,2ea07147-a720-ed0c-d4ce-d7bddd1640d3,channel-linear,HOST
b257d09d-d750-44ff-bcab-09439ef6acc8,Tom Morello,ARTIST,32c4747f-8739-d578-62d8-08a92d518445,channel-linear,HOST
bf05e17d-bf08-4a31-9e95-38456e0d9219,Ania Hammar,SXM_HOST,0ae97635-5108-3a3d-30d0-d176dc850a8c,show,HOST
87476d9a-f157-40af-b5c0-e3760d1f33b5,Dr. Charles Marmar,SXM_HOST,7d7db084-aaab-45ca-ac26-87f4123bd5f0,show,HOST
967af678-dcde-4e62-a033-e4bb449dc6a4,Sunny Sweeney,ARTIST,0685bf36-6fed-2a23-f9ea-d2da80d133d5,show,HOST
7243f97a-247b-43a6-8e27-f94eba79b2bf,Stephen Dubner,HOST,9737bbee-364f-05f9-fe3f-392bbbf61850,channel-linear,HOST
fb03def4-df1a-492e-ade8-41a47a3a183e,Bing Crosby,ARTIST,b069d7d9-a765-b98e-9c87-3791d459f2ee,channel-linear,HOST
ccb04e15-d14b-4f0a-8503-96e66ac47f34,Shannon Spake,SXM_HOST,c875a2e9-2768-ed46-5487-4e3e667ae553,channel-linear,HOST
79dc3af2-c67a-4203-873d-62b5af672a92,Dion,SXM_HOST,c2a517d4-c02f-06eb-77cf-f81bfa719188,channel-linear,HOST
e9ecebce-7928-415e-a4f0-5dadaa453eb1,Kim Ashley,SXM_HOST,40c3d189-9611-e59f-5808-7847e294642e,channel-linear,HOST
95ffacc4-89f7-4d34-990d-95856aee90b9,Jeff Lewis,SXM_HOST,5e8da2bd-acda-e90a-e29e-e095e9e927b8,show,HOST
30933ec6-d26c-4dd4-9a59-14906cdc7d35,Nicole Ryan,SXM_HOST,4c97d095-b8c1-162a-9d72-0c7c16f458bf,channel-linear,HOST
49c48b39-ea4e-4af6-8b14-042760ad346f,Mina SayWhat,SXM_HOST,48e256ac-5b62-074f-1e97-0d7196b4252e,show,HOST
54932246-4c11-4fa6-8946-07b1b5ad1cd0,Keith Roth,SXM_HOST,b8b47809-4e8e-f556-8325-bd45fa3d4dc4,channel-linear,HOST
e9b0672c-66eb-4d02-9d51-047e44a812af,Mike Krzyzewski,SXM_HOST,3d90cacc-a75e-5f4c-d609-d547c578d774,show,HOST
50ba215f-8615-43d9-8fae-a180c1edd6b0,Dorinda Medley,SXM_HOST,af446700-0849-4c32-884e-4c2edae13db6,show,HOST
29f7ce40-1a64-44c2-87a8-1ead8eca8256,Rachel Steele,SXM_HOST,7f0d4191-9c53-37ac-8924-9f6bca725010,show,HOST
23d6b91e-5b90-4c4d-9ac0-48c79034beb3,Christopher Russo,SXM_HOST,7fef3ed9-b5cb-8507-a3c9-e2e93fb23ef2,show,HOST
23d6b91e-5b90-4c4d-9ac0-48c79034beb3,Christopher Russo,SXM_HOST,b21484a5-74e9-1736-d20c-893bdfaad3f5,show,HOST
1018267a-5fde-405e-90de-9af07cec4f85,Clay Cane,SXM_HOST,f2076da2-75e1-2783-f08d-29e1c316d3f9,show,HOST
23d6b91e-5b90-4c4d-9ac0-48c79034beb3,Christopher Russo,SXM_HOST,f07c4992-fc13-a187-9ff8-6e19356b7165,show,HOST
bd6a677b-5d5c-419b-a4d0-16913b4fed4e,Jason Bateman,HOST,93a8061c-dae0-9668-34bd-a5350770d2cb,channel-linear,HOST
2db6dc18-8bd6-44f2-bf34-2607f80c0267,Chris Carter,SXM_HOST,3b83dc80-5987-6898-e98d-a98012f700c1,channel-linear,HOST
cd032653-5515-4474-bf68-cd56ec970d93,Alan Hunter,SXM_HOST,13159afb-8b4d-4a7a-a79c-1e285c8bb6cf,show,HOST
9c1eefbb-aed3-41eb-821f-3ea1bd46841f,Shawn Winkler,SXM_HOST,a6c60dad-208a-90aa-f8da-03bf868508ac,show,HOST
973459ad-9cf6-4c56-aa4f-4b90b7f8c63a,Julia Cunningham,SXM_HOST,f50381d1-4bb3-8417-0f5b-b2d50b075b63,show,HOST
0a404128-7f1a-4a67-8a25-ec09f0066746,Craig Stadler,SXM_HOST,a44e273d-a7e5-c358-a8ae-39dc91ca9c30,channel-linear,HOST
76e4b0cc-6c9b-4f26-92af-a88cea2ab182,Steve Covino,SXM_HOST,71fabafa-4967-ee17-96b5-5d2a372b5544,show,HOST
1a75f6e7-2816-4f7e-b2c0-448b5cff0ab1,Paula Nelson,SXM_HOST,176daca5-6810-3a1c-49e9-39b69055e811,channel-linear,HOST
ba1c7541-c769-4c37-ba5e-099faff8632e,Mike Birbiglia,ARTIST,19088856-c7d6-d08d-6431-62b8c999ce8b,show,HOST
8e9de81d-1f56-47d2-98a5-1167cb9c9a35,Alicia Keys,ARTIST,e3a0c4b4-d252-c991-ad05-725803af9846,show,HOST
b1b7bd99-b683-4a8f-acd8-da3f80d46c7b,Alix Earle,HOST,3e42dfc2-3d89-888a-930a-9356f8e7128c,show,HOST
5584a9a1-0531-42cc-8412-565d6f630c71,Lisa Loeb,ARTIST,c9256031-1123-f35f-4d49-1ba4d5379258,channel-linear,HOST
6d369b6b-c95b-43cc-889c-68616e4be0f6,Lori Majewski,SXM_HOST,65f04311-3581-256c-97b9-279838d6ff5e,channel-linear,HOST
1bcae0f2-d614-4f97-b1b8-43dd01f867c2,John Mayer,ARTIST,0cf89f73-cbb7-61e3-3c53-609f351ae557,show,HOST
d2c4fe11-4719-479d-b229-59083a88d01b,Brad Gillie,SXM_HOST,659309e1-6820-ce9f-c227-b9ebbe92ef8a,show,HOST
3e497ce2-22e3-4266-9d47-85e6caa29e3c,Gioacchino Rossini,ARTIST,74ef049c-2003-1aca-a474-e24ca8fc370c,show,PERFORMER
78875057-1f88-4edc-83d9-f6843e6672fd,Jimmy Smith,SXM_HOST,c17e0ecf-e13a-e03b-a168-f419637c9464,show,HOST
772740b1-2f8b-471e-ae15-27e970ddc991,Kelsea Ballerini,ARTIST,927f67df-6e71-bd73-5f7a-d5508f7ab338,show,HOST
62470ac9-ce57-4141-8bde-8f007791847c,Jess Cagle,SXM_HOST,a1d3899c-fb77-da22-3974-7b5e95180a4d,show,HOST
04a2b1d3-2186-4172-bee6-38fba295811b,Bill Flanagan,GUEST,e50199d0-daa3-6851-f357-70c2ab9b7311,show,HOST
1d4f44f3-afce-4c69-9d52-1e1e671b0aa3,Dean Martin,ARTIST,d56e30af-1d9c-8d2b-7a99-dafc725fd747,show,HOST
3b023175-c13b-4f1c-9c9f-7c9db0690fb2,Trivium,ARTIST,cfd96b14-ced8-33e1-58ee-695cc495091a,show,HOST
5512ac26-532d-4b3a-95c5-b612b35c24cf,Dave LaGreca,SXM_HOST,9289992c-04e8-1af3-1117-ac26a1a3121e,show,HOST
74ab0164-5325-4ab9-a802-5b5062ff642c,Karen Hunter,SXM_HOST,869f8673-437f-0591-749a-47d6ef2c9068,show,HOST
cd667832-99df-4109-8f7f-84f88b1e3dd0,The Oak Ridge Boys,ARTIST,15f2ff0b-fac2-bb47-8ece-fb09320b839d,show,HOST
0f09fbac-05f9-48e1-b0f8-f5453164f1fc,Madison,SXM_HOST,53f1ca49-64d8-2bbb-8d01-01482ed647cd,channel-linear,HOST
bf05e17d-bf08-4a31-9e95-38456e0d9219,Ania Hammar,SXM_HOST,ffd94bb6-5368-67ae-91be-5b2bababeca0,channel-linear,HOST
bd6a677b-5d5c-419b-a4d0-16913b4fed4e,Jason Bateman,HOST,a3c08c83-d23a-6df9-f59e-84b0cca9da0a,show,HOST
feff79ae-0778-461e-9779-7acc8328cae2,Paul Sweeney,SXM_HOST,27adcf33-1681-9f00-2461-2129a2471abf,channel-linear,HOST
368c90bc-9391-4b85-b1f8-9a35f08ccdb9,Brandon Marshall,GUEST,440fc987-5115-76b5-7935-9dc328a2be49,show,HOST
6983bdb1-003a-4aae-a304-bd5fac212bfa,Nicole Byer,HOST,813d656c-9af5-7f51-bb48-d724327d9289,channel-linear,HOST
1f229c50-e9bd-4d7f-a16b-025c2b2ecb3e,Robin Quivers,SXM_HOST,3c228958-663f-dda9-390c-939041d7d90d,show,HOST
34234f68-f46a-4a93-bc17-b613a8898ffb,Jose Mangin,SXM_HOST,9a60c820-4e77-49e5-8715-a979986b4ef9,show,HOST
fb03def4-df1a-492e-ade8-41a47a3a183e,Bing Crosby,ARTIST,d341a043-afa7-8c0a-7523-2c559bbc8a0a,show,HOST
5b7a85f7-885b-4729-b998-04d8fe2087c2,Erin Burnett,SXM_HOST,218c1094-6ab1-bc56-5aea-927178b06208,show,HOST
fedc2c0d-b2ca-44c0-bbc6-541e5ccdefbc,Dangerous Darren,SXM_HOST,8ceef189-ec69-4308-86a8-ceb0b485be72,show,HOST
465a14e8-9e78-464e-80b2-13202e658eb7,"Johnny ""El Picoso""",SXM_HOST,53b80144-2cb1-e723-07fd-6b164434b186,channel-linear,HOST
23d6b91e-5b90-4c4d-9ac0-48c79034beb3,Christopher Russo,SXM_HOST,0634a399-f9a1-2e2e-4678-132ca855bd3b,show,HOST
54932246-4c11-4fa6-8946-07b1b5ad1cd0,Keith Roth,SXM_HOST,b405bfcb-4244-4f5c-ae77-51f2c37268f6,show,HOST
cb865a68-42dd-4d28-b75e-7b667aa89673,Andy Cohen,SXM_HOST,d0217c32-e29e-1652-dc08-9ea40b99e006,show,HOST
28b28bf5-9f53-44c2-8efa-c724227baccf,Ben Kissel,HOST,2cda3180-5768-02ee-2452-8ec56989a04d,show,HOST
edd3dd88-1ff0-42e3-8718-b54ea835001d,Michael Smerconish,SXM_HOST,37436d6e-a987-1abd-36f1-4e3beb471bbc,show,HOST
b257d09d-d750-44ff-bcab-09439ef6acc8,Tom Morello,ARTIST,7da96e37-df44-2989-2363-002de407b02a,show,HOST
79dc3af2-c67a-4203-873d-62b5af672a92,Dion,SXM_HOST,518c52cc-f4ce-49df-9cee-effad62b62dd,show,HOST
1ddb090b-842b-4470-a282-b3af3ce348fd,Sean Hayes,HOST,82534c7b-09dd-3813-16f4-ac33de3c659b,show,HOST
ff070940-01b8-4278-9390-ebfc892397e1,Johnny Knoxville & Roger Alan Wade,ARTIST,f8fcddaf-b203-4b7f-ae2e-8b540f8e2677,show,HOST
4a02b0ae-653c-4569-a312-f5c2b1070e36,Jimi Hendrix,ARTIST,0fc6dbff-d43d-0030-7af4-8ba882a61180,show,PERFORMER
a4c9240f-9a9f-449b-be7e-4284df75ba0b,Steph Tolev,HOST,cdcb0a8e-691b-fd14-4261-a4bc3f6e2a55,show,HOST
215c9a48-8089-4e33-95ab-17e757aadf2d,Mack & Jen,SXM_HOST,4c97d095-b8c1-162a-9d72-0c7c16f458bf,channel-linear,HOST
8a784928-8269-4c0b-8468-ccb421239716,Sam Roberts,SXM_HOST,080721ff-ecee-7ea2-3817-e05b606e1cd2,show,HOST
242c5b0e-6828-4c12-99d4-3e70bbb9e50d,Antonio Daniels,SXM_HOST,ea50146b-09c9-54ab-287a-ff857bb47ad9,show,HOST
f94af6d7-794c-487d-b9e4-b764240811ee,Rich Davis,SXM_HOST,9e8d6f72-0b59-85cf-a222-b18d38acdc0f,channel-linear,HOST
1938fbc6-94ec-40a4-afe9-3f6cc49a983a,Carl Paulson,SXM_HOST,e89d4240-f56f-2117-866b-f5f5b027e5f3,show,HOST
973459ad-9cf6-4c56-aa4f-4b90b7f8c63a,Julia Cunningham,SXM_HOST,a38cb6bc-19ea-f7bd-0e35-3cf56f031ab1,show,HOST
89f5a7b1-4781-469b-b290-e45cd03358c2,Symon,SXM_HOST,4c97d095-b8c1-162a-9d72-0c7c16f458bf,channel-linear,HOST
bea76fb4-a595-4d80-add6-0d35b489919f,Joyce Meyer,HOST,a078936b-043a-868c-3def-233ac0e49853,channel-linear,HOST
b9e4e5d1-095a-4284-9a17-1625b683a63b,Erica LeAnn,SXM_HOST,a9ae7544-5a13-5347-b2a9-bd99244ab93e,channel-linear,HOST
1a2132b2-24ca-4f2b-b42a-cd2b4ba6c431,Sway Calloway,SXM_HOST,98730717-9233-3f80-6328-d19af1f70a8f,show,HOST
81d3c4ee-48da-4804-9618-c266cddc6f3e,Tom Rennie,SXM_HOST,9c41e590-503c-7595-da3c-3b20585b81dd,show,HOST
1f229c50-e9bd-4d7f-a16b-025c2b2ecb3e,Robin Quivers,SXM_HOST,af7721ad-abb1-4e83-e3c6-3dc6046ee648,show,HOST
7804ae9e-2188-40be-86de-92f54f5f5a0f,Morning Mash Up,SXM_HOST,e174effd-314e-0ad5-3c1f-fdebd5942fb8,show,HOST
660fc1e4-acb1-473a-993e-357c0f9e745b,Dean Obeidallah,SXM_HOST,fb452ece-ac0c-2236-780a-d85c72fbcc88,channel-linear,HOST
7a52f074-985b-4282-9ff7-2fb1944c54a6,Bevy Smith,SXM_HOST,cf9c4ca1-87a8-b46c-6ef9-0c6765c7b0cd,show,HOST
0dc8f48c-6785-4738-8bae-8bcbf42beb73,Spyder Harrison,SXM_HOST,1d5dc35a-4f90-2bc5-438d-cdb869d58896,show,HOST
47254fbc-5a59-42af-a0c2-b88504e34853,Manoush Zomorodi,HOST,22b6d419-0bc3-31f7-c9dd-53ca6c673d8c,channel-linear,HOST
cd032653-5515-4474-bf68-cd56ec970d93,Alan Hunter,SXM_HOST,7b62c9f2-188e-4c25-9296-ae4ca557df64,show,HOST
0de07cc7-3432-45f7-9778-53a034c3041e,Smith Sisters,SXM_HOST,56605cc5-88b8-557b-fc3c-dae7eb41bf56,channel-linear,HOST
44aff7e3-43ce-4d75-a6b2-ce48e979a1cd,The Lumineers,ARTIST,da624c15-888e-9afe-7dbe-e6c8db4fcdeb,show,PERFORMER
f5a822e1-e05e-4641-b430-0703e685ed61,Eddie Trunk,SXM_HOST,b8b47809-4e8e-f556-8325-bd45fa3d4dc4,channel-linear,HOST
e4ed5636-1395-4187-8121-8050160157de,Jenny Eliscu,SXM_HOST,e2e15ad3-2f88-2361-4f9c-b55584fc0001,show,HOST
3e3e3f54-5256-4a94-9144-53a6b0a13141,Robert Smith,HOST,22b6d419-0bc3-31f7-c9dd-53ca6c673d8c,channel-linear,HOST
65db9eb6-6b4f-4385-94cf-a757cda409af,Ayman Mohyeldin,SXM_HOST,6ef64a5a-3c25-ba8f-621c-17c0c93a87f6,show,HOST
feff79ae-0778-461e-9779-7acc8328cae2,Paul Sweeney,SXM_HOST,6ebc1082-f5f7-0799-b5f7-4279e38cc56f,show,HOST
62af4ed7-5976-46cc-bf81-e14bdaf1a697,Jermaine Dupri,ARTIST,b838148e-9721-4c49-1791-55165d754cb3,show,HOST
e853a5b7-aba4-4809-9383-78f33da97568,Jason Davis,SXM_HOST,0b92946a-57d5-e629-bbc6-8a24127e667a,show,HOST
971a701c-58ac-4e41-8945-a18055dca7c8,Kathy Mattea,ARTIST,d4658166-f1a3-00d0-d710-efac0b84e9a2,show,HOST
9e9bd8a5-402c-457b-8822-2294d499b4a2,Kat Corbett,SXM_HOST,44f9129f-579a-3d23-218f-3c3518036fc6,channel-linear,HOST
bd106ed4-c85f-40e4-ac1f-31351bc0aa9f,Nancy Grace,HOST,2092df52-a870-fa13-8984-3aee64cc0b02,show,HOST
e4ed5636-1395-4187-8121-8050160157de,Jenny Eliscu,SXM_HOST,f49737db-bea3-0c13-9834-b879fb1894c4,channel-linear,HOST
68482535-9a25-4411-8286-56ff28e32d8e,Caity Babs,SXM_HOST,f1299966-6b80-4fdb-bdd8-4e756b97ea9b,show,HOST
55b02797-fae1-44f5-ba7a-49f3fcbd87ff,Rida,SXM_HOST,6adef1b5-d812-9c10-7c6c-f05af4e27077,channel-linear,HOST
cb865a68-42dd-4d28-b75e-7b667aa89673,Andy Cohen,SXM_HOST,bc561402-17cc-fbb0-4b9e-659293394546,show,HOST
51ab4b4e-0abd-4e7a-b787-a9890007beed,Scotty,SXM_HOST,176daca5-6810-3a1c-49e9-39b69055e811,channel-linear,HOST
ddca9143-381e-421d-bdfb-b8aa9399356b,Shannon Gunz,SXM_HOST,cb8f90fb-1592-2df9-bcd6-73ed3c6bcf94,channel-linear,HOST
8b172125-a5bb-4396-91a3-43f67d862472,Steve Scully,SXM_HOST,69075102-70fc-84cd-2ea3-121bd682f296,show,HOST
80e61f99-7729-4516-8fc1-fb919153bb7f,Dave Ramsey,HOST,fd22a6a0-edcc-99e8-8516-f6c2e2a142f6,show,HOST
c7379b39-3353-4aa9-bead-70aa64f9db23,Xavier Scruggs,SXM_HOST,35da3623-de6f-6d00-8321-cf26f5f0418e,show,HOST
e4ed5636-1395-4187-8121-8050160157de,Jenny Eliscu,SXM_HOST,df363b1f-4f11-4b5c-aa9b-1a9dad545eab,show,HOST
cb865a68-42dd-4d28-b75e-7b667aa89673,Andy Cohen,SXM_HOST,71dd1842-8e6c-9c6c-ae28-1227ee52dc97,show,HOST
ddca9143-381e-421d-bdfb-b8aa9399356b,Shannon Gunz,SXM_HOST,a0ba4c6e-f0d5-7497-f110-a7b8416e109b,show,HOST
5a8182b2-42c0-4092-b3c9-817ceb3da0a4,Sona Movsesian,SXM_HOST,813d656c-9af5-7f51-bb48-d724327d9289,channel-linear,HOST
653506c4-be0f-4454-91b8-12aa4dfd35c1,will.i.am,ARTIST,038e9a9a-4878-7561-521b-5d432a0798a0,channel-linear,HOST
d85b9510-719b-4777-809f-1c96b0e7cabe,Gail Bennington,SXM_HOST,0b5d14d5-11d8-8651-39c7-c86901d86100,show,HOST
997c46e2-c7a0-4f16-b2b0-d3a4c8ae0d81,Ann Wilson,ARTIST,db959ce7-25ca-b5bd-ce20-4546fb915705,show,HOST
c93662e5-b5a8-4c81-9e49-b50c20bf352a,Kristine Stone,SXM_HOST,63289cee-e343-696e-65b9-6ae533a33540,channel-linear,HOST
76396ddc-04a8-4e5f-94c0-89dbdd0ba574,Mikey Piff,SXM_HOST,86d52e32-09bf-a02d-1b6b-077e0aa05200,channel-xtra,HOST
d2abf286-3802-44b1-984a-d8ee010545b5,Laura Coates,SXM_HOST,faceb57d-a665-3dac-cb7c-6e4fdbb7cfb7,show,HOST
62470ac9-ce57-4141-8bde-8f007791847c,Jess Cagle,SXM_HOST,eca0a100-cf2a-8cc7-ce04-bf6b74350bf1,show,HOST
829db8a4-90ad-4284-abc6-697ec1503e22,Stanley T,SXM_HOST,db1924a4-0461-d111-2d1d-2e9070916d02,show,HOST
50d1038d-f537-457b-a3c8-bf51c9c8c33d,Laurie Kilmartin,SXM_HOST,dd21ed4a-49e7-ae02-3a61-cd730602a389,channel-linear,HOST
894f2664-b7e4-4d28-b1a9-8d32f809bc2f,Paul Bachmann,SXM_HOST,c46c9810-6274-a715-a8b9-de9d4ac33873,channel-linear,HOST
58cdfc84-25c6-4361-86f3-9dde0207d528,Mark Goodman,SXM_HOST,27bc06ed-78a5-4f9c-fc23-00bc2f940068,show,HOST
82695204-5915-4dc8-8bea-d32649c8f7dd,Keith Costigan,SXM_HOST,6abc5f08-0e98-484a-838a-a560381cc27f,show,HOST
4000a0ab-1cff-4d04-af58-ab6b0137e15b,Hannah Kosh,SXM_HOST,d20ad2ef-54e7-4b1a-60b6-ff5351421cd0,channel-linear,HOST
fe66aa77-6ca2-495b-9f8a-470e1c86fbea,Joe Biden,GUEST,35cc8119-90fc-fe23-9c45-3359696ae971,show,GUEST
617331b3-4f87-491d-be8f-701c9aec673c,Woody Harrelson,HOST,0840bac2-43f7-77fc-0b81-99e11ca41fd8,show,HOST
017b0f93-12a0-4174-90aa-02b3f6d337f4,Swaggy Sie,SXM_HOST,47ce8cc3-53a3-09cb-1ad7-94dc8b2dcbc1,show,HOST
7094ec7e-52ff-4333-a504-7316ffd1acb2,Jim Bowden,SXM_HOST,8d9c0b16-4734-3bc4-d523-7c942cf888aa,channel-linear,HOST
0dc8f48c-6785-4738-8bae-8bcbf42beb73,Spyder Harrison,SXM_HOST,c9256031-1123-f35f-4d49-1ba4d5379258,channel-linear,HOST
e7049ede-b71e-42f5-82ed-f64a67550342,Mindy,SXM_HOST,53af0dfe-bded-4ba7-a15b-95f91b33b65e,show,HOST
7be60aa9-ebd8-4c63-b8e1-228fe47da08d,Mike Babchik,SXM_HOST,23999ddf-2cc2-35e2-7d04-6cc2749043d0,channel-linear,HOST
c1d3e78e-b4c9-44ff-bc8b-89b7a5e2f05c,Peter Mansbridge,SXM_HOST,54f4144b-13f6-4e4c-3d4b-3d9f6f766e27,channel-linear,HOST
89f5a7b1-4781-469b-b290-e45cd03358c2,Symon,SXM_HOST,0d92d8a7-6178-c6b6-62c0-b1ef76530324,show,HOST
06f07f95-1c9a-4c5e-b662-ae55c0099872,Joe Madison,SXM_HOST,662b8633-2c60-2e80-b2a3-e16397440f9c,show,HOST
39e2db56-2ba1-4ba1-9dfe-ec9b59194033,Hoda Kotb,SXM_HOST,2a74320f-938b-8e80-5e7f-5e8e110e1d42,channel-linear,HOST
8a784928-8269-4c0b-8468-ccb421239716,Sam Roberts,SXM_HOST,fc5583a8-0698-f68b-c261-6df3afa426ce,show,HOST
49c48b39-ea4e-4af6-8b14-042760ad346f,Mina SayWhat,SXM_HOST,c2a517d4-c02f-06eb-77cf-f81bfa719188,channel-linear,HOST
e8cb7995-0a76-47a6-b9c6-b55f88667bef,RZA,SXM_HOST,0fbe84c5-5a91-dbb9-9c68-e170de43f729,show,HOST
d486ce37-ce90-44fc-9640-36ad144f34b8,Dan Le Batard,HOST,b8d08b56-6bca-a461-189e-ea00b223fbf4,channel-linear,HOST
097f5246-4311-45b9-a275-ee62e6cd6e17,Bapu Jena,HOST,2337bd03-66df-f3fa-5f6f-385fd242e405,channel-linear,HOST
cd032653-5515-4474-bf68-cd56ec970d93,Alan Hunter,SXM_HOST,3680d71b-56ae-472c-3951-600d389a121d,channel-linear,HOST
9fabcaae-ccb0-4901-8d8a-af6d035d69eb,John Hansen,SXM_HOST,96abd812-4076-1d03-c150-828975c30660,show,HOST
0dc8f48c-6785-4738-8bae-8bcbf42beb73,Spyder Harrison,SXM_HOST,038e9a9a-4878-7561-521b-5d432a0798a0,channel-linear,HOST
1e51bb63-9b18-44bb-8ff4-f39963999dad,Megyn Kelly,SXM_HOST,6739babb-7975-e60e-1835-fbacd4bbd855,channel-linear,HOST
6983bdb1-003a-4aae-a304-bd5fac212bfa,Nicole Byer,HOST,813d656c-9af5-7f51-bb48-d724327d9289,channel-linear,HOST
d85b9510-719b-4777-809f-1c96b0e7cabe,Gail Bennington,SXM_HOST,80867fa3-093f-b076-bedc-af8d71cb54ab,channel-linear,HOST
ca4d14c0-fe16-48e8-a930-1ea3d6d248ec,Dave Koz,ARTIST,e4b5402c-c608-db84-ad15-4bc8e2cdccce,channel-linear,HOST
c32fd89e-3cee-4839-9249-6aa2fae282af,Matthew Stafford (American football),GUEST,d2b2861a-5a76-6ebe-72a5-646b50b1ffd5,show,HOST
958cad82-2605-4e8a-9a19-f442c4c610c3,"Marisol ""El Bombón"" Vargas",SXM_HOST,15dd2d23-ab25-4230-8f5b-591bbe87c6f8,show,HOST
5fe6ce30-0656-416c-8219-4b5c4f3ac17d,Eric Church,ARTIST,6280a7d0-c98a-e407-e8ac-935fa3ff7930,show,HOST
ad507585-3f93-4945-8e62-6da3bbc8d215,Mojo Nixon,ARTIST,a274ba19-07f9-b8be-f316-a88eb023d724,show,HOST
3f841cc9-2c1b-4524-a7de-a368d9103a1a,Torry Holt,SXM_HOST,f3126d70-09ea-bd0c-57cd-af5ab798f313,channel-linear,HOST
aef96452-e915-4518-964c-7b9c4b2e25a0,Cody Jinks,ARTIST,2fa98cd8-cd11-98b6-be17-b5671b244370,show,PERFORMER
b1eddd40-b8ca-4d6a-a1aa-5088c474106c,Danny Valentino,SXM_HOST,e3b61a24-206d-4fa1-43ae-14ea190e47a6,channel-linear,HOST
9e9bd8a5-402c-457b-8822-2294d499b4a2,Kat Corbett,SXM_HOST,740d1c8f-ae81-1024-16b1-e7444b35ed5b,channel-linear,HOST
3aae7d10-1720-4c5a-85eb-68e41b7955e5,Rick Springfield,ARTIST,2ea07147-a720-ed0c-d4ce-d7bddd1640d3,channel-linear,HOST
1e51bb63-9b18-44bb-8ff4-f39963999dad,Megyn Kelly,SXM_HOST,bf022b5f-a52e-564e-c35b-4211126df403,channel-linear,HOST
dbafbedc-0df6-4f87-91af-b8a82e2f1eff,Roger Alan Wade,ARTIST,f8fcddaf-b203-4b7f-ae2e-8b540f8e2677,show,HOST
5db0a8e3-28a8-46f2-83ab-1ee098cdf7f0,Jon Morosi,SXM_HOST,0b6eadba-1f2b-0118-b208-529bd87f3b64,show,HOST
eef305fa-cb14-4c31-ad79-45b59440e02f,Zach Noe Towers,SXM_HOST,c2144e7c-f3b3-29b4-0ace-c7abdc77f2c9,channel-linear,HOST
a5d6c204-92c4-4037-b603-c77e1b70bb54,Skip Bayless,SXM_HOST,21b63878-b369-1503-d1c8-6025cc8571de,channel-linear,HOST
ed139028-7a3f-4d0a-99e6-b9c7e22573ec,Tom Papa,ARTIST,6712cc70-8420-679f-a0d0-e927f78a22b3,show,HOST
291c7147-5282-4749-8433-cad790bd47f8,Phish,ARTIST,4c00ce9e-de94-ce15-ec95-627c2c749681,show,HOST
553256ea-a93c-4401-9339-781b29c0db5a,Conan O'Brien,SXM_HOST,35cc8119-90fc-fe23-9c45-3359696ae971,show,HOST
4cc371ba-9963-4531-b3b1-19c59c99dc48,Mike Florio,SXM_HOST,66e0c959-ced8-2958-5d2c-c19ca4f770a4,channel-linear,HOST
190c6220-d0ca-4abd-9af0-c082793ac0ad,Elizabeth Cook,SXM_HOST,15f0fd0a-1ab2-42c3-a801-b8e2d3bb388e,show,HOST
0ad93c3d-1d4c-4f58-bd28-6897a2bbeb62,Geoff Schwartz,SXM_HOST,d9dcf813-1a1a-2f92-a53f-e372ffc235ea,channel-linear,HOST
8a90b97e-bdd3-46bb-98aa-692232222fbd,Buzz Brainard,SXM_HOST,f2f46a3e-7d4f-c900-ab8a-ca93489ca701,channel-linear,HOST
b146753f-482a-4ea3-8dc2-fb07b4115522,Anderson Cooper,HOST,3c7b2421-7ce4-0ecb-bc70-7f60f15d3d29,channel-linear,HOST
e6d3162e-a5cc-4b1c-bba1-3781c78634e7,Ozuna,ARTIST,eed2dc93-3f77-43b9-6666-b21d3c89cd07,show,HOST
6f3633bc-72e5-4193-9d88-7b3541c127af,Steve Phillips,SXM_HOST,8d9c0b16-4734-3bc4-d523-7c942cf888aa,channel-linear,HOST
973459ad-9cf6-4c56-aa4f-4b90b7f8c63a,Julia Cunningham,SXM_HOST,8f227e07-04db-6197-a8f3-b5db6f90c56c,show,HOST
0a126318-e2f2-4019-96f4-269d390b5f3c,"Dr. Michael Perskin, MD",SXM_HOST,8c48e2f2-b3b4-46ff-b1d8-a06b880ec3d7,show,HOST
9c81b45d-3e15-4fce-8a45-f9a515ee1bcc,Lisa Ann,SXM_HOST,337c9f2b-c54a-9bbb-f913-c54bf5a688af,show,HOST
973459ad-9cf6-4c56-aa4f-4b90b7f8c63a,Julia Cunningham,SXM_HOST,659b01e4-810e-af24-326e-df57046da19a,show,HOST
0139c5b4-585f-41bb-a8d2-16e1a6c02709,Father Dave Dwyer,SXM_HOST,57210e5b-3ae9-48b5-9bc7-ba5dd849682b,show,HOST
19d1cda9-a759-4ede-a769-4ad78269872b,Mary Sue Twohy,SXM_HOST,5fbd983b-7cf9-71d7-7890-c13682e2375a,channel-linear,HOST
7b86c234-ac69-4365-ad55-94e46004f79e,Dan Soder,ARTIST,32efb182-2229-6cba-4d18-a9657ef5cef0,show,HOST
5584a9a1-0531-42cc-8412-565d6f630c71,Lisa Loeb,ARTIST,347314bb-0416-7ef3-2673-af6e96a1a0b5,channel-linear,HOST
ddca9143-381e-421d-bdfb-b8aa9399356b,Shannon Gunz,SXM_HOST,0fed9647-cc82-24d7-526d-98762e8a52cd,channel-linear,HOST
553256ea-a93c-4401-9339-781b29c0db5a,Conan O'Brien,SXM_HOST,0e8dd3af-060c-9782-d43c-543541d42433,show,HOST
a5caab89-3fd3-4774-b6eb-86787d847981,Mark Levin,SXM_HOST,5f8894e9-d615-21d0-a114-ecd08e7fa75c,channel-linear,HOST
5584a9a1-0531-42cc-8412-565d6f630c71,Lisa Loeb,ARTIST,9a854778-9680-4234-9e80-f38e8467b7fb,show,HOST
60e3fba8-09ce-42f3-baf2-7796b7219818,Grant Random,SXM_HOST,32c4747f-8739-d578-62d8-08a92d518445,channel-linear,HOST
34234f68-f46a-4a93-bc17-b613a8898ffb,Jose Mangin,SXM_HOST,0fed9647-cc82-24d7-526d-98762e8a52cd,channel-linear,HOST
1a2132b2-24ca-4f2b-b42a-cd2b4ba6c431,Sway Calloway,SXM_HOST,5ae7f3ea-78fc-07a6-faaa-aa6d3c8a6dd2,show,HOST
b5ec6b52-8458-43af-b7ec-9ee2ec8690a6,Barry Ritholtz,SXM_HOST,50c8f903-c68b-7f2b-72d0-d3968387809c,show,HOST
ec9c76e7-4eec-4f7b-abd2-a2f1585f2e67,Max Starks,SXM_HOST,f3126d70-09ea-bd0c-57cd-af5ab798f313,channel-linear,HOST
62470ac9-ce57-4141-8bde-8f007791847c,Jess Cagle,SXM_HOST,39386a1a-2c3f-7265-519d-ae1447620634,show,HOST
3a3dbe0b-e0e9-49d6-b64e-dd9015aefa62,Drew Stoltz,SXM_HOST,a44e273d-a7e5-c358-a8ae-39dc91ca9c30,channel-linear,HOST
ad507585-3f93-4945-8e62-6da3bbc8d215,Mojo Nixon,ARTIST,176daca5-6810-3a1c-49e9-39b69055e811,channel-linear,HOST
0a126318-e2f2-4019-96f4-269d390b5f3c,"Dr. Michael Perskin, MD",SXM_HOST,7625b996-0b48-b674-6f0f-bad3121a224f,show,HOST
ab25359e-3ee9-4d77-8903-74158d3b2c35,Amy Phillips,HOST,f603a9fc-fdd2-cc80-194f-df18e02e69e8,show,HOST
15e600e2-65ce-4f21-acff-3033b795c455,"Dr. Marc Siegel, MD",SXM_HOST,97548371-5133-a4c6-373f-801a18dc3237,channel-linear,HOST
bb07b83d-79b6-4d15-8ce9-0e9a970348cf,Israel Salazar,SXM_HOST,23771c8c-4631-0fa1-2038-b793bc7e404b,channel-linear,HOST
d649f67f-7eb8-4310-aef2-5b65c5d9dd6d,Grant Cardone,HOST,de14f31c-e22d-c0c2-c91a-4df68c396c13,show,HOST
49c48b39-ea4e-4af6-8b14-042760ad346f,Mina SayWhat,SXM_HOST,9996fe79-6637-7d78-b624-c8bd54b5f921,show,HOST
a5d6c204-92c4-4037-b603-c77e1b70bb54,Skip Bayless,SXM_HOST,21b63878-b369-1503-d1c8-6025cc8571de,channel-linear,HOST
39e2db56-2ba1-4ba1-9dfe-ec9b59194033,Hoda Kotb,SXM_HOST,ad9eefd8-690e-5f20-adfd-3ad72f10fa57,show,HOST
9b76961e-f194-4120-a9f8-fa909b55140b,Jim Norton,SXM_HOST,4eb8ebcb-1667-242d-8437-c868f76fc9f1,show,HOST
967af678-dcde-4e62-a033-e4bb449dc6a4,Sunny Sweeney,ARTIST,0aee72ed-5dd8-2848-3567-d8809e123cd1,channel-linear,HOST
c5d5d59f-f31d-4e26-8022-ce39251dab7c,Def Leppard,ARTIST,7e418ad8-430d-5372-3334-160b227a9e5d,show,HOST
5ef375d7-ee0e-4de2-82e2-1a1a43790f43,Carrie Underwood,ARTIST,85e6e993-1e68-eeba-8edf-5e0d7b61b9a1,show,PERFORMER
400ea6c6-2a61-4f28-b04c-a49b784692d1,Eric Alper,SXM_HOST,54f4144b-13f6-4e4c-3d4b-3d9f6f766e27,channel-linear,HOST
fd749b99-33b0-4680-8c26-f01e2e75ef21,"Dr. Jess Shatkin, MD, MPH",SXM_HOST,d1219c11-286e-447d-b2a5-960e02119731,show,HOST
c7a799c7-18da-4c5b-aa34-c2a0415126af,B.B. King,ARTIST,71100233-d667-6ef2-5487-6eef24a3a0ce,show,HOST
53e357b0-6fd0-4dd2-a32e-a93c74f169f2,Carmen Aristegui,SXM_HOST,bf3be08d-63f4-078f-7592-d5fcb52681b2,channel-linear,HOST
981ca18f-ba86-4605-9f77-8dc149db7fbe,24KGoldn,ARTIST,194adbca-34d6-cb94-b153-3488ee563308,channel-linear,HOST
d2abf286-3802-44b1-984a-d8ee010545b5,Laura Coates,SXM_HOST,673c0ac1-cb1b-1079-9b07-d22075ae4ec4,show,HOST
58cdfc84-25c6-4361-86f3-9dde0207d528,Mark Goodman,SXM_HOST,8ea41459-7e82-4a5e-aa7c-decf3dd7007d,show,HOST
b9e4e5d1-095a-4284-9a17-1625b683a63b,Erica LeAnn,SXM_HOST,19b09138-f04f-9a5d-fb3e-b754e9d2e69a,show,HOST
01a846a2-2779-482f-9788-0dceb11c1ea1,Adam Caplan,SXM_HOST,de61999c-e09d-5b76-3349-adcdd58c4534,show,HOST
7094ec7e-52ff-4333-a504-7316ffd1acb2,Jim Bowden,SXM_HOST,869855d7-4e5b-4833-93ed-b06b5b033784,show,HOST
f2b85ef4-da64-4ba8-9817-e89fa6cd82ba,Roxanne Shante,SXM_HOST,988d25d1-db91-ee15-72e1-386c1972b8b0,channel-linear,HOST
b11a5a9f-95cc-448f-bc8d-d0ac06c73595,LP Giobbi,ARTIST,5a54cd17-7a99-568f-2119-1153cc75ce02,show,HOST
bed37169-ec7b-435b-b3b8-df49129ede5d,Richard Marx,ARTIST,b0347d1d-8349-6622-cd3a-02010b2a9e55,show,HOST
60e3fba8-09ce-42f3-baf2-7796b7219818,Grant Random,SXM_HOST,4465563c-a6a9-5420-2208-4aeb9b8350bb,show,HOST
7a52f074-985b-4282-9ff7-2fb1944c54a6,Bevy Smith,SXM_HOST,f21d409e-56aa-a643-59a5-47a550b02d3c,show,HOST
68482535-9a25-4411-8286-56ff28e32d8e,Caity Babs,SXM_HOST,f936a498-89c7-bc15-f158-19a015db0683,channel-linear,HOST
b257d09d-d750-44ff-bcab-09439ef6acc8,Tom Morello,ARTIST,7a78ab1a-9044-5f99-4264-eb60f3005f56,show,HOST
f319c835-5ca8-4e64-9ac3-af3fff839c79,Grace O'Malley,SXM_HOST,a204da47-19a5-10f6-8e93-ce41a63f7356,show,HOST
3d2d6c0c-1e97-4177-bb4e-19bdc6dd30b4,Wolf Blitzer,SXM_HOST,e20473b7-06cf-36fe-690f-a375b0ba9aec,show,HOST
4590fc71-e8f9-4865-a782-5282656c8237,Big Jay Oakerson,SXM_HOST,32efb182-2229-6cba-4d18-a9657ef5cef0,show,HOST
5fe6ce30-0656-416c-8219-4b5c4f3ac17d,Eric Church,ARTIST,ffd94bb6-5368-67ae-91be-5b2bababeca0,channel-linear,HOST
8a784928-8269-4c0b-8468-ccb421239716,Sam Roberts,SXM_HOST,12e2034d-7f81-c64b-dcd7-af6dce6d1c53,show,HOST
c9e504bc-1238-474c-a648-9dfa5aea2374,Ron Bennington,SXM_HOST,80867fa3-093f-b076-bedc-af8d71cb54ab,channel-linear,HOST
953f0918-e510-4292-bdbd-2f98a1b77ec2,Jeff Mans,SXM_HOST,2b0550fd-9b10-423f-ba65-18ac13478552,show,HOST
3d2d6c0c-1e97-4177-bb4e-19bdc6dd30b4,Wolf Blitzer,SXM_HOST,06a93272-371e-e3b1-8588-9054198462ce,channel-linear,HOST
7e4ae8c6-3f05-4b99-adbe-d0cfb116e4fc,Dani Wexelman,SXM_HOST,d6d309b8-c11e-b5f5-4c85-a4ebe3059d50,show,HOST
f8ba124f-fba7-4a35-b79d-d6951f1b6daf,James Menendez,SXM_HOST,93c1c9bd-3403-392c-9ae7-ae292b8bb052,channel-linear,HOST
2a432919-925e-4557-b3c6-e945ba58029e,Alan Light,SXM_HOST,2492c1d6-793d-4fac-adbf-ddd9d4df9dea,show,HOST
2db6dc18-8bd6-44f2-bf34-2607f80c0267,Chris Carter,SXM_HOST,a104029f-4bbc-4331-a3d3-38fd33176789,show,HOST
36822f76-672f-4559-a033-fbb47f996910,Jesse Watters,HOST,5f8894e9-d615-21d0-a114-ecd08e7fa75c,channel-linear,HOST
c6f79647-5ae8-4253-9d97-8a15fac07892,Frank Isola,SXM_HOST,325f06d1-8734-0378-1ae1-66323143c249,channel-linear,HOST
ec9c76e7-4eec-4f7b-abd2-a2f1585f2e67,Max Starks,SXM_HOST,d9dcf813-1a1a-2f92-a53f-e372ffc235ea,channel-linear,HOST
7be60aa9-ebd8-4c63-b8e1-228fe47da08d,Mike Babchik,SXM_HOST,560d39d9-9559-8951-c373-84dd04e2c625,show,HOST
4a0d8856-ad25-4870-89ac-47fddc1dc8e1,Gerry Cooney,SXM_HOST,fd1568f7-54dc-c8e4-0e7a-8f8931ab000d,show,HOST
c7aef8e7-6fc1-49c0-8828-a5029174f6ac,Tommy London,SXM_HOST,7a642de7-c33f-a628-efb2-3d94a829d17b,channel-linear,HOST
5fe6ce30-0656-416c-8219-4b5c4f3ac17d,Eric Church,ARTIST,136c0bf1-5c99-c1c5-0246-573b172b5ed3,show,HOST
cd032653-5515-4474-bf68-cd56ec970d93,Alan Hunter,SXM_HOST,735d62a2-733f-4e6d-8fe1-5689f1279b0c,show,HOST
7243f97a-247b-43a6-8e27-f94eba79b2bf,Stephen Dubner,HOST,8699c579-390d-9c06-2cab-cb5e881b325e,show,HOST
8b172125-a5bb-4396-91a3-43f67d862472,Steve Scully,SXM_HOST,673c0ac1-cb1b-1079-9b07-d22075ae4ec4,show,HOST
fedc2c0d-b2ca-44c0-bbc6-541e5ccdefbc,Dangerous Darren,SXM_HOST,c8decbc4-9de7-44b1-a571-d6c568f178c2,show,HOST
c6f79647-5ae8-4253-9d97-8a15fac07892,Frank Isola,SXM_HOST,ddc40d5f-01a7-fd0e-93fc-2d026283ca93,show,HOST
a1727015-f1db-4a2e-aaa3-886e78cf940a,"Dr. Billy Goldberg, MD",SXM_HOST,97548371-5133-a4c6-373f-801a18dc3237,channel-linear,HOST
7243f97a-247b-43a6-8e27-f94eba79b2bf,Stephen Dubner,HOST,9737bbee-364f-05f9-fe3f-392bbbf61850,channel-linear,HOST
54932246-4c11-4fa6-8946-07b1b5ad1cd0,Keith Roth,SXM_HOST,7ec55f4c-0b62-4b7f-9754-7b4ac5baa5a7,show,HOST
fb03def4-df1a-492e-ade8-41a47a3a183e,Bing Crosby,ARTIST,b069d7d9-a765-b98e-9c87-3791d459f2ee,channel-linear,HOST
242c5b0e-6828-4c12-99d4-3e70bbb9e50d,Antonio Daniels,SXM_HOST,ddc40d5f-01a7-fd0e-93fc-2d026283ca93,show,HOST
6d369b6b-c95b-43cc-889c-68616e4be0f6,Lori Majewski,SXM_HOST,ce94b6b6-c378-f76e-1f4e-f2c4be7718ef,show,HOST
0f04c1f9-1f0c-49a8-bf43-e8fb9cc31ccf,Ray Hudson,SXM_HOST,44d31a35-6114-e867-d01e-d14e31ffd4af,show,HOST
bf05e17d-bf08-4a31-9e95-38456e0d9219,Ania Hammar,SXM_HOST,7bb657b1-a2d7-68e8-2aa3-b50c16664b8d,show,HOST
fcb54db0-5a89-4d60-ac32-326b59f423c7,Diljit Dosanjh,ARTIST,f8405cec-f96c-ee3a-ca24-88fa47ec2d4a,show,HOST
30933ec6-d26c-4dd4-9a59-14906cdc7d35,Nicole Ryan,SXM_HOST,194adbca-34d6-cb94-b153-3488ee563308,channel-linear,HOST
90a5cedd-3b5e-4098-ab09-e1522b833d08,Brandi Carlile,SXM_HOST,afd13706-9f2f-0521-6f3d-3e36cf1e8ddb,show,PERFORMER
894f2664-b7e4-4d28-b1a9-8d32f809bc2f,Paul Bachmann,SXM_HOST,5d6347dd-ce61-9b85-c1d9-70a82209b02e,channel-linear,HOST
5512ac26-532d-4b3a-95c5-b612b35c24cf,Dave LaGreca,SXM_HOST,3bcf5595-380b-af4e-f2e5-b6aef314687b,show,HOST
0a60285c-d0e1-426e-8b0e-7ee23a00672c,Torae,SXM_HOST,988d25d1-db91-ee15-72e1-386c1972b8b0,channel-linear,HOST
fb842a5f-b045-4381-a5c5-8dde20001d45,Rodney Bingenheimer,HOST,3b83dc80-5987-6898-e98d-a98012f700c1,channel-linear,HOST
3e3e3f54-5256-4a94-9144-53a6b0a13141,Robert Smith,HOST,22b6d419-0bc3-31f7-c9dd-53ca6c673d8c,channel-linear,HOST
3c13422a-0df2-47b9-8cb0-50c10dbd5ba8,Heather B,SXM_HOST,7bcbe3c4-a385-f50b-f32e-5d0dcb8830f8,show,HOST
29f7ce40-1a64-44c2-87a8-1ead8eca8256,Rachel Steele,SXM_HOST,c241905b-67ec-664f-f904-6fff5bef9416,channel-linear,HOST
935982dc-fbd7-4896-8c04-8593e073e371,Neil Barnett,SXM_HOST,44d31a35-6114-e867-d01e-d14e31ffd4af,show,HOST
94970d7a-6626-4118-9af5-1953c46f85a4,Preston Trombly,SXM_HOST,c46c9810-6274-a715-a8b9-de9d4ac33873,channel-linear,HOST
d8f9ac12-f3cb-4b3e-8ab9-9bef973f2565,Holly Rowe,SXM_HOST,d9dcf813-1a1a-2f92-a53f-e372ffc235ea,channel-linear,HOST
fc04435c-0b76-4f93-87f4-c29ba5a2241a,Lord Sear,SXM_HOST,7be70982-2cc5-ef30-b53d-d4e71c4f7a5a,show,HOST
e54c8a99-c2a2-4413-8585-74af75449564,Buddy Miller,ARTIST,176daca5-6810-3a1c-49e9-39b69055e811,channel-linear,HOST
15177a43-9836-4af4-bbdc-e08203bf3823,Newt Gingrich,HOST,3c7b2421-7ce4-0ecb-bc70-7f60f15d3d29,channel-linear,HOST
5dd6b1d9-99cb-485a-be51-f7236a260ffc,Nina Blackwood,SXM_HOST,6f8b4a56-0746-9c0f-04df-551fe24bbd52,channel-linear,HOST
c9e504bc-1238-474c-a648-9dfa5aea2374,Ron Bennington,SXM_HOST,7afff919-c0fc-cf72-e705-8b5b7aa7f815,show,HOST
953f0918-e510-4292-bdbd-2f98a1b77ec2,Jeff Mans,SXM_HOST,d6b91d51-7868-b602-9d14-1ad5c6df92ef,show,HOST
0d015cfa-abd4-482d-847b-80607e68a89a,Bob Buchmann,SXM_HOST,224e0939-4f62-8d3d-c5e3-91617fc84e34,show,HOST
63b3b4d7-00ff-4137-9927-2f1fddee2d33,Robin Lundberg,SXM_HOST,ad16acb3-efc4-5ac1-bddc-9a16650def4d,show,HOST
a14a7f49-4d80-418c-a93a-2d13a0b4a0ff,Jimmy Buffett,ARTIST,f012f44d-c0ea-4015-a156-68b6214523b7,show,HOST
58cdfc84-25c6-4361-86f3-9dde0207d528,Mark Goodman,SXM_HOST,7a642de7-c33f-a628-efb2-3d94a829d17b,channel-linear,HOST
88c2c967-7da9-4b74-b84c-e19515711f97,Emily Sumlin,SXM_HOST,d7b96084-7990-022b-f7fa-665be0ac1c45,channel-linear,HOST
b20e5d0b-c48a-4708-b7ef-03282e889e9f,Rob Lowe,HOST,813d656c-9af5-7f51-bb48-d724327d9289,channel-linear,HOST
8e873985-6d99-43dd-8f69-ff3ffa3eed30,Americus Reed,SXM_HOST,d1bdfbfb-cc3b-4ceb-a61b-70ee050e65e7,show,HOST
2c2d7ffd-05ce-4137-9c1a-765591aca603,DJ Drama,SXM_HOST,2022dfab-580f-675f-6aad-00aad9c3be9b,channel-linear,HOST
403d927c-4fa7-4262-abf2-4405e7b1c66b,Dan Patrick,SXM_HOST,b8d08b56-6bca-a461-189e-ea00b223fbf4,channel-linear,HOST
7be60aa9-ebd8-4c63-b8e1-228fe47da08d,Mike Babchik,SXM_HOST,3763eaf9-1e71-1368-395e-eecd3e572ea7,show,HOST
908eea34-36b5-49c8-a30c-e5af9e11de46,Wolfgang Van Halen,SXM_HOST,b25a95b6-d83d-fcdd-8ea8-d3fd023b63f1,show,HOST
81e8e5b2-883a-4a35-b52e-67267346c524,Macie Banks,SXM_HOST,8c0b5b99-f1f3-05d8-96d3-9c4dcf0728b3,show,HOST
06f07f95-1c9a-4c5e-b662-ae55c0099872,Joe Madison,SXM_HOST,bfeb2258-c6e5-d346-5332-02ea357b63a4,show,HOST
23d6b91e-5b90-4c4d-9ac0-48c79034beb3,Christopher Russo,SXM_HOST,53fdc8d8-39eb-c76d-b8b2-dade4cc5fd0e,show,HOST
9b76961e-f194-4120-a9f8-fa909b55140b,Jim Norton,SXM_HOST,12e2034d-7f81-c64b-dcd7-af6dce6d1c53,show,HOST
75eb8e53-0bf4-4a44-9ec2-468295e0b8a6,Johnny Knoxville,SXM_HOST,176daca5-6810-3a1c-49e9-39b69055e811,channel-linear,HOST
94eb52ea-f433-41da-8749-e55ce94f78de,Too $hort,SXM_HOST,988d25d1-db91-ee15-72e1-386c1972b8b0,channel-linear,HOST
55b02797-fae1-44f5-ba7a-49f3fcbd87ff,Rida,SXM_HOST,01320210-fc0e-94fd-70d9-74d2e1138dde,show,HOST
0f09fbac-05f9-48e1-b0f8-f5453164f1fc,Madison,SXM_HOST,c1a3ffd0-327d-1f53-200e-6896c3ed9224,show,HOST
72d8d050-6ef4-4f0c-beb7-abc8c5002879,Roy Wood Jr.,SXM_HOST,771bf1f6-3885-aa77-e98a-51f5dcccbeba,channel-linear,HOST
0c824ab2-3006-4960-8004-0467885edf7a,Jeff Joyce,SXM_HOST,ce323528-a948-4934-a68a-d28f4f7f4bc9,show,HOST
3ae5598d-a013-4ab7-93cc-ea6a742a45d1,Madeline Argy,HOST,a3c2c3b4-b402-7594-c011-75f8613353e0,show,HOST
a5235f06-3c3e-48bb-ac94-f55699fd0396,Anthony Bourdain,HOST,30bff334-9b71-327a-5d36-43a2fead0f16,show,HOST
6983bdb1-003a-4aae-a304-bd5fac212bfa,Nicole Byer,HOST,211a7719-2dbe-ef7b-a6c1-66abc44412a7,show,HOST
4590fc71-e8f9-4865-a782-5282656c8237,Big Jay Oakerson,SXM_HOST,3e7e411e-d9c3-0b3e-6a46-15d07652eab9,show,HOST
76d4af64-ce1a-4c12-ba22-00dbaaca6e88,Larry Gatlin,ARTIST,5dcd3501-8bb8-409a-2c61-a6ad93192bb2,show,HOST
c2940b10-01b6-4e0f-9ccf-76e680f1e4b7,Marc Anthony,ARTIST,5ed52b2c-f87b-d3f3-ca48-88fb05b033a1,show,HOST
793d02bb-d93b-4ae5-a4e8-ab35610c7f61,Jake Tapper,HOST,3c7b2421-7ce4-0ecb-bc70-7f60f15d3d29,channel-linear,HOST
29f7ce40-1a64-44c2-87a8-1ead8eca8256,Rachel Steele,SXM_HOST,13159afb-8b4d-4a7a-a79c-1e285c8bb6cf,show,HOST
d910e79a-948d-4203-9470-8dd65b0561fb,Laura Cantrell,ARTIST,20801778-3df2-d607-eab5-e03de0ca7815,channel-linear,HOST
1ce1511a-6d37-4b61-8b6b-99f9aa2b118e,Tommy James,ARTIST,6567f2ee-4d7a-cd6d-3402-55ed6089cd0c,channel-linear,HOST
89f5a7b1-4781-469b-b290-e45cd03358c2,Symon,SXM_HOST,0750d96a-f257-48ee-9308-4b1f29f956da,show,HOST
74ab0164-5325-4ab9-a802-5b5062ff642c,Karen Hunter,SXM_HOST,fb5bc33e-a51e-d1dd-d547-3d80e0b8324c,channel-linear,HOST
e9ecebce-7928-415e-a4f0-5dadaa453eb1,Kim Ashley,SXM_HOST,2543461a-37ce-4b6f-b535-651343049a72,show,HOST
1a75f6e7-2816-4f7e-b2c0-448b5cff0ab1,Paula Nelson,SXM_HOST,176daca5-6810-3a1c-49e9-39b69055e811,channel-linear,HOST
35907760-e973-430c-b4c2-5bef8b70defe,David Webb,SXM_HOST,53be735b-3e43-8907-67e7-ed3c84f092fb,show,HOST
4c3f9136-a869-4381-945a-054faff69ef3,Pearl Jam,ARTIST,f6330732-7c5a-46db-a76b-321af9133e6d,show,HOST
34234f68-f46a-4a93-bc17-b613a8898ffb,Jose Mangin,SXM_HOST,0fed9647-cc82-24d7-526d-98762e8a52cd,channel-linear,HOST
b57ad009-2579-4095-ae30-4ab04ef9933d,Nick Wright,SXM_HOST,472b0fd3-d495-4410-a858-046b5ad9a5a4,show,HOST
034271a4-2f41-4db5-8c46-29135a5b2112,Cody Alan,SXM_HOST,ffd94bb6-5368-67ae-91be-5b2bababeca0,channel-linear,HOST
8ad46c02-0ae2-4a8a-acb9-5b4b716600af,Jim Duquette,SXM_HOST,8d9c0b16-4734-3bc4-d523-7c942cf888aa,channel-linear,HOST
25cf7d58-a248-4778-af00-027a434b31f1,Bill Gaither,ARTIST,15f2ff0b-fac2-bb47-8ece-fb09320b839d,show,HOST
871af3a8-9280-4ea1-9de6-cf0f4bc9813c,Charlie Stillitano,SXM_HOST,44d31a35-6114-e867-d01e-d14e31ffd4af,show,HOST
903576d4-db2a-49e0-acaa-7447f862e098,Zerlina Maxwell,SXM_HOST,fb452ece-ac0c-2236-780a-d85c72fbcc88,channel-linear,HOST
21798dc1-3e87-4e39-8075-c2efadde4cfa,John Fugelsang,SXM_HOST,fb452ece-ac0c-2236-780a-d85c72fbcc88,channel-linear,HOST
87476d9a-f157-40af-b5c0-e3760d1f33b5,Dr. Charles Marmar,SXM_HOST,97548371-5133-a4c6-373f-801a18dc3237,channel-linear,HOST
5c1e9c5e-c064-4c81-9875-af91c12a3d23,Sinclair Skinner,SXM_HOST,8585ef4a-452a-209d-6703-797b03bc25df,show,HOST
bdf477e5-4509-4910-b9f2-0d18d6f1564b,EJ Manuel,SXM_HOST,d9dcf813-1a1a-2f92-a53f-e372ffc235ea,channel-linear,HOST
c859e58b-b062-41e2-baa4-959f1dc4d847,Earle Bailey,SXM_HOST,5ad8659a-414a-9e26-b973-f5a229d788dd,channel-linear,HOST
1eb4393e-2a3c-432f-83c2-6a619920c6ce,Thunder Rosa,SXM_HOST,098425c8-142d-9ee9-3d45-bc5f7b284bd4,channel-linear,HOST
2e72399e-8aa1-428c-beb7-87971529acd0,Chris Doering,SXM_HOST,b78aaa76-b550-7534-9f55-c1d442a3ee12,show,HOST
bb07b83d-79b6-4d15-8ce9-0e9a970348cf,Israel Salazar,SXM_HOST,06624f80-eb8d-98f8-f935-8f6d42d50370,show,HOST
c9e504bc-1238-474c-a648-9dfa5aea2374,Ron Bennington,SXM_HOST,8b66f94a-7304-fd83-d442-2153b881c21f,channel-linear,HOST
8a90b97e-bdd3-46bb-98aa-692232222fbd,Buzz Brainard,SXM_HOST,ffd94bb6-5368-67ae-91be-5b2bababeca0,channel-linear,HOST
0f09fbac-05f9-48e1-b0f8-f5453164f1fc,Madison,SXM_HOST,32c4747f-8739-d578-62d8-08a92d518445,channel-linear,HOST
1dfbce37-46f6-4e26-aec1-d0519939eed4,John Tartaglia,SXM_HOST,adc27a20-6fc4-7269-5ca6-4a492f7dfa55,channel-linear,HOST
cb865a68-42dd-4d28-b75e-7b667aa89673,Andy Cohen,SXM_HOST,68e4d7eb-1f2c-7ce8-3fd6-d083194fbdfb,show,GUEST
5f801eab-7412-4c39-9095-51e3132a0f14,Tim Legler,SXM_HOST,325f06d1-8734-0378-1ae1-66323143c249,channel-linear,HOST
1d1b3bae-75c4-405c-aaf6-df3d89f7183a,Trevor May,SXM_HOST,81a7b2a2-dfd3-d3b8-ff2a-e71a66f76932,show,HOST
a6e622c1-42f5-4dd1-af20-58ed44dd58ce,ILLENIUM,ARTIST,1e2ab960-dd8a-097c-60ac-528b725e33f6,show,HOST
4ae34145-8849-4842-8c8c-3f12d5b2958d,Larry McReynolds,SXM_HOST,c875a2e9-2768-ed46-5487-4e3e667ae553,channel-linear,HOST
e9b0672c-66eb-4d02-9d51-047e44a812af,Mike Krzyzewski,SXM_HOST,deec96cf-b050-80d4-986d-6553233060d7,show,HOST
cd3602ae-86ae-4996-bba8-434563e2fccd,Johnny Carson,ARTIST,e685d24a-41ec-bf56-15ae-78bbc9690d0d,show,HOST
95c5ae09-eda7-4ffb-9473-a92c3185ca02,Rodney Marsh,SXM_HOST,9c41e590-503c-7595-da3c-3b20585b81dd,show,HOST
bf05e17d-bf08-4a31-9e95-38456e0d9219,Ania Hammar,SXM_HOST,bd13e95d-f7fd-86fa-c3ea-62e40ab9b60f,show,HOST
c7379b39-3353-4aa9-bead-70aa64f9db23,Xavier Scruggs,SXM_HOST,4c4d60e0-db5c-22bd-b127-e0cb8cd8985f,show,HOST
e9189f03-c1c9-4d1d-a313-a77094db9324,U2,ARTIST,37171515-fe0f-7b61-0a40-1d379d632802,show,GUEST
215fc1af-9508-44d0-a2ad-04192de652c2,Megless Griffin,SXM_HOST,5ad8659a-414a-9e26-b973-f5a229d788dd,channel-linear,HOST
fd749b99-33b0-4680-8c26-f01e2e75ef21,"Dr. Jess Shatkin, MD, MPH",SXM_HOST,97548371-5133-a4c6-373f-801a18dc3237,channel-linear,HOST
cda62b3a-fcab-4934-84d6-1b9d08fab9b7,Sandra Bernhard,ARTIST,56605cc5-88b8-557b-fc3c-dae7eb41bf56,channel-linear,HOST
8b950473-b62d-4c3b-970f-6e0c99ee0986,Casey Kasem,SXM_HOST,8753a626-6ea2-8dd6-55c5-8f5b9e1d7357,channel-linear,HOST
9fabcaae-ccb0-4901-8d8a-af6d035d69eb,John Hansen,SXM_HOST,45b3cb89-e5b7-d789-8800-70705c69a221,show,HOST
90a5cedd-3b5e-4098-ab09-e1522b833d08,Brandi Carlile,SXM_HOST,01792aeb-b8f5-2c87-f362-3942be1ae98b,show,GUEST
5dff945e-fec0-4731-92ad-9475f306ba13,Rachel Smith,SXM_HOST,b436c7d2-38b2-b8aa-48df-c175e0f1f5b3,show,HOST
b146753f-482a-4ea3-8dc2-fb07b4115522,Anderson Cooper,HOST,1b9f56e5-0af8-d04e-dda8-37204f9003aa,show,HOST
39401bd8-eeae-4d10-9c0c-b4446151d3ba,Ryan Leaf,SXM_HOST,fb203d33-8157-0005-ccb4-30a6adbc99cb,show,HOST
aaa301e1-f5ef-41ef-8f38-ae7505c1332c,Larry the Duck,SXM_HOST,a30e16ed-4017-41ce-9e81-91d733a4ef11,show,HOST
e853a5b7-aba4-4809-9383-78f33da97568,Jason Davis,SXM_HOST,ab56bbba-0bc3-8544-39e1-732f0ed9cfba,show,HOST
aa00cd50-532c-4181-8b83-f6ea6ed582e6,Joe Bonamassa,SXM_HOST,c4406844-de06-901b-6b4f-02420e2bd2d6,channel-linear,HOST
c6f79647-5ae8-4253-9d97-8a15fac07892,Frank Isola,SXM_HOST,194cc1ea-ae25-bf2c-696b-9bb39d654b71,show,HOST
8b8d837b-b278-4eb8-960a-196c6faf8a87,Din Thomas,SXM_HOST,c4864d39-1216-da52-26c8-081a05cc742c,show,HOST
465a14e8-9e78-464e-80b2-13202e658eb7,"Johnny ""El Picoso""",SXM_HOST,5aa56613-acaf-4727-8497-6bdfe4bb5d81,show,HOST
b1eddd40-b8ca-4d6a-a1aa-5088c474106c,Danny Valentino,SXM_HOST,e3b61a24-206d-4fa1-43ae-14ea190e47a6,channel-linear,HOST
b81b1ebe-f593-4269-9aa8-a1b8bb02171f,Jon Favreau,SXM_HOST,cb8fca1d-1003-87ac-617b-2b768ba8e09a,show,HOST
1a3fbc5a-0c71-4b73-8a74-d884eae40731,Wes Hall,SXM_HOST,15c78a20-48ff-41f2-aa4e-d0da15455c24,channel-linear,HOST
291c7147-5282-4749-8433-cad790bd47f8,Phish,ARTIST,c6d9f64b-ca56-fd9a-9a0e-4f48d31c9c4a,show,HOST
5c453468-643e-4d90-9c1c-8989c536d2dc,Perri Peltz,SXM_HOST,9737bbee-364f-05f9-fe3f-392bbbf61850,channel-linear,HOST
34234f68-f46a-4a93-bc17-b613a8898ffb,Jose Mangin,SXM_HOST,634ea01e-4ae2-c7e8-7567-138965e8a6fe,channel-linear,HOST
6d369b6b-c95b-43cc-889c-68616e4be0f6,Lori Majewski,SXM_HOST,35a57cf4-cffe-877a-ad92-59827a39b095,show,HOST
34234f68-f46a-4a93-bc17-b613a8898ffb,Jose Mangin,SXM_HOST,97419dd7-4db5-46b6-b4c5-688970b0673b,show,HOST
5a8182b2-42c0-4092-b3c9-817ceb3da0a4,Sona Movsesian,SXM_HOST,29959418-0da1-4773-7e0b-5e7828c43856,show,HOST
30933ec6-d26c-4dd4-9a59-14906cdc7d35,Nicole Ryan,SXM_HOST,db1924a4-0461-d111-2d1d-2e9070916d02,show,HOST
cf66eef5-8d36-4828-b370-08093a469c49,Kelly Ripa,SXM_HOST,71dd1842-8e6c-9c6c-ae28-1227ee52dc97,show,GUEST
75b9f50d-9381-46d6-af53-63333b6bdbfa,Jim Lauderdale,ARTIST,176daca5-6810-3a1c-49e9-39b69055e811,channel-linear,HOST
95ffacc4-89f7-4d34-990d-95856aee90b9,Jeff Lewis,SXM_HOST,06aa3c03-cbcd-88d7-d5f9-867f6938d609,show,HOST
b20e5d0b-c48a-4708-b7ef-03282e889e9f,Rob Lowe,HOST,e9611553-ccf5-83fc-81e5-8774d6d38b5d,show,HOST
5cc4c7f4-feb4-4f50-869e-145a61cf42fd,Adam Schein,SXM_HOST,23999ddf-2cc2-35e2-7d04-6cc2749043d0,channel-linear,HOST
af178d17-7103-4202-893d-9c306852b4b5,Avery Woods,SXM_HOST,8b8d9d99-2bf9-efa4-d2e6-7cb4fe096917,show,HOST
2e72399e-8aa1-428c-beb7-87971529acd0,Chris Doering,SXM_HOST,d9dcf813-1a1a-2f92-a53f-e372ffc235ea,channel-linear,HOST
7094ec7e-52ff-4333-a504-7316ffd1acb2,Jim Bowden,SXM_HOST,1781d186-b709-4896-a203-21da0ebe718c,show,HOST
5ee3bf3c-abf5-4b90-a78a-c9a94d23c735,David Fricke,SXM_HOST,804a5411-b234-1188-27da-f01197103886,channel-linear,HOST
95ffacc4-89f7-4d34-990d-95856aee90b9,Jeff Lewis,SXM_HOST,56605cc5-88b8-557b-fc3c-dae7eb41bf56,channel-linear,HOST
bdb37a22-2577-427a-8fd2-d6b066a0a865,BeBe Winans,ARTIST,41352933-47b4-ba51-b743-2e4e5c07d4df,channel-linear,HOST
bb6f09fc-b980-4378-8b69-3417a68133a3,Paris Hilton,ARTIST,8d387b31-2065-7393-01c5-f86e3ea47dc9,channel-linear,HOST
291c7147-5282-4749-8433-cad790bd47f8,Phish,ARTIST,459c1be5-9898-be50-fc10-39e1e1f4dce9,show,PERFORMER
247b5794-8210-4acd-a09d-b955b9f4c96f,Dave Matthews,ARTIST,cd05da99-c23e-9bc8-4020-32044739a091,show,HOST
85f6d312-333d-4585-a743-d9c418ec446a,Mark Dominik,SXM_HOST,f3126d70-09ea-bd0c-57cd-af5ab798f313,channel-linear,HOST
5a11faf7-8b2c-4835-94d5-d6cf0a1d78c5,Tommy Dreamer,SXM_HOST,3bcf5595-380b-af4e-f2e5-b6aef314687b,show,HOST
829db8a4-90ad-4284-abc6-697ec1503e22,Stanley T,SXM_HOST,4c97d095-b8c1-162a-9d72-0c7c16f458bf,channel-linear,HOST
0d015cfa-abd4-482d-847b-80607e68a89a,Bob Buchmann,SXM_HOST,132b2bf7-504f-89d4-d028-91e0fccc7a01,show,HOST
7d858495-31e0-491d-a711-b0a9d0ecaae4,Christian Slater,HOST,d1ddcb56-84bc-c69c-22ca-e1a71a9895e4,show,GUEST
c837641e-b01b-40ee-aaf7-dfe3e3e580eb,Fiona Shea,SXM_HOST,5a6b5de3-9098-a28d-9a74-18e459ff54e3,show,HOST
58cdfc84-25c6-4361-86f3-9dde0207d528,Mark Goodman,SXM_HOST,2ea07147-a720-ed0c-d4ce-d7bddd1640d3,channel-linear,HOST
953f0918-e510-4292-bdbd-2f98a1b77ec2,Jeff Mans,SXM_HOST,66e0c959-ced8-2958-5d2c-c19ca4f770a4,channel-linear,HOST
cd032653-5515-4474-bf68-cd56ec970d93,Alan Hunter,SXM_HOST,c5cf5cc7-b7b8-8cb4-199c-20c755913a96,show,HOST
294a7669-407b-44f9-ab88-b84290d5038f,Rachel Friedman,SXM_HOST,9b6e9f8d-16db-f198-8497-7bf957d949f2,show,HOST
e4ed5636-1395-4187-8121-8050160157de,Jenny Eliscu,SXM_HOST,8bf28935-c635-4c04-ae01-11aa6504308f,show,HOST
e7049ede-b71e-42f5-82ed-f64a67550342,Mindy,SXM_HOST,7201b29e-90da-5558-ea5b-d80a9431357e,show,HOST
23d6b91e-5b90-4c4d-9ac0-48c79034beb3,Christopher Russo,SXM_HOST,65027c19-89cd-9978-4e20-224f9c5828dd,show,HOST
8b74ce98-5fe1-4c0b-adf2-d6d26da4a9bf,Michael Fabiano,SXM_HOST,ca54ad16-541d-44be-61f8-9fe6f31c8040,show,HOST
f9f3553a-d83b-4fd7-a29e-42cb1e2c50f9,Tinx,SXM_HOST,813d656c-9af5-7f51-bb48-d724327d9289,channel-linear,HOST
28b28bf5-9f53-44c2-8efa-c724227baccf,Ben Kissel,HOST,b66a5bc5-1cc8-1082-5b53-066ec31c16a2,show,HOST
fcb86638-d6d1-49e1-8bcf-efa10b97dd82,David Westin,SXM_HOST,27adcf33-1681-9f00-2461-2129a2471abf,channel-linear,HOST
25cf7d58-a248-4778-af00-027a434b31f1,Bill Gaither,ARTIST,d882b7a4-7263-edcc-25a1-88ade5ad650d,show,HOST
215fc1af-9508-44d0-a2ad-04192de652c2,Megless Griffin,SXM_HOST,20801778-3df2-d607-eab5-e03de0ca7815,channel-linear,HOST
e7049ede-b71e-42f5-82ed-f64a67550342,Mindy,SXM_HOST,5d6347dd-ce61-9b85-c1d9-70a82209b02e,channel-linear,HOST
2d3b8258-2d39-4eba-b49e-3b91745309cb,Geronimo,SXM_HOST,6adef1b5-d812-9c10-7c6c-f05af4e27077,channel-linear,HOST
7094ec7e-52ff-4333-a504-7316ffd1acb2,Jim Bowden,SXM_HOST,4c4d60e0-db5c-22bd-b127-e0cb8cd8985f,show,HOST
5dd6b1d9-99cb-485a-be51-f7236a260ffc,Nina Blackwood,SXM_HOST,630febb7-aa64-a946-6a13-92d5ac27b27e,show,HOST
0a60285c-d0e1-426e-8b0e-7ee23a00672c,Torae,SXM_HOST,bd54fc02-e063-0e3e-0cbb-4ceafef734e7,channel-linear,HOST
1018267a-5fde-405e-90de-9af07cec4f85,Clay Cane,SXM_HOST,d59fc7f6-bf7b-588a-7cd7-6669226a498d,show,HOST
97b6c64a-135b-422b-8526-623a707d71cf,Lindsay Rhodes,SXM_HOST,714985a6-c1b2-cd9f-3dc6-798bc3813beb,show,HOST
6983bdb1-003a-4aae-a304-bd5fac212bfa,Nicole Byer,HOST,93557b2b-ee2d-5710-384f-0b2155f04f8e,show,HOST
4ae34145-8849-4842-8c8c-3f12d5b2958d,Larry McReynolds,SXM_HOST,c875a2e9-2768-ed46-5487-4e3e667ae553,channel-linear,HOST
5e2c10fb-f0df-4676-a32e-5ac8dfe063fa,Mark Willis,SXM_HOST,01305215-db22-2cdc-7eaf-ca12c60a2643,channel-linear,HOST
291c7147-5282-4749-8433-cad790bd47f8,Phish,ARTIST,956b656b-1982-cff9-0785-0be461d0214a,show,HOST
238493ba-01ed-475c-b146-1ab1389a7c19,Al Roker,SXM_HOST,2a74320f-938b-8e80-5e7f-5e8e110e1d42,channel-linear,HOST
2a432919-925e-4557-b3c6-e945ba58029e,Alan Light,SXM_HOST,74699acf-5c24-6bc0-b041-67c256562c58,show,HOST
c2940b10-01b6-4e0f-9ccf-76e680f1e4b7,Marc Anthony,ARTIST,b5fa8b9a-cf64-8308-4de9-c5f9d35995fe,show,HOST
c7379b39-3353-4aa9-bead-70aa64f9db23,Xavier Scruggs,SXM_HOST,8d9c0b16-4734-3bc4-d523-7c942cf888aa,channel-linear,HOST
829db8a4-90ad-4284-abc6-697ec1503e22,Stanley T,SXM_HOST,b0cb68e6-a901-466b-ac7b-414bf57cd50f,show,HOST
3d2d6c0c-1e97-4177-bb4e-19bdc6dd30b4,Wolf Blitzer,SXM_HOST,3c7b2421-7ce4-0ecb-bc70-7f60f15d3d29,channel-linear,HOST
86b308af-6abf-48cd-a509-0fb65c8929a6,Del McCoury,ARTIST,89a8328b-69b9-4bde-527a-c78bf0c8be52,show,HOST
8ad46c02-0ae2-4a8a-acb9-5b4b716600af,Jim Duquette,SXM_HOST,1781d186-b709-4896-a203-21da0ebe718c,show,HOST
3c13422a-0df2-47b9-8cb0-50c10dbd5ba8,Heather B,SXM_HOST,fb5bc33e-a51e-d1dd-d547-3d80e0b8324c,channel-linear,HOST
c7379b39-3353-4aa9-bead-70aa64f9db23,Xavier Scruggs,SXM_HOST,8d9c0b16-4734-3bc4-d523-7c942cf888aa,channel-linear,HOST
973459ad-9cf6-4c56-aa4f-4b90b7f8c63a,Julia Cunningham,SXM_HOST,1b3c4bf1-c269-0aad-b4bb-4990b5441d52,show,HOST
ed2c65f6-6bf8-423e-92dc-b87e7417743b,Rich Eisen,SXM_HOST,7c987478-2f68-d267-acc6-56497c448256,channel-linear,HOST
ec36510d-fe58-40f2-a089-748574740afd,Joey Defrancesco,ARTIST,e6333906-2e89-6c07-59d6-36d09248b8dc,channel-linear,HOST
e01bb338-0b76-4ee7-9617-f6d2ffed92b5,Joe Scarborough,SXM_HOST,95bffee3-e903-ca28-6332-1b94f41a8962,channel-linear,HOST
247b5794-8210-4acd-a09d-b955b9f4c96f,Dave Matthews,ARTIST,7b6f7c64-0749-8590-48bb-ef22b348c842,show,HOST
1cd67191-8866-483e-a473-3719c96fe736,Bully Ray,SXM_HOST,53657570-9e2a-4c74-b69c-7739625b021e,show,HOST
74a66893-1c68-4620-84a6-36a394db113c,Lurie Daniel Favors,SXM_HOST,fb5bc33e-a51e-d1dd-d547-3d80e0b8324c,channel-linear,HOST
53f5361f-57aa-49ab-b18b-927333be57aa,Marty Smith,SXM_HOST,83b34021-9d68-590e-6a4d-e5291b4b4b78,show,HOST
e7049ede-b71e-42f5-82ed-f64a67550342,Mindy,SXM_HOST,711a957c-bee0-b127-5078-d2e842672011,show,HOST
55966fa4-6bfc-4ec6-929a-d133a6266a82,Rude Jude,SXM_HOST,8758b7bd-d242-c324-0ba9-113f588687ee,show,HOST
0dc8f48c-6785-4738-8bae-8bcbf42beb73,Spyder Harrison,SXM_HOST,ef940a5b-255c-9f91-a3a5-41c6a9a24260,channel-linear,HOST
a4c9240f-9a9f-449b-be7e-4284df75ba0b,Steph Tolev,HOST,96f5d0e4-ebff-564a-6c39-70a4a642e360,channel-linear,HOST
601b3861-ffea-4afe-9149-db4736def786,Becky G,ARTIST,db0fdf86-655f-7b8d-7695-8817dc168b60,show,HOST
f9f3553a-d83b-4fd7-a29e-42cb1e2c50f9,Tinx,SXM_HOST,2a60eb7d-5563-b15e-fa5d-760c22b68563,show,HOST
1729aa27-b7cb-437a-8e31-bdf84ec04a8a,Mika Brzezinski,SXM_HOST,95bffee3-e903-ca28-6332-1b94f41a8962,channel-linear,HOST
5b107084-3774-4c15-a0b3-01d833e028f6,Dan Loney,SXM_HOST,ff394c4b-4563-dff7-79c5-b9f17ddc4c0f,show,HOST
476a1613-bd7d-4f4f-846b-a3ca017fe0a9,Morgan Wallen,ARTIST,dfa1c444-70b8-0af6-d269-1d039364d9ab,show,HOST
1f574be0-7427-4827-8bda-034d132e8a03,Stephanie Ruhle,HOST,a8a03e8e-4176-29c4-6aca-4748b51aa858,show,HOST
c859e58b-b062-41e2-baa4-959f1dc4d847,Earle Bailey,SXM_HOST,dc6ba9c4-eadf-4328-a2be-ac583cfd78a6,show,HOST
9fabcaae-ccb0-4901-8d8a-af6d035d69eb,John Hansen,SXM_HOST,0ea0372a-3a75-3801-801c-5f0888748707,show,HOST
40379dd3-e68d-4839-9674-636e298c40b0,Shankar Vedantam,HOST,22b6d419-0bc3-31f7-c9dd-53ca6c673d8c,channel-linear,HOST
ec8e3eb2-40bf-4068-8b1f-9d7906a86675,Mark Henry,SXM_HOST,098425c8-142d-9ee9-3d45-bc5f7b284bd4,channel-linear,HOST
e853a5b7-aba4-4809-9383-78f33da97568,Jason Davis,SXM_HOST,8e4a30af-583a-7b69-5438-72f6deb38b14,show,HOST
9e9bd8a5-402c-457b-8822-2294d499b4a2,Kat Corbett,SXM_HOST,8761f123-dfbd-c95c-28cc-27566093bd65,show,HOST
1018267a-5fde-405e-90de-9af07cec4f85,Clay Cane,SXM_HOST,96d1edd6-4b10-7ba0-a268-33d71e9cc81c,show,HOST
553256ea-a93c-4401-9339-781b29c0db5a,Conan O'Brien,SXM_HOST,813d656c-9af5-7f51-bb48-d724327d9289,channel-linear,HOST
9e92cc1d-11f7-4db2-89bb-170531848c23,Chris Spatola,SXM_HOST,0d641ba5-f0df-7246-e488-6422ba4b91ad,show,HOST
e65193b7-d072-415c-a46f-b13b5f50618c,Alison Wonderland,ARTIST,cab8f38e-3c80-99a9-39d1-3c0857e74244,show,HOST
71621d95-bc61-429c-b771-1f202f6c1819,Jay Sekulow,SXM_HOST,a078936b-043a-868c-3def-233ac0e49853,channel-linear,HOST
1d1b3bae-75c4-405c-aaf6-df3d89f7183a,Trevor May,SXM_HOST,415d4f17-33cd-60b8-9c42-5b3189b2de69,show,HOST
894f2664-b7e4-4d28-b1a9-8d32f809bc2f,Paul Bachmann,SXM_HOST,c172d595-1404-ba40-1e2c-3e3608fa2d13,show,HOST
660fc1e4-acb1-473a-993e-357c0f9e745b,Dean Obeidallah,SXM_HOST,fb452ece-ac0c-2236-780a-d85c72fbcc88,channel-linear,HOST
206494da-25d6-433f-94d7-e30c97218560,Andy Richter,SXM_HOST,f918b1d5-af15-a16f-48fe-9a0d597dd14e,show,HOST
238493ba-01ed-475c-b146-1ab1389a7c19,Al Roker,SXM_HOST,92f9adec-9301-4db8-a8cc-538a6ae38543,show,HOST
4a02b0ae-653c-4569-a312-f5c2b1070e36,Jimi Hendrix,ARTIST,2e32d81f-c107-1749-6761-5663bc3e1fa0,show,PERFORMER
fdd589a3-85f5-403e-b88b-463e47d79978,Redman,ARTIST,53f1ca49-64d8-2bbb-8d01-01482ed647cd,channel-linear,HOST
88678b1c-a036-4907-9845-d9a15e0734e3,Punkie Johnson,ARTIST,ab6a16eb-6e7b-6933-1dd1-8b04fbc922ed,channel-linear,HOST
4000a0ab-1cff-4d04-af58-ab6b0137e15b,Hannah Kosh,SXM_HOST,d20ad2ef-54e7-4b1a-60b6-ff5351421cd0,channel-linear,HOST
f46b15e7-6e8c-47d4-8258-a211461a3563,Steve Aoki,ARTIST,1e841142-6e41-5bac-126d-e1464d9c56f3,show,HOST
69cd0fc0-ec1b-4293-b36d-cd42ec563da9,Shannon Sharpe,HOST,53fdc8d8-39eb-c76d-b8b2-dade4cc5fd0e,show,HOST
aaa301e1-f5ef-41ef-8f38-ae7505c1332c,Larry the Duck,SXM_HOST,65f04311-3581-256c-97b9-279838d6ff5e,channel-linear,HOST
029e4d59-e529-4cc7-a648-a224c7207ced,Sean Hannity,SXM_HOST,fe710b36-88ce-4de5-bbd7-f3ca17f7da50,show,HOST
58cdfc84-25c6-4361-86f3-9dde0207d528,Mark Goodman,SXM_HOST,7a642de7-c33f-a628-efb2-3d94a829d17b,channel-linear,HOST
4bed27d7-fc94-44cb-b346-2e397a06b136,J. Cole,ARTIST,7358d418-aa22-407e-0f42-d7ff82a05cfb,show,HOST
cd032653-5515-4474-bf68-cd56ec970d93,Alan Hunter,SXM_HOST,2ea07147-a720-ed0c-d4ce-d7bddd1640d3,channel-linear,HOST
a8956eec-f02e-4adf-97fd-aa7a3b4aa204,Ashley Flowers,HOST,168f7e19-b4a0-0cce-46b5-54d7f127e7e7,channel-linear,HOST
9b77e4e6-b65e-47be-a537-3526fab35a37,Tony Fly & Symon,SXM_HOST,194adbca-34d6-cb94-b153-3488ee563308,channel-linear,HOST
e01bb338-0b76-4ee7-9617-f6d2ffed92b5,Joe Scarborough,SXM_HOST,95bffee3-e903-ca28-6332-1b94f41a8962,channel-linear,HOST
2e72399e-8aa1-428c-beb7-87971529acd0,Chris Doering,SXM_HOST,454db282-082e-b9a0-d099-89afbf335688,channel-linear,HOST
60e83aff-8da9-4a35-b297-f2d024659d36,Dana Perino,HOST,a9592c8e-a094-4b69-82d4-4bd6109f718a,show,HOST
95ffacc4-89f7-4d34-990d-95856aee90b9,Jeff Lewis,SXM_HOST,56605cc5-88b8-557b-fc3c-dae7eb41bf56,channel-linear,HOST
c859e58b-b062-41e2-baa4-959f1dc4d847,Earle Bailey,SXM_HOST,5ad8659a-414a-9e26-b973-f5a229d788dd,channel-linear,HOST
b9c0df59-df42-4f24-a5ad-073896aa074e,LE SSERAFIM,ARTIST,19c4cb87-fb3d-457b-36ff-89c8b79501e5,show,GUEST
8a90b97e-bdd3-46bb-98aa-692232222fbd,Buzz Brainard,SXM_HOST,e31b3af3-d4eb-468f-96d7-9fa3b35a4829,show,HOST
27158217-f487-4931-b566-384c1f05d26d,Mina Kimes,HOST,a9a4737f-f87f-51de-6780-64eb2483a747,show,HOST
35907760-e973-430c-b4c2-5bef8b70defe,David Webb,SXM_HOST,9077818b-610a-7b27-a0a3-737ae47c5348,show,HOST
29f7ce40-1a64-44c2-87a8-1ead8eca8256,Rachel Steele,SXM_HOST,c241905b-67ec-664f-f904-6fff5bef9416,channel-linear,HOST
a307b369-926a-44f4-a323-65163a7e68f1,Matt Gourley,SXM_HOST,dd21ed4a-49e7-ae02-3a61-cd730602a389,channel-linear,HOST
5ef375d7-ee0e-4de2-82e2-1a1a43790f43,Carrie Underwood,ARTIST,d91e878b-1ff5-b983-e0cf-c2c19c8b920f,show,PERFORMER
c6f79647-5ae8-4253-9d97-8a15fac07892,Frank Isola,SXM_HOST,a3bd4684-b06d-e6d8-61c5-40c12a9d6a8e,show,HOST
1a75f6e7-2816-4f7e-b2c0-448b5cff0ab1,Paula Nelson,SXM_HOST,69d38e8d-b5fb-a1f6-ec14-729cfa9ccb55,show,HOST
91734c4b-65cd-4a82-92d3-144b3c67f946,Smokey Robinson,ARTIST,89dcdcbb-32fa-cca9-6f94-5ecc76971727,show,HOST
8a784928-8269-4c0b-8468-ccb421239716,Sam Roberts,SXM_HOST,80867fa3-093f-b076-bedc-af8d71cb54ab,channel-linear,HOST
244c744f-aff8-4367-813d-6c9a3f314bfc,Violent J,ARTIST,80867fa3-093f-b076-bedc-af8d71cb54ab,channel-linear,HOST
e6d3162e-a5cc-4b1c-bba1-3781c78634e7,Ozuna,ARTIST,d01544f7-5834-85d1-6d10-494a0e3aea6a,show,HOST
88678b1c-a036-4907-9845-d9a15e0734e3,Punkie Johnson,ARTIST,ba5b6abb-b19a-09e8-b9a6-5288fc7377de,show,HOST
8a784928-8269-4c0b-8468-ccb421239716,Sam Roberts,SXM_HOST,098425c8-142d-9ee9-3d45-bc5f7b284bd4,channel-linear,HOST
52b192c8-2aba-4090-b655-c38fa54a4893,Julie James,SXM_HOST,a5d6aa0e-18b6-78fb-58f3-763cfba1ef89,show,HOST
4d549208-003c-465d-a5fd-fbb6681048b7,Ultra Naté,ARTIST,8d387b31-2065-7393-01c5-f86e3ea47dc9,channel-linear,HOST
44255e59-66d3-4fab-a296-f53af6a0296e,Jason Kelce,HOST,8b8174a1-a0bb-056d-6b8e-6aa3284555b7,show,HOST
f185d6e9-26eb-4ab7-a58f-aef8249faaec,HAIM,ARTIST,e2e15ad3-2f88-2361-4f9c-b55584fc0001,show,GUEST
81d3c4ee-48da-4804-9618-c266cddc6f3e,Tom Rennie,SXM_HOST,c6de1f24-a0e1-4101-a80b-86eb106f1d1b,show,HOST
151d96a6-4676-4da7-a97c-6003a662906a,Crystal Waters,ARTIST,8d387b31-2065-7393-01c5-f86e3ea47dc9,channel-linear,HOST
c6fa8bdc-dc0e-4b12-9191-533fdcd2239b,Valentino Khan,ARTIST,e285885b-497a-f388-f26a-bdb62d56727d,show,HOST
973459ad-9cf6-4c56-aa4f-4b90b7f8c63a,Julia Cunningham,SXM_HOST,7c1f06be-2e07-9cd3-8b41-1333e34adb52,show,HOST
f2b85ef4-da64-4ba8-9817-e89fa6cd82ba,Roxanne Shante,SXM_HOST,988d25d1-db91-ee15-72e1-386c1972b8b0,channel-linear,HOST
bd6a677b-5d5c-419b-a4d0-16913b4fed4e,Jason Bateman,HOST,813d656c-9af5-7f51-bb48-d724327d9289,channel-linear,HOST
bf05e17d-bf08-4a31-9e95-38456e0d9219,Ania Hammar,SXM_HOST,7389abc2-1e09-3288-79c5-146fb166c32b,channel-linear,HOST
e8c27fdc-e49f-4883-8728-fa420d2d17e1,Brian Scalabrine,SXM_HOST,ad5c1569-e430-443e-86dd-785500ad7f81,show,HOST
097f5246-4311-45b9-a275-ee62e6cd6e17,Bapu Jena,HOST,2337bd03-66df-f3fa-5f6f-385fd242e405,channel-linear,HOST
1cd67191-8866-483e-a473-3719c96fe736,Bully Ray,SXM_HOST,098425c8-142d-9ee9-3d45-bc5f7b284bd4,channel-linear,HOST
ce925d0b-8f21-47ba-8765-4f4fde72d653,David Gans,SXM_HOST,e88deb96-afac-4745-8476-d0ac574d9fc7,show,HOST
fcb86638-d6d1-49e1-8bcf-efa10b97dd82,David Westin,SXM_HOST,27adcf33-1681-9f00-2461-2129a2471abf,channel-linear,HOST
888d5521-1555-4c64-9e3f-157584733c9c,Will Cain,HOST,4db3b091-84f0-2e23-5816-ff205b41fc97,show,HOST
bd6a677b-5d5c-419b-a4d0-16913b4fed4e,Jason Bateman,HOST,93a8061c-dae0-9668-34bd-a5350770d2cb,channel-linear,HOST
0e29e719-468e-4c98-b3ae-881d6483abb3,Jeff Ratcliffe,SXM_HOST,443086b1-9623-e5b8-62ea-593445d1a53a,show,HOST
72d8d050-6ef4-4f0c-beb7-abc8c5002879,Roy Wood Jr.,SXM_HOST,771bf1f6-3885-aa77-e98a-51f5dcccbeba,channel-linear,HOST
eef305fa-cb14-4c31-ad79-45b59440e02f,Zach Noe Towers,SXM_HOST,96f5d0e4-ebff-564a-6c39-70a4a642e360,channel-linear,HOST
d177c69d-b9b9-4501-ba09-0998801dc6c2,Will Smith,ARTIST,346252cd-cd6a-9ec0-f96e-6504aae40317,show,GUEST
f714020c-975d-426a-95a3-287ef0a9db12,Andrew Wilkow,SXM_HOST,6739babb-7975-e60e-1835-fbacd4bbd855,channel-linear,HOST
54932246-4c11-4fa6-8946-07b1b5ad1cd0,Keith Roth,SXM_HOST,7a642de7-c33f-a628-efb2-3d94a829d17b,channel-linear,HOST
57894bb7-5837-4234-89a6-4b55ef0b37b6,Pat McAfee,SXM_HOST,be3adb45-89ff-eb91-18ff-4955cba9ca43,show,HOST
04a2b1d3-2186-4172-bee6-38fba295811b,Bill Flanagan,GUEST,20801778-3df2-d607-eab5-e03de0ca7815,channel-linear,HOST
c7aef8e7-6fc1-49c0-8828-a5029174f6ac,Tommy London,SXM_HOST,01538ed3-d2ec-42f8-b18b-f2f223394b02,show,HOST
c1b86f35-571c-4aee-a6fc-af936400d0cd,Cayman Kelly,SXM_HOST,41352933-47b4-ba51-b743-2e4e5c07d4df,channel-linear,HOST
df276c93-3fc1-46b2-a85c-84ece61e77e6,Larry the Cable Guy,SXM_HOST,819a81c3-7f8a-3805-0453-4f6a1fd12d8f,show,HOST
f813d43f-090b-4832-809b-9173787cd060,Patton Oswalt,ARTIST,a1c5df6b-3fba-fcd8-f038-2b0ec487c14e,show,HOST
8f1cc742-0854-44a7-98a6-810aeed575be,Jon Hamm,GUEST,9ce2456b-4db1-d7c2-f8c6-7593f172745e,show,GUEST
41a66b09-d9cc-4e26-8618-682cb9158801,Vampire Weekend,ARTIST,e0b5c1ef-4d1a-5a12-9068-7185c25e6cd7,show,HOST
cd032653-5515-4474-bf68-cd56ec970d93,Alan Hunter,SXM_HOST,b14bb422-81d3-4652-938d-40e30a170a35,show,HOST
31d868a7-0dc8-4668-8206-3d3ef8c0fed4,Michael Yo,ARTIST,40c3d189-9611-e59f-5808-7847e294642e,channel-linear,HOST
1bcae0f2-d614-4f97-b1b8-43dd01f867c2,John Mayer,ARTIST,14ce75e0-403c-fa54-1be8-3b3640dbcf21,show,HOST
79dc3af2-c67a-4203-873d-62b5af672a92,Dion,SXM_HOST,c2a517d4-c02f-06eb-77cf-f81bfa719188,channel-linear,HOST
79dc3af2-c67a-4203-873d-62b5af672a92,Dion,SXM_HOST,1e01c962-81e2-aa43-dfb5-bd32473a4c3c,show,HOST
58cdfc84-25c6-4361-86f3-9dde0207d528,Mark Goodman,SXM_HOST,63289cee-e343-696e-65b9-6ae533a33540,channel-linear,HOST
a031396f-37e6-43a3-94a2-40ecf40fb0f7,Nicholas Hoult,GUEST,f50381d1-4bb3-8417-0f5b-b2d50b075b63,show,GUEST
35907760-e973-430c-b4c2-5bef8b70defe,David Webb,SXM_HOST,6739babb-7975-e60e-1835-fbacd4bbd855,channel-linear,HOST
74ab0164-5325-4ab9-a802-5b5062ff642c,Karen Hunter,SXM_HOST,e815b0b0-03ef-5657-b919-02db1e3e21c2,show,HOST
ae266bdd-7010-4ddf-9284-bc0074098eb7,Avril Lavigne,ARTIST,67d1a678-3edf-c24b-f838-e1b2a330f396,show,HOST
bc029f26-105c-453d-ba74-30d1d2e0d4a8,Richard Blade,SXM_HOST,65f04311-3581-256c-97b9-279838d6ff5e,channel-linear,HOST
fedc2c0d-b2ca-44c0-bbc6-541e5ccdefbc,Dangerous Darren,SXM_HOST,b8b47809-4e8e-f556-8325-bd45fa3d4dc4,channel-linear,HOST
973459ad-9cf6-4c56-aa4f-4b90b7f8c63a,Julia Cunningham,SXM_HOST,8467c3b7-a872-eaee-07f5-2544b10cc5eb,show,HOST
1a75f6e7-2816-4f7e-b2c0-448b5cff0ab1,Paula Nelson,SXM_HOST,0aee72ed-5dd8-2848-3567-d8809e123cd1,channel-linear,HOST
b1eddd40-b8ca-4d6a-a1aa-5088c474106c,Danny Valentino,SXM_HOST,a7ec6f70-54da-a9a1-2791-cb0c3a0260ae,show,HOST
465a14e8-9e78-464e-80b2-13202e658eb7,"Johnny ""El Picoso""",SXM_HOST,63e59a19-0c80-44a6-92fa-3b63b4580c3c,show,HOST
25cf7d58-a248-4778-af00-027a434b31f1,Bill Gaither,ARTIST,eafdafef-70bb-8bfa-c11e-847c75a9ade7,show,HOST
67390169-c16a-459b-ab99-bf591c4b1777,Jon Lovett,SXM_HOST,cb8fca1d-1003-87ac-617b-2b768ba8e09a,show,HOST
f2b85ef4-da64-4ba8-9817-e89fa6cd82ba,Roxanne Shante,SXM_HOST,f34c3aeb-d1b5-51f5-2bf9-2c248b8c7d6e,show,HOST
b58783fd-e356-409b-9703-737406784c13,Shotgun Tom Kelly,SXM_HOST,6567f2ee-4d7a-cd6d-3402-55ed6089cd0c,channel-linear,HOST
8b74ce98-5fe1-4c0b-adf2-d6d26da4a9bf,Michael Fabiano,SXM_HOST,8fb082f7-1a67-be1f-3dbb-eac488435925,show,HOST
1a2132b2-24ca-4f2b-b42a-cd2b4ba6c431,Sway Calloway,SXM_HOST,346252cd-cd6a-9ec0-f96e-6504aae40317,show,HOST
7243f97a-247b-43a6-8e27-f94eba79b2bf,Stephen Dubner,HOST,2337bd03-66df-f3fa-5f6f-385fd242e405,channel-linear,HOST
7e4ae8c6-3f05-4b99-adbe-d0cfb116e4fc,Dani Wexelman,SXM_HOST,0ef07069-5b09-d1de-0f9d-24f347b21bc7,show,HOST
bfffa7de-6036-4d6d-9d0c-52ecc36db3b8,Alison Brown,ARTIST,c6dda47e-70b3-1198-c82a-b71a2dbef7e4,show,HOST
99c4582c-b159-42c6-a265-8c2b84788280,Little Steven,SXM_HOST,5d3a5abf-2be5-33be-bcc5-d93c72d440dc,show,HOST
cfb3cdbf-141a-4236-a985-0bd13badd884,Downtown Julie Brown,SXM_HOST,c9256031-1123-f35f-4d49-1ba4d5379258,channel-linear,HOST
8a90b97e-bdd3-46bb-98aa-692232222fbd,Buzz Brainard,SXM_HOST,1dcf868c-609d-a238-3a9b-f012e607d1a6,show,HOST
c7aef8e7-6fc1-49c0-8828-a5029174f6ac,Tommy London,SXM_HOST,c8decbc4-9de7-44b1-a571-d6c568f178c2,show,HOST
f600f325-d107-4306-82e4-e305f9eac062,Joel Osteen,SXM_HOST,635c7928-8df7-5677-c92a-4492be0d3bd8,channel-linear,HOST
c389715b-d7ab-41f2-8792-b4686a88b987,Jody Watley,ARTIST,7b32233d-bf01-9654-d97f-9e261aad3d8f,channel-linear,HOST
79dc3af2-c67a-4203-873d-62b5af672a92,Dion,SXM_HOST,91be75cc-537b-0ff4-7a38-d1983c8d99d1,channel-linear,HOST
4590fc71-e8f9-4865-a782-5282656c8237,Big Jay Oakerson,SXM_HOST,d93c6313-39cb-977b-92df-09ea8080f250,show,HOST
e42e030f-4839-48e6-b28e-b75826ba05fa,Jacob Hester,SXM_HOST,cb69b60f-f014-d32a-9b9a-97a827a90c32,show,HOST
653506c4-be0f-4454-91b8-12aa4dfd35c1,will.i.am,ARTIST,f8db1596-c615-f499-a4d3-04b4371c1d49,show,HOST
b84e7d47-8310-4004-820c-bfa22ecc7741,Bill Evans,ARTIST,6b691cf4-4f49-42f9-585e-8686de36a098,show,HOST
3d5f62df-214d-4c9a-9184-6afe3f63681e,Billie Eilish,ARTIST,3ff29edd-711e-ec5b-1bc8-d6dddddd2487,show,PERFORMER
78875057-1f88-4edc-83d9-f6843e6672fd,Jimmy Smith,SXM_HOST,098425c8-142d-9ee9-3d45-bc5f7b284bd4,channel-linear,HOST
22d3482d-4f51-435b-8d2e-e64d24ca7e05,Kiki Monique,SXM_HOST,56605cc5-88b8-557b-fc3c-dae7eb41bf56,channel-linear,HOST
60e3fba8-09ce-42f3-baf2-7796b7219818,Grant Random,SXM_HOST,c009a6e0-0e27-9f1c-9d72-48cf8df641d5,show,HOST
0f09fbac-05f9-48e1-b0f8-f5453164f1fc,Madison,SXM_HOST,740d1c8f-ae81-1024-16b1-e7444b35ed5b,channel-linear,HOST
967af678-dcde-4e62-a033-e4bb449dc6a4,Sunny Sweeney,ARTIST,176daca5-6810-3a1c-49e9-39b69055e811,channel-linear,HOST
ddbef86c-961c-442b-a53c-d1abdbc773cf,Ryan Sampson,SXM_HOST,b0cb68e6-a901-466b-ac7b-414bf57cd50f,show,HOST
0aac79b7-93fc-4ce8-b204-a43e65e983e4,Kathryn Hahn,GUEST,79b02dcd-f1b4-e0ea-b291-6da58729cc37,show,GUEST
1d092068-0924-4107-b446-7533447a97d9,Jeff Foxworthy,SXM_HOST,3b599f4e-a756-38b7-675e-6138b4d464f9,show,HOST
cd032653-5515-4474-bf68-cd56ec970d93,Alan Hunter,SXM_HOST,2ea07147-a720-ed0c-d4ce-d7bddd1640d3,channel-linear,HOST
5d6405aa-000b-423e-8b0f-80ee9b53e1c1,Chris Simms,SXM_HOST,6066a754-07e8-ba68-2210-5c4949fac405,show,HOST
e9841a14-8419-47c8-a359-f4dc5dbf38f3,Swedish Egil,SXM_HOST,65f04311-3581-256c-97b9-279838d6ff5e,channel-linear,HOST
017b0f93-12a0-4174-90aa-02b3f6d337f4,Swaggy Sie,SXM_HOST,c2a517d4-c02f-06eb-77cf-f81bfa719188,channel-linear,HOST
62470ac9-ce57-4141-8bde-8f007791847c,Jess Cagle,SXM_HOST,8467c3b7-a872-eaee-07f5-2544b10cc5eb,show,HOST
bf05e17d-bf08-4a31-9e95-38456e0d9219,Ania Hammar,SXM_HOST,d3253c66-e1e1-331b-02e6-71580c33791b,channel-linear,HOST
3765720b-3749-437c-bf9d-0ad8a04c62e1,Bon Jovi,ARTIST,9b5cf370-4c1e-d6a8-058e-bf553fca2b61,show,GUEST
b6414c13-a56d-427b-be29-c3a74f3bd00c,Mac McAnally,ARTIST,9ec007c4-83a0-f2c9-4128-a2f7e7c41005,show,HOST
47254fbc-5a59-42af-a0c2-b88504e34853,Manoush Zomorodi,HOST,e8b555f8-9d2d-4705-ae3e-7958180d9948,show,HOST
76396ddc-04a8-4e5f-94c0-89dbdd0ba574,Mikey Piff,SXM_HOST,86d52e32-09bf-a02d-1b6b-077e0aa05200,channel-xtra,HOST
1d9054b1-3447-4da9-86f0-270347f2bce7,Paul Finebaum,SXM_HOST,454db282-082e-b9a0-d099-89afbf335688,channel-linear,HOST
0d015cfa-abd4-482d-847b-80607e68a89a,Bob Buchmann,SXM_HOST,fdfed5ae-6fb9-338f-342b-e8a922970123,channel-linear,HOST
8dc3e633-97fd-4a77-a82d-1d5390281893,Matt Rife,ARTIST,36a69b8e-cd2a-6e1a-977b-67d9b5723e46,show,GUEST
39e2db56-2ba1-4ba1-9dfe-ec9b59194033,Hoda Kotb,SXM_HOST,2a74320f-938b-8e80-5e7f-5e8e110e1d42,channel-linear,HOST
907de37b-067d-4df5-951c-a22b0ef79857,Jeannie Seely,ARTIST,aa2c75c1-1005-ad38-18cd-b50a2f387b49,show,HOST
6ad79ef9-fd97-4a67-84a0-f66ea01c0aeb,Green Day,ARTIST,3ff29edd-711e-ec5b-1bc8-d6dddddd2487,show,PERFORMER
29f7ce40-1a64-44c2-87a8-1ead8eca8256,Rachel Steele,SXM_HOST,03c5135d-04d6-090b-5199-42d4d8dd7f02,show,HOST
576e0cc7-63eb-41e7-88c3-7be1bad19043,Billy Joel,ARTIST,bda81f03-f231-d4db-56ad-40cb132c5663,channel-linear,HOST
436f44f2-5810-41e2-b59c-92cc28f7bbef,Miesha Tate,SXM_HOST,2ccbe407-ea13-233d-0e38-003ba2b0e88b,show,HOST
1f229c50-e9bd-4d7f-a16b-025c2b2ecb3e,Robin Quivers,SXM_HOST,64f66020-78eb-464b-b61e-d74d1fc48cce,show,HOST
64ad4834-4432-4465-b6be-3825d9e4557b,Tim Harford,HOST,8301a2bf-28ab-43bb-9f3a-c9c074ed518f,show,HOST
bb07b83d-79b6-4d15-8ce9-0e9a970348cf,Israel Salazar,SXM_HOST,23771c8c-4631-0fa1-2038-b793bc7e404b,channel-linear,HOST
5ef375d7-ee0e-4de2-82e2-1a1a43790f43,Carrie Underwood,ARTIST,ed709b25-0b28-5be4-dbee-180e84e05180,show,HOST
3f841cc9-2c1b-4524-a7de-a368d9103a1a,Torry Holt,SXM_HOST,f3126d70-09ea-bd0c-57cd-af5ab798f313,channel-linear,HOST
1c51633a-2c22-485c-ad95-bafc949238c8,Mike Sweeney,SXM_HOST,dd21ed4a-49e7-ae02-3a61-cd730602a389,channel-linear,HOST
291c7147-5282-4749-8433-cad790bd47f8,Phish,ARTIST,964edd3c-f763-0076-4ab5-272870848bce,show,PERFORMER
973459ad-9cf6-4c56-aa4f-4b90b7f8c63a,Julia Cunningham,SXM_HOST,18b528dc-3774-faaf-7797-42dd95f23e29,show,HOST
d2c4fe11-4719-479d-b229-59083a88d01b,Brad Gillie,SXM_HOST,8fe918c7-0d80-d8a1-339c-570a8f268a4b,show,HOST
1f229c50-e9bd-4d7f-a16b-025c2b2ecb3e,Robin Quivers,SXM_HOST,7480055f-bdd6-b22f-d47b-39340bfadac2,show,HOST
b37157de-81cd-436b-9630-515cd6c939ad,Trace Adkins,ARTIST,d3253c66-e1e1-331b-02e6-71580c33791b,channel-linear,HOST
f5a822e1-e05e-4641-b430-0703e685ed61,Eddie Trunk,SXM_HOST,3c057ef0-29e9-6496-0c53-7e1908393a16,show,HOST
e4a4a645-c221-4eb0-b581-4a9bc004607d,Doris Day,ARTIST,97548371-5133-a4c6-373f-801a18dc3237,channel-linear,HOST
76e4b0cc-6c9b-4f26-92af-a88cea2ab182,Steve Covino,SXM_HOST,f936a498-89c7-bc15-f158-19a015db0683,channel-linear,HOST
247b5794-8210-4acd-a09d-b955b9f4c96f,Dave Matthews,ARTIST,3ff29edd-711e-ec5b-1bc8-d6dddddd2487,show,PERFORMER
391ea97f-d0ef-4d0e-9aa9-65722d4844aa,Dallas Wayne,SXM_HOST,fa785858-eaad-464f-a412-7f5b0d9c80dc,show,HOST
31ca9413-5fea-4d8c-a89f-27bf717aba11,Amelie Lens,ARTIST,4ebc3011-0ebe-a9ad-c58b-9a306f60fc2b,channel-linear,HOST
85f6d312-333d-4585-a743-d9c418ec446a,Mark Dominik,SXM_HOST,b14d328d-30f0-4c28-a5c7-6fb16f2ad3a9,show,HOST
fef90617-3cdc-4765-93fa-d6eecdd58761,Paul McCartney,ARTIST,f5eed275-b663-ecac-d408-2ce0d958959c,show,HOST
1b15a912-68e5-4ab3-8383-440bc6dc18ee,Kevin Kennedy,SXM_HOST,93fdf06d-be43-49dd-8122-5ec2ea573457,show,HOST
d38bdbed-7461-4022-b6e9-e3a45c74c001,Kevin Frandsen,SXM_HOST,0ef07069-5b09-d1de-0f9d-24f347b21bc7,show,HOST
8a90b97e-bdd3-46bb-98aa-692232222fbd,Buzz Brainard,SXM_HOST,d06aed1e-70b4-8c4d-e0b2-54b259b22172,show,HOST
58cdfc84-25c6-4361-86f3-9dde0207d528,Mark Goodman,SXM_HOST,e7e0eaf5-85ce-3e53-a3c3-36bcdc33f023,show,HOST
935982dc-fbd7-4896-8c04-8593e073e371,Neil Barnett,SXM_HOST,53083b46-7b29-3903-222a-3350e42eff68,channel-linear,HOST
c5a6ae8e-3725-4ec7-8b1f-f28173f1e87b,Jason Smith,SXM_HOST,21b63878-b369-1503-d1c8-6025cc8571de,channel-linear,HOST
fb842a5f-b045-4381-a5c5-8dde20001d45,Rodney Bingenheimer,HOST,3b83dc80-5987-6898-e98d-a98012f700c1,channel-linear,HOST
c9e504bc-1238-474c-a648-9dfa5aea2374,Ron Bennington,SXM_HOST,ee265530-82cc-89d2-678d-9917680b6a67,show,HOST
8ece48bf-d874-4779-8571-b480ec59e465,Alex Cooper,SXM_HOST,d20ad2ef-54e7-4b1a-60b6-ff5351421cd0,channel-linear,HOST
215fc1af-9508-44d0-a2ad-04192de652c2,Megless Griffin,SXM_HOST,98b8148d-66cf-9679-fb3d-42fca0850946,show,HOST
0f09fbac-05f9-48e1-b0f8-f5453164f1fc,Madison,SXM_HOST,32c4747f-8739-d578-62d8-08a92d518445,channel-linear,HOST
bb07b83d-79b6-4d15-8ce9-0e9a970348cf,Israel Salazar,SXM_HOST,1fb50b9d-6a53-c8b3-bd43-dd73ccb0b575,show,HOST
adb7c9ed-7086-4235-ba37-88ca759988b3,Flogging Molly,ARTIST,aae80ad4-da8e-c2a0-1eec-05451e46c473,show,HOST
618c4071-80ac-4f35-bd4a-529c2c78d06e,Fortune Feimster,SXM_HOST,96f5d0e4-ebff-564a-6c39-70a4a642e360,channel-linear,HOST
94970d7a-6626-4118-9af5-1953c46f85a4,Preston Trombly,SXM_HOST,c46c9810-6274-a715-a8b9-de9d4ac33873,channel-linear,HOST
0de07cc7-3432-45f7-9778-53a034c3041e,Smith Sisters,SXM_HOST,56605cc5-88b8-557b-fc3c-dae7eb41bf56,channel-linear,HOST
973459ad-9cf6-4c56-aa4f-4b90b7f8c63a,Julia Cunningham,SXM_HOST,a1d3899c-fb77-da22-3974-7b5e95180a4d,show,HOST
95ffacc4-89f7-4d34-990d-95856aee90b9,Jeff Lewis,SXM_HOST,813d656c-9af5-7f51-bb48-d724327d9289,channel-linear,HOST
5cc4c7f4-feb4-4f50-869e-145a61cf42fd,Adam Schein,SXM_HOST,720d9cf5-7f55-9e04-d015-e54744678ca0,show,HOST
c7aef8e7-6fc1-49c0-8828-a5029174f6ac,Tommy London,SXM_HOST,b8b47809-4e8e-f556-8325-bd45fa3d4dc4,channel-linear,HOST
58cdfc84-25c6-4361-86f3-9dde0207d528,Mark Goodman,SXM_HOST,63289cee-e343-696e-65b9-6ae533a33540,channel-linear,HOST
ae29d90b-e23f-4ed4-9c32-d1e14dffe306,FINNEAS,ARTIST,3ff29edd-711e-ec5b-1bc8-d6dddddd2487,show,PERFORMER
55b02797-fae1-44f5-ba7a-49f3fcbd87ff,Rida,SXM_HOST,6adef1b5-d812-9c10-7c6c-f05af4e27077,channel-linear,HOST
40154896-745f-479d-ad14-2eb3d8c14f93,Big Time Rush,ARTIST,0cda592e-aa78-a77e-fdcf-5238980163a2,show,HOST
958cad82-2605-4e8a-9a19-f442c4c610c3,"Marisol ""El Bombón"" Vargas",SXM_HOST,53b80144-2cb1-e723-07fd-6b164434b186,channel-linear,HOST
8b74ce98-5fe1-4c0b-adf2-d6d26da4a9bf,Michael Fabiano,SXM_HOST,20df8b05-0b6f-91dd-2072-3449e43298fa,show,HOST
67390169-c16a-459b-ab99-bf591c4b1777,Jon Lovett,SXM_HOST,8b97a469-aebf-4186-9989-462a0ceb7b51,show,HOST
468c195d-2e29-4d5d-93d3-268cb69736cc,Noel King,HOST,f2a86f1a-d4dd-573d-ebdf-ee9025d7a7d5,show,HOST
b37157de-81cd-436b-9630-515cd6c939ad,Trace Adkins,ARTIST,2cdbfa58-fd00-7920-c915-b4c66113a6b2,show,PERFORMER
576e0cc7-63eb-41e7-88c3-7be1bad19043,Billy Joel,ARTIST,b2b77045-6271-fb58-f0a8-aa5a8b6bb8fa,show,HOST
f94af6d7-794c-487d-b9e4-b764240811ee,Rich Davis,SXM_HOST,47aae37d-5d60-d700-ba17-5cdc386c4b01,show,HOST
9c1eefbb-aed3-41eb-821f-3ea1bd46841f,Shawn Winkler,SXM_HOST,634ea01e-4ae2-c7e8-7567-138965e8a6fe,channel-linear,HOST
c6fa8bdc-dc0e-4b12-9191-533fdcd2239b,Valentino Khan,ARTIST,4ebc3011-0ebe-a9ad-c58b-9a306f60fc2b,channel-linear,HOST
f09a27b9-0883-475d-bdf8-a79ba2b3c412,Ben Hartsock,GUEST,4b6b9fc4-bb33-cfa3-5c5d-244b7f573faf,show,HOST
3c13422a-0df2-47b9-8cb0-50c10dbd5ba8,Heather B,SXM_HOST,b8f713c7-538b-8e77-b898-3191da634092,show,HOST
b5ec6b52-8458-43af-b7ec-9ee2ec8690a6,Barry Ritholtz,SXM_HOST,6cfccffd-22cf-9bd0-c28f-95695ee786cf,show,HOST
a87dd7f8-911f-448d-b6b7-c105c12f9a9d,Queen E,SXM_HOST,e77dd92d-92a6-2a07-ed5b-537bc83797d6,show,HOST
8b524aef-91af-45f8-85d5-65b05a0823d5,Jen Psaki,HOST,43a31d61-26e0-4360-b232-5217e5c4b815,show,HOST
61fb58ba-fb05-4d86-895a-ccd2a886aee8,Chris Hillman,ARTIST,78612a95-0706-3f8d-a72d-7b8347093f16,channel-linear,HOST
592ba2b8-c932-4014-a3c4-0e2b4e41df53,Neil deGrasse Tyson,HOST,80867fa3-093f-b076-bedc-af8d71cb54ab,channel-linear,HOST
74a66893-1c68-4620-84a6-36a394db113c,Lurie Daniel Favors,SXM_HOST,ea47e42f-e1a8-8406-e1a6-c1101adf8f8a,show,HOST
58cdfc84-25c6-4361-86f3-9dde0207d528,Mark Goodman,SXM_HOST,8753a626-6ea2-8dd6-55c5-8f5b9e1d7357,channel-linear,HOST
fbbda155-85b8-4117-8cdc-8d822aa8ff1e,Katie Prejean McGrady,SXM_HOST,88c59be1-adab-d9c1-ee63-05fdef54f094,channel-linear,HOST
99b36082-a76e-40a6-87f3-6d9097762e3b,Mary J. Blige,ARTIST,33310967-6547-34d3-ce9e-2e1dcb8bb42e,show,HOST
c93662e5-b5a8-4c81-9e49-b50c20bf352a,Kristine Stone,SXM_HOST,98adfe7a-f7f1-4863-a946-b634f6d183fe,show,HOST
e94bc9c4-41b1-4298-ad09-761125ad0a75,Greg McElroy,SXM_HOST,4a4c6c22-787c-90f5-5c4b-bd635d3972b9,channel-linear,HOST
0b217687-463c-4ad8-8def-7d327e6b69e8,Will Arnett,HOST,93a8061c-dae0-9668-34bd-a5350770d2cb,channel-linear,HOST
3177a68b-d4e6-4976-a1f4-f741523ff78f,Kevin Hart,SXM_HOST,ba3539ed-eebd-f16e-dcf3-f41df436c0fe,show,HOST
50d1038d-f537-457b-a3c8-bf51c9c8c33d,Laurie Kilmartin,SXM_HOST,85459515-c869-3377-c0e0-b8a999199b9b,show,HOST
62470ac9-ce57-4141-8bde-8f007791847c,Jess Cagle,SXM_HOST,315540ac-8115-beac-8571-e2323a420d4a,show,HOST
9e9bd8a5-402c-457b-8822-2294d499b4a2,Kat Corbett,SXM_HOST,8a05c5e5-a097-323d-9293-297d25eb84cb,show,HOST
201da46a-1993-467a-a765-cbf6b4a4553a,Robert Kelly,SXM_HOST,80867fa3-093f-b076-bedc-af8d71cb54ab,channel-linear,HOST
b146753f-482a-4ea3-8dc2-fb07b4115522,Anderson Cooper,HOST,06a93272-371e-e3b1-8588-9054198462ce,channel-linear,HOST
3840bc41-32bb-4854-88fb-7738b82b07c8,Billy Corgan,ARTIST,161a0bd3-d7ba-f718-1a18-b73f65eef727,show,HOST
b9bce674-be0f-4626-a9d9-eaa2e50491cd,Charlie Puth,ARTIST,52d38e24-7f22-f117-2b8a-be4de612015f,show,HOST
b57ad009-2579-4095-ae30-4ab04ef9933d,Nick Wright,SXM_HOST,21b63878-b369-1503-d1c8-6025cc8571de,channel-linear,HOST
62470ac9-ce57-4141-8bde-8f007791847c,Jess Cagle,SXM_HOST,7a1bd503-e97d-4893-7b33-8c805a14d89f,show,HOST
ba1c7541-c769-4c37-ba5e-099faff8632e,Mike Birbiglia,ARTIST,73671f6e-1dfe-50dc-0725-66b826080a85,show,HOST
908eea34-36b5-49c8-a30c-e5af9e11de46,Wolfgang Van Halen,SXM_HOST,7a642de7-c33f-a628-efb2-3d94a829d17b,channel-linear,HOST
7a52f074-985b-4282-9ff7-2fb1944c54a6,Bevy Smith,SXM_HOST,56605cc5-88b8-557b-fc3c-dae7eb41bf56,channel-linear,HOST
b2658d13-8433-4f5a-affb-588df035bd1c,Chris Jones,ARTIST,15e85158-0efd-4490-82f9-369288e50fa6,show,HOST
74ab0164-5325-4ab9-a802-5b5062ff642c,Karen Hunter,SXM_HOST,869f8673-437f-0591-749a-47d6ef2c9068,show,HOST
9c95223a-ff8c-42eb-84be-fb51b734076d,Blackstreet,ARTIST,1e78cc73-4c8d-3a3f-6db2-7cc1857a8b7c,channel-linear,HOST
f48a45c8-068f-422e-b8c7-1adb32f65b78,Bob Harris,SXM_HOST,66e0c959-ced8-2958-5d2c-c19ca4f770a4,channel-linear,HOST
fd749b99-33b0-4680-8c26-f01e2e75ef21,"Dr. Jess Shatkin, MD, MPH",SXM_HOST,6be61b39-404e-7ccc-acac-f2dd90823ada,channel-linear,HOST
87476d9a-f157-40af-b5c0-e3760d1f33b5,Dr. Charles Marmar,SXM_HOST,6be61b39-404e-7ccc-acac-f2dd90823ada,channel-linear,HOST
74ab0164-5325-4ab9-a802-5b5062ff642c,Karen Hunter,SXM_HOST,303ee2af-e136-2084-1a0d-9b0d7d598db3,show,HOST
eafcdf88-3d7f-4f25-9a37-ef4a31c5b329,Payne Lindsey,HOST,2f986074-2e57-3cdc-8f38-fd992ff93bf4,show-podcast,HOST
13d4f8a1-90e1-48a3-8dcd-65341c2bec24,Leona Lewis,ARTIST,bd638012-f048-6e48-5d9b-a16a20b26e63,show,HOST
b1eddd40-b8ca-4d6a-a1aa-5088c474106c,Danny Valentino,SXM_HOST,e85b531b-93b3-8525-20e6-ae1ae1f51482,show,HOST
8231c8f9-d2e1-44f7-88ca-674139e0ddf8,Kenny Chesney,ARTIST,bc89e7b6-89cb-ef33-848d-a966f196c0f4,show,HOST
847ce038-ab6f-4bc3-be0c-3999f129454f,Jameela Jamil,HOST,3bd8b61d-3dcd-3a9b-a9e0-c0b5712c5553,show-podcast,HOST
cf4db042-cf67-4c61-bc2a-5b2bdbacc20f,Lionel Richie,ARTIST,97e01e8e-dfca-d810-c8d6-a484af31bf89,show,GUEST
5ef375d7-ee0e-4de2-82e2-1a1a43790f43,Carrie Underwood,ARTIST,97e01e8e-dfca-d810-c8d6-a484af31bf89,show,GUEST
1433f53c-010f-4256-ad30-00d9649cb75b,Luke Bryan,ARTIST,97e01e8e-dfca-d810-c8d6-a484af31bf89,show,GUEST
ddbef86c-961c-442b-a53c-d1abdbc773cf,Ryan Sampson,SXM_HOST,97e01e8e-dfca-d810-c8d6-a484af31bf89,show,HOST
84f202a6-f16e-42e0-ad25-ed6c9f5eeea7,Zakk Wylde,ARTIST,7914a861-88ba-c70d-ab0f-326f1a5f01c2,show,PERFORMER
30933ec6-d26c-4dd4-9a59-14906cdc7d35,Nicole Ryan,SXM_HOST,97e01e8e-dfca-d810-c8d6-a484af31bf89,show,HOST
829db8a4-90ad-4284-abc6-697ec1503e22,Stanley T,SXM_HOST,97e01e8e-dfca-d810-c8d6-a484af31bf89,show,HOST
