channel_entity_id,channel_entity_type,channel_name,channel_number,super_category_term,category_term,channel_description,channel_image_url,player_landing_page
e5285a3c-56c4-71f9-8727-218d6ce7cc04,channel-linear,SiriusXM Preview,1,Talk,Entertainment,null,if/46/46794cefab2337a0b3a18c0f34943662_1745419971.jpeg,https://www.siriusxm.com/player/channel-linear/entity/e5285a3c-56c4-71f9-8727-218d6ce7cc04
194adbca-34d6-cb94-b153-3488ee563308,channel-linear,SiriusXM Hits 1,2,Music,Pop,"Pop hits, now to next",if/33/33ddda141eb0319ea2f365ccefc9c719_1756345945.png,https://www.siriusxm.com/player/channel-linear/entity/194adbca-34d6-cb94-b153-3488ee563308
c4c36606-49ca-b948-c7ba-019f13a451a2,channel-linear,Top 40 Hits,2,Music,Pop,Today's pop hits,aem/66/66ec7b5f3abd2b025a11e55c26afb737_1699376134.jpeg,https://www.siriusxm.com/player/channel-linear/entity/c4c36606-49ca-b948-c7ba-019f13a451a2
98672b8b-d1ec-9286-7a7f-b829a617500b,channel-linear,Unwell Music,3,Music,Pop,Alex Cooper's faves (explicit),if/f7/f731929aebea3f62967d6a8d8cc5e5d8_1772749276.png,https://www.siriusxm.com/player/channel-linear/entity/98672b8b-d1ec-9286-7a7f-b829a617500b
916d7bd2-33ad-2fac-5787-cc1865a499be,channel-linear,Life with John Mayer,4,Music,Pop,The ever-changing playlist,if/0f/0f60c38b670b37fb9a0d86a523e8cac5_1764184592.jpg,https://www.siriusxm.com/player/channel-linear/entity/916d7bd2-33ad-2fac-5787-cc1865a499be
9e8d6f72-0b59-85cf-a222-b18d38acdc0f,channel-linear,The Pulse,5,Music,Pop,Today’s pop music,if/ae/aeedaed37f4e33c0bef4171cb1c33e28_1766821555.png,https://www.siriusxm.com/player/channel-linear/entity/9e8d6f72-0b59-85cf-a222-b18d38acdc0f
1856d440-921d-59a7-c406-33adffb3d257,channel-linear,Pop Mix Modern,5,Music,Pop,Adult Pop Hits,aem/bc/bc1f39a11edbc05b2f556045c3bf0cd8_1699375252.jpeg,https://www.siriusxm.com/player/channel-linear/entity/1856d440-921d-59a7-c406-33adffb3d257
44f9129f-579a-3d23-218f-3c3518036fc6,channel-linear,PopRocks,6,Music,Pop,90s & 2000s pop/rock hits,aem/2d/2d8bf24b356e893053cd857e0f8001e8_1732039966.jpeg,https://www.siriusxm.com/player/channel-linear/entity/44f9129f-579a-3d23-218f-3c3518036fc6
95d4d8ef-55e4-8337-78f1-2fda944991d8,channel-linear,70s on 7,7,Music,Pop,The biggest & best 70s pop,aem/5a/5a517db9503f20edb5c7236dcff075de_1732039953.jpeg,https://www.siriusxm.com/player/channel-linear/entity/95d4d8ef-55e4-8337-78f1-2fda944991d8
255e782d-e5a6-6235-209c-08cfbdd9349f,channel-linear,70s Pop Hits,7,Music,Pop,The biggest & best 70s pop,aem/1a/1a11329ea4f682897b2fee7a22e28622_1699375254.jpeg,https://www.siriusxm.com/player/channel-linear/entity/255e782d-e5a6-6235-209c-08cfbdd9349f
1c65ae75-479b-6af7-e1d9-ed789042ade5,channel-linear,80s Pop Hits,8,Music,Pop,80s pop from the MTV era,aem/43/432d81b8689336aebb619ff806349c8c_1699375422.jpeg,https://www.siriusxm.com/player/channel-linear/entity/1c65ae75-479b-6af7-e1d9-ed789042ade5
2ea07147-a720-ed0c-d4ce-d7bddd1640d3,channel-linear,80s on 8,8,Music,Pop,Pop hits from the MTV era,aem/07/075dec8de68b7e0505f23b4925a16822_1699375895.jpeg,https://www.siriusxm.com/player/channel-linear/entity/2ea07147-a720-ed0c-d4ce-d7bddd1640d3
3b090f91-187f-c80e-28ca-263c83b616c7,channel-linear,90s Pop Hits,9,Music,Pop,Top radio hits of the 90s,aem/0c/0c0ae3e35f43652f37fe3ee148e07e17_1699375359.jpeg,https://www.siriusxm.com/player/channel-linear/entity/3b090f91-187f-c80e-28ca-263c83b616c7
c9256031-1123-f35f-4d49-1ba4d5379258,channel-linear,90s on 9,9,Music,Pop,Pop hits from the 90s,if/23/239fba8a877233a08a6721983cc3cabf_1752175376.jpg,https://www.siriusxm.com/player/channel-linear/entity/c9256031-1123-f35f-4d49-1ba4d5379258
40c3d189-9611-e59f-5808-7847e294642e,channel-linear,Pop2K,10,Music,Pop,2000s pop hits,if/65/65d8b15b1a1e3d2087e73b45258b73ae_1752173953.jpg,https://www.siriusxm.com/player/channel-linear/entity/40c3d189-9611-e59f-5808-7847e294642e
21b6011c-4a0a-427e-9561-3be54b2b40ac,channel-linear,Pop 2000 Hits,10,Music,Pop,Top tracks of the 2K era,aem/2b/2b4568f65a97da3c323c9a4b3c0886fe_1699375734.jpeg,https://www.siriusxm.com/player/channel-linear/entity/21b6011c-4a0a-427e-9561-3be54b2b40ac
038e9a9a-4878-7561-521b-5d432a0798a0,channel-linear,The 10s Spot,11,Music,Pop,2010s pop hits,if/a5/a5200dc1e1fb3abc8b4c7d00c2629ede_1760704831.jpg,https://www.siriusxm.com/player/channel-linear/entity/038e9a9a-4878-7561-521b-5d432a0798a0
dc5d3e2e-4729-7a6b-25f9-fe15dcc352d3,channel-linear,The Kelly Clarkson Connection,12,Music,Pop,Kelly's handpicked faves,aem/20/20a40712321f9f90bfa0f5a999ba76b0_1701720040.jpeg,https://www.siriusxm.com/player/channel-linear/entity/dc5d3e2e-4729-7a6b-25f9-fe15dcc352d3
5d71ae5d-5c6e-0430-6fc5-d9ca0c1c34c0,channel-linear,Pitbull's Globalization,13,Music,Pop,Worldwide rhythmic hits,aem/0d/0d4916672bc250173d3ba845a6b00aa8_1699376229.jpeg,https://www.siriusxm.com/player/channel-linear/entity/5d71ae5d-5c6e-0430-6fc5-d9ca0c1c34c0
1898923d-071d-0abd-1a62-ed0d2702d4f1,channel-linear,The Bridge,14,Music,Rock,Mellow classic rock,aem/81/81065708fd0c2908bf9b9418b9e16840_1699375797.jpeg,https://www.siriusxm.com/player/channel-linear/entity/1898923d-071d-0abd-1a62-ed0d2702d4f1
f0de9c7e-f042-cf47-a626-d3971232eeb3,channel-linear,Mellow Rock,14,Music,Rock,Mellow classic rock,aem/b9/b9a0afa3e7fc607798c53777ec54660b_1699375296.jpeg,https://www.siriusxm.com/player/channel-linear/entity/f0de9c7e-f042-cf47-a626-d3971232eeb3
9150cc82-af5c-3be3-d170-0e81d87375a8,channel-linear,Yacht Rock Radio,15,Music,Pop,70s/80s smooth-sailing soft rock,if/96/9672abd990a03979a8f36d48efa00ae0_1753979587.jpg,https://www.siriusxm.com/player/channel-linear/entity/9150cc82-af5c-3be3-d170-0e81d87375a8
bda81f03-f231-d4db-56ad-40cb132c5663,channel-linear,The Blend,16,Music,Pop,Nice & easy 70s & 80s pop,aem/3e/3e010d614577d42064a57d0ce72e0118_1699375604.jpeg,https://www.siriusxm.com/player/channel-linear/entity/bda81f03-f231-d4db-56ad-40cb132c5663
eadde0e4-7769-6757-b7d5-356a802b074e,channel-linear,Pop Mix Bright,16,Music,Pop,Blend of Bright Pop Hits,aem/17/17466f260f6e3b18ed037116130f6c72_1699375709.jpeg,https://www.siriusxm.com/player/channel-linear/entity/eadde0e4-7769-6757-b7d5-356a802b074e
dd042955-b3fa-bf2b-6b64-6f08236ed48f,channel-linear,Acoustic Rock,17,Music,Pop,"Acoustic, stripped-down songs",aem/65/65c16b220f28e0e31d82340fe981c595_1699375395.jpeg,https://www.siriusxm.com/player/channel-linear/entity/dd042955-b3fa-bf2b-6b64-6f08236ed48f
41f8b174-fb06-1707-aaa7-e74e109c2ee9,channel-linear,The Coffee House,17,Music,Pop,"Acoustic, stripped-down songs",aem/29/29088ee0abc299f909cbcd6d8ab8ee86_1732039930.jpeg,https://www.siriusxm.com/player/channel-linear/entity/41f8b174-fb06-1707-aaa7-e74e109c2ee9
20801778-3df2-d607-eab5-e03de0ca7815,channel-linear,The Beatles Channel,18,Music,Rock,"The Fab Four, 24/8",aem/b5/b55bc882504ce9b4e07f042a8a572cda_1699375866.jpeg,https://www.siriusxm.com/player/channel-linear/entity/20801778-3df2-d607-eab5-e03de0ca7815
881c9b1f-e7fd-4637-b87a-0dd06f1831a5,channel-linear,Bob Marley's Tuff Gong,19,Music,Rock,"Bob's hits, family music & more",aem/e2/e2775ffe84673909184083256c4d5e8d_1728513801.jpeg,https://www.siriusxm.com/player/channel-linear/entity/881c9b1f-e7fd-4637-b87a-0dd06f1831a5
727fa612-6e53-458e-720d-b662dc974e5d,channel-linear,E Street Radio,20,Music,Rock,"Bruce Springsteen, 24/7",aem/34/348baa5a7b453e3e9017f38c03cb10a5_1699375392.jpeg,https://www.siriusxm.com/player/channel-linear/entity/727fa612-6e53-458e-720d-b662dc974e5d
3b83dc80-5987-6898-e98d-a98012f700c1,channel-linear,Underground Garage,21,Music,Rock,Maximum rock & soul,aem/82/82bedae68bf950e7d83333d0d687ccdd_1699375373.jpeg,https://www.siriusxm.com/player/channel-linear/entity/3b83dc80-5987-6898-e98d-a98012f700c1
cdc9bee8-9317-37fa-ec8e-464096670c60,channel-linear,Pearl Jam Radio,22,Music,Rock,Pearl Jam hits & live tracks,aem/61/6124f8051579ac3e896e60ea2a078f93_1699460117.jpeg,https://www.siriusxm.com/player/channel-linear/entity/cdc9bee8-9317-37fa-ec8e-464096670c60
067801cb-bb3f-1707-dd21-d77e06bb27c0,channel-linear,Grateful Dead,23,Music,Rock,"Grateful Dead, 24/7",aem/9e/9ec42ececb1021af73118d1d173e8d36_1722966128.png,https://www.siriusxm.com/player/channel-linear/entity/067801cb-bb3f-1707-dd21-d77e06bb27c0
c636d008-7cb0-99eb-7fb7-7c489f862a26,channel-linear,Radio Margaritaville,24,Music,Rock,Escape to Margaritaville,aem/37/37156745e7dc1044c44d39445324e5b2_1699376225.jpeg,https://www.siriusxm.com/player/channel-linear/entity/c636d008-7cb0-99eb-7fb7-7c489f862a26
7a642de7-c33f-a628-efb2-3d94a829d17b,channel-linear,Classic Rewind,25,Music,Rock,70s/80s classic rock,aem/69/69d2c32f61070fd46c67474d5c5293a2_1714150732.jpeg,https://www.siriusxm.com/player/channel-linear/entity/7a642de7-c33f-a628-efb2-3d94a829d17b
23fc6cc7-6929-6c1b-3279-2bdae66cdd6b,channel-linear,Rock Hits 70s & 80s,25,Music,Rock,70s & 80s Classic Rock,aem/8e/8eb0476ec1448e2c0970827d010bad40_1699375907.jpeg,https://www.siriusxm.com/player/channel-linear/entity/23fc6cc7-6929-6c1b-3279-2bdae66cdd6b
aff703b3-1492-c8d7-55de-80a6612c08a3,channel-linear,Classic Rock Hits,26,Music,Rock,60s & 70s classic rock,aem/32/320b752b864b38bf12f87f866632d0bd_1699376107.jpeg,https://www.siriusxm.com/player/channel-linear/entity/aff703b3-1492-c8d7-55de-80a6612c08a3
5ad8659a-414a-9e26-b973-f5a229d788dd,channel-linear,Classic Vinyl,26,Music,Rock,Early vinyl classic rock,aem/e8/e8d8a8c47fcc1763b8af5620a0b53fe4_1699375250.jpeg,https://www.siriusxm.com/player/channel-linear/entity/5ad8659a-414a-9e26-b973-f5a229d788dd
59b6ed0e-4c39-ec45-f8be-ce1599661ce3,channel-linear,Alt2K,27,Music,Rock,2000s and 2010s alt rock,aem/c2/c23da3fff0c7bef619dae67296e701b9_1732039937.jpeg,https://www.siriusxm.com/player/channel-linear/entity/59b6ed0e-4c39-ec45-f8be-ce1599661ce3
45bb6109-efe4-33c4-f4f5-6ac03be595f1,channel-linear,Adult Alternative,28,Music,Rock,Classic rock meets new rock,aem/fa/fa317627019c68e2303d8eef0eaa673f_1699375836.jpeg,https://www.siriusxm.com/player/channel-linear/entity/45bb6109-efe4-33c4-f4f5-6ac03be595f1
804a5411-b234-1188-27da-f01197103886,channel-linear,The Spectrum,28,Music,Rock,Classic rock meets new rock,if/4e/4e1549393819368481f2cb06273e47f3_1756345359.png,https://www.siriusxm.com/player/channel-linear/entity/804a5411-b234-1188-27da-f01197103886
0b5b5f60-dfcf-eba9-1dc6-ec3c909f4541,channel-linear,Phish Radio,29,Music,Rock,"The Phish multiverse, 24/7",aem/73/732431aa30a27ec2e642b56565580447_1715631768.jpeg,https://www.siriusxm.com/player/channel-linear/entity/0b5b5f60-dfcf-eba9-1dc6-ec3c909f4541
69e5185d-d218-8fbc-082f-6ea5a16ca4db,channel-linear,Dave Matthews Band Radio,30,Music,Rock,"DMB hits, live tracks & more",aem/49/4976489b4e786e7dd110dc0ba99d0f5d_1699375336.jpeg,https://www.siriusxm.com/player/channel-linear/entity/69e5185d-d218-8fbc-082f-6ea5a16ca4db
60b0ea2e-dec7-1d4a-da2a-6de09f273fe7,channel-linear,Tom Petty Radio,31,Music,Rock,Music from Tom's collection,aem/95/95437babdad10fc3f20596dbace13237_1699375866.jpeg,https://www.siriusxm.com/player/channel-linear/entity/60b0ea2e-dec7-1d4a-da2a-6de09f273fe7
a4b7a4f7-af96-3ae6-53df-f78ff9ac9aab,channel-linear,U2 X-Radio,32,Music,Rock,"Songs, stories & more from U2",aem/1b/1bec2708b4a7d2eaa30b509116bb7a1d_1699376055.jpeg,https://www.siriusxm.com/player/channel-linear/entity/a4b7a4f7-af96-3ae6-53df-f78ff9ac9aab
65f04311-3581-256c-97b9-279838d6ff5e,channel-linear,1st Wave,33,Music,Rock,Classic alternative & new wave,aem/1c/1c2af6cc5cfa853e9acfa0f6614d62d4_1732039943.jpeg,https://www.siriusxm.com/player/channel-linear/entity/65f04311-3581-256c-97b9-279838d6ff5e
32c4747f-8739-d578-62d8-08a92d518445,channel-linear,Lithium,34,Music,Rock,90s alternative & grunge rock,aem/80/80ac7faa34c83336964a07748e913d36_1732039965.jpeg,https://www.siriusxm.com/player/channel-linear/entity/32c4747f-8739-d578-62d8-08a92d518445
aca29492-b7ed-aea8-e98e-e7f2512162fd,channel-linear,90s Alternative,34,Music,Rock,90s Alternative/Grunge,aem/a6/a6c4492f8b075c8b3c8a02128444a463_1699375475.jpeg,https://www.siriusxm.com/player/channel-linear/entity/aca29492-b7ed-aea8-e98e-e7f2512162fd
f49737db-bea3-0c13-9834-b879fb1894c4,channel-linear,SiriusXMU,35,Music,Rock,Indie music & beyond,if/f6/f62bdedacb1b3fd39c8b444ca37ce8cc_1743025655.jpg,https://www.siriusxm.com/player/channel-linear/entity/f49737db-bea3-0c13-9834-b879fb1894c4
fd5740ec-7f11-0ecf-f676-46f9dc056d2c,channel-linear,Alt Nation,36,Music,Rock,New alternative rock,aem/97/97bfbc3f33fd14411f2429ebbdba77a2_1732039939.jpeg,https://www.siriusxm.com/player/channel-linear/entity/fd5740ec-7f11-0ecf-f676-46f9dc056d2c
0fed9647-cc82-24d7-526d-98762e8a52cd,channel-linear,Octane,37,Music,Rock,New hard rock (explicit),aem/28/28f073cbcdf4aef5a90c063b471e9048_1732039963.jpeg,https://www.siriusxm.com/player/channel-linear/entity/0fed9647-cc82-24d7-526d-98762e8a52cd
fed8de31-8d51-8949-6c69-2035fb0485b0,channel-linear,Ozzy's Boneyard,38,Music,Rock,Hard & heavy classic rock,if/4d/4d7995b295f0399a8fbb957187d287ed_1753286595.jpg,https://www.siriusxm.com/player/channel-linear/entity/fed8de31-8d51-8949-6c69-2035fb0485b0
b8b47809-4e8e-f556-8325-bd45fa3d4dc4,channel-linear,Hair Nation,39,Music,Rock,80s hair metal & glam,aem/42/42cc6d3e90e463902c171ae02d0f779e_1732039949.jpeg,https://www.siriusxm.com/player/channel-linear/entity/b8b47809-4e8e-f556-8325-bd45fa3d4dc4
634ea01e-4ae2-c7e8-7567-138965e8a6fe,channel-linear,Liquid Metal,40,Music,Rock,Heavy metal (explicit),aem/dd/dd17c4575bd327e2660bd45a874ef7ee_1732039932.jpeg,https://www.siriusxm.com/player/channel-linear/entity/634ea01e-4ae2-c7e8-7567-138965e8a6fe
f936a498-89c7-bc15-f158-19a015db0683,channel-linear,SiriusXM Turbo,41,Music,Rock,90s/2000s hard rock (explicit),aem/c5/c561a46522272d6ac111f0912f09209e_1721136931.jpeg,https://www.siriusxm.com/player/channel-linear/entity/f936a498-89c7-bc15-f158-19a015db0683
35b0a4e3-b63d-b68e-4c34-6462579a8721,channel-linear,Maximum Metallica,42,Music,Rock,"Metallica, 24/7 (explicit)",if/93/93ed5e888fb03cd1b924feb0ca07d8a5_1763655544.jpg,https://www.siriusxm.com/player/channel-linear/entity/35b0a4e3-b63d-b68e-4c34-6462579a8721
988d25d1-db91-ee15-72e1-386c1972b8b0,channel-linear,Rock The Bells Radio,43,Music,Hip-Hop/R&B,Timeless hip-hop (explicit),if/bc/bcacc2d336d33568a1a1cf27c659beeb_1768553290.png,https://www.siriusxm.com/player/channel-linear/entity/988d25d1-db91-ee15-72e1-386c1972b8b0
bd54fc02-e063-0e3e-0cbb-4ceafef734e7,channel-linear,Hip-Hop Nation,44,Music,Hip-Hop/R&B,Hip-hop hits (explicit),aem/97/9783a0cd73939cfc729b0132bf75edfc_1699376080.jpeg,https://www.siriusxm.com/player/channel-linear/entity/bd54fc02-e063-0e3e-0cbb-4ceafef734e7
2022dfab-580f-675f-6aad-00aad9c3be9b,channel-linear,Shade 45,45,Music,Hip-Hop/R&B,Eminem's channel (explicit),aem/d8/d8281f0989e98ed43b28cdedafb94fb9_1699375988.jpeg,https://www.siriusxm.com/player/channel-linear/entity/2022dfab-580f-675f-6aad-00aad9c3be9b
c2a517d4-c02f-06eb-77cf-f81bfa719188,channel-linear,The Heat,46,Music,Hip-Hop/R&B,Today’s hottest R&B and hip-hop,aem/9c/9c0a7c2889ff399b130b9db7b96ccb17_1699375857.jpeg,https://www.siriusxm.com/player/channel-linear/entity/c2a517d4-c02f-06eb-77cf-f81bfa719188
31950f93-7ab3-b22a-02fb-6b6c84a30b0e,channel-linear,R&B Hits,47,Music,Hip-Hop/R&B,"R&B from the 80s, 90s & today",aem/55/55ca30b19f00c50b9aab5689e3635d82_1699375767.jpeg,https://www.siriusxm.com/player/channel-linear/entity/31950f93-7ab3-b22a-02fb-6b6c84a30b0e
25de1705-19ad-6f6e-d45f-3f8775a37800,channel-linear,Heart & Soul,47,Music,Hip-Hop/R&B,Adult R&B hits,aem/77/77082da9d648fe207103bd3085245a97_1732039945.jpeg,https://www.siriusxm.com/player/channel-linear/entity/25de1705-19ad-6f6e-d45f-3f8775a37800
fe951560-f7e7-2ee3-9de9-cfd89fd54ac5,channel-linear,The Flow,48,Music,Hip-Hop/R&B,R&B hits from the 2000s,aem/80/800a1fe8d3d98fae3e994a5eda3d00d2_1732039962.jpeg,https://www.siriusxm.com/player/channel-linear/entity/fe951560-f7e7-2ee3-9de9-cfd89fd54ac5
847b22e6-1d35-b5b3-92f4-0c5e4e7b9040,channel-linear,Flex2K,49,Music,Hip-Hop/R&B,2000s hip-hop hits (explicit),aem/fc/fc11dd75dea2675b36b10c7c2caefe8f_1723839408.jpeg,https://www.siriusxm.com/player/channel-linear/entity/847b22e6-1d35-b5b3-92f4-0c5e4e7b9040
05cd3a1a-d292-3b8e-e8c9-1566d0726994,channel-linear,SiriusXM FLY,50,Music,Hip-Hop/R&B,90s/00s hip-hop/R&B (explicit),aem/b9/b9d3b07a5174ea2e2879cf6b26b97d8a_1712942245.jpeg,https://www.siriusxm.com/player/channel-linear/entity/05cd3a1a-d292-3b8e-e8c9-1566d0726994
7b32233d-bf01-9654-d97f-9e261aad3d8f,channel-linear,The Groove,51,Music,Hip-Hop/R&B,70s & 80s old-school R&B,aem/b0/b03e047395276bbe21bc23d86f10d851_1720474732.jpeg,https://www.siriusxm.com/player/channel-linear/entity/7b32233d-bf01-9654-d97f-9e261aad3d8f
6adef1b5-d812-9c10-7c6c-f05af4e27077,channel-linear,BPM,52,Music,Dance/Electronic,The beat drops here,aem/90/90f4fcc89c476a7e624837a4cb6eb713_1732039942.jpeg,https://www.siriusxm.com/player/channel-linear/entity/6adef1b5-d812-9c10-7c6c-f05af4e27077
4ebc3011-0ebe-a9ad-c58b-9a306f60fc2b,channel-linear,Diplo's Revolution,53,Music,Dance/Electronic,Diplo's house party (explicit),aem/3c/3cb967fee26b651fb7556a5a8a90d59f_1699460119.jpeg,https://www.siriusxm.com/player/channel-linear/entity/4ebc3011-0ebe-a9ad-c58b-9a306f60fc2b
e3b61a24-206d-4fa1-43ae-14ea190e47a6,channel-linear,Studio 54 Radio,54,Music,Dance/Electronic,"Classic dance hits, 24/7",aem/2e/2ee146f03f367b424f6009698a0e7474_1699375431.jpeg,https://www.siriusxm.com/player/channel-linear/entity/e3b61a24-206d-4fa1-43ae-14ea190e47a6
fae78a49-1a42-8f5d-59be-33560a5ec16b,channel-linear,Smooth Electronic,55,Music,Dance/Electronic,Downtempo & deep-house beats,aem/2d/2d3ef561803ba36258b310e819fcad44_1699375234.jpeg,https://www.siriusxm.com/player/channel-linear/entity/fae78a49-1a42-8f5d-59be-33560a5ec16b
834383dd-9a7e-d59e-81a2-dd13e0377af2,channel-linear,SiriusXM Chill,55,Music,Dance/Electronic,Downtempo & deep house beats,aem/5a/5a94e89952351221c9a2c46400cbfb23_1712676478.jpeg,https://www.siriusxm.com/player/channel-linear/entity/834383dd-9a7e-d59e-81a2-dd13e0377af2
ffd94bb6-5368-67ae-91be-5b2bababeca0,channel-linear,The Highway,56,Music,Country,Next generation country music,if/41/41540739bbfc3710b8643887541fffbe_1768405613.png,https://www.siriusxm.com/player/channel-linear/entity/ffd94bb6-5368-67ae-91be-5b2bababeca0
f688205b-479f-cf4e-6783-f2b8510645ab,channel-linear,New Country,56,Music,Country,Country's next generation,aem/75/759ce173842b6bb4af6b57f6550300d2_1699375141.jpeg,https://www.siriusxm.com/player/channel-linear/entity/f688205b-479f-cf4e-6783-f2b8510645ab
d3253c66-e1e1-331b-02e6-71580c33791b,channel-linear,Y2Kountry,57,Music,Country,"2000s country, so far",aem/e2/e22069d6e20af74f9ad616ddb535c6e2_1722985463.jpeg,https://www.siriusxm.com/player/channel-linear/entity/d3253c66-e1e1-331b-02e6-71580c33791b
dab40a75-03d2-0ab6-1623-8dbebd85d002,channel-linear,Country Hits 80s & 90s,58,Music,Country,80s & 90s Country Hits,aem/4a/4afbce4d0774a71384ffc51e23973243_1699375556.jpeg,https://www.siriusxm.com/player/channel-linear/entity/dab40a75-03d2-0ab6-1623-8dbebd85d002
32566352-8e68-80f8-fe11-3f9715b63876,channel-linear,Prime Country,58,Music,Country,80s & 90s country classics,aem/2d/2db8cd9cbbaa9ad75b7981ed6528495c_1707515753.jpeg,https://www.siriusxm.com/player/channel-linear/entity/32566352-8e68-80f8-fe11-3f9715b63876
0736f9f8-2b36-d38f-e3a6-d4de7d7877a8,channel-linear,No Shoes Radio,59,Music,Country,Kenny Chesney's channel,aem/f6/f6b071ac084ea55dd2266618d897c120_1699460225.png,https://www.siriusxm.com/player/channel-linear/entity/0736f9f8-2b36-d38f-e3a6-d4de7d7877a8
75301b34-2f01-2c17-0b52-028bec0d271c,channel-linear,Carrie's Country,60,Music,Country,Curated by Carrie Underwood,aem/61/6163cef6b461b2bd666d3ecdf00cea7e_1699909995.jpeg,https://www.siriusxm.com/player/channel-linear/entity/75301b34-2f01-2c17-0b52-028bec0d271c
0aee72ed-5dd8-2848-3567-d8809e123cd1,channel-linear,Willie's Roadhouse,61,Music,Country,Willie Nelson's classic country,aem/93/93e87c2dabd2b3269c7b4184df2407f3_1727286772.jpeg,https://www.siriusxm.com/player/channel-linear/entity/0aee72ed-5dd8-2848-3567-d8809e123cd1
176daca5-6810-3a1c-49e9-39b69055e811,channel-linear,Outlaw Country,62,Music,Country,Music that won't be fenced in,aem/62/628bcfbb4dec84d8173493ee66721bb8_1699375485.jpeg,https://www.siriusxm.com/player/channel-linear/entity/176daca5-6810-3a1c-49e9-39b69055e811
ad0ab172-202f-c05b-c7b9-597be600541f,channel-linear,Chris Stapleton Radio,63,Music,Country,Chris Stapleton's channel,aem/0a/0a030d0d4d460961a50009d2f1967018_1716398555.jpeg,https://www.siriusxm.com/player/channel-linear/entity/ad0ab172-202f-c05b-c7b9-597be600541f
e4fe4bca-1af8-bf9e-c20b-813f204aa18e,channel-linear,Kirk Franklin's Praise,64,Music,Christian,"Gospel & more, curated by Kirk",aem/87/874ce351bce77783226b25b88ab24123_1699375180.jpeg,https://www.siriusxm.com/player/channel-linear/entity/e4fe4bca-1af8-bf9e-c20b-813f204aa18e
71f52e38-bb85-8d86-18e8-48b615984438,channel-linear,Contemporary Christian,65,Music,Christian,"Faith, hope and music",aem/8c/8cc14eba20e73845142137a10a1ffdaa_1699375790.jpeg,https://www.siriusxm.com/player/channel-linear/entity/71f52e38-bb85-8d86-18e8-48b615984438
c2e3e686-93a6-5d22-c818-6d8ea63bcc7c,channel-linear,The Message,65,Music,Christian,Contemporary Christian music,aem/ac/ac11e1c7350f5c86f3fde15b3bed8726_1699375635.jpeg,https://www.siriusxm.com/player/channel-linear/entity/c2e3e686-93a6-5d22-c818-6d8ea63bcc7c
bebe6348-0d72-4347-0cb7-4e3a4f633e2c,channel-linear,Smooth Jazz,66,Music,Jazz/Standards/Classical,Smooth & Contemporary Jazz,aem/b6/b6531011853d9b7f0ac0720f5ab8e828_1699376001.jpeg,https://www.siriusxm.com/player/channel-linear/entity/bebe6348-0d72-4347-0cb7-4e3a4f633e2c
e4b5402c-c608-db84-ad15-4bc8e2cdccce,channel-linear,Watercolors,66,Music,Jazz/Standards/Classical,Smooth & contemporary jazz,aem/6c/6cdf1bbea9f0345154d5f8d5cdad78c2_1699375786.jpeg,https://www.siriusxm.com/player/channel-linear/entity/e4b5402c-c608-db84-ad15-4bc8e2cdccce
e6333906-2e89-6c07-59d6-36d09248b8dc,channel-linear,Real Jazz,67,Music,Jazz/Standards/Classical,Classic jazz masters & more,if/62/62e8e92e20ba300387a7c27b989455cc_1770749171.jpg,https://www.siriusxm.com/player/channel-linear/entity/e6333906-2e89-6c07-59d6-36d09248b8dc
6de122b0-d2dc-327a-5352-f7b1fd29af7a,channel-linear,Classic Jazz,67,Music,Jazz/Standards/Classical,Jazz from the masters & more,aem/07/07fd38b9060b953fe60e3f4b49b5d8b6_1699375309.jpeg,https://www.siriusxm.com/player/channel-linear/entity/6de122b0-d2dc-327a-5352-f7b1fd29af7a
c5647ffa-5f13-5030-88f6-13ed47df40dc,channel-linear,Message Worship,68,Music,Christian,Uplifting worship music,if/45/4552735bad6f33a1bda4bc4852efb93f_1769538143.jpg,https://www.siriusxm.com/player/channel-linear/entity/c5647ffa-5f13-5030-88f6-13ed47df40dc
adc27a20-6fc4-7269-5ca6-4a492f7dfa55,channel-linear,On Broadway,69,Music,Jazz/Standards/Classical,Show tunes,aem/71/713f3c7b484184c801ff01e20f575449_1732039963.jpeg,https://www.siriusxm.com/player/channel-linear/entity/adc27a20-6fc4-7269-5ca6-4a492f7dfa55
38dccb7c-6e3c-1473-d0db-0b3b8b999707,channel-linear,Siriusly Sinatra,70,Music,Jazz/Standards/Classical,Standards by Sinatra & more,aem/21/217de62000134604b8447ca5070e3070_1699375938.jpeg,https://www.siriusxm.com/player/channel-linear/entity/38dccb7c-6e3c-1473-d0db-0b3b8b999707
b069d7d9-a765-b98e-9c87-3791d459f2ee,channel-linear,40s Junction,71,Music,Jazz/Standards/Classical,Swing era pop hits & big bands,aem/16/16faea180fe2376d8ef263686b41ef4b_1699375217.jpeg,https://www.siriusxm.com/player/channel-linear/entity/b069d7d9-a765-b98e-9c87-3791d459f2ee
a62ffa9f-e016-5693-adcb-c76c328e1bee,channel-linear,50s Gold,72,Music,Pop,"50s pop, rock & doo-wop hits",aem/2d/2df163ad3456ff1163360e9e02f2147e_1699375154.jpeg,https://www.siriusxm.com/player/channel-linear/entity/a62ffa9f-e016-5693-adcb-c76c328e1bee
6567f2ee-4d7a-cd6d-3402-55ed6089cd0c,channel-linear,60s Gold,73,Music,Pop,"60s pop, soul and rock & roll",if/bd/bd07ad7f2f0f3bb2916d265e1fb6d34b_1740154122.jpg,https://www.siriusxm.com/player/channel-linear/entity/6567f2ee-4d7a-cd6d-3402-55ed6089cd0c
aa46ae69-ab44-f416-58ee-9fdf07462c0e,channel-linear,Smokey's Soul Town,74,Music,Hip-Hop/R&B,Classic R&B hosted by Smokey,aem/b5/b56d97054d4c45b9e5aca9167d3b1d53_1699419936.jpeg,https://www.siriusxm.com/player/channel-linear/entity/aa46ae69-ab44-f416-58ee-9fdf07462c0e
384bcf65-c9e7-81a8-157d-ba8f3e29c1ff,channel-linear,Classic Soul & Motown,74,Music,Hip-Hop/R&B,60s & 70s R&B hits,aem/21/21d1cf9dc954adf7af884f114d6fa3a3_1699375105.jpeg,https://www.siriusxm.com/player/channel-linear/entity/384bcf65-c9e7-81a8-157d-ba8f3e29c1ff
c4406844-de06-901b-6b4f-02420e2bd2d6,channel-linear,BB King's Bluesville,75,Music,Jazz/Standards/Classical,Blues from past to present,aem/13/13d7642597eb71685b6d76f5f999807b_1699376127.jpeg,https://www.siriusxm.com/player/channel-linear/entity/c4406844-de06-901b-6b4f-02420e2bd2d6
a96c9390-313c-3a51-5dac-953504f4f237,channel-linear,Elvis Radio,76,Music,Pop,Elvis 24/7 live from Graceland,if/22/2248e13a1b413f43b254913d57e26e4a_1755539481.jpg,https://www.siriusxm.com/player/channel-linear/entity/a96c9390-313c-3a51-5dac-953504f4f237
9e545d10-7c21-9707-1d34-3d503b7365bc,channel-linear,Bluegrass Junction,77,Music,Country,The best of bluegrass,aem/51/510bfed4a7def6f26ad3b9a3b40e928b_1732039925.jpeg,https://www.siriusxm.com/player/channel-linear/entity/9e545d10-7c21-9707-1d34-3d503b7365bc
c46c9810-6274-a715-a8b9-de9d4ac33873,channel-linear,Symphony Hall,78,Music,Jazz/Standards/Classical,Classical music for everyone,if/cc/ccb8a729794f33748f8c76558812c326_1740160031.jpg,https://www.siriusxm.com/player/channel-linear/entity/c46c9810-6274-a715-a8b9-de9d4ac33873
ab0e4302-503b-e1ff-c786-8307a3d36fe0,channel-linear,SiriusXM 79,79,Music,Country,Whole Lotta Red Hot,if/9e/9e9cb610d6f1371cbba547a9ec9f59f0_1774297028.png,https://www.siriusxm.com/player/channel-linear/entity/ab0e4302-503b-e1ff-c786-8307a3d36fe0
51f88432-8311-37e0-b57d-9b0ab63f5ce9,channel-linear,ESPN Radio,80,Sports,Sports Talk,Sports Talk from ESPN,aem/9b/9b0c17a47aee95f87539141b976de5ee_1699375501.jpeg,https://www.siriusxm.com/player/channel-linear/entity/51f88432-8311-37e0-b57d-9b0ab63f5ce9
e253bdca-601f-2b68-52fc-3f6a9fa33bb9,channel-linear,ESPN Xtra,81,Sports,Sports Talk,ESPN's biggest shows,aem/f7/f7a64c785fb441d61cbab792d6e3f4e3_1699375393.jpeg,https://www.siriusxm.com/player/channel-linear/entity/e253bdca-601f-2b68-52fc-3f6a9fa33bb9
23999ddf-2cc2-35e2-7d04-6cc2749043d0,channel-linear,Mad Dog Sports Radio,82,Sports,Sports Talk,Chris Russo & more,aem/a6/a6032701c75734ec618b2e6625c23b38_1699375792.jpeg,https://www.siriusxm.com/player/channel-linear/entity/23999ddf-2cc2-35e2-7d04-6cc2749043d0
21b63878-b369-1503-d1c8-6025cc8571de,channel-linear,FOX Sports on SiriusXM,83,Sports,Sports Talk,"The Herd, analysis, live games",aem/82/82c0994eed48806b3bedc5ebf428dbac_1699375504.jpeg,https://www.siriusxm.com/player/channel-linear/entity/21b63878-b369-1503-d1c8-6025cc8571de
d9dcf813-1a1a-2f92-a53f-e372ffc235ea,channel-linear,College Sports Radio,84,Sports,Sports Talk,College sports talk & live games,aem/82/8246605436ad0d8e34eb0c7fe308026a_1705962045.jpeg,https://www.siriusxm.com/player/channel-linear/entity/d9dcf813-1a1a-2f92-a53f-e372ffc235ea
b8d08b56-6bca-a461-189e-ea00b223fbf4,channel-linear,NBC Sports Radio,85,Sports,Sports Talk,"Sports talk, news & opinions",aem/d1/d1b412c7d39534ef7e5c73a60220cd84_1738084911.jpeg,https://www.siriusxm.com/player/channel-linear/entity/b8d08b56-6bca-a461-189e-ea00b223fbf4
325f06d1-8734-0378-1ae1-66323143c249,channel-linear,SiriusXM NBA Radio,86,Sports,Sports Talk,24/7 NBA talk & play-by-play,aem/0c/0c3f34f82d7ec990c5dedd150c59b36d_1719503169.jpeg,https://www.siriusxm.com/player/channel-linear/entity/325f06d1-8734-0378-1ae1-66323143c249
66e0c959-ced8-2958-5d2c-c19ca4f770a4,channel-linear,Fantasy Sports Radio,87,Sports,Sports Talk,24/7 fantasy sports talk,aem/7e/7e15618b33ededf4d0eeee2bd628275f_1732040029.jpeg,https://www.siriusxm.com/player/channel-linear/entity/66e0c959-ced8-2958-5d2c-c19ca4f770a4
f3126d70-09ea-bd0c-57cd-af5ab798f313,channel-linear,SiriusXM NFL Radio,88,Sports,Sports Talk,24/7 NFL talk & live games,aem/25/25c9c9bd5c215c0e50388a7ee2a6e9e6_1738952011.jpeg,https://www.siriusxm.com/player/channel-linear/entity/f3126d70-09ea-bd0c-57cd-af5ab798f313
8d9c0b16-4734-3bc4-d523-7c942cf888aa,channel-linear,MLB Network Radio,89,Sports,Sports Talk,24/7 MLB® talk & live games,aem/10/100d994019222316556aa4fbf50f2e1c_1699375602.jpeg,https://www.siriusxm.com/player/channel-linear/entity/8d9c0b16-4734-3bc4-d523-7c942cf888aa
c875a2e9-2768-ed46-5487-4e3e667ae553,channel-linear,SiriusXM NASCAR Radio,90,Sports,Sports Talk,24/7 NASCAR talk & live races,aem/8d/8d12854d8b1408790709ff4554c3911d_1720452489.jpeg,https://www.siriusxm.com/player/channel-linear/entity/c875a2e9-2768-ed46-5487-4e3e667ae553
884c803d-cbd9-098b-527d-a34979274ded,channel-linear,NHL Network Radio,91,Sports,Sports Talk,24/7 NHL® talk & live games,if/24/247d72ceca4532f0838a1195b4d12138_1754035453.jpg,https://www.siriusxm.com/player/channel-linear/entity/884c803d-cbd9-098b-527d-a34979274ded
a44e273d-a7e5-c358-a8ae-39dc91ca9c30,channel-linear,SiriusXM PGA TOUR Radio,92,Sports,Sports Talk,24/7 golf talk & play-by-play,if/d3/d3dd7697880a37c99e917660d2ad36be_1759236464.jpg,https://www.siriusxm.com/player/channel-linear/entity/a44e273d-a7e5-c358-a8ae-39dc91ca9c30
96f5d0e4-ebff-564a-6c39-70a4a642e360,channel-linear,Netflix Is A Joke Radio,93,Talk,Comedy,Stand-up comedy (explicit),aem/48/4886b0f277b29b333e4d3926e964a6fb_1726081829.jpeg,https://www.siriusxm.com/player/channel-linear/entity/96f5d0e4-ebff-564a-6c39-70a4a642e360
0c8ec1e3-f152-0ea1-3b45-35f7ec816990,channel-linear,Comedy Greats,94,Talk,Comedy,Greatest comedians (explicit),if/2f/2fd06fb22d96326286d69610e907b9ad_1759861385.jpg,https://www.siriusxm.com/player/channel-linear/entity/0c8ec1e3-f152-0ea1-3b45-35f7ec816990
771bf1f6-3885-aa77-e98a-51f5dcccbeba,channel-linear,Comedy Central Radio,95,Talk,Comedy,Stand-up uncensored (explicit),if/ba/ba5b28f780843109b8c59d345a5d9f49_1740506423.jpg,https://www.siriusxm.com/player/channel-linear/entity/771bf1f6-3885-aa77-e98a-51f5dcccbeba
ab6a16eb-6e7b-6933-1dd1-8b04fbc922ed,channel-linear,Kevin Hart's LOL Radio,96,Talk,Comedy,Stand-up & talk (explicit),aem/de/dea0b905c0cc45d54db684963a714522_1699375787.jpeg,https://www.siriusxm.com/player/channel-linear/entity/ab6a16eb-6e7b-6933-1dd1-8b04fbc922ed
3cebb3a3-6b03-2ad2-e5be-d9f4841249a2,channel-linear,Comedy Roundup,97,Talk,Comedy,All American comedy (explicit),aem/2e/2ec1d32c5e145269a33d17ef7fc15b18_1699376086.jpeg,https://www.siriusxm.com/player/channel-linear/entity/3cebb3a3-6b03-2ad2-e5be-d9f4841249a2
d7151f52-694d-64b7-4e31-9b2f4f534454,channel-linear,Pure Comedy,98,Talk,Comedy,The best profanity-free comedy,if/de/de652050d1093a36988fbc7923b7cbf1_1747939942.jpg,https://www.siriusxm.com/player/channel-linear/entity/d7151f52-694d-64b7-4e31-9b2f4f534454
8b66f94a-7304-fd83-d442-2153b881c21f,channel-linear,Raw Comedy,99,Talk,Comedy,Uncensored comedy (explicit),if/be/be2fb6fcf16e34f289dcb5ce1bcdd18b_1744811235.jpg,https://www.siriusxm.com/player/channel-linear/entity/8b66f94a-7304-fd83-d442-2153b881c21f
123f7d39-c99f-2f01-7900-0d4b8b010cb7,channel-linear,Howard 100,100,Talk,Howard Stern,Howard Stern Show (explicit),aem/cf/cf90eaddc4ed074f999f2ba88d2db217_1701361297.jpeg,https://www.siriusxm.com/player/channel-linear/entity/123f7d39-c99f-2f01-7900-0d4b8b010cb7
72874f52-9f17-2e8f-d4cc-3bfdccb4227c,channel-linear,Howard 101,101,Talk,Howard Stern,The world of Howard (explicit),aem/c3/c3f0091f2ce58767cb3a4f24d7ac40a8_1701361295.jpeg,https://www.siriusxm.com/player/channel-linear/entity/72874f52-9f17-2e8f-d4cc-3bfdccb4227c
56605cc5-88b8-557b-fc3c-dae7eb41bf56,channel-linear,Radio Andy,102,Talk,Entertainment,Andy & pop culture (explicit),if/2a/2ad8dea5caba3024b7b22a6df54793f9_1769458394.png,https://www.siriusxm.com/player/channel-linear/entity/56605cc5-88b8-557b-fc3c-dae7eb41bf56
80867fa3-093f-b076-bedc-af8d71cb54ab,channel-linear,Faction Talk,103,Talk,Entertainment,Unfiltered talk (explicit),aem/3e/3e0019426e30f133f35713b27b1fc977_1732040003.jpeg,https://www.siriusxm.com/player/channel-linear/entity/80867fa3-093f-b076-bedc-af8d71cb54ab
dd21ed4a-49e7-ae02-3a61-cd730602a389,channel-linear,Conan O'Brien Radio,104,Talk,Entertainment,Smart & silly comedy,aem/15/154364ea09c45e980dbd43ddb595b239_1699366680.jpeg,https://www.siriusxm.com/player/channel-linear/entity/dd21ed4a-49e7-ae02-3a61-cd730602a389
b8c4de96-afd9-85ee-7e5f-95c2e380ab65,channel-linear,SiriusXM 105,105,Music,Pop,Latinas in Music,if/af/af7c1e87f2a83be7b49760901676510a_1774593022.png,https://www.siriusxm.com/player/channel-linear/entity/b8c4de96-afd9-85ee-7e5f-95c2e380ab65
79302460-07ff-4d2b-d7f5-6cc5a9f521c8,channel-linear,Sports 106,106,Sports,Other Play-by-Play,Sports Play-by-Play,if/7f/7fbdafaa6f4338239d1828c40629c1d9_1745419970.jpeg,https://www.siriusxm.com/player/channel-linear/entity/79302460-07ff-4d2b-d7f5-6cc5a9f521c8
b603ee62-cf5b-bbb5-1abf-e7169adf25aa,channel-linear,Dateline 24/7,107,Talk,Entertainment,"Listen to Dateline, 24/7",aem/fc/fc18028bd02280f3050dc1b9e464f525_1756822213.jpeg,https://www.siriusxm.com/player/channel-linear/entity/b603ee62-cf5b-bbb5-1abf-e7169adf25aa
2a74320f-938b-8e80-5e7f-5e8e110e1d42,channel-linear,TODAY Show Radio,108,Talk,Entertainment,The TODAY Show on the go,if/b1/b1d156a22468345ab3eb4b0a44743b80_1771617865.jpg,https://www.siriusxm.com/player/channel-linear/entity/2a74320f-938b-8e80-5e7f-5e8e110e1d42
813d656c-9af5-7f51-bb48-d724327d9289,channel-linear,Stars,109,Talk,Entertainment,The biggest stars (explicit),if/74/74820124c1d93fb3a9f89ba3d4f47964_1767799984.jpg,https://www.siriusxm.com/player/channel-linear/entity/813d656c-9af5-7f51-bb48-d724327d9289
97548371-5133-a4c6-373f-801a18dc3237,channel-linear,Doctor Radio,110,Talk,Entertainment,"Real doctors, real people",aem/cd/cd0877031e5d2b26c9bc2d971dc27b2a_1699376047.jpeg,https://www.siriusxm.com/player/channel-linear/entity/97548371-5133-a4c6-373f-801a18dc3237
fc92713b-2006-4980-ef7c-e70f1da80427,channel-linear,The Megyn Kelly Channel,111,Talk,Politics/Issues,"Bold, no B.S. news",aem/13/13177ab0aeaced6584309c6d1c029331_1761830051.jpeg,https://www.siriusxm.com/player/channel-linear/entity/fc92713b-2006-4980-ef7c-e70f1da80427
2b6effb8-eb0e-7421-d7bb-d843a9ff3ce1,channel-linear,CNBC,112,News,News/Public Radio,CNBC Simulcast,if/7a/7a3b80ae2ebc36f8b97e64a5246ed1fe_1766823031.png,https://www.siriusxm.com/player/channel-linear/entity/2b6effb8-eb0e-7421-d7bb-d843a9ff3ce1
9a32cb1d-e158-5f34-79be-cbeaca00cd11,channel-linear,FOX Business,113,News,News/Public Radio,FOX Business Simulcast,aem/5c/5c587f4098dd47ea319d30ffbd246b09_1699375781.jpeg,https://www.siriusxm.com/player/channel-linear/entity/9a32cb1d-e158-5f34-79be-cbeaca00cd11
5f8894e9-d615-21d0-a114-ecd08e7fa75c,channel-linear,FOX News Channel,114,News,News/Public Radio,FOX News Simulcast,aem/ab/abc9057716107ed9dfc8c302c6b30cc1_1699375879.jpeg,https://www.siriusxm.com/player/channel-linear/entity/5f8894e9-d615-21d0-a114-ecd08e7fa75c
f4a5f723-128d-c383-1787-291d52f47020,channel-linear,FOX News Headlines 24/7,115,News,News/Public Radio,"FOX News Headlines, 24/7",aem/e1/e15d528cc3a68e24bdafc19796d2ffc4_1699375998.jpeg,https://www.siriusxm.com/player/channel-linear/entity/f4a5f723-128d-c383-1787-291d52f47020
3c7b2421-7ce4-0ecb-bc70-7f60f15d3d29,channel-linear,CNN,116,News,News/Public Radio,CNN Simulcast,aem/5c/5c62ac41f486c748a6c552b5c94fd121_1739203217.png,https://www.siriusxm.com/player/channel-linear/entity/3c7b2421-7ce4-0ecb-bc70-7f60f15d3d29
607c8262-bded-f7ce-97e7-2fb04457ce81,channel-linear,Sports 117,117,Sports,Other Play-by-Play,Sports Play-by-Play,if/0a/0a29a8dd6f0634ff96bb551b58bebf44_1745419969.jpeg,https://www.siriusxm.com/player/channel-linear/entity/607c8262-bded-f7ce-97e7-2fb04457ce81
95bffee3-e903-ca28-6332-1b94f41a8962,channel-linear,MS NOW,118,News,News/Public Radio,MS NOW simulcast,if/e1/e1bc914c61d7355fb81bda99aa1a99dd_1763210414.png,https://www.siriusxm.com/player/channel-linear/entity/95bffee3-e903-ca28-6332-1b94f41a8962
6c3df863-db7b-74c4-49c8-c2b202f3ffdf,channel-linear,PRX Remix,119,News,News/Public Radio,Independent Public Radio,aem/b0/b0f6fa33d96af24406fecb750fa3a4f1_1699375836.jpeg,https://www.siriusxm.com/player/channel-linear/entity/6c3df863-db7b-74c4-49c8-c2b202f3ffdf
93c1c9bd-3403-392c-9ae7-ae292b8bb052,channel-linear,BBC World Service,120,News,News/Public Radio,World News,if/c7/c7b7884e099c3023a71732f3531791cd_1756410667.jpg,https://www.siriusxm.com/player/channel-linear/entity/93c1c9bd-3403-392c-9ae7-ae292b8bb052
27adcf33-1681-9f00-2461-2129a2471abf,channel-linear,Bloomberg Radio,121,News,News/Public Radio,Business news,aem/b3/b3ebdbff033afd7576911b05383114b8_1724706265.jpeg,https://www.siriusxm.com/player/channel-linear/entity/27adcf33-1681-9f00-2461-2129a2471abf
22b6d419-0bc3-31f7-c9dd-53ca6c673d8c,channel-linear,NPR Now,122,News,News/Public Radio,NPR News & Conversation,if/27/27c0e0c7a3c1381c8d5ea301a4d26b08_1740583785.jpg,https://www.siriusxm.com/player/channel-linear/entity/22b6d419-0bc3-31f7-c9dd-53ca6c673d8c
bf022b5f-a52e-564e-c35b-4211126df403,channel-linear,Triumph,123,Talk,Entertainment,"Dr. Laura, Nancy Grace & more",if/d7/d71af36af01e33eda1784e61ce05461d_1753806826.png,https://www.siriusxm.com/player/channel-linear/entity/bf022b5f-a52e-564e-c35b-4211126df403
43993462-1c73-efb8-29e5-0c4652cf8e4f,channel-linear,POTUS Politics,124,Talk,Politics/Issues,Politics from all perspectives,if/c6/c6bb486e9e413c68b8caccd00c0d76c0_1753817319.jpg,https://www.siriusxm.com/player/channel-linear/entity/43993462-1c73-efb8-29e5-0c4652cf8e4f
6739babb-7975-e60e-1835-fbacd4bbd855,channel-linear,SiriusXM Patriot,125,Talk,Politics/Issues,Conservative talk,aem/2c/2c55362bfacfcf6bfd82184d50f09f4d_1699375761.jpeg,https://www.siriusxm.com/player/channel-linear/entity/6739babb-7975-e60e-1835-fbacd4bbd855
fb5bc33e-a51e-d1dd-d547-3d80e0b8324c,channel-linear,SiriusXM Urban View,126,Talk,Politics/Issues,Talk that empowers,aem/f7/f7e8726a88d59f268b0767340d85dc44_1699375713.jpeg,https://www.siriusxm.com/player/channel-linear/entity/fb5bc33e-a51e-d1dd-d547-3d80e0b8324c
fb452ece-ac0c-2236-780a-d85c72fbcc88,channel-linear,SiriusXM Progress,127,Talk,Politics/Issues,Progressive politics,aem/1d/1dafc6ab1f9acfec87660cae7501c620_1699376054.jpeg,https://www.siriusxm.com/player/channel-linear/entity/fb452ece-ac0c-2236-780a-d85c72fbcc88
635c7928-8df7-5677-c92a-4492be0d3bd8,channel-linear,Joel Osteen Radio,128,Talk,Entertainment,Messages of hope,aem/8d/8df2306337104a241dbbea43f8f3ac80_1699375724.jpeg,https://www.siriusxm.com/player/channel-linear/entity/635c7928-8df7-5677-c92a-4492be0d3bd8
88c59be1-adab-d9c1-ee63-05fdef54f094,channel-linear,The Catholic Channel,129,Talk,Religion,Talk for saints & sinners,if/25/25174468744637ccb0562c7b9ec7d83e_1747662747.jpg,https://www.siriusxm.com/player/channel-linear/entity/88c59be1-adab-d9c1-ee63-05fdef54f094
2692983c-1779-bca2-800c-76b8dd988ae8,channel-linear,EWTN Radio,130,Talk,Religion,Solid Catholic talk,aem/66/660de7826a09db4c783abe06431511bb_1699376053.jpeg,https://www.siriusxm.com/player/channel-linear/entity/2692983c-1779-bca2-800c-76b8dd988ae8
a078936b-043a-868c-3def-233ac0e49853,channel-linear,Family Talk,131,Talk,Religion,Christian talk radio,aem/25/25d369e00a3e0deb8c7f36b94bd52287_1699375444.jpeg,https://www.siriusxm.com/player/channel-linear/entity/a078936b-043a-868c-3def-233ac0e49853
9737bbee-364f-05f9-fe3f-392bbbf61850,channel-linear,Business Radio,132,Talk,Entertainment,"Your business, money & life",aem/ae/aea8f603dd7ee04723a4436a66fa8ade_1699375717.jpeg,https://www.siriusxm.com/player/channel-linear/entity/9737bbee-364f-05f9-fe3f-392bbbf61850
95cf8bf1-fc4e-76b9-ac2a-617dca0325e7,channel-linear,Disney Hits,133,Music,Family,The happiest channel on Earth,if/0c/0c4f95b9ecd831a9901257cded45a12d_1759982445.png,https://www.siriusxm.com/player/channel-linear/entity/95cf8bf1-fc4e-76b9-ac2a-617dca0325e7
5d6347dd-ce61-9b85-c1d9-70a82209b02e,channel-linear,Kids Place,134,Music,Family,Family-friendly music & more,if/c9/c9ace2fa84a53c2fbe9168c9dd0daaa5_1766165034.jpg,https://www.siriusxm.com/player/channel-linear/entity/5d6347dd-ce61-9b85-c1d9-70a82209b02e
d8a071ae-c656-bbdb-a4ec-cbc1d71b2740,channel-linear,KIDZ BOP Radio,135,Music,Family,Pop hits sung by kids for kids,if/eb/eb712ffedcbb31c7b5b581c677b0ac4c_1753989414.jpg,https://www.siriusxm.com/player/channel-linear/entity/d8a071ae-c656-bbdb-a4ec-cbc1d71b2740
3f21599e-f0e6-54f9-dbf2-6122bef705ad,channel-linear,CoComelon & Friends,136,Music,Family,"Laugh, learn & grow w/ Moonbug",if/73/735c0a25698634fb9890e59d9a263942_1769634450.jpg,https://www.siriusxm.com/player/channel-linear/entity/3f21599e-f0e6-54f9-dbf2-6122bef705ad
8a8c1985-9f45-6a05-73fa-347ec377da20,channel-linear,Sports 137,137,Sports,Other Play-by-Play,Sports Play-by-Play,if/96/9679d1ab107c3e3cb5a284d14db94915_1745419966.jpeg,https://www.siriusxm.com/player/channel-linear/entity/8a8c1985-9f45-6a05-73fa-347ec377da20
2d5ae44e-8b8c-0472-d109-a18f09e076b5,channel-linear,Sports 138,138,Sports,Other Play-by-Play,Sports Play-by-Play,if/87/8787bbdf315f3c518126170d3157d387_1745419965.jpeg,https://www.siriusxm.com/player/channel-linear/entity/2d5ae44e-8b8c-0472-d109-a18f09e076b5
aed2b89f-1a2c-8a8a-9601-378ddeb43adb,channel-linear,Sports 139,139,Sports,Other Play-by-Play,Sports Play-by-Play,if/22/227e3c0deb483f498d0e8d01cfdf439f_1745419957.jpeg,https://www.siriusxm.com/player/channel-linear/entity/aed2b89f-1a2c-8a8a-9601-378ddeb43adb
87dba34f-e68a-f241-bc4d-34647f1a61c9,channel-linear,Holy Culture Radio,140,Music,Canada & More,Christian hip-hop music & talk,aem/10/1029564729a3308c694c4e2044e7843c_1699376064.jpeg,https://www.siriusxm.com/player/channel-linear/entity/87dba34f-e68a-f241-bc4d-34647f1a61c9
15c78a20-48ff-41f2-aa4e-d0da15455c24,channel-linear,HUR Voices,141,Talk,More Talk,"HUR Voices, for the people",aem/1f/1f533bd15c1ead1c8c16b6b11f7fdb92_1699375225.jpeg,https://www.siriusxm.com/player/channel-linear/entity/15c78a20-48ff-41f2-aa4e-d0da15455c24
8261e004-8a69-47cd-317a-bcf1fbb05bca,channel-linear,HBCU,142,Talk,More Talk,HBCU excellence in education,aem/bd/bdcce534ca456d8144a07b4efb702b50_1699375546.jpeg,https://www.siriusxm.com/player/channel-linear/entity/8261e004-8a69-47cd-317a-bcf1fbb05bca
ffbdc12f-4ed9-0896-af68-a1353b5f0b7b,channel-linear,BYUradio,143,Talk,More Talk,Together,aem/8d/8d644a979154e7a1bc808dfa412771a1_1699375940.jpeg,https://www.siriusxm.com/player/channel-linear/entity/ffbdc12f-4ed9-0896-af68-a1353b5f0b7b
bf819115-9d0d-c4fe-3f2b-bec9cb58ee9e,channel-linear,Korea Today,144,Talk,More Talk,Korean Music & News,aem/0b/0b851c8dc0410b198c2913e82027510f_1699375325.jpeg,https://www.siriusxm.com/player/channel-linear/entity/bf819115-9d0d-c4fe-3f2b-bec9cb58ee9e
51c76a31-795d-1cac-bc97-bf11b9fb72b4,channel-linear,SLAM Radio,145,Talk,More Talk,Sports and entertainment talk,if/b7/b773f74ffa99319a841b039ea2d33e97_1752177179.jpeg,https://www.siriusxm.com/player/channel-linear/entity/51c76a31-795d-1cac-bc97-bf11b9fb72b4
01305215-db22-2cdc-7eaf-ca12c60a2643,channel-linear,Road Dog Trucking,146,Talk,Entertainment,Trucking news and talk,aem/f7/f710a576761e94628ee4395035eab067_1699375305.jpeg,https://www.siriusxm.com/player/channel-linear/entity/01305215-db22-2cdc-7eaf-ca12c60a2643
691c32ca-de5c-49c2-fa10-e2c2fc83ed21,channel-linear,RURAL Radio,147,News,News/Public Radio,Ag news & rural lifestyle,if/43/430f2dfe4bd830cf865b05fb1886c1fa_1772547555.png,https://www.siriusxm.com/player/channel-linear/entity/691c32ca-de5c-49c2-fa10-e2c2fc83ed21
6ce53b6e-fef9-ab81-e5e3-1e100e8a5e84,channel-linear,Radio Classics,148,Talk,Entertainment,Classic radio dramas & comedy,aem/6c/6cc9370733aacd15b393c8cf750f7923_1722985416.jpeg,https://www.siriusxm.com/player/channel-linear/entity/6ce53b6e-fef9-ab81-e5e3-1e100e8a5e84
ab3ef743-4a2d-f67b-ea13-283843b3cfb5,channel-linear,Escape,149,Music,Jazz/Standards/Classical,24/7 easy listening music,aem/8f/8f5ac49597603d5c923186302f11a11f_1699375963.jpeg,https://www.siriusxm.com/player/channel-linear/entity/ab3ef743-4a2d-f67b-ea13-283843b3cfb5
8a38c48f-9f99-17ce-8a62-435eecf51ab0,channel-linear,Bill Gaither's enLighten,150,Music,Christian,Southern gospel,if/b3/b388c406ca6930cba3ad840af7b98a2b_1765947604.jpg,https://www.siriusxm.com/player/channel-linear/entity/8a38c48f-9f99-17ce-8a62-435eecf51ab0
d17d9b5a-2577-1241-b7f0-efac03348b78,channel-linear,Hits Uno,151,Music,Latino,Today's Latin hits (explicit),aem/c5/c570b336b0e92bef44e494bb291358a1_1732039969.jpeg,https://www.siriusxm.com/player/channel-linear/entity/d17d9b5a-2577-1241-b7f0-efac03348b78
53b80144-2cb1-e723-07fd-6b164434b186,channel-linear,Caliente,152,Music,Latino,Tropical Latin hits,aem/85/85f1f8332b4c0bcd9a4a9bd3d4cea3b7_1699375595.jpeg,https://www.siriusxm.com/player/channel-linear/entity/53b80144-2cb1-e723-07fd-6b164434b186
23771c8c-4631-0fa1-2038-b793bc7e404b,channel-linear,Águila,153,Music,Latino,Regional Mexican music,if/a2/a2907c37ebd03aa598a1772fc8265e59_1758321812.jpg,https://www.siriusxm.com/player/channel-linear/entity/23771c8c-4631-0fa1-2038-b793bc7e404b
1a649e3b-6686-77fc-6ccb-7184feb7bd85,channel-linear,En Vivo,154,Music,Latino,Where Latin music is born,aem/cc/cc17a2b8df669603574e86e00dddbe41_1699375841.jpeg,https://www.siriusxm.com/player/channel-linear/entity/1a649e3b-6686-77fc-6ccb-7184feb7bd85
19279890-ebb6-0ed6-0408-8d19a98f9039,channel-linear,Latin Vault,155,Music,Latino,Latin sounds of yesterday,aem/2a/2a6b3fa1f7816ca7bc3c81e5772d9885_1699419929.jpeg,https://www.siriusxm.com/player/channel-linear/entity/19279890-ebb6-0ed6-0408-8d19a98f9039
098425c8-142d-9ee9-3d45-bc5f7b284bd4,channel-linear,Pro Wrestling Nation 24/7,156,Sports,Sports Talk,"Pro wrestling, all the time",if/49/49ccaff95ccb3508894d7bfd5707aa43_1750870936.png,https://www.siriusxm.com/player/channel-linear/entity/098425c8-142d-9ee9-3d45-bc5f7b284bd4
2f7441a4-0d18-43ff-a574-e98217c28f4a,channel-linear,SiriusXM FC,157,Sports,Sports Talk,24/7 soccer talk & live matches,aem/1f/1f02078c905fcff92c3fff51c5cf3a00_1732040028.jpeg,https://www.siriusxm.com/player/channel-linear/entity/2f7441a4-0d18-43ff-a574-e98217c28f4a
53083b46-7b29-3903-222a-3350e42eff68,channel-linear,SiriusXM FC,157,Sports,Sports Talk,24/7 soccer talk & live matches,aem/06/067a555f82cbe38cf775247da6e08a79_1699376257.jpeg,https://www.siriusxm.com/player/channel-linear/entity/53083b46-7b29-3903-222a-3350e42eff68
771e64b7-b469-2b4f-51a7-333f940b859a,channel-linear,VSiN,158,Sports,Sports Talk,Sports betting talk 24-7,aem/75/759d111da92b7a8e0481eb3b3d6a8fa2_1736356457.jpeg,https://www.siriusxm.com/player/channel-linear/entity/771e64b7-b469-2b4f-51a7-333f940b859a
4bb24d10-ad5f-6fd8-4ddc-b326871775d6,channel-linear,Sports 160,160,Sports,Other Play-by-Play,Sports Play-by-Play,if/7b/7b644396748d3e38af85cfd74d3bfdf6_1745419950.jpeg,https://www.siriusxm.com/player/channel-linear/entity/4bb24d10-ad5f-6fd8-4ddc-b326871775d6
4b2a853c-baab-985b-0d1e-eba05fb0709c,channel-linear,Sports 161,161,Sports,Other Play-by-Play,Sports Play-by-Play,if/e7/e722e4e040313de18cb643d9062c8f0e_1745419940.jpeg,https://www.siriusxm.com/player/channel-linear/entity/4b2a853c-baab-985b-0d1e-eba05fb0709c
b8e40be1-3ebd-d5fc-dabb-d0e88919564e,channel-linear,Sports 162,162,Sports,Other Play-by-Play,Sports Play-by-Play,if/4e/4eb669d9544134baa498e0450d48e538_1745419944.jpeg,https://www.siriusxm.com/player/channel-linear/entity/b8e40be1-3ebd-d5fc-dabb-d0e88919564e
5f35c1e2-2fcd-8bb9-2770-02dacce34c99,channel-linear,Attitude Franco,163,Music,Canada & More,Everything in French Rock,aem/d3/d39afd947957bb8603c218ba3ef0ffb8_1699375618.jpeg,https://www.siriusxm.com/player/channel-linear/entity/5f35c1e2-2fcd-8bb9-2770-02dacce34c99
01675bf6-1d35-d05f-2e73-0a750694aa6d,channel-linear,Mixtape: North,164,Music,Canada & More,Canadian hip-hop (explicit),aem/85/855c936168d43c5dfe4f6b4330b5783a_1699375966.jpeg,https://www.siriusxm.com/player/channel-linear/entity/01675bf6-1d35-d05f-2e73-0a750694aa6d
cfa7a7a4-b998-2d96-aba5-c5e988d4726d,channel-linear,The Indigiverse,165,Music,Canada & More,Music & news from Turtle Island,aem/de/def9dad39ef20baf8090f856b55eb6f0_1699375665.jpeg,https://www.siriusxm.com/player/channel-linear/entity/cfa7a7a4-b998-2d96-aba5-c5e988d4726d
fdb3a2d1-dc33-16c6-4ccf-86d522b21f3e,channel-linear,Racines Musicales,166,Music,Canada & More,Homegrown music from the heart,aem/16/16aea3fa2d3f6e49004f0111fac46521_1699375457.jpeg,https://www.siriusxm.com/player/channel-linear/entity/fdb3a2d1-dc33-16c6-4ccf-86d522b21f3e
54f4144b-13f6-4e4c-3d4b-3d9f6f766e27,channel-linear,Canada Talks,167,Talk,Canadian Talk,Canadian current affairs,aem/0c/0c6530571f92fd086421864bb5347b15_1699375936.jpeg,https://www.siriusxm.com/player/channel-linear/entity/54f4144b-13f6-4e4c-3d4b-3d9f6f766e27
ad78ffbd-6cbd-e19e-27c5-043649ef4e8e,channel-linear,SiriusXM Comedy Club,168,Talk,Canadian Talk,Premier comedy (explicit),aem/d5/d5b491c1aa2d6fea803f4f7ed3c7bbd3_1707847417.jpeg,https://www.siriusxm.com/player/channel-linear/entity/ad78ffbd-6cbd-e19e-27c5-043649ef4e8e
e2cc6149-5716-4324-2537-4cce09d9b09c,channel-linear,CBC Radio One,169,Talk,Canadian Talk,Canada's #1 Radio News Source,aem/23/23776ff93ffc7a4f3767502885c44a22_1700154639.jpeg,https://www.siriusxm.com/player/channel-linear/entity/e2cc6149-5716-4324-2537-4cce09d9b09c
32c45f24-14ee-6f33-e79d-d859ff1627a4,channel-linear,ICI Première,170,Talk,Canadian Talk,Radio-Canada News & Info,aem/d8/d81facb4906186ed9cc3a6892e07639d_1699376166.jpeg,https://www.siriusxm.com/player/channel-linear/entity/32c45f24-14ee-6f33-e79d-d859ff1627a4
60035cea-1181-5b91-4c33-ba63663a37e2,channel-linear,Top of the Country Radio,171,Music,Canada & More,Country from across Canada,aem/4f/4f9f58b387c6f4a132d94b8c4f60c02d_1699375238.jpeg,https://www.siriusxm.com/player/channel-linear/entity/60035cea-1181-5b91-4c33-ba63663a37e2
270b52d0-fde5-2372-6e48-e890fbac3d14,channel-linear,SiriusXM Scoreboard,172,Sports,Sports Talk,Scores & info from top leagues,aem/ba/bae2d5ddb9efc4ecaec2c6081486c27e_1732040028.jpeg,https://www.siriusxm.com/player/channel-linear/entity/270b52d0-fde5-2372-6e48-e890fbac3d14
d0775651-a522-5ca2-7be7-20f97f37bbfb,channel-linear,The Verge,173,Music,Canada & More,New & Emerging Indie/Alt-Rock,aem/77/77ffc216030bf5daa59b05e68f3d0bf5_1699375621.jpeg,https://www.siriusxm.com/player/channel-linear/entity/d0775651-a522-5ca2-7be7-20f97f37bbfb
b9ee6786-80aa-51c7-1449-64a1484d7cc7,channel-linear,Influence Franco,174,Music,Canada & More,The new indie pop alternative,aem/a4/a4411b85983d021cb2a678c7abc42ac0_1699375636.jpeg,https://www.siriusxm.com/player/channel-linear/entity/b9ee6786-80aa-51c7-1449-64a1484d7cc7
de3c28e3-77ab-7b31-3a82-4800443be554,channel-linear,MLB 175,175,Sports,MLB Play-by-Play,null,if/e8/e89c4369d802370fa6307a8af2e61a8f_1745419964.jpeg,https://www.siriusxm.com/player/channel-linear/entity/de3c28e3-77ab-7b31-3a82-4800443be554
cfe2b23d-ca09-126b-d642-4b08d8b611e6,channel-linear,MLB 176,176,Sports,MLB Play-by-Play,null,if/e8/e89c4369d802370fa6307a8af2e61a8f_1745419947.jpeg,https://www.siriusxm.com/player/channel-linear/entity/cfe2b23d-ca09-126b-d642-4b08d8b611e6
5c7eff5d-2898-5ce1-a83d-f442b12e4e37,channel-linear,MLB 177,177,Sports,MLB Play-by-Play,null,if/e8/e89c4369d802370fa6307a8af2e61a8f_1745419935.jpeg,https://www.siriusxm.com/player/channel-linear/entity/5c7eff5d-2898-5ce1-a83d-f442b12e4e37
e86bb634-ed7b-c96e-1d11-a9bf89c022b1,channel-linear,MLB 178,178,Sports,MLB Play-by-Play,null,if/e8/e89c4369d802370fa6307a8af2e61a8f_1745419943.jpeg,https://www.siriusxm.com/player/channel-linear/entity/e86bb634-ed7b-c96e-1d11-a9bf89c022b1
1a9f7fc2-8ccb-0378-fde2-4cd35b7d5c38,channel-linear,MLB 179,179,Sports,MLB Play-by-Play,null,if/e8/e89c4369d802370fa6307a8af2e61a8f_1745419956.jpeg,https://www.siriusxm.com/player/channel-linear/entity/1a9f7fc2-8ccb-0378-fde2-4cd35b7d5c38
246a634f-cccb-6fbc-742a-06cdddc61d6b,channel-linear,MLB 180,180,Sports,MLB Play-by-Play,null,if/e8/e89c4369d802370fa6307a8af2e61a8f_1745419932.jpeg,https://www.siriusxm.com/player/channel-linear/entity/246a634f-cccb-6fbc-742a-06cdddc61d6b
649e042a-4180-aa34-8b5a-ff48ba3e5626,channel-linear,MLB 181,181,Sports,MLB Play-by-Play,null,if/e8/e89c4369d802370fa6307a8af2e61a8f_1745419955.jpeg,https://www.siriusxm.com/player/channel-linear/entity/649e042a-4180-aa34-8b5a-ff48ba3e5626
a8b583fa-115c-833e-1ebf-e70b5f7720a5,channel-linear,MLB 182,182,Sports,MLB Play-by-Play,null,if/e8/e89c4369d802370fa6307a8af2e61a8f_1745419930.jpeg,https://www.siriusxm.com/player/channel-linear/entity/a8b583fa-115c-833e-1ebf-e70b5f7720a5
794cf425-9eb2-1d03-1341-c795b464c811,channel-linear,MLB 183,183,Sports,MLB Play-by-Play,null,if/e8/e89c4369d802370fa6307a8af2e61a8f_1745419965.jpeg,https://www.siriusxm.com/player/channel-linear/entity/794cf425-9eb2-1d03-1341-c795b464c811
eafd5b3a-1dc3-f9c5-3647-8cd5bb0539d1,channel-linear,MLB 184,184,Sports,MLB Play-by-Play,null,if/e8/e89c4369d802370fa6307a8af2e61a8f_1745419960.jpeg,https://www.siriusxm.com/player/channel-linear/entity/eafd5b3a-1dc3-f9c5-3647-8cd5bb0539d1
c8f3e18f-aaff-e75f-450a-9a09d365d06e,channel-linear,MLB 185,185,Sports,MLB Play-by-Play,null,if/e8/e89c4369d802370fa6307a8af2e61a8f_1745419941.jpeg,https://www.siriusxm.com/player/channel-linear/entity/c8f3e18f-aaff-e75f-450a-9a09d365d06e
30a56205-1d20-3e2b-527e-4481188e9297,channel-linear,MLB 186,186,Sports,MLB Play-by-Play,null,if/e8/e89c4369d802370fa6307a8af2e61a8f_1745419938.jpeg,https://www.siriusxm.com/player/channel-linear/entity/30a56205-1d20-3e2b-527e-4481188e9297
4a001088-754b-e647-3643-780fff3d6540,channel-linear,MLB 187,187,Sports,MLB Play-by-Play,null,if/e8/e89c4369d802370fa6307a8af2e61a8f_1745419941.jpeg,https://www.siriusxm.com/player/channel-linear/entity/4a001088-754b-e647-3643-780fff3d6540
7ab4f707-9187-e18b-9f3b-42506e327f85,channel-linear,MLB 188,188,Sports,MLB Play-by-Play,null,if/e8/e89c4369d802370fa6307a8af2e61a8f_1745419961.jpeg,https://www.siriusxm.com/player/channel-linear/entity/7ab4f707-9187-e18b-9f3b-42506e327f85
ef0cae3e-91b3-e5b1-c876-3e991439ca39,channel-linear,MLB 189,189,Sports,MLB Play-by-Play,null,if/e8/e89c4369d802370fa6307a8af2e61a8f_1745419948.jpeg,https://www.siriusxm.com/player/channel-linear/entity/ef0cae3e-91b3-e5b1-c876-3e991439ca39
7aaf666b-4284-c899-dfb4-e351a04e917c,channel-linear,SEC 190,190,Sports,College Play-by-Play,null,if/0e/0e560aa0c54538aab0d20d5afe2ed2a4_1745419949.jpeg,https://www.siriusxm.com/player/channel-linear/entity/7aaf666b-4284-c899-dfb4-e351a04e917c
94053092-9c05-3e2c-748c-168168b00c65,channel-linear,SEC 191,191,Sports,College Play-by-Play,null,if/0e/0e560aa0c54538aab0d20d5afe2ed2a4_1745419935.jpeg,https://www.siriusxm.com/player/channel-linear/entity/94053092-9c05-3e2c-748c-168168b00c65
6b8ece51-dcc9-93e8-583e-9d50924569de,channel-linear,SEC 192,192,Sports,College Play-by-Play,null,if/0e/0e560aa0c54538aab0d20d5afe2ed2a4_1745419939.jpeg,https://www.siriusxm.com/player/channel-linear/entity/6b8ece51-dcc9-93e8-583e-9d50924569de
f4eb13d6-dcf6-14fa-296a-1e7df034de43,channel-linear,ACC 193,193,Sports,College Play-by-Play,null,if/d4/d448685575e438eea7889ae893551172_1745419934.jpeg,https://www.siriusxm.com/player/channel-linear/entity/f4eb13d6-dcf6-14fa-296a-1e7df034de43
dda52bfc-2584-b49d-ba2f-45b0e5eb1989,channel-linear,ACC 194,194,Sports,College Play-by-Play,null,if/d4/d448685575e438eea7889ae893551172_1745419946.jpeg,https://www.siriusxm.com/player/channel-linear/entity/dda52bfc-2584-b49d-ba2f-45b0e5eb1989
c75f794d-cce7-5d9a-7498-1f111821c9a5,channel-linear,Big Ten 195,195,Sports,College Play-by-Play,null,if/42/42f0b63297f035b8b711dd4489887435_1745419934.jpeg,https://www.siriusxm.com/player/channel-linear/entity/c75f794d-cce7-5d9a-7498-1f111821c9a5
5549a4a3-e79c-85c9-ab84-a50e512b6178,channel-linear,Big Ten 196,196,Sports,College Play-by-Play,null,if/42/42f0b63297f035b8b711dd4489887435_1745419963.jpeg,https://www.siriusxm.com/player/channel-linear/entity/5549a4a3-e79c-85c9-ab84-a50e512b6178
b2e99e54-2105-cf9b-14b2-5d0a01c80b06,channel-linear,Big Ten 197,197,Sports,College Play-by-Play,null,if/42/42f0b63297f035b8b711dd4489887435_1745419952.jpeg,https://www.siriusxm.com/player/channel-linear/entity/b2e99e54-2105-cf9b-14b2-5d0a01c80b06
d59c36c7-c641-4659-8187-ef645707eabb,channel-linear,Big 12 198,198,Sports,College Play-by-Play,null,if/1c/1c43185696493923b155d23cb3b64a6a_1745419967.jpeg,https://www.siriusxm.com/player/channel-linear/entity/d59c36c7-c641-4659-8187-ef645707eabb
f4141686-6a9a-3ad9-e4b4-2bc95fb205f0,channel-linear,Big 12 199,199,Sports,College Play-by-Play,null,if/e1/e1c297fe834632c08e06d70eda8382a2_1745419970.jpeg,https://www.siriusxm.com/player/channel-linear/entity/f4141686-6a9a-3ad9-e4b4-2bc95fb205f0
05cd193e-f83a-df40-54ae-e3376a748990,channel-linear,Big 12 200,200,Sports,College Play-by-Play,null,if/e1/e1c297fe834632c08e06d70eda8382a2_1745419958.jpeg,https://www.siriusxm.com/player/channel-linear/entity/05cd193e-f83a-df40-54ae-e3376a748990
5037b827-6b4a-c732-e4d9-894705ff7639,channel-linear,Sports 201,201,Sports,Other Play-by-Play,null,if/13/131708dcfec634ad88e904e49200789a_1745419945.jpeg,https://www.siriusxm.com/player/channel-linear/entity/5037b827-6b4a-c732-e4d9-894705ff7639
6c864847-91b5-6b5d-8fe5-3cb814fe27bc,channel-linear,Sports 202,202,Sports,Other Play-by-Play,null,if/f3/f3600a338da5360995cfe557c45dadb9_1745419939.jpeg,https://www.siriusxm.com/player/channel-linear/entity/6c864847-91b5-6b5d-8fe5-3cb814fe27bc
35d78cff-95d1-487b-6949-a41be0d34306,channel-linear,Sports 203,203,Sports,Other Play-by-Play,null,if/ef/efc03aa6862737ed93538631feca510d_1745419969.jpeg,https://www.siriusxm.com/player/channel-linear/entity/35d78cff-95d1-487b-6949-a41be0d34306
a620a156-59ad-b1e3-dce8-505e59732713,channel-linear,Sports 204,204,Sports,Other Play-by-Play,null,if/e0/e05877037a233a01b9d815d0f5a1b9dd_1745419942.jpeg,https://www.siriusxm.com/player/channel-linear/entity/a620a156-59ad-b1e3-dce8-505e59732713
8bb9d2d6-95c9-cebf-de23-f87b87ed286d,channel-linear,Sports 205,205,Sports,Other Play-by-Play,null,if/6d/6d32126931513c31844ea7ada85e2266_1745419937.jpeg,https://www.siriusxm.com/player/channel-linear/entity/8bb9d2d6-95c9-cebf-de23-f87b87ed286d
a19b6f72-f59a-53bf-24c4-89efbf11b386,channel-linear,Sports 206,206,Sports,Other Play-by-Play,null,if/19/1902bdc334c335fa83c4ae13b47123ac_1745419959.jpeg,https://www.siriusxm.com/player/channel-linear/entity/a19b6f72-f59a-53bf-24c4-89efbf11b386
39d98324-4d15-dc24-59bd-4f0143df617f,channel-linear,Sports 207,207,Sports,Other Play-by-Play,null,if/71/71be7fd849a936918fdd702deccfcd54_1745419968.jpeg,https://www.siriusxm.com/player/channel-linear/entity/39d98324-4d15-dc24-59bd-4f0143df617f
768b95df-383d-53d0-23f8-ed0739ea1627,channel-linear,Sports 208,208,Sports,Other Play-by-Play,null,if/f3/f37bf273e44f315698bba865fb1b0493_1745419958.jpeg,https://www.siriusxm.com/player/channel-linear/entity/768b95df-383d-53d0-23f8-ed0739ea1627
634afbc9-06c5-9b28-bdb4-375fa610c4da,channel-linear,Sports 209,209,Sports,Other Play-by-Play,null,if/42/428964de497c31dc92c6fe2a042ad763_1745419967.jpeg,https://www.siriusxm.com/player/channel-linear/entity/634afbc9-06c5-9b28-bdb4-375fa610c4da
600670d2-90a3-3fd4-b6e8-17ef6356c5ed,channel-linear,Sports 210,210,Sports,Other Play-by-Play,null,if/d5/d57981eab1883d3ab6ce24da0188be34_1745419929.jpeg,https://www.siriusxm.com/player/channel-linear/entity/600670d2-90a3-3fd4-b6e8-17ef6356c5ed
cc6f83fb-c748-86b8-df0e-91012dbaaed5,channel-linear,Sports 211,211,Sports,Other Play-by-Play,null,if/e5/e5c65db17f6e3a029fffb07d0e137658_1745419944.jpeg,https://www.siriusxm.com/player/channel-linear/entity/cc6f83fb-c748-86b8-df0e-91012dbaaed5
a9c5a51f-be7b-0ea6-67b8-9f9081051f58,channel-linear,NBA 212,212,Sports,NBA Play-by-Play,null,if/df/df78176c5b47373495b1996d5c9ef5e8_1745419963.jpeg,https://www.siriusxm.com/player/channel-linear/entity/a9c5a51f-be7b-0ea6-67b8-9f9081051f58
7f150ae0-345b-dcac-ea7a-6f83283e9478,channel-linear,NBA 213,213,Sports,NBA Play-by-Play,null,if/df/df78176c5b47373495b1996d5c9ef5e8_1745419962.jpeg,https://www.siriusxm.com/player/channel-linear/entity/7f150ae0-345b-dcac-ea7a-6f83283e9478
d8975cb4-2619-3f26-d17e-2540672f11ea,channel-linear,NBA 214,214,Sports,NBA Play-by-Play,null,if/df/df78176c5b47373495b1996d5c9ef5e8_1745419966.jpeg,https://www.siriusxm.com/player/channel-linear/entity/d8975cb4-2619-3f26-d17e-2540672f11ea
9770f0cd-8217-e41b-f762-01e2fd4fea80,channel-linear,NBA 215,215,Sports,NBA Play-by-Play,null,if/df/df78176c5b47373495b1996d5c9ef5e8_1745419932.jpeg,https://www.siriusxm.com/player/channel-linear/entity/9770f0cd-8217-e41b-f762-01e2fd4fea80
040087d6-6030-47ce-59c5-56b614a9e8d2,channel-linear,NBA 216,216,Sports,NBA Play-by-Play,null,if/df/df78176c5b47373495b1996d5c9ef5e8_1745419952.jpeg,https://www.siriusxm.com/player/channel-linear/entity/040087d6-6030-47ce-59c5-56b614a9e8d2
fe4c06c3-6e5f-9766-9e26-94b6739dd2e5,channel-linear,NBA 217,217,Sports,NBA Play-by-Play,null,if/df/df78176c5b47373495b1996d5c9ef5e8_1745419943.jpeg,https://www.siriusxm.com/player/channel-linear/entity/fe4c06c3-6e5f-9766-9e26-94b6739dd2e5
047ca775-d9c4-ef78-2cfa-185f407d8233,channel-linear,SiriusXM INDYCAR Nation,218,Sports,Other Play-by-Play,INDYCAR talk & live races,aem/f9/f9bd1867285b1690c491ae672ad7979e_1715635385.jpeg,https://www.siriusxm.com/player/channel-linear/entity/047ca775-d9c4-ef78-2cfa-185f407d8233
4a5cde15-48d5-3ec1-48e4-b510c1cd11b3,channel-linear,NHL 219,219,Sports,NHL Play-by-Play,null,if/06/06d583231a343848b6f5dcc53a4c5018_1745419947.jpeg,https://www.siriusxm.com/player/channel-linear/entity/4a5cde15-48d5-3ec1-48e4-b510c1cd11b3
303eec03-5a87-2ba6-8c10-2454dad1e3e5,channel-linear,NHL 220,220,Sports,NHL Play-by-Play,null,if/06/06d583231a343848b6f5dcc53a4c5018_1745419942.jpeg,https://www.siriusxm.com/player/channel-linear/entity/303eec03-5a87-2ba6-8c10-2454dad1e3e5
41071882-0a3e-9a4a-d98f-d583002e96b4,channel-linear,NHL 221,221,Sports,NHL Play-by-Play,null,if/06/06d583231a343848b6f5dcc53a4c5018_1745419955.jpeg,https://www.siriusxm.com/player/channel-linear/entity/41071882-0a3e-9a4a-d98f-d583002e96b4
eea58001-5e9d-f564-465c-3301be0b3304,channel-linear,NHL 222,222,Sports,NHL Play-by-Play,null,if/06/06d583231a343848b6f5dcc53a4c5018_1745419960.jpeg,https://www.siriusxm.com/player/channel-linear/entity/eea58001-5e9d-f564-465c-3301be0b3304
7e847845-3f04-cb56-6640-c6e436bd2b44,channel-linear,NHL 223,223,Sports,NHL Play-by-Play,null,if/06/06d583231a343848b6f5dcc53a4c5018_1745419956.jpeg,https://www.siriusxm.com/player/channel-linear/entity/7e847845-3f04-cb56-6640-c6e436bd2b44
e88de433-b610-76b6-6d61-81d4547617c6,channel-linear,NFL 225,225,Sports,NFL Play-by-Play,null,if/2f/2f2b38ba38683c1c9b4be859a80a918d_1745419940.jpeg,https://www.siriusxm.com/player/channel-linear/entity/e88de433-b610-76b6-6d61-81d4547617c6
00c117a0-a5bd-a21d-8a3c-63c0755a9887,channel-linear,NFL 226,226,Sports,NFL Play-by-Play,null,if/2f/2f2b38ba38683c1c9b4be859a80a918d_1745419964.jpeg,https://www.siriusxm.com/player/channel-linear/entity/00c117a0-a5bd-a21d-8a3c-63c0755a9887
8c05f89f-985b-0a5a-fca0-bc7af1b92a80,channel-linear,NFL 227,227,Sports,NFL Play-by-Play,null,if/2f/2f2b38ba38683c1c9b4be859a80a918d_1745419938.jpeg,https://www.siriusxm.com/player/channel-linear/entity/8c05f89f-985b-0a5a-fca0-bc7af1b92a80
74e0443d-19bb-0c51-7a21-bf65267092fa,channel-linear,NFL 228,228,Sports,NFL Play-by-Play,null,if/2f/2f2b38ba38683c1c9b4be859a80a918d_1745419936.jpeg,https://www.siriusxm.com/player/channel-linear/entity/74e0443d-19bb-0c51-7a21-bf65267092fa
9fd2ecbe-0b03-f029-83db-4d204f00bbc7,channel-linear,NFL 229,229,Sports,NFL Play-by-Play,null,if/2f/2f2b38ba38683c1c9b4be859a80a918d_1745419948.jpeg,https://www.siriusxm.com/player/channel-linear/entity/9fd2ecbe-0b03-f029-83db-4d204f00bbc7
2539e5e0-a557-9db5-912c-8e6b12084b78,channel-linear,NFL 230,230,Sports,NFL Play-by-Play,null,if/2f/2f2b38ba38683c1c9b4be859a80a918d_1745419930.jpeg,https://www.siriusxm.com/player/channel-linear/entity/2539e5e0-a557-9db5-912c-8e6b12084b78
631d4773-d6af-c491-ed77-5176ad9807a9,channel-linear,NFL 231,231,Sports,NFL Play-by-Play,null,if/2f/2f2b38ba38683c1c9b4be859a80a918d_1745419936.jpeg,https://www.siriusxm.com/player/channel-linear/entity/631d4773-d6af-c491-ed77-5176ad9807a9
144a3caf-7c7e-e3c4-c0f4-fe5d4f3d0939,channel-linear,NFL 232,232,Sports,NFL Play-by-Play,null,if/2f/2f2b38ba38683c1c9b4be859a80a918d_1745419951.jpeg,https://www.siriusxm.com/player/channel-linear/entity/144a3caf-7c7e-e3c4-c0f4-fe5d4f3d0939
8a2c95c0-0f96-2975-776e-fbe4a21d3a27,channel-linear,NFL 233,233,Sports,NFL Play-by-Play,null,if/2f/2f2b38ba38683c1c9b4be859a80a918d_1745419953.jpeg,https://www.siriusxm.com/player/channel-linear/entity/8a2c95c0-0f96-2975-776e-fbe4a21d3a27
9d65d4ef-eb12-09cf-694f-d02160743681,channel-linear,NFL 234,234,Sports,NFL Play-by-Play,null,if/2f/2f2b38ba38683c1c9b4be859a80a918d_1745419968.jpeg,https://www.siriusxm.com/player/channel-linear/entity/9d65d4ef-eb12-09cf-694f-d02160743681
75985640-e351-dddf-79eb-454cbc826377,channel-linear,Test Channel 244,244,Music,Canada & More,Test Channel 244,null,https://www.siriusxm.com/player/channel-linear/entity/75985640-e351-dddf-79eb-454cbc826377
d831e944-f46e-8a8b-a04d-41ef5acce739,channel-linear,Test Channel 252,252,Music,Canada & More,Test Channel 252,null,https://www.siriusxm.com/player/channel-linear/entity/d831e944-f46e-8a8b-a04d-41ef5acce739
4c97d095-b8c1-162a-9d72-0c7c16f458bf,channel-linear,SiriusXM Hits 1,257,Music,Pop,"Pop hits, now to next",if/33/33ae2cd503883689a7bb5baa6b69be82_1761059145.png,https://www.siriusxm.com/player/channel-linear/entity/4c97d095-b8c1-162a-9d72-0c7c16f458bf
2caaf183-6bd3-ac52-e60f-c8383c6f78d7,channel-linear,80s on 8,258,Music,Pop,Pop hits from the MTV era,if/99/9900d338371332428e1f3f123b715621_1750168268.jpg,https://www.siriusxm.com/player/channel-linear/entity/2caaf183-6bd3-ac52-e60f-c8383c6f78d7
347314bb-0416-7ef3-2673-af6e96a1a0b5,channel-linear,90s on 9,259,Music,Pop,Pop hits from the 90s,if/a3/a362879cf0ef3ba197c429fc6ffc2c4b_1752244418.jpg,https://www.siriusxm.com/player/channel-linear/entity/347314bb-0416-7ef3-2673-af6e96a1a0b5
f0009e1b-32a4-a10e-bbe1-442ecb3986e5,channel-linear,Pop2K,260,Music,Pop,2000s pop hits,if/3f/3f11c09fff523b75a099fdb08c410411_1750168250.jpg,https://www.siriusxm.com/player/channel-linear/entity/f0009e1b-32a4-a10e-bbe1-442ecb3986e5
2ed60707-282d-2d28-116c-41d7eddeacbf,channel-linear,The 10s Spot,261,null,null,2010s pop hits,if/e6/e60d5915e6b73169a3324efcfd565a89_1750967739.jpg,https://www.siriusxm.com/player/channel-linear/entity/2ed60707-282d-2d28-116c-41d7eddeacbf
3680d71b-56ae-472c-3951-600d389a121d,channel-linear,Classic Rewind,262,Music,Rock,70s/80s classic rock,if/89/893a7dcbf6c23a06aa37deb3196603b2_1750168256.jpg,https://www.siriusxm.com/player/channel-linear/entity/3680d71b-56ae-472c-3951-600d389a121d
740d1c8f-ae81-1024-16b1-e7444b35ed5b,channel-linear,Lithium,263,Music,Rock,90s alternative & grunge rock,if/33/33497313f2fd3f4a9442ace28a377246_1750168270.jpg,https://www.siriusxm.com/player/channel-linear/entity/740d1c8f-ae81-1024-16b1-e7444b35ed5b
a9ae7544-5a13-5347-b2a9-bd99244ab93e,channel-linear,Octane,264,Music,Rock,New hard rock (explicit),if/62/62ec9228d632352c9f8b9bf24a489537_1750168259.jpg,https://www.siriusxm.com/player/channel-linear/entity/a9ae7544-5a13-5347-b2a9-bd99244ab93e
cb8f90fb-1592-2df9-bcd6-73ed3c6bcf94,channel-linear,SiriusXM Turbo,265,Music,Rock,90s/2000s hard rock (explicit),if/0d/0dc77a1b24b3397dad1b4baad2a006a5_1752244393.jpg,https://www.siriusxm.com/player/channel-linear/entity/cb8f90fb-1592-2df9-bcd6-73ed3c6bcf94
1c4ce8a6-0fe4-9f22-53c5-b60ccc66a203,channel-linear,Hip-Hop Nation,266,Music,Hip-Hop/R&B,Hip-hop hits (explicit),if/dc/dc3d293bb0363ce7b65ffe17a3e931df_1750168087.jpg,https://www.siriusxm.com/player/channel-linear/entity/1c4ce8a6-0fe4-9f22-53c5-b60ccc66a203
8b22006d-3e43-ceb2-863b-f038cddcc218,channel-linear,The Heat,267,Music,Hip-Hop/R&B,Hot R&B and hip-hop,if/1b/1b6f57a9074b33bfb249cfa155890a00_1750168103.jpg,https://www.siriusxm.com/player/channel-linear/entity/8b22006d-3e43-ceb2-863b-f038cddcc218
fc1e87f5-ae6e-c2fd-4cc6-1fb1081a54b1,channel-linear,Flex2K,268,Music,Hip-Hop/R&B,2000s hip-hop hits (explicit),if/0e/0e61aec2c008354893c45ed5f4724fca_1752244338.jpg,https://www.siriusxm.com/player/channel-linear/entity/fc1e87f5-ae6e-c2fd-4cc6-1fb1081a54b1
441fbeef-3d59-deb4-6b39-6a28cd617a9c,channel-linear,SiriusXM FLY,269,Music,Hip-Hop/R&B,90s/00s hip-hop/R&B (explicit),if/10/104e74099df938ac9baac4c8f298198e_1752244627.jpg,https://www.siriusxm.com/player/channel-linear/entity/441fbeef-3d59-deb4-6b39-6a28cd617a9c
f2f46a3e-7d4f-c900-ab8a-ca93489ca701,channel-linear,The Highway,270,Music,Country,Next generation country music,if/a9/a9fa89f8a88738248e9c3016462bd17a_1750168102.jpg,https://www.siriusxm.com/player/channel-linear/entity/f2f46a3e-7d4f-c900-ab8a-ca93489ca701
7389abc2-1e09-3288-79c5-146fb166c32b,channel-linear,Y2Kountry,271,Music,Country,2000s and 2010s country hits,if/ee/eeb989e2cd333d91b30aa380a16fc93c_1750168104.jpg,https://www.siriusxm.com/player/channel-linear/entity/7389abc2-1e09-3288-79c5-146fb166c32b
c3890f3c-1222-5036-bea9-6d52753bf018,channel-linear,Road Trip Radio,301,Music,Pop,Driving jams & singalongs,aem/58/5856bbf482eebef8025b60c4797bda2f_1732039938.jpeg,https://www.siriusxm.com/player/channel-linear/entity/c3890f3c-1222-5036-bea9-6d52753bf018
2211d1e6-153e-f617-b0d7-fd0b4ff513f2,channel-linear,Andy Cohen's Kiki Lounge,302,Music,Pop,Songs Andy Cohen loves,aem/ab/ab00ff1944741c21b21766155201abef_1699375655.jpeg,https://www.siriusxm.com/player/channel-linear/entity/2211d1e6-153e-f617-b0d7-fd0b4ff513f2
d0759ae0-eeef-48e4-c4b9-526217aac33d,channel-linear,Mosaic,305,Music,Pop,Relaxing 90s & 2000s pop,aem/2c/2c7cf1202ba0fa16e30e8b76877cb112_1708026952.jpeg,https://www.siriusxm.com/player/channel-linear/entity/d0759ae0-eeef-48e4-c4b9-526217aac33d
e3041d19-daa5-6517-8c73-41976582d1f9,channel-linear,Deep Tracks,308,Music,Rock,Classic rock album cuts & more,if/b1/b103be0a84e03e25aae019b221edf510_1774463331.jpg,https://www.siriusxm.com/player/channel-linear/entity/e3041d19-daa5-6517-8c73-41976582d1f9
a00885e6-262a-0291-458b-e0b07fba71e1,channel-linear,Jam On 309,309,Music,Rock,Non-stop jam band music,aem/c7/c7ba860cb7b4ddff750d7ca2efb073f3_1732039935.jpeg,https://www.siriusxm.com/player/channel-linear/entity/a00885e6-262a-0291-458b-e0b07fba71e1
3adfcd26-b336-23cb-f40d-8e4f1a40e1de,channel-linear,Bon Jovi Radio,312,Music,Rock,Bon Jovi & Jon’s personal faves,aem/53/538f0753793fddc957843aacbaccaae0_1699376126.jpeg,https://www.siriusxm.com/player/channel-linear/entity/3adfcd26-b336-23cb-f40d-8e4f1a40e1de
d8babd4e-64e3-ff81-3d24-2407e0974cdc,channel-linear,FACTION PUNK,314,Music,Rock,New punk rock (explicit),aem/8b/8bbfe02c23836ad5924d97e79282bc88_1732039951.jpeg,https://www.siriusxm.com/player/channel-linear/entity/d8babd4e-64e3-ff81-3d24-2407e0974cdc
36e165d2-77d0-198b-f00a-a8606b04f4fb,channel-linear,Red Hot Chili Peppers,315,Music,Rock,Chili Peppers music & more,aem/ce/cece4c70004cc2a288f15f68d7c81229_1699375465.jpeg,https://www.siriusxm.com/player/channel-linear/entity/36e165d2-77d0-198b-f00a-a8606b04f4fb
0060eb0d-00ee-75f5-9964-5c1ba8fb1b60,channel-linear,SiriusXM Silk 330,330,Music,Hip-Hop/R&B,Smooth R&B love songs,if/10/10b2749c8ce136c480a2289c681c50a3_1740507619.jpg,https://www.siriusxm.com/player/channel-linear/entity/0060eb0d-00ee-75f5-9964-5c1ba8fb1b60
ac00ab0c-0a60-63bb-32fe-44e8b9be24fd,channel-linear,Shaggy Boombastic Radio,332,Music,Hip-Hop/R&B,"Dancehall, Reggae & Afrobeats",aem/bb/bbfcd4e79474b9b09d55fd433733f545_1723834650.jpeg,https://www.siriusxm.com/player/channel-linear/entity/ac00ab0c-0a60-63bb-32fe-44e8b9be24fd
705b4f46-09ae-c9cc-26c5-30b56d62877c,channel-linear,Radio Monaco,340,Music,Dance/Electronic,Lifestyle & music from Monaco,aem/f4/f4f4089dd38e96c94df2258a19879d64_1699419916.jpeg,https://www.siriusxm.com/player/channel-linear/entity/705b4f46-09ae-c9cc-26c5-30b56d62877c
8d387b31-2065-7393-01c5-f86e3ea47dc9,channel-linear,Utopia,341,Music,Dance/Electronic,90s & 2Ks dance-floor hits,if/9e/9e7ec3f258a53ed1bb99f87277bece10_1774463294.jpg,https://www.siriusxm.com/player/channel-linear/entity/8d387b31-2065-7393-01c5-f86e3ea47dc9
78612a95-0706-3f8d-a72d-7b8347093f16,channel-linear,Bakersfield Beat,349,Music,Country,Dwight Yoakam's music channel,aem/42/42882a72858848b249c45bfce1481052_1699375337.jpeg,https://www.siriusxm.com/player/channel-linear/entity/78612a95-0706-3f8d-a72d-7b8347093f16
5b537ac7-2357-55f9-a81c-1229382feffb,channel-linear,Red White & Booze,350,Music,Country,Country bar anthems,aem/1a/1adfa2a044e19a259850bcaf4493f640_1732039928.jpeg,https://www.siriusxm.com/player/channel-linear/entity/5b537ac7-2357-55f9-a81c-1229382feffb
bb9c9783-c6cd-1ab7-1d5a-ecde71598019,channel-linear,North Americana,359,Music,Canada & More,"Americana, roots & folk music",aem/85/8591f2f47ee35f4bfd88e8107913ea6a_1699375270.jpeg,https://www.siriusxm.com/player/channel-linear/entity/bb9c9783-c6cd-1ab7-1d5a-ecde71598019
5a5db052-9329-e54f-2df9-6dfb5d386046,channel-linear,Grown Folk JAMZ,362,Music,Canada & More,Your true R&B experience,aem/9a/9ae97100965bff005d2afc18867f0cf7_1699375453.jpeg,https://www.siriusxm.com/player/channel-linear/entity/5a5db052-9329-e54f-2df9-6dfb5d386046
4a4c6c22-787c-90f5-5c4b-bd635d3972b9,channel-linear,ESPN Podcasts,370,Sports,Sports Talk,The ESPN Podcasts channel,aem/4c/4c42ab7aa550aacaaffc0da08f823f46_1699375454.jpeg,https://www.siriusxm.com/player/channel-linear/entity/4a4c6c22-787c-90f5-5c4b-bd635d3972b9
f5701423-11a8-9ee3-e9f9-11142108ae31,channel-linear,SiriusXM ACC Radio,371,Sports,Sports Talk,24/7 ACC talk & live games,aem/46/4685499a402f2f673a708d31dea5bbd1_1712861525.jpeg,https://www.siriusxm.com/player/channel-linear/entity/f5701423-11a8-9ee3-e9f9-11142108ae31
a1aed141-90d4-4f65-4c58-eb0d99d8bcce,channel-linear,SiriusXM Big Ten Radio,372,Sports,Sports Talk,24/7 Big Ten talk & live games,aem/f4/f4a466ae478d80d3f67199eb612b84fd_1712861529.jpeg,https://www.siriusxm.com/player/channel-linear/entity/a1aed141-90d4-4f65-4c58-eb0d99d8bcce
454db282-082e-b9a0-d099-89afbf335688,channel-linear,SiriusXM SEC Radio,374,Sports,Sports Talk,24/7 SEC talk & live games,aem/06/06bacb8fbe2f14154d89e4fc258c57c9_1712861514.jpeg,https://www.siriusxm.com/player/channel-linear/entity/454db282-082e-b9a0-d099-89afbf335688
7c987478-2f68-d267-acc6-56497c448256,channel-linear,Westwood One Sports,375,Sports,Sports Talk,Home of The Jim Rome Show!,if/8a/8aaaa48912023d78a34a93aa394c4337_1766823812.png,https://www.siriusxm.com/player/channel-linear/entity/7c987478-2f68-d267-acc6-56497c448256
2c3939b0-bd76-e059-5c65-b1b735a002b0,channel-linear,Sports 380,380,Sports,Other Play-by-Play,null,if/97/97d11ab5537c33e5b4f5c512c544cd9a_1745419933.jpeg,https://www.siriusxm.com/player/channel-linear/entity/2c3939b0-bd76-e059-5c65-b1b735a002b0
aa12d0b7-5be4-b3bf-ca9b-b034396f8aa3,channel-linear,Sports 381,381,Sports,Other Play-by-Play,null,if/73/73cb534026bc32b698b22239abaf0926_1745419954.jpeg,https://www.siriusxm.com/player/channel-linear/entity/aa12d0b7-5be4-b3bf-ca9b-b034396f8aa3
f639bdf9-0e2b-5da2-bae1-42b34eaf9a51,channel-linear,Sports 382,382,Sports,Other Play-by-Play,null,if/d1/d11df2b52e5f3e57bb08404f45f01715_1745419957.jpeg,https://www.siriusxm.com/player/channel-linear/entity/f639bdf9-0e2b-5da2-bae1-42b34eaf9a51
0fdb62a5-9d3c-332f-197a-2217f4af8fa7,channel-linear,Sports 383,383,Sports,Other Play-by-Play,null,if/29/2907270e576a32b68659a2d42c5aeefe_1745419945.jpeg,https://www.siriusxm.com/player/channel-linear/entity/0fdb62a5-9d3c-332f-197a-2217f4af8fa7
3ca66253-238d-140b-41f8-4bab85770a39,channel-linear,Sports 384,384,Sports,Other Play-by-Play,null,if/cb/cbd48cdf0bf33bc5bfa8b2c0f0938ff1_1745419946.jpeg,https://www.siriusxm.com/player/channel-linear/entity/3ca66253-238d-140b-41f8-4bab85770a39
69f282ed-a83d-8759-610f-0f89e703fde2,channel-linear,Sports 385,385,Sports,Other Play-by-Play,null,if/db/db01754bf6d73922bb1823e0dab44720_1745419949.jpeg,https://www.siriusxm.com/player/channel-linear/entity/69f282ed-a83d-8759-610f-0f89e703fde2
0dd8983f-9ce2-a518-9e87-807ab75f7487,channel-linear,Sports 386,386,Sports,Other Play-by-Play,null,if/bb/bb4e100ea3c138008774c81ce165de96_1745419951.jpeg,https://www.siriusxm.com/player/channel-linear/entity/0dd8983f-9ce2-a518-9e87-807ab75f7487
f08ab1bc-51f3-9734-07bd-a7e035113226,channel-linear,Sports 387,387,Sports,Other Play-by-Play,null,if/07/076908ba89333d95977069179fa0a482_1745419931.jpeg,https://www.siriusxm.com/player/channel-linear/entity/f08ab1bc-51f3-9734-07bd-a7e035113226
1bd968d6-a62b-253e-b27e-2bbb1b2a1367,channel-linear,Sports 388,388,Sports,Other Play-by-Play,null,if/d3/d313292c0d9f3771b712f8db5b356382_1745419954.jpeg,https://www.siriusxm.com/player/channel-linear/entity/1bd968d6-a62b-253e-b27e-2bbb1b2a1367
cabf27a8-84e7-5965-88a6-3fa26a103808,channel-linear,Sports 389,389,Sports,Other Play-by-Play,null,if/cc/ccc54807866a3bcda9b91f401c60ee47_1745419961.jpeg,https://www.siriusxm.com/player/channel-linear/entity/cabf27a8-84e7-5965-88a6-3fa26a103808
f4f5ab57-b207-34be-6720-2ab9d3c742eb,channel-linear,Sports 390,390,Sports,Other Play-by-Play,null,if/ba/ba370b9b5adf319c9b8408f866574c17_1745419962.jpeg,https://www.siriusxm.com/player/channel-linear/entity/f4f5ab57-b207-34be-6720-2ab9d3c742eb
108d7d25-21cb-0d80-8c64-45ed18e51274,channel-linear,Sports 391,391,Sports,Other Play-by-Play,null,if/bc/bc11938954f934b7a12b56eac1aa6746_1745419953.jpeg,https://www.siriusxm.com/player/channel-linear/entity/108d7d25-21cb-0d80-8c64-45ed18e51274
d96771e4-37df-c45a-667f-a6e16f022b61,channel-linear,Sports 392,392,Sports,Other Play-by-Play,null,if/2d/2d969f4dca9638debf4d9ab440a67c0e_1745419971.jpeg,https://www.siriusxm.com/player/channel-linear/entity/d96771e4-37df-c45a-667f-a6e16f022b61
88dc9adf-0433-a501-66e4-b9f92e361163,channel-linear,Sports 393,393,Sports,Other Play-by-Play,null,if/2b/2b694f8ad6163dcd8f55ec31c8b4acd9_1770005917.png,https://www.siriusxm.com/player/channel-linear/entity/88dc9adf-0433-a501-66e4-b9f92e361163
a57a9489-6e25-7cc2-f563-c74c7924b2ab,channel-linear,Sports 394,394,Sports,Other Play-by-Play,null,if/75/75e003f907e937408a5eeedfe278a712_1770006818.png,https://www.siriusxm.com/player/channel-linear/entity/a57a9489-6e25-7cc2-f563-c74c7924b2ab
09d1edf4-3e54-59e1-3fa6-e68233c07b17,channel-linear,C-SPAN Radio,455,News,News/Public Radio,C-SPAN Live Simulcast,aem/fa/fa6f35b5d4446e7ec25d1c7b19be2063_1699375368.jpeg,https://www.siriusxm.com/player/channel-linear/entity/09d1edf4-3e54-59e1-3fa6-e68233c07b17
9f8d08b0-f6cb-b41f-e8ac-24990bd5352c,channel-linear,The Billy Graham Channel,460,Talk,Religion,Messages from Billy Graham,aem/76/76b5c80fbcbd34bdbf35a4c54af656e4_1717181863.jpeg,https://www.siriusxm.com/player/channel-linear/entity/9f8d08b0-f6cb-b41f-e8ac-24990bd5352c
bffe40f0-1688-dbba-e420-ef894d49d17d,channel-linear,BTS Radio,501,Music,Pop,Every BTS song since their debut,if/f6/f64ea084a14538b6afb440ac7be31969_1773992377.png,https://www.siriusxm.com/player/channel-linear/entity/bffe40f0-1688-dbba-e420-ef894d49d17d
70236813-3a54-23e2-00a9-2d98888a4c75,channel-linear,Lauren Daigle's Music Box,502,Music,Pop,Musical joy from Lauren Daigle,if/38/38bced83ca2b3bc29016e16e927430f3_1773853020.jpg,https://www.siriusxm.com/player/channel-linear/entity/70236813-3a54-23e2-00a9-2d98888a4c75
8fcd47c1-c56f-a906-871d-f8a6ca8d928d,channel-linear,Limited Edition 3,503,Music,Pop,Home for limited-run channels,aem/ce/cefe58dd8f3c02ede4da31328b648a55_1732228712.jpeg,https://www.siriusxm.com/player/channel-linear/entity/8fcd47c1-c56f-a906-871d-f8a6ca8d928d
d1320015-4873-9375-d7ea-6c0f325479c7,channel-linear,Limited Edition 4,504,Music,Rock,Home for limited-run channels,aem/57/57f1d7224833d9f874658e283d373f73_1745855893.jpeg,https://www.siriusxm.com/player/channel-linear/entity/d1320015-4873-9375-d7ea-6c0f325479c7
4a121e6f-9d04-d2bb-763f-2b9119a5d281,channel-linear,Mumford & Sons Radio,505,Music,Rock,Mumford & Sons new music,if/d5/d545e632f5f532d8b4ef75e54827ba4b_1770997632.jpg,https://www.siriusxm.com/player/channel-linear/entity/4a121e6f-9d04-d2bb-763f-2b9119a5d281
456700c3-f2df-3a94-8e76-966e047c7d18,channel-linear,Limited Edition 6,506,Music,Rock,Home for limited-run channels,if/b4/b4dd6509f52737d6befc532b2120c00a_1745855652.jpg,https://www.siriusxm.com/player/channel-linear/entity/456700c3-f2df-3a94-8e76-966e047c7d18
1e78cc73-4c8d-3a3f-6db2-7cc1857a8b7c,channel-linear,Limited Edition 7,507,Music,Hip-Hop/R&B,Home for limited-run channels,if/24/24487ec6e63a37a7810a033bfa277de2_1770140063.jpg,https://www.siriusxm.com/player/channel-linear/entity/1e78cc73-4c8d-3a3f-6db2-7cc1857a8b7c
14c3bc4f-4309-b439-4a84-54c0f26a581c,channel-linear,Limited Edition 8,508,Music,Hip-Hop/R&B,Home for limited-run channels,if/9c/9c7a77ca07d4363f971c359c1975c5b5_1772463529.jpeg,https://www.siriusxm.com/player/channel-linear/entity/14c3bc4f-4309-b439-4a84-54c0f26a581c
78239fb8-a9cb-fc9e-4244-2cef6c2527c9,channel-linear,Limited Edition 9,509,Music,Dance/Electronic,Home for limited-run channels,aem/1d/1dcf1ab1f77c4f4e1564e26d2de3fd4b_1712173681.jpeg,https://www.siriusxm.com/player/channel-linear/entity/78239fb8-a9cb-fc9e-4244-2cef6c2527c9
0362be32-e873-95f6-c282-2fcf7be86ab6,channel-linear,Luke Combs Radio,510,Music,Country,The music that made Luke Combs,if/3a/3a65cb651be83864818dc9d9ab4fe492_1773986722.png,https://www.siriusxm.com/player/channel-linear/entity/0362be32-e873-95f6-c282-2fcf7be86ab6
ecb0f19c-ea10-d4ce-0326-4e7477d16d5c,channel-linear,Limited Edition 11,511,Music,Latino,Home for limited-run channels,if/de/de4c0f03b62636bd8e14d3cb832a4e62_1748884841.jpg,https://www.siriusxm.com/player/channel-linear/entity/ecb0f19c-ea10-d4ce-0326-4e7477d16d5c
08361d2b-88c3-df4d-d782-cb3e1ffdaad8,channel-linear,Limited Edition 12,512,Music,Latino,Home for limited-run channels,if/2e/2e33f762f9b43bb0bd35c13633284457_1760729615.jpg,https://www.siriusxm.com/player/channel-linear/entity/08361d2b-88c3-df4d-d782-cb3e1ffdaad8
4466e297-33f5-b69f-e5e7-71be602ebb2f,channel-linear,Pop Top 500,550,Music,Pop,The biggest hits from 2000-today,aem/35/3592c3fbc95b8e01c66792853b74670d_1699375614.jpeg,https://www.siriusxm.com/player/channel-linear/entity/4466e297-33f5-b69f-e5e7-71be602ebb2f
6be4367a-f423-68eb-1a5e-76ef11a8970e,channel-linear,80s on 8 Top 500,551,Music,Pop,80s on 8 Top 500 Countdown!,aem/2b/2bcc8b90f6e058a5abf1404bc546c0a0_1699375987.jpeg,https://www.siriusxm.com/player/channel-linear/entity/6be4367a-f423-68eb-1a5e-76ef11a8970e
35c2ba06-4e2f-39f9-4538-b9fdd694650c,channel-linear,90s on 9 Top 500,552,Music,Pop,The decade's greatest hits,aem/98/98b4c3356d826686b3d417ff3f7caad6_1699375129.jpeg,https://www.siriusxm.com/player/channel-linear/entity/35c2ba06-4e2f-39f9-4538-b9fdd694650c
42f72153-ec76-e66c-c517-e86a6dcbe922,channel-linear,Classic Rock Top 1000,553,Music,Rock,The ultimate classic countdown,aem/d0/d09bdd17b23ffd7bbae767b85acffb1b_1699375834.jpeg,https://www.siriusxm.com/player/channel-linear/entity/42f72153-ec76-e66c-c517-e86a6dcbe922
b3f0ba0e-1d1c-ac76-188f-bea057b3c212,channel-linear,Hip-Hop Chronicles,556,Music,Hip-Hop/R&B,Iconic hip-hop (explicit),if/8d/8d55e8b1cdc93acfa44ebca59bbeee4e_1758183706.png,https://www.siriusxm.com/player/channel-linear/entity/b3f0ba0e-1d1c-ac76-188f-bea057b3c212
451bf902-005b-da8b-08bf-e24d34df486e,channel-linear,Country Top 1000,558,Music,Country,Essential songs from every era,aem/03/0350d9ff0ab5ecedd5737ed3213b68a5_1699376072.jpeg,https://www.siriusxm.com/player/channel-linear/entity/451bf902-005b-da8b-08bf-e24d34df486e
45a553ba-df24-a84a-d197-64e26adc405f,channel-linear,Billboard Top 500,560,Music,Pop,Eight decades of sun-drenched songs,aem/77/774b87910b4002121a4c9a8f6f6e1dba_1717705849.jpeg,https://www.siriusxm.com/player/channel-linear/entity/45a553ba-df24-a84a-d197-64e26adc405f
1a0ff3bd-0f10-7079-b3de-c9a1fb0387af,channel-linear,Test Channel 569,569,Music,Canada & More,Test Channel 569,null,https://www.siriusxm.com/player/channel-linear/entity/1a0ff3bd-0f10-7079-b3de-c9a1fb0387af
33794a0f-2a24-08bb-492e-12e441fab2f0,channel-linear,Holiday Traditions,602,Music,Pop,Traditional holiday favorites,if/75/750207f494d13238840e58fba2b3c22e_1761845563.png,https://www.siriusxm.com/player/channel-linear/entity/33794a0f-2a24-08bb-492e-12e441fab2f0
d28674c2-740f-24af-1916-2a52f032f74e,channel-linear,Test Channel 684,684,Music,Canada & More,Test Channel 684,null,https://www.siriusxm.com/player/channel-linear/entity/d28674c2-740f-24af-1916-2a52f032f74e
cc85f948-7d50-9103-d54b-c0c69b97fcfb,channel-linear,Test Channel 685,685,Music,Canada & More,Test Channel 685,null,https://www.siriusxm.com/player/channel-linear/entity/cc85f948-7d50-9103-d54b-c0c69b97fcfb
212e2e23-06e3-3a86-5f89-6ce7a26c35c3,channel-linear,90s to Now Pop,690,Music,Pop,Four decades of pop hits,aem/07/0753f07dfd2c6f7941910634e9237fbe_1699375942.jpeg,https://www.siriusxm.com/player/channel-linear/entity/212e2e23-06e3-3a86-5f89-6ce7a26c35c3
c989c8b6-0414-3980-1b43-43371c9d5714,channel-linear,Work Day Mix,691,Music,Pop,The soundtrack for your 9-to-5,aem/5b/5b65461e7d4e5e5cb9d5723dcdc175a9_1699375993.jpeg,https://www.siriusxm.com/player/channel-linear/entity/c989c8b6-0414-3980-1b43-43371c9d5714
175161c2-7224-8d31-b4dc-88ec5d625ce2,channel-linear,Rock Pop Mix,692,Music,Pop,Rock songs turned pop hits,aem/56/56bb115e730cab84dbc53f4a6b351bf8_1699376145.jpeg,https://www.siriusxm.com/player/channel-linear/entity/175161c2-7224-8d31-b4dc-88ec5d625ce2
2ff977fc-c994-07e3-9789-8c1ef4e7012d,channel-linear,Family Friendly Pop,693,Music,Pop,Family-appropriate Music,aem/0f/0fddf85483ce5f4a5b4fe2125dff1054_1699376176.jpeg,https://www.siriusxm.com/player/channel-linear/entity/2ff977fc-c994-07e3-9789-8c1ef4e7012d
2243f789-5662-2ab7-c51e-04dc8e6fe08d,channel-linear,PubMix,694,Music,Pop,"Top rock, pop & more",aem/98/98de0f69babdeb30f10a745093c52bbb_1699376115.jpeg,https://www.siriusxm.com/player/channel-linear/entity/2243f789-5662-2ab7-c51e-04dc8e6fe08d
43c98adb-1395-6513-39c9-8d8d68fb251a,channel-linear,Beach Bar,695,Music,Rock,Upbeat seaside tunes,if/96/96454cb51ee6392fb54fe42eeb6728a1_1756126377.png,https://www.siriusxm.com/player/channel-linear/entity/43c98adb-1395-6513-39c9-8d8d68fb251a
e991d674-dc40-38fa-caa2-26c43b1486a3,channel-linear,Dinner & Drinks,697,Music,Dance/Electronic,Chill mid-tempo sounds,if/69/696d0f313c993e189df64a4c01c2573f_1755871330.jpg,https://www.siriusxm.com/player/channel-linear/entity/e991d674-dc40-38fa-caa2-26c43b1486a3
e8d7efd8-ec1e-4118-dda9-3e7d3a3f6307,channel-linear,A Taste of Italy,698,Music,Jazz/Standards/Classical,Italian Blend,aem/2f/2f5e0c433805d52d60feaf71a888644e_1699376182.jpeg,https://www.siriusxm.com/player/channel-linear/entity/e8d7efd8-ec1e-4118-dda9-3e7d3a3f6307
428189c5-257e-8d6a-63ed-517d2fa9e917,channel-linear,Seasonal/Holiday,699,Music,Pop,Seasonal/Holiday Music Channel,aem/29/29043e7082bf0e49de801691396024ac_1699375440.jpeg,https://www.siriusxm.com/player/channel-linear/entity/428189c5-257e-8d6a-63ed-517d2fa9e917
d960e76a-e678-e62b-a7f2-6345afee1bb2,channel-linear,Disney Jr. Radio,702,Music,Family,Where the magic begins,if/43/4317a7cf22f53a8d916af7fefd75b38c_1749743335.jpg,https://www.siriusxm.com/player/channel-linear/entity/d960e76a-e678-e62b-a7f2-6345afee1bb2
02394c8d-7afe-6ba2-3791-fce63b1e4d85,channel-linear,Pandora Now,703,Music,Pop,Popular on Pandora (explicit),aem/c9/c9e7888a6e818d4c6561a0ade2193072_1699375917.jpeg,https://www.siriusxm.com/player/channel-linear/entity/02394c8d-7afe-6ba2-3791-fce63b1e4d85
6c535597-8e2b-5b54-968a-10cad277f43b,channel-linear,SoulCycle Radio,704,Music,Pop,Music to energize your soul,aem/3e/3e57d7ca062bc81bd9d426639271814e_1699375547.jpeg,https://www.siriusxm.com/player/channel-linear/entity/6c535597-8e2b-5b54-968a-10cad277f43b
b96d76d6-935a-3b90-c22d-e0bc7ba11543,channel-linear,SiriusXM K-Pop,705,Music,Pop,K-pop hits (explicit),aem/f0/f02e4e91a7c1caa83fb313dbbf35a90b_1718027065.jpeg,https://www.siriusxm.com/player/channel-linear/entity/b96d76d6-935a-3b90-c22d-e0bc7ba11543
3fd664a8-229c-ce9b-c468-66e2a54abf0b,channel-linear,SiriusXM Love,708,Music,Pop,Love songs 60s-80s,aem/07/0722bbb1f169983b15d7b72b3c926fb0_1699376064.jpeg,https://www.siriusxm.com/player/channel-linear/entity/3fd664a8-229c-ce9b-c468-66e2a54abf0b
5583d0b9-0505-be47-22c5-473d0d9c8086,channel-linear,SiriusXO,709,Music,Pop,Love songs 90s - now,aem/d4/d4d3d8ef5ec263562233a181c0651731_1738948117.png,https://www.siriusxm.com/player/channel-linear/entity/5583d0b9-0505-be47-22c5-473d0d9c8086
882b5229-2798-4385-5f05-0835c1d017c2,channel-linear,The Loft,710,Music,Rock,Eclectic rock & rhythm,aem/cc/ccab400b27defd9bf59e685759734286_1699375734.jpeg,https://www.siriusxm.com/player/channel-linear/entity/882b5229-2798-4385-5f05-0835c1d017c2
f95497ef-39c0-66fd-5749-f6c7b6f768b9,channel-linear,Petty's Buried Treasure,711,Music,Rock,Tom's acclaimed radio shows 24/7,aem/aa/aa7ba358ec3115511db9c75f82ed62d2_1699376196.jpeg,https://www.siriusxm.com/player/channel-linear/entity/f95497ef-39c0-66fd-5749-f6c7b6f768b9
2123d9ad-bc5b-1151-9649-b2cb9dce2a8f,channel-linear,Marky Ramone's Punk Rock,712,Music,Rock,"Classic punk, curated by Marky",aem/3b/3b0102d802c145b22e06c507060932da_1727197392.jpeg,https://www.siriusxm.com/player/channel-linear/entity/2123d9ad-bc5b-1151-9649-b2cb9dce2a8f
dc440aa6-e5bd-0a56-fba3-e14b9f9d0062,channel-linear,RockBar,713,Music,Rock,Hard rock hits jukebox,aem/8f/8fff5f3240fcda58f0b8f63f8ae15ece_1705019322.jpeg,https://www.siriusxm.com/player/channel-linear/entity/dc440aa6-e5bd-0a56-fba3-e14b9f9d0062
2d926e91-aa32-4e53-85e5-d444870eff11,channel-linear,Classic Rock Party,715,Music,Rock,Nonstop classic party starters,aem/fd/fdfa0d436c748070a890576d79bd2778_1699375699.jpeg,https://www.siriusxm.com/player/channel-linear/entity/2d926e91-aa32-4e53-85e5-d444870eff11
255682b9-78d5-0279-ca90-fb6b37c87592,channel-linear,Sway's Universe,720,Music,Hip-Hop/R&B,Sway's channel (explicit),aem/85/858fdc05f860f8388f2f1b561d622c9a_1699375475.jpeg,https://www.siriusxm.com/player/channel-linear/entity/255682b9-78d5-0279-ca90-fb6b37c87592
862cfe43-6be7-8250-d89e-51fa75f70fc5,channel-linear,Stevie's Coolest Songs,721,Music,Rock,Every song picked by Stevie,aem/ca/ca65729b688a3e8169fb4c2cc9dc1f26_1699375476.jpeg,https://www.siriusxm.com/player/channel-linear/entity/862cfe43-6be7-8250-d89e-51fa75f70fc5
21c2a98a-e53e-c944-8e23-12cabd6c3439,channel-linear,RTB - Mixdown,723,Music,Hip-Hop/R&B,Hip-hop mixes (explicit),if/c2/c2985c2024f533278f25f167d752a508_1768553775.png,https://www.siriusxm.com/player/channel-linear/entity/21c2a98a-e53e-c944-8e23-12cabd6c3439
95179ecb-a419-71aa-f3e6-92f5c4db1f7f,channel-linear,SoundCloud Radio,724,Music,Hip-Hop/R&B,Emerging hip-hop (explicit),aem/09/0994bdd6305847e5af70ab2cc141a90b_1699376201.jpeg,https://www.siriusxm.com/player/channel-linear/entity/95179ecb-a419-71aa-f3e6-92f5c4db1f7f
6d5e6d8a-dbc8-b328-72ef-cb5e2a62a3a0,channel-linear,Steve Aoki's Remix Radio,735,Music,Dance/Electronic,Top remixes curated by Steve,aem/bb/bb140c2133c48858bf89692c4cdb7bea_1719602711.jpeg,https://www.siriusxm.com/player/channel-linear/entity/6d5e6d8a-dbc8-b328-72ef-cb5e2a62a3a0
44a043a9-4ad8-4f24-fbef-866695c96c95,channel-linear,A State of Armin,736,Music,Dance/Electronic,Trance & progressive dance,if/02/02742ca32b383999bcd928d5f14ae9eb_1761256790.jpg,https://www.siriusxm.com/player/channel-linear/entity/44a043a9-4ad8-4f24-fbef-866695c96c95
b7ef42fd-843b-8aa2-27ab-3723e312b978,channel-linear,Experts Only Radio,737,Music,Dance/Electronic,Dance beyond limits (explicit),if/f8/f87538b7674b3294834f5b03dafda37b_1774444197.png,https://www.siriusxm.com/player/channel-linear/entity/b7ef42fd-843b-8aa2-27ab-3723e312b978
ab42e288-7fde-7598-31fd-2ca6e09d7559,channel-linear,One World Radio,738,Music,Dance/Electronic,Tomorrowland dance (explicit),if/cd/cd0cf1637e7b326aa77efb29a39b1c3a_1742564547.jpg,https://www.siriusxm.com/player/channel-linear/entity/ab42e288-7fde-7598-31fd-2ca6e09d7559
784046a2-4237-e099-29ab-6605813f864b,channel-linear,Savior Sunday Daily,739,Music,Country,Carrie's faith-based favorites,aem/81/81efa134d1488204bb63036f791be325_1710435791.jpeg,https://www.siriusxm.com/player/channel-linear/entity/784046a2-4237-e099-29ab-6605813f864b
04e45b04-19ab-3ca3-3064-4fe6320df18b,channel-linear,Outsiders Radio,740,Music,Country,Music curated by Eric Church,if/ee/ee294e7fb17a3bde8106b077025a09b4_1753989563.jpg,https://www.siriusxm.com/player/channel-linear/entity/04e45b04-19ab-3ca3-3064-4fe6320df18b
5fbd983b-7cf9-71d7-7890-c13682e2375a,channel-linear,The Village,741,Music,Country,Folk music expanse,aem/eb/ebddae8057fba52815405f77ed01abdc_1699375929.jpeg,https://www.siriusxm.com/player/channel-linear/entity/5fbd983b-7cf9-71d7-7890-c13682e2375a
d4d17484-cb4d-06bf-60e0-2944cb827371,channel-linear,Met Opera Radio,744,Music,Jazz/Standards/Classical,Opera & classical voices,aem/a4/a4a88009f27b6d963f17836c5f8b5a97_1699375730.jpeg,https://www.siriusxm.com/player/channel-linear/entity/d4d17484-cb4d-06bf-60e0-2944cb827371
a8465da9-2ce2-9b01-6679-e67c5066697b,channel-linear,SiriusXM Pops,745,Music,Jazz/Standards/Classical,Classical music's greatest hits,aem/00/0020194e2066a7182dbf4cf81816f8ca_1699375750.jpeg,https://www.siriusxm.com/player/channel-linear/entity/a8465da9-2ce2-9b01-6679-e67c5066697b
d324f7fe-efc8-e5fa-5ad5-14fa6ba0d9bf,channel-linear,Spa,746,Music,Jazz/Standards/Classical,Ambient & new age music,if/5f/5f0f4a6fcf9738ef865992a94bb12573_1771012778.jpg,https://www.siriusxm.com/player/channel-linear/entity/d324f7fe-efc8-e5fa-5ad5-14fa6ba0d9bf
5721af4f-a1df-65fa-e127-01efe4a92eaa,channel-linear,Poplandia,754,Music,Canada & More,The pop culture hub (explicit),aem/71/7156469023405e53a198431fddd86ec3_1699375801.jpeg,https://www.siriusxm.com/player/channel-linear/entity/5721af4f-a1df-65fa-e127-01efe4a92eaa
38e112ec-cc49-1802-1062-f9a64518d19b,channel-linear,The Tragically Hip Radio,757,Music,Canada & More,The Hip’s hits & live concerts,aem/a4/a485e5bb25f3a88506de8a88f055a23e_1699376036.jpeg,https://www.siriusxm.com/player/channel-linear/entity/38e112ec-cc49-1802-1062-f9a64518d19b
fb5fcfc1-bbd9-6cf1-578c-87c47aabce00,channel-linear,Iceberg,758,Music,Canada & More,Canada's biggest rock hits,aem/24/243e78faf28b5497dcbf1b9ed36c0f1b_1699375974.jpeg,https://www.siriusxm.com/player/channel-linear/entity/fb5fcfc1-bbd9-6cf1-578c-87c47aabce00
882607f1-0959-53f1-e58d-67b395b17247,channel-linear,Les Tubes Franco,759,Music,Canada & More,Francophone Hit Music,aem/9a/9a48e62b309c6e30028d40a28da5fd1e_1699375214.jpeg,https://www.siriusxm.com/player/channel-linear/entity/882607f1-0959-53f1-e58d-67b395b17247
3a35a1f3-aad6-4abe-a93d-7b2f792ac726,channel-linear,Chucho's Cuba & Beyond,760,Music,Latino,"Cuban music, past and present",aem/a8/a8095053ef9c163337e1b6027d9503db_1725031896.jpeg,https://www.siriusxm.com/player/channel-linear/entity/3a35a1f3-aad6-4abe-a93d-7b2f792ac726
d248760a-9889-21d9-f1b2-fa9ba611b396,channel-linear,Celia Cruz AZÚCAR!,761,Music,Latino,100 years of Celia Cruz,if/d7/d726a981237e3e1cb36465b2763b5f1a_1758183546.png,https://www.siriusxm.com/player/channel-linear/entity/d248760a-9889-21d9-f1b2-fa9ba611b396
2ab4b7da-039c-e67d-e00d-c7313871a3d4,channel-linear,Caricia,762,Music,Latino,Latin ballads from yesteryear,aem/9b/9be730ef525bf70cf1d20d947f70895c_1699376098.jpeg,https://www.siriusxm.com/player/channel-linear/entity/2ab4b7da-039c-e67d-e00d-c7313871a3d4
efb97ee8-8555-b0f7-e1ea-e67dcb3f23aa,channel-linear,Viva,763,Music,Latino,Today's Latin pop hits,aem/a0/a05c48e78b9ac0b050a0648c45961e4e_1700173312.jpeg,https://www.siriusxm.com/player/channel-linear/entity/efb97ee8-8555-b0f7-e1ea-e67dcb3f23aa
6df23c85-6348-397c-67be-7ba8c2fbd2e8,channel-linear,Latidos,764,Music,Latino,Latin love songs 90s to today,if/9d/9ddeff82a40235bdad80caa8c74f6d53_1746039092.jpg,https://www.siriusxm.com/player/channel-linear/entity/6df23c85-6348-397c-67be-7ba8c2fbd2e8
961428e4-50e1-18d3-f353-4bbe4d155822,channel-linear,Flow Nación,765,Music,Latino,Latin urban hits,aem/f9/f92cb0dd83083fb7fa9eae996bec6dd3_1699460219.jpeg,https://www.siriusxm.com/player/channel-linear/entity/961428e4-50e1-18d3-f353-4bbe4d155822
f9f80eb9-a253-6e02-8fc8-33fa6ba69bd4,channel-linear,Luna,766,Music,Latino,The hottest Latin jazz,if/d0/d0b597ee99ec3b9f975c139fc4f0e651_1740160164.jpg,https://www.siriusxm.com/player/channel-linear/entity/f9f80eb9-a253-6e02-8fc8-33fa6ba69bd4
44028691-9505-d523-3d98-1a58fd12b9a7,channel-linear,Rumbón,767,Music,Latino,Iconic classic salsa,aem/dd/ddbc0e49dbb77f08c1b473b0ca428a4a_1699375467.jpeg,https://www.siriusxm.com/player/channel-linear/entity/44028691-9505-d523-3d98-1a58fd12b9a7
7838ff77-9566-436a-5ba7-a8d0d649ae9f,channel-linear,La Kueva,768,Music,Latino,Essential Latin rock,aem/b4/b426dbf2bca32ed912de2b860737b1f3_1699375415.jpeg,https://www.siriusxm.com/player/channel-linear/entity/7838ff77-9566-436a-5ba7-a8d0d649ae9f
50b0c84a-9fa5-0f67-2e7b-85802d9f8a3a,channel-linear,Comedy in Full,773,null,null,Full comedy albums (explicit),if/64/64ca251d85b935cb8293a762ad983896_1770647425.jpg,https://www.siriusxm.com/player/channel-linear/entity/50b0c84a-9fa5-0f67-2e7b-85802d9f8a3a
4d49f200-7e40-2209-511e-5d93b86d227c,channel-linear,SiriusXM App Originals,781,Music,Canada & More,App-Only Music Series & More,aem/fc/fccb2a5b196f7ff456cde20d72bf792b_1699419911.jpeg,https://www.siriusxm.com/player/channel-linear/entity/4d49f200-7e40-2209-511e-5d93b86d227c
d20ad2ef-54e7-4b1a-60b6-ff5351421cd0,channel-linear,Unwell On Air,786,Talk,Entertainment,Unfiltered & unwell (explicit),if/ac/acc172b8a31237079124838488ebbe13_1768496307.png,https://www.siriusxm.com/player/channel-linear/entity/d20ad2ef-54e7-4b1a-60b6-ff5351421cd0
93a8061c-dae0-9668-34bd-a5350770d2cb,channel-linear,SmartLess Radio,787,Talk,Entertainment,SmartLess 24/7 (explicit),aem/4e/4e6b5b4446e5b0ae4a92954826219505_1724881851.jpeg,https://www.siriusxm.com/player/channel-linear/entity/93a8061c-dae0-9668-34bd-a5350770d2cb
c2144e7c-f3b3-29b4-0ace-c7abdc77f2c9,channel-linear,The Jeff Lewis Channel,789,Talk,Entertainment,Jeff Lewis 24/7 (explicit),if/f0/f0b7100b54f13840b39c1a719c61f49a_1769710846.jpg,https://www.siriusxm.com/player/channel-linear/entity/c2144e7c-f3b3-29b4-0ace-c7abdc77f2c9
899bf4b1-b4b6-55e6-cee8-7c83d7d227eb,channel-linear,Entertainment Now,790,Talk,Entertainment,Pop culture recaps and specials,aem/82/82ff5eb989e6709f30eb07534d2364ca_1699375346.jpeg,https://www.siriusxm.com/player/channel-linear/entity/899bf4b1-b4b6-55e6-cee8-7c83d7d227eb
2337bd03-66df-f3fa-5f6f-385fd242e405,channel-linear,Freakonomics Radio,791,Talk,Entertainment,The hidden side of everything,aem/73/73ee826ae1d4f8f33b6a6a4e087602b4_1699376074.jpeg,https://www.siriusxm.com/player/channel-linear/entity/2337bd03-66df-f3fa-5f6f-385fd242e405
2f2237ba-4880-43e0-b173-3350b754391d,channel-linear,Ramsey Network,792,Talk,Entertainment,Straight talk on life & money,aem/eb/eb4623c3a1f354598d993b0b6ad1098e_1699375172.jpeg,https://www.siriusxm.com/player/channel-linear/entity/2f2237ba-4880-43e0-b173-3350b754391d
2e6388fd-e5fc-a495-586f-2494e81fd919,channel-linear,Law&Crime,793,Talk,Entertainment,True crime programming,aem/1f/1f863c2b687c87fc9b9bd56c529a5c2e_1723673722.jpeg,https://www.siriusxm.com/player/channel-linear/entity/2e6388fd-e5fc-a495-586f-2494e81fd919
c4533437-55d7-b623-9e7d-da95c64c4caf,channel-linear,SiriusXM Dhamaka,796,Music,Canada & More,The hottest South Asian music,aem/a6/a6c2284f10548412a3811fec477b6bed_1741959754.jpeg,https://www.siriusxm.com/player/channel-linear/entity/c4533437-55d7-b623-9e7d-da95c64c4caf
4a95af20-4bf8-7a4d-318d-e5147efb4bec,channel-linear,Al Jazeera,797,Talk,More Talk,Al Jazeera English Global News,aem/53/532aafeb9b71a9ee51d3fe7b29b9b464_1699376036.jpeg,https://www.siriusxm.com/player/channel-linear/entity/4a95af20-4bf8-7a4d-318d-e5147efb4bec
7dcedf0f-8d43-f932-cdae-81601ee49e30,channel-linear,NBC News NOW,798,News,News/Public Radio,Live news & in-depth reporting,aem/2f/2fb27642cc92430da38d0322c31013fa_1728400772.jpeg,https://www.siriusxm.com/player/channel-linear/entity/7dcedf0f-8d43-f932-cdae-81601ee49e30
b379ceb3-de65-766c-72ac-1e018edac9c8,channel-linear,The Weather Channel,799,News,News/Public Radio,Severe weather news,aem/30/30cfc84b91b2d24315d1c92f77fcd647_1726586709.jpeg,https://www.siriusxm.com/player/channel-linear/entity/b379ceb3-de65-766c-72ac-1e018edac9c8
47fbdaa5-42e0-9d0a-4354-35677f549ae9,channel-linear,Arizona Cardinals,800,Sports,NFL Play-by-Play,Live Cardinals games,aem/58/585248112e03c55bc57334d8a4e73431_1699460136.jpeg,https://www.siriusxm.com/player/channel-linear/entity/47fbdaa5-42e0-9d0a-4354-35677f549ae9
eec15a4a-0944-5dd4-4143-6f8f28f57b08,channel-linear,Atlanta Falcons,801,Sports,NFL Play-by-Play,Live Falcons games,aem/9b/9bbe199869c8a8f4e00f8c7c500524e5_1699460155.jpeg,https://www.siriusxm.com/player/channel-linear/entity/eec15a4a-0944-5dd4-4143-6f8f28f57b08
63e4dcd4-cff6-dd80-55ac-bc0c29349f67,channel-linear,Baltimore Ravens,802,Sports,NFL Play-by-Play,Live Ravens games,aem/94/94649b2dab228e063e55f74c56195003_1699460272.jpeg,https://www.siriusxm.com/player/channel-linear/entity/63e4dcd4-cff6-dd80-55ac-bc0c29349f67
b30affd7-cc98-bf8d-83ce-6ecb04506ca7,channel-linear,Buffalo Bills,803,Sports,NFL Play-by-Play,Live Bills games,aem/72/72d28757dc373bccbbf8de84847cd649_1699460267.jpeg,https://www.siriusxm.com/player/channel-linear/entity/b30affd7-cc98-bf8d-83ce-6ecb04506ca7
84984e75-c882-77e0-c4ea-a41c3792d074,channel-linear,Carolina Panthers,804,Sports,NFL Play-by-Play,Live Panthers games,aem/a4/a4251009baf10779893778b77016fa0e_1699460151.jpeg,https://www.siriusxm.com/player/channel-linear/entity/84984e75-c882-77e0-c4ea-a41c3792d074
9f31a296-1619-a45e-567c-8d3631616ab7,channel-linear,Chicago Bears,805,Sports,NFL Play-by-Play,Live Bears games,aem/63/63b939df00918bbd3c2bb3f83f4b4a25_1699460169.jpeg,https://www.siriusxm.com/player/channel-linear/entity/9f31a296-1619-a45e-567c-8d3631616ab7
ce92b663-db6a-1102-31b6-59ef3855c338,channel-linear,Cincinnati Bengals,806,Sports,NFL Play-by-Play,Live Bengals games,aem/92/922934bdfa1ef667a12ba22ab20a64d8_1699460081.jpeg,https://www.siriusxm.com/player/channel-linear/entity/ce92b663-db6a-1102-31b6-59ef3855c338
debf0b23-3dc0-8e3b-70c4-a8702ff510d6,channel-linear,Cleveland Browns,807,Sports,NFL Play-by-Play,Browns Play-by-Play,aem/4f/4f0c6c8e23b8a9c5d9fbff206682d806_1717528230.jpeg,https://www.siriusxm.com/player/channel-linear/entity/debf0b23-3dc0-8e3b-70c4-a8702ff510d6
927aa7a8-44b2-a09a-7529-f278f6d70e0f,channel-linear,Dallas Cowboys,808,Sports,NFL Play-by-Play,Live Cowboys games,aem/34/34e8113c0fed5b08b6659befdd0a9767_1699460074.jpeg,https://www.siriusxm.com/player/channel-linear/entity/927aa7a8-44b2-a09a-7529-f278f6d70e0f
346e8032-8f80-9d8f-1ca1-f9b31e17ee80,channel-linear,Denver Broncos,809,Sports,NFL Play-by-Play,Live Broncos games,aem/44/445183d57bcc181f08d0a021b8e63ebf_1717528722.jpeg,https://www.siriusxm.com/player/channel-linear/entity/346e8032-8f80-9d8f-1ca1-f9b31e17ee80
390004b7-f690-7537-a4b4-f756a360cbce,channel-linear,Detroit Lions,810,Sports,NFL Play-by-Play,Live Lions games,aem/b1/b1ccdb10458d2268999951c53b1a12f6_1699460239.jpeg,https://www.siriusxm.com/player/channel-linear/entity/390004b7-f690-7537-a4b4-f756a360cbce
cd7ebd29-4e4c-9639-836a-b537f2e1c564,channel-linear,Green Bay Packers,811,Sports,NFL Play-by-Play,Live Packers games,aem/de/dead27cdeae641f0dcfae08dfca5b7a3_1699460105.jpeg,https://www.siriusxm.com/player/channel-linear/entity/cd7ebd29-4e4c-9639-836a-b537f2e1c564
9f2ee511-bbea-e7bd-5598-fc8a4311c827,channel-linear,Houston Texans,812,Sports,NFL Play-by-Play,Texans Play-by-Play,aem/41/4194c18d525b6160ed5d59153cbe7d34_1717524661.jpeg,https://www.siriusxm.com/player/channel-linear/entity/9f2ee511-bbea-e7bd-5598-fc8a4311c827
d37b8bc5-c1f4-a69b-af6e-7e5ef0ecef7d,channel-linear,Indianapolis Colts,813,Sports,NFL Play-by-Play,Live Colts games,aem/66/66bf0add121411be6403ec501b84c51a_1699460069.jpeg,https://www.siriusxm.com/player/channel-linear/entity/d37b8bc5-c1f4-a69b-af6e-7e5ef0ecef7d
123d4a3d-f6f5-7086-79f4-1c481cc6c8f0,channel-linear,Jacksonville Jaguars,814,Sports,NFL Play-by-Play,Live Jaguars games,aem/93/93f49adee9621ef7982ceaadb41815f5_1699460122.jpeg,https://www.siriusxm.com/player/channel-linear/entity/123d4a3d-f6f5-7086-79f4-1c481cc6c8f0
370cd8f6-c216-2efe-0e0d-71e35cca96cf,channel-linear,Kansas City Chiefs,815,Sports,NFL Play-by-Play,Live Chiefs games,aem/f5/f50bffc9b5e658bc973cdc25c4cb43d9_1699460134.jpeg,https://www.siriusxm.com/player/channel-linear/entity/370cd8f6-c216-2efe-0e0d-71e35cca96cf
993460d0-95ba-3cf0-c73d-cddb670ee4a0,channel-linear,Las Vegas Raiders,816,Sports,NFL Play-by-Play,Live Raiders games,aem/37/377bfce909531296386c3df049b24e7b_1699460218.jpeg,https://www.siriusxm.com/player/channel-linear/entity/993460d0-95ba-3cf0-c73d-cddb670ee4a0
1ae7b853-cd4e-6922-036e-127139b3628e,channel-linear,Los Angeles Chargers,817,Sports,NFL Play-by-Play,Live Chargers games,aem/60/604a53c2240eeb5745db47d7f099b8f2_1699460142.jpeg,https://www.siriusxm.com/player/channel-linear/entity/1ae7b853-cd4e-6922-036e-127139b3628e
0ae9517d-18da-ca1f-efd6-e61182d4dce8,channel-linear,Los Angeles Rams,818,Sports,NFL Play-by-Play,Live Rams games,aem/8d/8dfd0c15dbc57127886a13c0dee9325d_1699460261.jpeg,https://www.siriusxm.com/player/channel-linear/entity/0ae9517d-18da-ca1f-efd6-e61182d4dce8
4afa04c9-d1d1-b2d5-5e0d-f8e375750e75,channel-linear,Miami Dolphins,819,Sports,NFL Play-by-Play,Live Dolphins games,aem/f3/f33e144b4679d863b76b091e6ce51c0d_1699460101.jpeg,https://www.siriusxm.com/player/channel-linear/entity/4afa04c9-d1d1-b2d5-5e0d-f8e375750e75
034a6e76-af1c-7aaf-4e1b-d93d3c3550d8,channel-linear,Minnesota Vikings,820,Sports,NFL Play-by-Play,Live Vikings games,aem/ca/cae186ccbc1b8f3ca3b74f7819857481_1699460159.jpeg,https://www.siriusxm.com/player/channel-linear/entity/034a6e76-af1c-7aaf-4e1b-d93d3c3550d8
84d1b59f-a37d-5ffc-79e6-e9c017386c3e,channel-linear,New England Patriots,821,Sports,NFL Play-by-Play,Live Patriots games,aem/40/402d42895f60b9337d4563b89ab4653a_1699460098.png,https://www.siriusxm.com/player/channel-linear/entity/84d1b59f-a37d-5ffc-79e6-e9c017386c3e
ef7bf2a6-345e-aa14-9733-dd4617a98c5a,channel-linear,New Orleans Saints,822,Sports,NFL Play-by-Play,Live Saints games,aem/c3/c3e3864d4ff7241dad3c0a9b8ca5a5cf_1699460060.jpeg,https://www.siriusxm.com/player/channel-linear/entity/ef7bf2a6-345e-aa14-9733-dd4617a98c5a
11e6d525-fe2c-297d-c264-98187d25700b,channel-linear,New York Giants,823,Sports,NFL Play-by-Play,Live Giants games,aem/13/133c0729c2753c796875139b770e15ca_1699460241.jpeg,https://www.siriusxm.com/player/channel-linear/entity/11e6d525-fe2c-297d-c264-98187d25700b
56a7ef77-cd6a-c8ed-b786-1bc1e58cc3c1,channel-linear,New York Jets,824,Sports,NFL Play-by-Play,Jets Play-by-Play,aem/70/70c47abde8202831280968432ddeb331_1717522186.jpeg,https://www.siriusxm.com/player/channel-linear/entity/56a7ef77-cd6a-c8ed-b786-1bc1e58cc3c1
9156e6b4-bab0-d808-10a1-e017644ac87c,channel-linear,Philadelphia Eagles,825,Sports,NFL Play-by-Play,Live Eagles games,aem/ef/efe87d97bbd5e5bbca8307e11e7673e3_1699460067.png,https://www.siriusxm.com/player/channel-linear/entity/9156e6b4-bab0-d808-10a1-e017644ac87c
102fb848-1671-f633-f0c3-c3cbc9775af0,channel-linear,Pittsburgh Steelers,826,Sports,NFL Play-by-Play,Live Steelers games,aem/fe/fe82dd2f16cdb55843ee777d511fe828_1699460127.jpeg,https://www.siriusxm.com/player/channel-linear/entity/102fb848-1671-f633-f0c3-c3cbc9775af0
ff5d43da-0287-7a47-ba14-8ebdac107c17,channel-linear,San Francisco 49ers,827,Sports,NFL Play-by-Play,Live 49ers games,aem/aa/aa0d4407800f72901e98beeb8ed7500e_1699460131.jpeg,https://www.siriusxm.com/player/channel-linear/entity/ff5d43da-0287-7a47-ba14-8ebdac107c17
d17bd1ea-1c70-6757-14d0-3d862341e38c,channel-linear,Seattle Seahawks,828,Sports,NFL Play-by-Play,Live Seahawks games,aem/03/03678c18257f6a5a7afa8fc352473220_1699460220.jpeg,https://www.siriusxm.com/player/channel-linear/entity/d17bd1ea-1c70-6757-14d0-3d862341e38c
7372497a-c237-e5de-a1ed-6d3e083fedc9,channel-linear,Tampa Bay Buccaneers,829,Sports,NFL Play-by-Play,Live Buccaneers games,aem/62/621998765c67e11b5cc1c36460cb95ab_1699460256.jpeg,https://www.siriusxm.com/player/channel-linear/entity/7372497a-c237-e5de-a1ed-6d3e083fedc9
cfc27539-f855-7b94-01ff-9341f7825c8c,channel-linear,Tennessee Titans,830,Sports,NFL Play-by-Play,Live Titans games,aem/3e/3e802958f277e401947787bb0aa16ba6_1699460137.jpeg,https://www.siriusxm.com/player/channel-linear/entity/cfc27539-f855-7b94-01ff-9341f7825c8c
af7393ce-01cf-560f-2382-bb683c345640,channel-linear,Washington Commanders,831,Sports,NFL Play-by-Play,Live Commanders games,aem/b7/b79387a5322059a7cfcf40f88432cf42_1699460075.jpeg,https://www.siriusxm.com/player/channel-linear/entity/af7393ce-01cf-560f-2382-bb683c345640
41c960eb-799a-90d8-18b1-62b5ae608d2c,channel-linear,NFL en Español 832,832,Sports,NFL Play-by-Play,Live NFL games en Español,aem/92/9285b6d9390a9c923d1b6d2dd53ef2da_1699375291.jpeg,https://www.siriusxm.com/player/channel-linear/entity/41c960eb-799a-90d8-18b1-62b5ae608d2c
d4971239-4b12-40d3-d25b-06877ad5d792,channel-linear,SiriusXM F1 Radio,835,Sports,Other Play-by-Play,Formula 1 racing and analysis,if/73/730c9ed0196b333bb0f8e0d005e9977f_1772525126.png,https://www.siriusxm.com/player/channel-linear/entity/d4971239-4b12-40d3-d25b-06877ad5d792
bf3561ee-7605-89db-58c2-a863f09fbc88,channel-linear,Arizona Diamondbacks,840,Sports,MLB Play-by-Play,Live Diamondbacks games,aem/30/30030b93e976e8e150628a981bf5d402_1699460267.jpeg,https://www.siriusxm.com/player/channel-linear/entity/bf3561ee-7605-89db-58c2-a863f09fbc88
7ae4cb81-ed66-3576-c6ad-c2e714c1b9f0,channel-linear,Athletics,841,Sports,MLB Play-by-Play,Live Athletics games,aem/2e/2e2765eba212c605f8d37af6bab38111_1699460064.jpeg,https://www.siriusxm.com/player/channel-linear/entity/7ae4cb81-ed66-3576-c6ad-c2e714c1b9f0
e8ca58ee-fbdc-3126-392f-5756b5680a9e,channel-linear,Atlanta Braves,842,Sports,MLB Play-by-Play,Live Braves games,aem/b1/b1b36555a21816c0b26815157543dd89_1699460276.jpeg,https://www.siriusxm.com/player/channel-linear/entity/e8ca58ee-fbdc-3126-392f-5756b5680a9e
59e2b9d5-e5ee-271f-c116-9a14d63e163b,channel-linear,Baltimore Orioles,843,Sports,MLB Play-by-Play,Live Orioles games,aem/64/6477b61cc6c529c3fc561d7c6ed96f63_1699460166.jpeg,https://www.siriusxm.com/player/channel-linear/entity/59e2b9d5-e5ee-271f-c116-9a14d63e163b
c1e2c988-3d4a-277a-3e60-fc315fdd5b20,channel-linear,Boston Red Sox,844,Sports,MLB Play-by-Play,Live Red Sox games,aem/fd/fd658b129289679cba22ece476265b16_1699460229.jpeg,https://www.siriusxm.com/player/channel-linear/entity/c1e2c988-3d4a-277a-3e60-fc315fdd5b20
ea24fa32-9ba9-2430-6364-f0ac8dfc410b,channel-linear,Chicago Cubs,845,Sports,MLB Play-by-Play,Live Cubs games,aem/11/11270090e2ea78bd505f309ca8d5669a_1699460143.jpeg,https://www.siriusxm.com/player/channel-linear/entity/ea24fa32-9ba9-2430-6364-f0ac8dfc410b
527f644e-849a-02c9-524f-0e5bf332129d,channel-linear,Chicago White Sox,846,Sports,MLB Play-by-Play,Live White Sox games,aem/02/02332d31d1aa9a8e71edfa1cd7ff93d8_1699460053.jpeg,https://www.siriusxm.com/player/channel-linear/entity/527f644e-849a-02c9-524f-0e5bf332129d
66d24366-a6ee-aff9-2cf0-6d390b758208,channel-linear,Cincinnati Reds,847,Sports,MLB Play-by-Play,Live Reds games,aem/b2/b21716c2fe4a352addde0d654e45b722_1699460128.jpeg,https://www.siriusxm.com/player/channel-linear/entity/66d24366-a6ee-aff9-2cf0-6d390b758208
13f5be5d-1ca3-60bd-16d3-e77375a15f29,channel-linear,Cleveland Guardians,848,Sports,MLB Play-by-Play,Live Guardians games,aem/81/8105ef260f6556d029d7b29a26911e36_1699460208.jpeg,https://www.siriusxm.com/player/channel-linear/entity/13f5be5d-1ca3-60bd-16d3-e77375a15f29
cb05de05-bc67-3f06-e1b2-110454df3cc1,channel-linear,Colorado Rockies,849,Sports,MLB Play-by-Play,Live Rockies games,aem/2b/2b6c13f8203ec52edf5d32ba885a0646_1699460154.jpeg,https://www.siriusxm.com/player/channel-linear/entity/cb05de05-bc67-3f06-e1b2-110454df3cc1
a6b599c6-1681-1d5a-2b43-3008ecfd19af,channel-linear,Detroit Tigers,850,Sports,MLB Play-by-Play,Live Tigers games,aem/9d/9d52922b0da1f8199c28890f7dcf3ff9_1699460051.jpeg,https://www.siriusxm.com/player/channel-linear/entity/a6b599c6-1681-1d5a-2b43-3008ecfd19af
d4fb8124-6322-2c78-88c4-dbabe29319cc,channel-linear,Houston Astros,851,Sports,MLB Play-by-Play,Live Astros games,aem/8c/8c94ffa2e88647c8e5008ec9865b360f_1699460263.jpeg,https://www.siriusxm.com/player/channel-linear/entity/d4fb8124-6322-2c78-88c4-dbabe29319cc
3a88ba8a-f17e-65ef-20d3-5b4831938d88,channel-linear,Kansas City Royals,852,Sports,MLB Play-by-Play,Live Royals games,aem/49/4901d579e579316b32460348cd5c8dd2_1699460094.jpeg,https://www.siriusxm.com/player/channel-linear/entity/3a88ba8a-f17e-65ef-20d3-5b4831938d88
fa621690-4b3e-4d9b-d35a-d3a81ae6a617,channel-linear,Los Angeles Angels,853,Sports,MLB Play-by-Play,Live Angels games,aem/1c/1ca288f228459080244239d70c75d5fc_1699460204.jpeg,https://www.siriusxm.com/player/channel-linear/entity/fa621690-4b3e-4d9b-d35a-d3a81ae6a617
ab9b53f1-7ebf-737d-313c-6f78c5b24fd2,channel-linear,Los Angeles Dodgers,854,Sports,MLB Play-by-Play,Live Dodgers games,aem/39/39a51fde55511c6867057e0fe9a0ae7b_1699460191.jpeg,https://www.siriusxm.com/player/channel-linear/entity/ab9b53f1-7ebf-737d-313c-6f78c5b24fd2
59a9408b-a743-40a0-920c-164fd7819357,channel-linear,Miami Marlins,855,Sports,MLB Play-by-Play,Live Marlins games,aem/bc/bc21e22d47656b879fb5e0e07afa7090_1699460070.jpeg,https://www.siriusxm.com/player/channel-linear/entity/59a9408b-a743-40a0-920c-164fd7819357
aecdf4c1-d092-c97a-8aee-f82a088784d6,channel-linear,Milwaukee Brewers,856,Sports,MLB Play-by-Play,Live Brewers games,aem/7f/7fdd00ecd274844b269e214f82fab6a6_1699460072.jpeg,https://www.siriusxm.com/player/channel-linear/entity/aecdf4c1-d092-c97a-8aee-f82a088784d6
cd1a2fbf-5d03-e878-14ca-86f20678a4bc,channel-linear,Minnesota Twins,857,Sports,MLB Play-by-Play,Live Twins games,aem/5f/5f8451221480ba373015290ee790b0b4_1699460083.jpeg,https://www.siriusxm.com/player/channel-linear/entity/cd1a2fbf-5d03-e878-14ca-86f20678a4bc
26eb3ec9-f6a9-4db8-072b-84abf0ccfe4f,channel-linear,New York Mets,858,Sports,MLB Play-by-Play,Live Mets games,aem/9a/9a75128e12263fde2ec3a98610cee7c1_1699460082.jpeg,https://www.siriusxm.com/player/channel-linear/entity/26eb3ec9-f6a9-4db8-072b-84abf0ccfe4f
21fd583e-8f6a-b869-4f75-9e8a3f604eb0,channel-linear,New York Yankees,859,Sports,MLB Play-by-Play,Live Yankees games,aem/3f/3fbbbe322451f2526f790fed3ab368bc_1699460052.jpeg,https://www.siriusxm.com/player/channel-linear/entity/21fd583e-8f6a-b869-4f75-9e8a3f604eb0
09cdce68-b0dc-fa0f-664a-46983e213ee8,channel-linear,Philadelphia Phillies,860,Sports,MLB Play-by-Play,Live Phillies games,aem/dd/dd0226a2274b5dc841c5071f9b13e618_1699460119.jpeg,https://www.siriusxm.com/player/channel-linear/entity/09cdce68-b0dc-fa0f-664a-46983e213ee8
bbafbc6d-93c1-785b-7753-f62639a289f2,channel-linear,Pittsburgh Pirates,861,Sports,MLB Play-by-Play,Live Pirates games,aem/6f/6f728c3335dfac227f9421dd46e6c713_1699460107.jpeg,https://www.siriusxm.com/player/channel-linear/entity/bbafbc6d-93c1-785b-7753-f62639a289f2
dd089469-1a9f-7a8b-164d-a1abc1d12e32,channel-linear,San Diego Padres,862,Sports,MLB Play-by-Play,Live Padres games,aem/0a/0ae48de05fa983beefd5ddc9a90c43ec_1699460114.jpeg,https://www.siriusxm.com/player/channel-linear/entity/dd089469-1a9f-7a8b-164d-a1abc1d12e32
b4d81d39-2c05-49e1-e591-24cacdd274ed,channel-linear,San Francisco Giants,863,Sports,MLB Play-by-Play,Live Giants games,aem/38/38936c56e7f3a75ec7d1d09e1e596bc0_1699460111.jpeg,https://www.siriusxm.com/player/channel-linear/entity/b4d81d39-2c05-49e1-e591-24cacdd274ed
4ebd0395-6ddf-ca22-0dbc-eec804077744,channel-linear,Seattle Mariners,864,Sports,MLB Play-by-Play,Live Mariners games,aem/f0/f0b34dc22cd5c0ca97f5cf3496be57ad_1699460073.jpeg,https://www.siriusxm.com/player/channel-linear/entity/4ebd0395-6ddf-ca22-0dbc-eec804077744
38ba7d8b-5c74-79e2-1b6d-4e03669d2525,channel-linear,St. Louis Cardinals,865,Sports,MLB Play-by-Play,Live Cardinals games,aem/be/bea1bd572784783e77b0f4fdd074d61f_1699460246.jpeg,https://www.siriusxm.com/player/channel-linear/entity/38ba7d8b-5c74-79e2-1b6d-4e03669d2525
4a03994d-e73a-2806-47b2-96f5e3cc085f,channel-linear,Tampa Bay Rays,866,Sports,MLB Play-by-Play,Live Rays games,aem/39/39dfc6cdf7d42e9e2e3f5594f43d192d_1699460198.jpeg,https://www.siriusxm.com/player/channel-linear/entity/4a03994d-e73a-2806-47b2-96f5e3cc085f
8a86c5bf-3d8b-f795-262b-af0878908c08,channel-linear,Texas Rangers,867,Sports,MLB Play-by-Play,Live Rangers games,aem/db/db58d290167b5632c3c457cdeb551f6e_1699460259.jpeg,https://www.siriusxm.com/player/channel-linear/entity/8a86c5bf-3d8b-f795-262b-af0878908c08
eb149af3-a977-9164-487e-6b229d3b417a,channel-linear,Toronto Blue Jays,868,Sports,MLB Play-by-Play,Live Blue Jays games,aem/0a/0aabead19f6f0bb1539f563d94a560fd_1699460052.jpeg,https://www.siriusxm.com/player/channel-linear/entity/eb149af3-a977-9164-487e-6b229d3b417a
7ccb8330-7c49-2257-8a2a-95de18260ad0,channel-linear,Washington Nationals,869,Sports,MLB Play-by-Play,Live Nationals games,aem/3f/3f7246326bf210f9858fd8c968a5f2b0_1699460213.jpeg,https://www.siriusxm.com/player/channel-linear/entity/7ccb8330-7c49-2257-8a2a-95de18260ad0
0b04fd91-ea6a-2c62-cb3b-a339e8f232d3,channel-linear,MLB en Español 870,870,Sports,MLB Play-by-Play,Live MLB® games en Español,aem/ba/ba0a532aa3c344297eb70056ed000ec5_1700513351.jpeg,https://www.siriusxm.com/player/channel-linear/entity/0b04fd91-ea6a-2c62-cb3b-a339e8f232d3
29aaf8cb-3ffa-dea5-d856-d2aec155f775,channel-linear,MLB en Español 871,871,Sports,MLB Play-by-Play,Live MLB® games en Español,aem/16/161c21ed3b4fb81a3d6008fe922a6a6e_1700513276.jpeg,https://www.siriusxm.com/player/channel-linear/entity/29aaf8cb-3ffa-dea5-d856-d2aec155f775
edc23ad2-d444-169d-f96d-28152485c3df,channel-linear,Atlanta Hawks,880,Sports,NBA Play-by-Play,Live Hawks games,aem/20/201e35ee4efaa239513b803972dcf7c0_1699368703.jpeg,https://www.siriusxm.com/player/channel-linear/entity/edc23ad2-d444-169d-f96d-28152485c3df
1ea7158e-d97e-fdcd-a94d-b9120d66be21,channel-linear,Boston Celtics,881,Sports,NBA Play-by-Play,Live Celtics games,aem/ab/ab868dcce8b28afd2608e1e7a05fa706_1699368676.jpeg,https://www.siriusxm.com/player/channel-linear/entity/1ea7158e-d97e-fdcd-a94d-b9120d66be21
653efded-9c0c-d654-d26e-50b103720df4,channel-linear,Brooklyn Nets,882,Sports,NBA Play-by-Play,Live Nets games,aem/50/503f6c7f3f647e38a654da63739941f2_1699368721.jpeg,https://www.siriusxm.com/player/channel-linear/entity/653efded-9c0c-d654-d26e-50b103720df4
5993a166-246d-ef2c-d0ae-3c5c0080d1ec,channel-linear,Charlotte Hornets,883,Sports,NBA Play-by-Play,Live Hornets games,aem/fd/fd0e995c6b4dfc6808c6df0d3d8d6263_1699368719.jpeg,https://www.siriusxm.com/player/channel-linear/entity/5993a166-246d-ef2c-d0ae-3c5c0080d1ec
5a1b6243-6e50-5081-ba94-58299a2955cf,channel-linear,Chicago Bulls,884,Sports,NBA Play-by-Play,Live Bulls games,aem/4d/4db3c107000fb089527111a9ee7f57ce_1699368713.jpeg,https://www.siriusxm.com/player/channel-linear/entity/5a1b6243-6e50-5081-ba94-58299a2955cf
f30229a8-c154-306c-11e2-7cb9ecd6d4f7,channel-linear,Cleveland Cavaliers,885,Sports,NBA Play-by-Play,Live Cavaliers games,aem/cd/cd3fd01438dd83451d51d1a891333e60_1699368709.jpeg,https://www.siriusxm.com/player/channel-linear/entity/f30229a8-c154-306c-11e2-7cb9ecd6d4f7
01f2a47f-52a3-242b-5f15-86ffcf86be54,channel-linear,Dallas Mavericks,886,Sports,NBA Play-by-Play,Live Mavericks games,aem/2e/2e3b1218f24b9d67bb50befe0275cbc6_1699368706.jpeg,https://www.siriusxm.com/player/channel-linear/entity/01f2a47f-52a3-242b-5f15-86ffcf86be54
f0815486-46cd-eb4a-df92-5aa97b240c48,channel-linear,Denver Nuggets,887,Sports,NBA Play-by-Play,Live Nuggets games,aem/81/8115b67fa5c9e6d7a3280beeebc62a49_1699368659.jpeg,https://www.siriusxm.com/player/channel-linear/entity/f0815486-46cd-eb4a-df92-5aa97b240c48
c62e8594-f7c2-ff07-b0a5-59c170368257,channel-linear,Detroit Pistons,888,Sports,NBA Play-by-Play,Live Pistons games,aem/f8/f8ba26621dab2881a4389288d4a2b927_1699368652.jpeg,https://www.siriusxm.com/player/channel-linear/entity/c62e8594-f7c2-ff07-b0a5-59c170368257
f889faba-f9ff-ff9c-45d9-71d0f47770f1,channel-linear,Golden State Warriors,889,Sports,NBA Play-by-Play,Live Warriors games,aem/4f/4fa333301b0646f41cd14d773b3eaacc_1699368697.jpeg,https://www.siriusxm.com/player/channel-linear/entity/f889faba-f9ff-ff9c-45d9-71d0f47770f1
b961e6e4-466c-c951-1785-9fa11d8030c8,channel-linear,Houston Rockets,890,Sports,NBA Play-by-Play,Live Rockets games,aem/5e/5ea1fb0cb1352456bb1e9e9c8a8260c6_1699368649.jpeg,https://www.siriusxm.com/player/channel-linear/entity/b961e6e4-466c-c951-1785-9fa11d8030c8
d8a95749-fdcc-c011-8ed8-4aece4416d6b,channel-linear,Indiana Pacers,891,Sports,NBA Play-by-Play,Live Pacers games,if/ae/ae1f3ee0b3a23565bc3562622fe1833f_1755786518.jpg,https://www.siriusxm.com/player/channel-linear/entity/d8a95749-fdcc-c011-8ed8-4aece4416d6b
53216c12-ea6f-c5e6-ea75-add7f032def1,channel-linear,Los Angeles Clippers,892,Sports,NBA Play-by-Play,Live Clippers games,aem/53/53024449415533a70758f92785405013_1726696160.jpeg,https://www.siriusxm.com/player/channel-linear/entity/53216c12-ea6f-c5e6-ea75-add7f032def1
68e21caa-814a-baf0-c0e0-9277c5dbac18,channel-linear,Los Angeles Lakers,893,Sports,NBA Play-by-Play,Live Lakers games,aem/e2/e27111f95deca07da3e1d599be52dfb2_1699368633.jpeg,https://www.siriusxm.com/player/channel-linear/entity/68e21caa-814a-baf0-c0e0-9277c5dbac18
1f8d835e-8469-aefe-f272-8011d2104d0d,channel-linear,Memphis Grizzlies,894,Sports,NBA Play-by-Play,Live Grizzlies games,aem/e0/e0008f5eb0ae7fd0b79f9f6d94329863_1699368701.jpeg,https://www.siriusxm.com/player/channel-linear/entity/1f8d835e-8469-aefe-f272-8011d2104d0d
5b7c0540-4282-5ce0-d61b-e8810f9ed04b,channel-linear,Miami Heat,895,Sports,NBA Play-by-Play,Live Heat games,aem/53/5375e818379679658c3173d7d48f8921_1699368712.jpeg,https://www.siriusxm.com/player/channel-linear/entity/5b7c0540-4282-5ce0-d61b-e8810f9ed04b
34e619a3-5f36-dc0d-d9b4-4ede27c5e27f,channel-linear,Milwaukee Bucks,896,Sports,NBA Play-by-Play,Live Bucks games,aem/50/50f6bf0b20fdde117a1fb8cb338ca90a_1699368695.jpeg,https://www.siriusxm.com/player/channel-linear/entity/34e619a3-5f36-dc0d-d9b4-4ede27c5e27f
4f8ae5b0-dd13-8361-000c-bf1a27fc738e,channel-linear,Minnesota Timberwolves,897,Sports,NBA Play-by-Play,Live Timberwolves games,aem/3a/3addde76e0131c42bf63a404428c498b_1699368675.jpeg,https://www.siriusxm.com/player/channel-linear/entity/4f8ae5b0-dd13-8361-000c-bf1a27fc738e
9d8e4c55-75f3-7568-b5a3-d3205972c955,channel-linear,New Orleans Pelicans,898,Sports,NBA Play-by-Play,Live Pelicans games,aem/cf/cfb84a7c933ae884341614ae6f0380c5_1699368717.jpeg,https://www.siriusxm.com/player/channel-linear/entity/9d8e4c55-75f3-7568-b5a3-d3205972c955
4a0b13f5-49cd-52b5-2b30-e36b9f7484ba,channel-linear,New York Knicks,899,Sports,NBA Play-by-Play,Live Knicks games,aem/b2/b261dbe5637a8ab2a4c73b9cb29a01da_1699368637.jpeg,https://www.siriusxm.com/player/channel-linear/entity/4a0b13f5-49cd-52b5-2b30-e36b9f7484ba
3acb15ef-a0f7-f1ad-9973-a44e89e3175e,channel-linear,Oklahoma City Thunder,900,Sports,NBA Play-by-Play,Live Thunder games,aem/67/677861fac781a36799d384031a55b2a6_1699368661.jpeg,https://www.siriusxm.com/player/channel-linear/entity/3acb15ef-a0f7-f1ad-9973-a44e89e3175e
56c58f7d-922d-54a9-5a74-e58ac29af81c,channel-linear,Orlando Magic,901,Sports,NBA Play-by-Play,Live Magic games,if/e0/e0d97cebc7d1355684196541ff447d1d_1754036779.jpg,https://www.siriusxm.com/player/channel-linear/entity/56c58f7d-922d-54a9-5a74-e58ac29af81c
f9f1fd27-ab2d-1c40-fe0b-35935f14c8aa,channel-linear,Philadelphia 76ers,902,Sports,NBA Play-by-Play,Live 76ers games,aem/4b/4b61f0291090dfcef309ee87dd065684_1699368641.jpeg,https://www.siriusxm.com/player/channel-linear/entity/f9f1fd27-ab2d-1c40-fe0b-35935f14c8aa
9fcf6293-93cb-dd83-bf38-77449b184baa,channel-linear,Phoenix Suns,903,Sports,NBA Play-by-Play,Live Suns games,aem/6d/6d2ed4fd12324c984ed6a890e24753d3_1699368692.jpeg,https://www.siriusxm.com/player/channel-linear/entity/9fcf6293-93cb-dd83-bf38-77449b184baa
5992d340-726a-f84d-4d26-aec7de18f0c1,channel-linear,Portland Trail Blazers,904,Sports,NBA Play-by-Play,Live Trail Blazers games,aem/24/248caefc3c7ce5ef0fea23c9f18b3680_1699368720.jpeg,https://www.siriusxm.com/player/channel-linear/entity/5992d340-726a-f84d-4d26-aec7de18f0c1
6b1b47eb-7b16-38db-4df3-626fbf395be4,channel-linear,Sacramento Kings,905,Sports,NBA Play-by-Play,Live Kings games,aem/31/315e13745180cfed010bc24a67cac21c_1701361296.jpeg,https://www.siriusxm.com/player/channel-linear/entity/6b1b47eb-7b16-38db-4df3-626fbf395be4
34c08004-ca56-efda-e0df-7a838d7c146e,channel-linear,San Antonio Spurs,906,Sports,NBA Play-by-Play,Live Spurs games,aem/f2/f2cc30300ef3b8b28da0e593f5c739db_1699368702.jpeg,https://www.siriusxm.com/player/channel-linear/entity/34c08004-ca56-efda-e0df-7a838d7c146e
4aca6ca0-1234-4feb-83ca-01c227c32bf4,channel-linear,Toronto Raptors,907,Sports,NBA Play-by-Play,Live Raptors games,aem/2f/2f5d78b8d8deaa5bdfd78943e331c197_1699368648.jpeg,https://www.siriusxm.com/player/channel-linear/entity/4aca6ca0-1234-4feb-83ca-01c227c32bf4
39ceed7a-4a2f-b7f8-8e43-474c009d1019,channel-linear,Utah Jazz,908,Sports,NBA Play-by-Play,Live Jazz games,if/53/5313babe2c0630d6b7852855764886f2_1755814570.jpg,https://www.siriusxm.com/player/channel-linear/entity/39ceed7a-4a2f-b7f8-8e43-474c009d1019
6aa041e3-95ee-280e-1bda-8694dd756f53,channel-linear,Washington Wizards,909,Sports,NBA Play-by-Play,Live Wizards games,aem/3b/3bea577acc1c213c290ceb8eb305911f_1699368698.jpeg,https://www.siriusxm.com/player/channel-linear/entity/6aa041e3-95ee-280e-1bda-8694dd756f53
69bc4baf-ac0e-e2ab-adf6-26248a21e5bb,channel-linear,Anaheim Ducks,920,Sports,NHL Play-by-Play,Live Ducks games,aem/c7/c7e2e0c0bfbf0af4d2081b0c5268adf5_1723487159.jpeg,https://www.siriusxm.com/player/channel-linear/entity/69bc4baf-ac0e-e2ab-adf6-26248a21e5bb
b165fedf-fa20-2810-9816-a1fd1e7d688b,channel-linear,Boston Bruins,921,Sports,NHL Play-by-Play,Live Bruins games,if/8c/8ca4e638dc5338568e0c58c42961f205_1760730298.jpg,https://www.siriusxm.com/player/channel-linear/entity/b165fedf-fa20-2810-9816-a1fd1e7d688b
a26db23b-e673-ba0e-8f17-86bc75fd4ccb,channel-linear,Buffalo Sabres,922,Sports,NHL Play-by-Play,Live Sabres games,aem/c1/c1e477a6f01280f691db8a562450e48e_1699460084.jpeg,https://www.siriusxm.com/player/channel-linear/entity/a26db23b-e673-ba0e-8f17-86bc75fd4ccb
bbadead9-4fc7-174a-d360-3fd549bc530e,channel-linear,Calgary Flames,923,Sports,NHL Play-by-Play,Live Flames games,aem/3f/3f13472750afac64375f10221c2c6fdd_1699460076.jpeg,https://www.siriusxm.com/player/channel-linear/entity/bbadead9-4fc7-174a-d360-3fd549bc530e
cd8a8df0-969f-7824-5ba6-9085d69646dc,channel-linear,Carolina Hurricanes,924,Sports,NHL Play-by-Play,Live Hurricanes games,aem/02/0233730df2b28708ae8f137235f73aa7_1699460087.jpeg,https://www.siriusxm.com/player/channel-linear/entity/cd8a8df0-969f-7824-5ba6-9085d69646dc
526fb88f-4a11-a342-2c12-13b265a976bc,channel-linear,Chicago Blackhawks,925,Sports,NHL Play-by-Play,Live Blackhawks games,aem/cf/cf7c599014fa59ebc56dfa2feaffe12e_1699460109.jpeg,https://www.siriusxm.com/player/channel-linear/entity/526fb88f-4a11-a342-2c12-13b265a976bc
cbcb6ddc-c39d-b569-feca-1760c4575da6,channel-linear,Colorado Avalanche,926,Sports,NHL Play-by-Play,Live Avalanche games,aem/56/568b54b8c725dc21f0d9cb152c51a048_1699460082.jpeg,https://www.siriusxm.com/player/channel-linear/entity/cbcb6ddc-c39d-b569-feca-1760c4575da6
a6844e11-3385-8ca9-9d43-7778690f1a5a,channel-linear,Columbus Blue Jackets,927,Sports,NHL Play-by-Play,Live Blue Jackets games,aem/52/52c7a1ff346802d2e25172d226453337_1699460212.jpeg,https://www.siriusxm.com/player/channel-linear/entity/a6844e11-3385-8ca9-9d43-7778690f1a5a
d55c4c07-402b-0842-a876-8559ea64f494,channel-linear,Dallas Stars,928,Sports,NHL Play-by-Play,Live Stars games,aem/6c/6c38811803f3262bd3fbb9ab800c900f_1699460244.jpeg,https://www.siriusxm.com/player/channel-linear/entity/d55c4c07-402b-0842-a876-8559ea64f494
39fb1e22-85b1-90cd-dc54-ed218228b5a2,channel-linear,Detroit Red Wings,929,Sports,NHL Play-by-Play,Live Red Wings games,aem/2e/2ecaa79fe0171bacc7f79cf597120998_1699460174.jpeg,https://www.siriusxm.com/player/channel-linear/entity/39fb1e22-85b1-90cd-dc54-ed218228b5a2
d6931be2-a2b5-6fd7-e8c6-ff4e1a46cc10,channel-linear,Edmonton Oilers,930,Sports,NHL Play-by-Play,Live Oilers games,aem/d0/d0154b8aeee7164ed9f374c5c4ab762b_1699460132.jpeg,https://www.siriusxm.com/player/channel-linear/entity/d6931be2-a2b5-6fd7-e8c6-ff4e1a46cc10
8a38d8f9-920b-adab-f0b2-51c590231277,channel-linear,Florida Panthers,931,Sports,NHL Play-by-Play,Live Panthers games,aem/bb/bb5f5a1450deba812f0e538133110400_1699460187.jpeg,https://www.siriusxm.com/player/channel-linear/entity/8a38d8f9-920b-adab-f0b2-51c590231277
1413f1e2-2205-b87a-80ef-cdb897803d31,channel-linear,Los Angeles Kings,932,Sports,NHL Play-by-Play,Live Kings games,aem/b3/b3142293729b7533c803ad7125d0c056_1723487119.jpeg,https://www.siriusxm.com/player/channel-linear/entity/1413f1e2-2205-b87a-80ef-cdb897803d31
b9a073d8-3d4d-f050-d797-4100d0f2cb7c,channel-linear,Minnesota Wild,933,Sports,NHL Play-by-Play,Live Wild games,aem/a8/a807632790f97992fbb2a0f12ec53edd_1699460202.jpeg,https://www.siriusxm.com/player/channel-linear/entity/b9a073d8-3d4d-f050-d797-4100d0f2cb7c
3298b787-35c9-f236-c885-3e7c760737f0,channel-linear,Montreal Canadiens,934,Sports,NHL Play-by-Play,Live Canadiens games,aem/1d/1d21521cd654995a820f75593d134330_1699368653.jpeg,https://www.siriusxm.com/player/channel-linear/entity/3298b787-35c9-f236-c885-3e7c760737f0
5d8bfb31-2244-5e33-7654-6b92f7b2786d,channel-linear,Nashville Predators,935,Sports,NHL Play-by-Play,Live Predators games,aem/05/052a0147cc8de907b3b3f4bcacd0e4a9_1699368708.jpeg,https://www.siriusxm.com/player/channel-linear/entity/5d8bfb31-2244-5e33-7654-6b92f7b2786d
07523f40-2db7-749a-b453-7a7732cda89c,channel-linear,New Jersey Devils,936,Sports,NHL Play-by-Play,Live Devils games,aem/21/214a163da54881e4a3d898be848bfb32_1699460108.png,https://www.siriusxm.com/player/channel-linear/entity/07523f40-2db7-749a-b453-7a7732cda89c
4219787d-1447-1078-8f17-cc4a7dc4d570,channel-linear,New York Islanders,937,Sports,NHL Play-by-Play,Live Islanders games,aem/af/af37a7c06f5ce38918a7245f2d4a2950_1699368679.jpeg,https://www.siriusxm.com/player/channel-linear/entity/4219787d-1447-1078-8f17-cc4a7dc4d570
37188687-c182-d226-6061-806722134518,channel-linear,New York Rangers,938,Sports,NHL Play-by-Play,Live Rangers games,aem/f7/f7964dd1d13fbbbc9462cb07fcd66bdc_1699368687.jpeg,https://www.siriusxm.com/player/channel-linear/entity/37188687-c182-d226-6061-806722134518
8d416eb2-df73-1bef-2b3f-798efa6e7026,channel-linear,Ottawa Senators,939,Sports,NHL Play-by-Play,Live Senators games,aem/52/526999cb6dc6af840932f665372f5f8e_1699368677.jpeg,https://www.siriusxm.com/player/channel-linear/entity/8d416eb2-df73-1bef-2b3f-798efa6e7026
ca365b18-a96a-37a5-9fe4-2d2a45fae892,channel-linear,Philadelphia Flyers,940,Sports,NHL Play-by-Play,Live Flyers games,if/9d/9d0681c7ed163a7da948e51c34993e65_1760990286.jpg,https://www.siriusxm.com/player/channel-linear/entity/ca365b18-a96a-37a5-9fe4-2d2a45fae892
d7890c84-3980-6144-56bc-b6449cb142bc,channel-linear,Pittsburgh Penguins,941,Sports,NHL Play-by-Play,Live Penguins games,aem/e4/e42863064cf62c5023d356f16a5c00b6_1699368636.png,https://www.siriusxm.com/player/channel-linear/entity/d7890c84-3980-6144-56bc-b6449cb142bc
31ebdfc0-dc1e-5ade-bc9c-6bb6dda1d46a,channel-linear,San Jose Sharks,942,Sports,NHL Play-by-Play,Live Sharks games,aem/db/dbcfe3c56123c22f0d81a928f236eb31_1699368702.jpeg,https://www.siriusxm.com/player/channel-linear/entity/31ebdfc0-dc1e-5ade-bc9c-6bb6dda1d46a
0185552e-93a4-09fa-a5f9-b8aa69f7458f,channel-linear,Seattle Kraken,943,Sports,NHL Play-by-Play,Live Kraken games,aem/00/00a92be2aded2795683380c32b5fba61_1707842674.jpeg,https://www.siriusxm.com/player/channel-linear/entity/0185552e-93a4-09fa-a5f9-b8aa69f7458f
7ef15917-d819-08b0-2ca3-4eed7b6f2a7e,channel-linear,St. Louis Blues,944,Sports,NHL Play-by-Play,Live Blues games,if/89/895f415f98873beb99dd9b72636c55cf_1754036750.jpg,https://www.siriusxm.com/player/channel-linear/entity/7ef15917-d819-08b0-2ca3-4eed7b6f2a7e
4fcf31bd-1eae-b620-5ee3-1eb86f5c95e9,channel-linear,Tampa Bay Lightning,945,Sports,NHL Play-by-Play,Live Lightning games,aem/66/66469f50a71c2ab64dddf1cb624d29c1_1699460096.jpeg,https://www.siriusxm.com/player/channel-linear/entity/4fcf31bd-1eae-b620-5ee3-1eb86f5c95e9
80742b6d-2284-d129-2e93-c305d00a8492,channel-linear,Toronto Maple Leafs,946,Sports,NHL Play-by-Play,Live Maple Leafs games,aem/c9/c9091f8c802a1a2cabf56b47f270f352_1699368685.jpeg,https://www.siriusxm.com/player/channel-linear/entity/80742b6d-2284-d129-2e93-c305d00a8492
93717a84-1d49-a2c5-c49f-77fd2e2ac4bd,channel-linear,Utah Mammoth,947,Sports,NHL Play-by-Play,Live Mammoth games,if/3f/3f53ad77f32f3e36a8bb3c3a209ffba1_1754036747.jpg,https://www.siriusxm.com/player/channel-linear/entity/93717a84-1d49-a2c5-c49f-77fd2e2ac4bd
54b6dbc7-c1a0-4c38-7f30-3485c6ffdb46,channel-linear,Vancouver Canucks,948,Sports,NHL Play-by-Play,Live Canucks games,aem/72/720ab3d977916a058577b328b664750c_1699460104.jpeg,https://www.siriusxm.com/player/channel-linear/entity/54b6dbc7-c1a0-4c38-7f30-3485c6ffdb46
d4872bcb-ab54-c000-b525-7f7458e01add,channel-linear,Vegas Golden Knights,949,Sports,NHL Play-by-Play,Live Golden Knights games,aem/d3/d36e8c42f7dc4b312ab828614ed26c6c_1699368640.jpeg,https://www.siriusxm.com/player/channel-linear/entity/d4872bcb-ab54-c000-b525-7f7458e01add
2aff9579-cef8-0c9a-1f27-8c546c8f4cfa,channel-linear,Washington Capitals,950,Sports,NHL Play-by-Play,Live Capitals games,aem/b2/b25c7e1b37bb830092f53fe0c5cce6e9_1699368677.jpeg,https://www.siriusxm.com/player/channel-linear/entity/2aff9579-cef8-0c9a-1f27-8c546c8f4cfa
9d367430-7e62-f0ac-2fd9-ec50d49c6820,channel-linear,Winnipeg Jets,951,Sports,NHL Play-by-Play,Live Jets games,aem/d1/d19748246ca1940f4a5ffbe1fdc01a33_1699368651.jpeg,https://www.siriusxm.com/player/channel-linear/entity/9d367430-7e62-f0ac-2fd9-ec50d49c6820
c4212ffd-b8ea-e00b-abb7-7a78efd0e0a4,channel-linear,Big 12 952,952,Sports,College Play-by-Play,Live Big 12 games,if/d9/d9d54901a64b3399a4d901ec63d1f432_1772479742.png,https://www.siriusxm.com/player/channel-linear/entity/c4212ffd-b8ea-e00b-abb7-7a78efd0e0a4
6c9062f6-d579-ca09-f6ac-c884e8c5e9b9,channel-linear,Big 12 953,953,Sports,College Play-by-Play,Live Big 12 Games,aem/b5/b530d85ca202c9b473f85a6584069ef3_1710794215.jpeg,https://www.siriusxm.com/player/channel-linear/entity/6c9062f6-d579-ca09-f6ac-c884e8c5e9b9
0e3617ab-9b64-4215-de6a-66db75f0f2fe,channel-linear,Big 12 954,954,Sports,College Play-by-Play,Live Big 12 Games,aem/b5/b530d85ca202c9b473f85a6584069ef3_1710794216.jpeg,https://www.siriusxm.com/player/channel-linear/entity/0e3617ab-9b64-4215-de6a-66db75f0f2fe
684cd9ac-0af0-2b2e-96dc-660d8cdb1520,channel-linear,ACC 955,955,Sports,College Play-by-Play,Live ACC games,aem/1b/1b2363017ebb7f926e31d3cdce381831_1711123036.jpeg,https://www.siriusxm.com/player/channel-linear/entity/684cd9ac-0af0-2b2e-96dc-660d8cdb1520
02ef49c8-8145-d62a-f448-11da698d7fda,channel-linear,ACC 956,956,Sports,College Play-by-Play,Live ACC games,aem/1b/1b2363017ebb7f926e31d3cdce381831_1711123037.jpeg,https://www.siriusxm.com/player/channel-linear/entity/02ef49c8-8145-d62a-f448-11da698d7fda
8a53ab2f-e2bb-5f5f-bb74-b073f7a82647,channel-linear,Big Ten 957,957,Sports,College Play-by-Play,Live Big Ten games,aem/89/899b11fb1829125acde859303e2acfa5_1710794217.jpeg,https://www.siriusxm.com/player/channel-linear/entity/8a53ab2f-e2bb-5f5f-bb74-b073f7a82647
dd6389bb-3d84-a715-2bb7-8602b609eb53,channel-linear,Big Ten 958,958,Sports,College Play-by-Play,Live Big Ten games,aem/89/899b11fb1829125acde859303e2acfa5_1710794220.jpeg,https://www.siriusxm.com/player/channel-linear/entity/dd6389bb-3d84-a715-2bb7-8602b609eb53
dd93c7f3-bccc-1aee-ef6d-c530619efaac,channel-linear,Big Ten 959,959,Sports,College Play-by-Play,Live Big Ten games,aem/f4/f4a466ae478d80d3f67199eb612b84fd_1712671718.jpeg,https://www.siriusxm.com/player/channel-linear/entity/dd93c7f3-bccc-1aee-ef6d-c530619efaac
8c9dc9b4-cd99-0eed-46e3-607caa75296c,channel-linear,SEC 960,960,Sports,College Play-by-Play,Live SEC games,aem/2c/2cb543938ef37494600e3c4df1812dce_1711408335.jpeg,https://www.siriusxm.com/player/channel-linear/entity/8c9dc9b4-cd99-0eed-46e3-607caa75296c
d93c13f8-02fc-93ee-04b7-de929ff2d73f,channel-linear,SEC 961,961,Sports,College Play-by-Play,Live SEC games,aem/2c/2cb543938ef37494600e3c4df1812dce_1711408335.jpeg,https://www.siriusxm.com/player/channel-linear/entity/d93c13f8-02fc-93ee-04b7-de929ff2d73f
9c50e3df-a38c-5c62-d45f-7665f89d2f06,channel-linear,SEC 962,962,Sports,College Play-by-Play,Live SEC games,aem/2c/2cb543938ef37494600e3c4df1812dce_1711408335.jpeg,https://www.siriusxm.com/player/channel-linear/entity/9c50e3df-a38c-5c62-d45f-7665f89d2f06
5c10b4af-52aa-7d5e-bf1d-d64d3df39716,channel-linear,Sports 963,963,Sports,Other Play-by-Play,College sports PXP & more,aem/40/40520c66f8b1fed4b944e68c1e36dd14_1712761458.jpeg,https://www.siriusxm.com/player/channel-linear/entity/5c10b4af-52aa-7d5e-bf1d-d64d3df39716
fbf3f7ed-b12d-410e-e527-d3100d90acee,channel-linear,Sports 964,964,Sports,Other Play-by-Play,Live sports coverage,aem/82/8296d2f4c811231c08c2166f66ba85e7_1699375413.jpeg,https://www.siriusxm.com/player/channel-linear/entity/fbf3f7ed-b12d-410e-e527-d3100d90acee
33a755a1-f96a-921b-eb35-eaf7876e5dba,channel-linear,Sports 965,965,Sports,Other Play-by-Play,Live sports coverage,aem/16/165b08d97c594fb91f4b2095bebc5111_1699375570.jpeg,https://www.siriusxm.com/player/channel-linear/entity/33a755a1-f96a-921b-eb35-eaf7876e5dba
71a1fd7c-45e0-83f2-380b-730db7f3a8b3,channel-linear,Sports 966,966,Sports,Other Play-by-Play,Live sports coverage,aem/03/0352b2f2eeb35c236f3334df1fe0b49c_1699376206.jpeg,https://www.siriusxm.com/player/channel-linear/entity/71a1fd7c-45e0-83f2-380b-730db7f3a8b3
453c679c-6245-b7e0-d15a-febafe086f40,channel-linear,Sports 967,967,Sports,Other Play-by-Play,Live sports coverage,aem/19/19e61251a55c08d7f22090e3d79500dd_1699375592.jpeg,https://www.siriusxm.com/player/channel-linear/entity/453c679c-6245-b7e0-d15a-febafe086f40
bd1cd910-3449-607f-cd34-d610d7d81904,channel-linear,Sports 968,968,Sports,Other Play-by-Play,Live sports coverage,aem/6a/6a54f83a310878b189e6dd54c8643968_1699375686.jpeg,https://www.siriusxm.com/player/channel-linear/entity/bd1cd910-3449-607f-cd34-d610d7d81904
d5ea02ab-5c78-1e67-f4e2-f284c48fea4b,channel-linear,Sports 969,969,Sports,Other Play-by-Play,Live sports coverage,aem/dc/dc5ec8bcf7e6de2b35316cef9b1f33be_1699375280.jpeg,https://www.siriusxm.com/player/channel-linear/entity/d5ea02ab-5c78-1e67-f4e2-f284c48fea4b
362bbdc9-e980-34cd-0c9f-ca99b7ce0e78,channel-linear,Sports 970,970,Sports,Other Play-by-Play,Live sports coverage,aem/a7/a7a5c69ef76789985b9d26ab388c85f7_1699375660.jpeg,https://www.siriusxm.com/player/channel-linear/entity/362bbdc9-e980-34cd-0c9f-ca99b7ce0e78
9afa01eb-68eb-6720-b6db-f3adf9b2f8cd,channel-linear,Sports 971,971,Sports,Other Play-by-Play,Live sports coverage,aem/41/415c04c555337ded0167e3b78248652e_1699375494.jpeg,https://www.siriusxm.com/player/channel-linear/entity/9afa01eb-68eb-6720-b6db-f3adf9b2f8cd
e17875c7-adb2-5747-19ee-e49da12beb4a,channel-linear,Sports 972,972,Sports,Other Play-by-Play,Live sports coverage,aem/93/93684fb3d19744c271578ff383541dcf_1699375111.jpeg,https://www.siriusxm.com/player/channel-linear/entity/e17875c7-adb2-5747-19ee-e49da12beb4a
628c4c43-c11f-86e3-90ba-be562a361317,channel-linear,Sports 973,973,Sports,Other Play-by-Play,Live sports coverage,aem/67/67f73f13505be7e03cdf857bfd45dedb_1699375559.jpeg,https://www.siriusxm.com/player/channel-linear/entity/628c4c43-c11f-86e3-90ba-be562a361317
715bd147-bdc6-53ed-c990-7b348c83a7a0,channel-linear,Sports 974,974,Sports,Other Play-by-Play,Live sports coverage,aem/60/6082bab093df699e8d27a68f57bee9f1_1699375176.jpeg,https://www.siriusxm.com/player/channel-linear/entity/715bd147-bdc6-53ed-c990-7b348c83a7a0
3bfee75a-49bb-3693-562e-2e454bc7776f,channel-linear,Sports 975,975,Sports,Other Play-by-Play,Live sports coverage,aem/ca/ca1b877bcd145e57fa034c947a908e34_1699376221.jpeg,https://www.siriusxm.com/player/channel-linear/entity/3bfee75a-49bb-3693-562e-2e454bc7776f
4d956d91-4f04-f839-d44f-6678299b1e2b,channel-linear,Sports 976,976,Sports,Other Play-by-Play,Live sports coverage,aem/78/789b7c0c76a3e94378d108a18256ab3f_1699376265.jpeg,https://www.siriusxm.com/player/channel-linear/entity/4d956d91-4f04-f839-d44f-6678299b1e2b
0a175ec0-92ce-a329-b9a4-4194d282b012,channel-linear,Sports 977,977,Sports,Other Play-by-Play,Live sports coverage,aem/2e/2e3590456e47a56f5f0025999791ff1b_1699375872.jpeg,https://www.siriusxm.com/player/channel-linear/entity/0a175ec0-92ce-a329-b9a4-4194d282b012
be12d233-3e43-ff78-0c51-1b99c489441f,channel-linear,Sports 978,978,Sports,Other Play-by-Play,Live sports coverage,aem/b8/b8a260cafaf95682fce62d32011c782b_1699376090.jpeg,https://www.siriusxm.com/player/channel-linear/entity/be12d233-3e43-ff78-0c51-1b99c489441f
0d290ea3-9179-da3a-b58e-9dd3dc62fb7b,channel-linear,Sports 979,979,Sports,Other Play-by-Play,Live sports coverage,aem/e0/e07f8f6b36f3d75de78860ecf16903ff_1699375658.jpeg,https://www.siriusxm.com/player/channel-linear/entity/0d290ea3-9179-da3a-b58e-9dd3dc62fb7b
2d8fdcb4-d659-d753-4a02-bef46c8d43c0,channel-linear,Sports 980,980,Sports,Other Play-by-Play,Live sports coverage,aem/30/30c812beefc573222d69c536f26d9cff_1699375798.jpeg,https://www.siriusxm.com/player/channel-linear/entity/2d8fdcb4-d659-d753-4a02-bef46c8d43c0
c0b87b0b-d883-ea96-1397-02b6c8337df0,channel-linear,Sports 981,981,Sports,Other Play-by-Play,Live sports coverage,aem/1d/1ddd0a8cdbbb09419a7b928d8e51f718_1699375372.jpeg,https://www.siriusxm.com/player/channel-linear/entity/c0b87b0b-d883-ea96-1397-02b6c8337df0
b024ffb5-5849-cbed-9892-a662e1fd8ba9,channel-linear,Sports 982,982,Sports,Other Play-by-Play,Live sports coverage,aem/45/45d85347e385b76ecf45031f4799556b_1699376192.jpeg,https://www.siriusxm.com/player/channel-linear/entity/b024ffb5-5849-cbed-9892-a662e1fd8ba9
d958fe00-bd69-4938-5641-a2353577bf9b,channel-linear,Sports 983,983,Sports,Other Play-by-Play,Live sports coverage,aem/60/602795c03cdc1e033ac8380ad7e17cc3_1699375362.jpeg,https://www.siriusxm.com/player/channel-linear/entity/d958fe00-bd69-4938-5641-a2353577bf9b
2731dc6c-3d44-bfbb-e0de-5379dda8b403,channel-linear,Sports 984,984,Sports,Other Play-by-Play,Live sports coverage,aem/ec/ece6821df0687b824497d5d5f78f950c_1699375228.jpeg,https://www.siriusxm.com/player/channel-linear/entity/2731dc6c-3d44-bfbb-e0de-5379dda8b403
a39064ba-a2b9-01b2-fa8e-d60cb78179ac,channel-linear,Sports 985,985,Sports,Other Play-by-Play,Live sports coverage,aem/60/6027242e52af77e7be3829c14712d3bf_1699375903.jpeg,https://www.siriusxm.com/player/channel-linear/entity/a39064ba-a2b9-01b2-fa8e-d60cb78179ac
d8ad98b3-d661-3c32-5e4a-464fbaaf861b,channel-linear,Sports 986,986,Sports,Other Play-by-Play,Live sports coverage,aem/c0/c0ae61166b73c80f3f7d135bcb9d563d_1699375789.jpeg,https://www.siriusxm.com/player/channel-linear/entity/d8ad98b3-d661-3c32-5e4a-464fbaaf861b
e5e0508b-cfca-6616-47f1-acd16eaeff75,channel-linear,Sports 987,987,Sports,Other Play-by-Play,Live sports coverage,aem/a6/a6095fc1bc711689a96fd3bbd9e4bba0_1699375427.jpeg,https://www.siriusxm.com/player/channel-linear/entity/e5e0508b-cfca-6616-47f1-acd16eaeff75
4fcfce27-552d-ffc6-4e79-cdb3b53391a9,channel-linear,Sports 988,988,Sports,Other Play-by-Play,Live sports coverage,aem/05/059b8b2369e68e2d26c318c09f385d10_1699375961.jpeg,https://www.siriusxm.com/player/channel-linear/entity/4fcfce27-552d-ffc6-4e79-cdb3b53391a9
02ff1105-7361-e874-1577-936f0114346b,channel-linear,Sports 989,989,Sports,Other Play-by-Play,Live sports coverage,aem/c1/c15ed5ac213d2203c340e4f1556d640c_1699375133.jpeg,https://www.siriusxm.com/player/channel-linear/entity/02ff1105-7361-e874-1577-936f0114346b
036be0de-b618-b305-7b13-24347d03110b,channel-linear,Sports 990,990,Sports,Other Play-by-Play,Live sports coverage,aem/fc/fcb9b6a170689a2a68c8cb7eea3dc93f_1699376121.jpeg,https://www.siriusxm.com/player/channel-linear/entity/036be0de-b618-b305-7b13-24347d03110b
77f68b58-2e59-1379-416f-0da7ffaa9060,channel-linear,Sports 991,991,Sports,Other Play-by-Play,Live sports coverage,aem/30/309c09c9b0a31776f31f201d9c9deb23_1699375870.jpeg,https://www.siriusxm.com/player/channel-linear/entity/77f68b58-2e59-1379-416f-0da7ffaa9060
04b2a781-8a7b-e44b-97c1-e32586477952,channel-linear,Sports 992,992,Sports,Other Play-by-Play,Live sports coverage,aem/c7/c744493f974cf8e76a283649db995dac_1699375843.jpeg,https://www.siriusxm.com/player/channel-linear/entity/04b2a781-8a7b-e44b-97c1-e32586477952
0dd1d12b-eacb-4676-1503-0f31d536f101,channel-linear,Sports 993,993,Sports,Other Play-by-Play,Live sports coverage,aem/41/4152c482ded875a69b26845921526eac_1699375587.jpeg,https://www.siriusxm.com/player/channel-linear/entity/0dd1d12b-eacb-4676-1503-0f31d536f101
fe842efd-bd29-8e0d-03bf-3f83fe4a2292,channel-linear,Sports 994,994,Sports,Other Play-by-Play,Live sports coverage,aem/5d/5d13e4355a0aef8d76ec3e6852abecaf_1699375416.jpeg,https://www.siriusxm.com/player/channel-linear/entity/fe842efd-bd29-8e0d-03bf-3f83fe4a2292
0399f6d5-209f-d09c-26cf-1b546472745f,channel-linear,Sports 995,995,Sports,Other Play-by-Play,Live sports coverage,aem/6e/6ef69ecce78841f303391a6fe5ab0cea_1700154620.jpeg,https://www.siriusxm.com/player/channel-linear/entity/0399f6d5-209f-d09c-26cf-1b546472745f
4263e4aa-ad7c-180c-2ca8-7b092bbfa2b5,channel-linear,Sports 996,996,Sports,Other Play-by-Play,Live sports coverage,aem/33/333046b914bf35c50a3b515ec9038bb7_1700154601.jpeg,https://www.siriusxm.com/player/channel-linear/entity/4263e4aa-ad7c-180c-2ca8-7b092bbfa2b5
b052e2d1-3aca-52b0-3c63-cfa55f12ef17,channel-linear,Sports 997,997,Sports,Other Play-by-Play,Live sports coverage,aem/91/91fa93114e1e967681516be2586ef7f3_1700154636.jpeg,https://www.siriusxm.com/player/channel-linear/entity/b052e2d1-3aca-52b0-3c63-cfa55f12ef17
3c102600-4c64-04e0-3bc6-edcd77b6fb8b,channel-linear,Sports 998,998,Sports,Other Play-by-Play,Live sports coverage,aem/85/858e286557927162599d57de7b0ae25e_1699375764.jpeg,https://www.siriusxm.com/player/channel-linear/entity/3c102600-4c64-04e0-3bc6-edcd77b6fb8b
fb4adb28-6794-d1a5-931f-294955b91a83,channel-linear,Sports 999,999,Sports,Other Play-by-Play,Live sports coverage,aem/07/071e9a0d1a4448754de1e6b706233982_1699375766.jpeg,https://www.siriusxm.com/player/channel-linear/entity/fb4adb28-6794-d1a5-931f-294955b91a83
86d52e32-09bf-a02d-1b6b-077e0aa05200,channel-xtra,Hits 1 Hitbound,1000,Music,New Music Discovery,New & emerging pop songs,if/38/380cf06ee4d0326d91bc716edf990f6a_1770054429.png,https://www.siriusxm.com/player/channel-xtra/entity/86d52e32-09bf-a02d-1b6b-077e0aa05200
91109e50-f6d7-3c63-1403-d841e3819b84,channel-xtra,Hits 1 Top Hits,1001,Music,Today's Hits,The latest pop music hits,if/ce/ceb2853dba4838679719b4a96272faac_1770054429.png,https://www.siriusxm.com/player/channel-xtra/entity/91109e50-f6d7-3c63-1403-d841e3819b84
a07b6f60-5f62-a362-0aca-ef923deb64ad,channel-xtra,Hits 1 Workout,1002,Music,Workout,High-energy modern pop mix,if/58/585ab4b2c69633e98ea2a15a43a44751_1770054351.png,https://www.siriusxm.com/player/channel-xtra/entity/a07b6f60-5f62-a362-0aca-ef923deb64ad
b9360988-8101-23dd-8518-fc52acf93212,channel-xtra,New Music Mash,1003,Music,Music Mash,Best new pop/country/alt/R&B mix,aem/ac/ac376676885d6fc7fa851285283de56b_1710431799.jpeg,https://www.siriusxm.com/player/channel-xtra/entity/b9360988-8101-23dd-8518-fc52acf93212
b546a271-6058-6512-1dd5-12de98976dcf,channel-xtra,Pulse Top Hits,1004,Music,Today's Hits,New & recent adult pop,if/ea/eac462bed75d31b1bacc1fb56131d82d_1767382887.png,https://www.siriusxm.com/player/channel-xtra/entity/b546a271-6058-6512-1dd5-12de98976dcf
2016d325-03e5-ef06-a80f-de215b6f2d87,channel-xtra,50s/60s Pop Hits,1005,Music,Music Mash,Flashback oldies-era tracks,aem/4e/4e32eedfc1abb995dbdf61e96d5a35d1_1699375640.jpeg,https://www.siriusxm.com/player/channel-xtra/entity/2016d325-03e5-ef06-a80f-de215b6f2d87
09a91fb6-2ec7-f8fb-e562-4f869ff011ef,channel-xtra,60s/70s,1006,Music,Music Mash,60s & 70s pop hits mash-up,aem/71/71def61ae91d6b15f918a33f2bec4087_1706199776.jpeg,https://www.siriusxm.com/player/channel-xtra/entity/09a91fb6-2ec7-f8fb-e562-4f869ff011ef
98ea4cd3-e358-f7b2-5145-4a8848857b0e,channel-xtra,Love 70s Hits,1007,Music,The 70s Decade,Endless love songs from the 70s,aem/a0/a076152cf427bfa0918d0a244040d3e4_1699376021.jpeg,https://www.siriusxm.com/player/channel-xtra/entity/98ea4cd3-e358-f7b2-5145-4a8848857b0e
d015b2b8-3373-5105-18d0-40cbbea9f771,channel-xtra,"70s, 80s, 90s",1008,Music,Music Mash,"70s, 80s & 90s pop hits mash-up",aem/24/24224739df1cc055bc4a4ef3a1290369_1699375664.jpeg,https://www.siriusxm.com/player/channel-xtra/entity/d015b2b8-3373-5105-18d0-40cbbea9f771
5907a263-8ba5-2964-648d-7b93ff28e323,channel-xtra,70s/80s,1009,Music,Music Mash,70s & 80s pop hits mash-up,aem/ad/ad9a2d9d57018881441e5b8afcb6b2c9_1706214781.jpeg,https://www.siriusxm.com/player/channel-xtra/entity/5907a263-8ba5-2964-648d-7b93ff28e323
6815cf99-fdea-60d4-d710-d390c26bf3c0,channel-xtra,80s/90s,1010,Music,Music Mash,80s & 90s pop hits mash-up,aem/8b/8bfd49d598b565f52497a1373efcce50_1699376081.jpeg,https://www.siriusxm.com/player/channel-xtra/entity/6815cf99-fdea-60d4-d710-d390c26bf3c0
726164bd-f1d6-bd57-6480-9d7b08710625,channel-xtra,90s & 2Ks,1011,Music,Music Mash,90s & 2Ks pop hits mash-up,aem/83/83aa47454b709e396a1f96e9e422662b_1699375237.jpeg,https://www.siriusxm.com/player/channel-xtra/entity/726164bd-f1d6-bd57-6480-9d7b08710625
0c14c6ec-9da9-4846-3a87-18ac97717a5b,channel-xtra,2Ks to Now Pop Hits,1012,Music,Music Mash,21st century pop favorites,aem/6e/6e9bbe882a1ceda6634e5dd2930e5e23_1699375146.jpeg,https://www.siriusxm.com/player/channel-xtra/entity/0c14c6ec-9da9-4846-3a87-18ac97717a5b
9759dda0-e663-9151-e830-4b4cd4684eb8,channel-xtra,80s on 8 Top 100,1013,Music,Top 100,The top pop hits of the 80s,aem/21/21d245be7c9cec3e0b79c4b5a5ac6454_1699376092.jpeg,https://www.siriusxm.com/player/channel-xtra/entity/9759dda0-e663-9151-e830-4b4cd4684eb8
fb13a3a1-4d8b-000e-ba33-97a61b7130a8,channel-xtra,80s on 8 Workout,1014,Music,Workout,Your 80s workout soundtrack,aem/28/283e06ccf8fd7a4fd9640d86c22d2e18_1699375640.jpeg,https://www.siriusxm.com/player/channel-xtra/entity/fb13a3a1-4d8b-000e-ba33-97a61b7130a8
3d422eeb-9d32-9bef-a139-31209737d67a,channel-xtra,80s on 8 Party,1015,Music,Party,Your 80s party soundtrack,aem/c0/c0ebc6c099d3562271e1daaa07341e1e_1702594544.jpeg,https://www.siriusxm.com/player/channel-xtra/entity/3d422eeb-9d32-9bef-a139-31209737d67a
013adf53-baec-28b2-2762-5923e46b5dfe,channel-xtra,80s Chillpill,1016,Music,The 80s Decade,Mellow music from the 80s,aem/e4/e4b649df5a3fad66f4232efc840ea445_1699375880.jpeg,https://www.siriusxm.com/player/channel-xtra/entity/013adf53-baec-28b2-2762-5923e46b5dfe
a4915da5-e76e-6f54-dd7a-49f475d10fea,channel-xtra,90s on 9 Party,1017,Music,Party,High-energy 90s pop party hits,aem/d7/d747b7966b01164dd5a920fe8aa0ecab_1699375842.jpeg,https://www.siriusxm.com/player/channel-xtra/entity/a4915da5-e76e-6f54-dd7a-49f475d10fea
88dae72b-b5b2-9786-da48-418a5afd58db,channel-xtra,90s on 9 Top 100,1018,Music,Top 100,90s pop essentials,aem/91/91645e592908eeee9ba15d1dc15868b7_1699375812.jpeg,https://www.siriusxm.com/player/channel-xtra/entity/88dae72b-b5b2-9786-da48-418a5afd58db
b61062ff-fce3-9f4b-acd5-4d6eba614524,channel-xtra,90s on 9 Workout,1019,Music,Workout,Your 90s workout soundtrack,aem/45/45fbd36c1c1d04d7188d0535ce3f4777_1699375815.jpeg,https://www.siriusxm.com/player/channel-xtra/entity/b61062ff-fce3-9f4b-acd5-4d6eba614524
62bb80a9-e12b-4c9d-95ed-16327efcfb40,channel-xtra,90s Chillax,1020,Music,The 90s Decade,Mellow music from the 90s,aem/4c/4c69d9088eeee9e7becb3a2010675925_1699376161.jpeg,https://www.siriusxm.com/player/channel-xtra/entity/62bb80a9-e12b-4c9d-95ed-16327efcfb40
f1419664-8e56-5deb-2a83-220ceb62d9ae,channel-xtra,Pop2K Top 100,1021,Music,Top 100,2000s Pop Top 100,aem/aa/aa9ce59aef504019159c910a97d6a5ea_1699375637.jpeg,https://www.siriusxm.com/player/channel-xtra/entity/f1419664-8e56-5deb-2a83-220ceb62d9ae
c11f049e-c2f8-5299-eae4-ee8841f9ccf3,channel-xtra,Pop2K Workout,1022,Music,Workout,Your 2000s pop gym soundtrack,aem/bb/bb66736e12e29c26824b08b4a577aba6_1699376234.jpeg,https://www.siriusxm.com/player/channel-xtra/entity/c11f049e-c2f8-5299-eae4-ee8841f9ccf3
d87c40cc-2b44-94f3-b330-0a8ebbdba9e7,channel-xtra,Pop2K Party,1023,Music,Party,High-energy 2000s pop party hits,aem/b6/b6f44b54f2304e364b12fc2dcda9724f_1699375795.jpeg,https://www.siriusxm.com/player/channel-xtra/entity/d87c40cc-2b44-94f3-b330-0a8ebbdba9e7
0e7ed6f4-4aa2-acd4-d045-fd073763c2c2,channel-xtra,2Ks Mellow Hits,1024,Music,The 2000s Decade,Mellow music from the 2000s,aem/30/30b4ce952aa65253ad400d98164af3d3_1699376124.jpeg,https://www.siriusxm.com/player/channel-xtra/entity/0e7ed6f4-4aa2-acd4-d045-fd073763c2c2
774a5933-0c1c-d409-e24c-062def5da618,channel-xtra,Coffee House Classics,1025,Music,Relax,90s & early 2000s acoustic music,aem/0a/0ad0034a34540215f81ed022d4733948_1699376092.jpeg,https://www.siriusxm.com/player/channel-xtra/entity/774a5933-0c1c-d409-e24c-062def5da618
d6fd521e-11fd-7ffa-d773-7aaa466cd3d6,channel-xtra,2010s Hard Rock Hits,1028,Music,The 2010s Decade,The decade's top hard rock,aem/28/284a128d94d7461216dc5be017e4bd44_1699375417.jpeg,https://www.siriusxm.com/player/channel-xtra/entity/d6fd521e-11fd-7ffa-d773-7aaa466cd3d6
62f63e88-f4f3-448c-8406-089b17e96b0f,channel-xtra,2010s Country Hits,1029,Music,The 2010s Decade,The decade's top country tracks,aem/62/6256a27c889d10f0e1f689a679d9a70a_1699375170.jpeg,https://www.siriusxm.com/player/channel-xtra/entity/62f63e88-f4f3-448c-8406-089b17e96b0f
968e1713-0760-9178-cd3a-891061e23753,channel-xtra,2010s Hip-Hop/R&B Hits,1030,Music,The 2010s Decade,Top Hip-Hop/R&B from the 2010s,aem/0c/0c4ad5cf123ecddc20e31736189c6bc0_1699376056.jpeg,https://www.siriusxm.com/player/channel-xtra/entity/968e1713-0760-9178-cd3a-891061e23753
ffee33f8-0feb-d033-7bc7-273c970089d9,channel-xtra,Classic Rock BBQ,1031,Music,Party,Get fired up with tasty licks,aem/5e/5ef499dc641021aa39e60db8699d1419_1732039924.jpeg,https://www.siriusxm.com/player/channel-xtra/entity/ffee33f8-0feb-d033-7bc7-273c970089d9
5679685b-f672-19b1-bd30-43315a07e499,channel-xtra,Rockwall,1032,Music,Music Mash,"60s, 70s & 80s rock hits mash-up",aem/80/804bcd82aa04545f421266f5f615b210_1699376185.jpeg,https://www.siriusxm.com/player/channel-xtra/entity/5679685b-f672-19b1-bd30-43315a07e499
4764f6a7-71ec-f20c-bc8f-3ccb75776fba,channel-xtra,Classic Rock Workout,1033,Music,Workout,High-energy classic rock hits,aem/a3/a3d4b764e9b19f27e3fa26005f0caf2a_1699375767.jpeg,https://www.siriusxm.com/player/channel-xtra/entity/4764f6a7-71ec-f20c-bc8f-3ccb75776fba
f8060e72-95f9-3088-e9c7-d8df804a8cae,channel-xtra,Classic Rewind Top 100,1034,Music,Top 100,Essential 70s & 80s rock,aem/2f/2f7bc66d4aa001c3f3d2a0251f6c2e70_1699376097.jpeg,https://www.siriusxm.com/player/channel-xtra/entity/f8060e72-95f9-3088-e9c7-d8df804a8cae
d434c9df-7f5c-fb02-3bf5-c660d852393a,channel-xtra,Classic Vinyl Top 100,1035,Music,Top 100,Essential 60s & 70s rock,aem/86/8628242c68bde740b0821427d67d017a_1699375269.jpeg,https://www.siriusxm.com/player/channel-xtra/entity/d434c9df-7f5c-fb02-3bf5-c660d852393a
2e15fb39-1ffe-f689-4c66-f2ea4fc1a4bc,channel-xtra,70s on 7 Rock,1036,Music,The 70s Decade,Rockin' pop hits from the 70s,aem/bc/bc63a35e50b53181fdc367bdb2680842_1699376208.jpeg,https://www.siriusxm.com/player/channel-xtra/entity/2e15fb39-1ffe-f689-4c66-f2ea4fc1a4bc
59f24e42-8405-4ba8-704d-03384243d5cb,channel-xtra,80s on 8 Rock,1037,Music,The 80s Decade,Rockin' pop hits from the 80s,aem/89/89b3537a3bd535d3ee6d2c4eaaca39c5_1699376199.jpeg,https://www.siriusxm.com/player/channel-xtra/entity/59f24e42-8405-4ba8-704d-03384243d5cb
36d00fe8-0b5f-9db2-3eed-b3760113d3ba,channel-xtra,90s on 9 Rock,1038,Music,The 90s Decade,Rockin' pop hits from the 90s,aem/b7/b7a5d3923ef2c93fc1ed89023e1585a3_1699375899.jpeg,https://www.siriusxm.com/player/channel-xtra/entity/36d00fe8-0b5f-9db2-3eed-b3760113d3ba
810b4817-9ea4-2622-246d-fcca25e59802,channel-xtra,Pop2K Rock Hits,1039,Music,The 2000s Decade,Rockin' pop hits from the 2000s,aem/50/500c443bded770888da9f069b652bbef_1699375206.jpeg,https://www.siriusxm.com/player/channel-xtra/entity/810b4817-9ea4-2622-246d-fcca25e59802
6c9ec885-e671-fb9d-40b5-f0e55f93fd9e,channel-xtra,Alt Nation Top Hits,1040,Music,Today's Hits,Alt-rock chart toppers,aem/33/334b103dd24dfa63b75ba1b0ac13bd43_1699375903.jpeg,https://www.siriusxm.com/player/channel-xtra/entity/6c9ec885-e671-fb9d-40b5-f0e55f93fd9e
d54094ef-b462-5a96-b54e-1d12606827ed,channel-xtra,Alt Nation Adv Placement,1041,Music,New Music Discovery,New alternative rock discovery,aem/fd/fd0d0ea62a7847dbcb8d3718bfb92080_1699375556.jpeg,https://www.siriusxm.com/player/channel-xtra/entity/d54094ef-b462-5a96-b54e-1d12606827ed
14d3da18-9b75-0f8b-08f2-68a7db2d9c38,channel-xtra,80s to Now Alt Rock,1043,Music,Music Mash,Alt Rock Hits from 80s to Now,aem/cb/cbf6a22ffc1a19743a0611ff1d741d7e_1699375497.jpeg,https://www.siriusxm.com/player/channel-xtra/entity/14d3da18-9b75-0f8b-08f2-68a7db2d9c38
54bb62a4-c098-0866-12db-bb2f4e149a3d,channel-xtra,Octane Top Hits,1044,Music,Today's Hits,New hard rock hits (explicit),aem/01/012871d8372ad5fe102c3482639411de_1699375277.jpeg,https://www.siriusxm.com/player/channel-xtra/entity/54bb62a4-c098-0866-12db-bb2f4e149a3d
e4484918-45cd-b8e0-9058-b5c29710ec74,channel-xtra,Octane Test Drive,1045,Music,New Music Discovery,New hard rock music (explicit),aem/f6/f64fa75b38566b3a0cd2ed47ed18dcde_1699375710.jpeg,https://www.siriusxm.com/player/channel-xtra/entity/e4484918-45cd-b8e0-9058-b5c29710ec74
c933faa8-3cd2-ff5c-3e22-bb9396dd0f5f,channel-xtra,Spectrum Top Hits,1046,Music,Today's Hits,The best of current rock,aem/7d/7d7f1847bc561da2570c8c3fc1c410bc_1699375355.jpeg,https://www.siriusxm.com/player/channel-xtra/entity/c933faa8-3cd2-ff5c-3e22-bb9396dd0f5f
d6f18ec8-cf30-58d9-1601-1cdcd95288c0,channel-xtra,Spectrum Discovery,1047,Music,New Music Discovery,Emerging new rock,aem/7f/7fc587efe7f2b1c5807373e1c6084df0_1699375528.jpeg,https://www.siriusxm.com/player/channel-xtra/entity/d6f18ec8-cf30-58d9-1601-1cdcd95288c0
3125bac6-8975-5bda-0a5f-ba175f920bf9,channel-xtra,SiriusXMU Discovery,1048,Music,New Music Discovery,New & emerging indie rock,aem/8b/8b377606c8dd705cdbfebdb52840b833_1699375283.jpeg,https://www.siriusxm.com/player/channel-xtra/entity/3125bac6-8975-5bda-0a5f-ba175f920bf9
0e96d823-844f-3ab7-fdd7-5d74de02e8a7,channel-xtra,Nitro,1049,Music,Music Mash,Hard rock mashup (explicit),aem/97/974842c3ff8258b8017782a7ba9e6d9e_1699375637.jpeg,https://www.siriusxm.com/player/channel-xtra/entity/0e96d823-844f-3ab7-fdd7-5d74de02e8a7
64ec5832-5bf6-db31-5b6c-41cac39ded7c,channel-xtra,1st Wave Party,1050,Music,Party,Classic alt & new wave party hits,aem/c0/c005e63dda7c941b1cce63ecf1883965_1699375316.jpeg,https://www.siriusxm.com/player/channel-xtra/entity/64ec5832-5bf6-db31-5b6c-41cac39ded7c
ba34f8b7-f9d7-658e-2716-07e13004945b,channel-xtra,1st Wave Top 100,1051,Music,Top 100,Classic alt & new wave hits,aem/68/689f7b8ee52ce8b44ab0cbac343bf857_1699375962.jpeg,https://www.siriusxm.com/player/channel-xtra/entity/ba34f8b7-f9d7-658e-2716-07e13004945b
7b9dd5a3-ac40-b55a-1d40-8d43116b35eb,channel-xtra,1st Wave Workout,1052,Music,Workout,High-energy classic alt & new wave,aem/23/2353ac7411c56fda4e3779cee6ef0f55_1699375156.jpeg,https://www.siriusxm.com/player/channel-xtra/entity/7b9dd5a3-ac40-b55a-1d40-8d43116b35eb
e80b8f0a-8f44-19a7-1ca6-8d27ad314835,channel-xtra,Hair Nation Top 100,1053,Music,Top 100,The biggest 80s hair-band hits,aem/eb/eb9a0aaf882c0be9f73ef1e6c1e1852f_1699375841.jpeg,https://www.siriusxm.com/player/channel-xtra/entity/e80b8f0a-8f44-19a7-1ca6-8d27ad314835
64bcf553-6ef6-f38e-d31c-c46a0a37a7ba,channel-xtra,Hair Nation Party,1054,Music,Party,80s hair-band party jams,aem/f0/f04d330e3d23ee9d5be998d172e2e805_1699375478.jpeg,https://www.siriusxm.com/player/channel-xtra/entity/64bcf553-6ef6-f38e-d31c-c46a0a37a7ba
95ccef63-a111-09c6-5791-7f2d0337c635,channel-xtra,Turbo Top 100,1055,Music,Top 100,90s/00s rock hits (explicit),aem/32/32af435f77b06334923a2b7b22a2ee45_1699375930.jpeg,https://www.siriusxm.com/player/channel-xtra/entity/95ccef63-a111-09c6-5791-7f2d0337c635
bf95ab7f-4bcb-c600-1cf4-4ca33eab1a51,channel-xtra,Turbo Party,1056,Music,Party,90s/00s rock party (explicit),aem/2d/2d84157dea735df825357e3008fcdff2_1699375541.jpeg,https://www.siriusxm.com/player/channel-xtra/entity/bf95ab7f-4bcb-c600-1cf4-4ca33eab1a51
3bf1a125-c0a3-e164-4910-638175ad698d,channel-xtra,Turbo Workout,1057,Music,Workout,90s/00s gym rock (explicit),aem/3f/3f5ac0bb08b7ae8502a6a9a6750894cf_1699375725.jpeg,https://www.siriusxm.com/player/channel-xtra/entity/3bf1a125-c0a3-e164-4910-638175ad698d
a5922d75-2cca-8536-ec89-8256bcb5f6e0,channel-xtra,Lithium Top 100,1058,Music,Top 100,90s alt & grunge rock top hits,aem/bd/bd0a788b2a9c0dca26183ccd5c8e2bff_1699375408.jpeg,https://www.siriusxm.com/player/channel-xtra/entity/a5922d75-2cca-8536-ec89-8256bcb5f6e0
36dd742e-0454-3fc0-98ab-7f54dcf7e0ac,channel-xtra,Lithium Workout,1059,Music,Workout,High-energy 90s alt/grunge rock,aem/de/deac2b80993a8cdb88b04168315e81aa_1732039955.jpeg,https://www.siriusxm.com/player/channel-xtra/entity/36dd742e-0454-3fc0-98ab-7f54dcf7e0ac
4e81c04d-ebc5-8208-41bb-fb674a90a396,channel-xtra,Classic Hip-Hop BBQ,1060,Music,Party,Classic BBQ hip-hop (explicit),aem/8f/8f355323468b61c186543c4072750819_1699375357.jpeg,https://www.siriusxm.com/player/channel-xtra/entity/4e81c04d-ebc5-8208-41bb-fb674a90a396
a3db0d1b-1224-8e0d-786f-eafd24e4750f,channel-xtra,Hip-Hop Nation Top Hits,1061,Music,Today's Hits,Hip-hop hits (explicit),aem/aa/aa14eb4a47887de5fcf7eaa070037b28_1699375981.jpeg,https://www.siriusxm.com/player/channel-xtra/entity/a3db0d1b-1224-8e0d-786f-eafd24e4750f
398a7a4a-a3c0-108a-7ea1-f5f985f84d70,channel-xtra,Hip-Hop Nation Discovery,1063,Music,New Music Discovery,New hip-hop (explicit),aem/21/21a86318340d294f4a999789532c47da_1699376179.jpeg,https://www.siriusxm.com/player/channel-xtra/entity/398a7a4a-a3c0-108a-7ea1-f5f985f84d70
ece565d5-51e5-83a7-d893-446af4df5826,channel-xtra,Hip-Hop Nation Workout,1064,Music,Workout,Hip-hop workout (explicit),aem/7d/7de9b14a80c549bd07186fc1e15af036_1699375362.jpeg,https://www.siriusxm.com/player/channel-xtra/entity/ece565d5-51e5-83a7-d893-446af4df5826
f3692922-0812-3fc3-db97-c925da495018,channel-xtra,90s on 9 Hip-Hop/R&B,1065,Music,The 90s Decade,Top 90s hip-hop and R&B,aem/b2/b26a299079e307f2c54c32cc4a794378_1699375976.jpeg,https://www.siriusxm.com/player/channel-xtra/entity/f3692922-0812-3fc3-db97-c925da495018
8221116b-7a08-ac3c-e770-b6216ffd0572,channel-xtra,"90s-2Ks Pop, Hip-Hop/R&B",1066,Music,Music Mash,Genre-hopping 90s/2Ks hits,aem/ef/ef6f9e70df22a1226339a20b4a3bfbb9_1699375217.jpeg,https://www.siriusxm.com/player/channel-xtra/entity/8221116b-7a08-ac3c-e770-b6216ffd0572
1c03d7ed-0fa5-b133-23c7-01dbf66b335f,channel-xtra,Fly Top 100,1067,Music,Top 100,90s/00s hiphop hits (explicit),aem/0a/0aecc91b1bd98d3a6fc80add016308a5_1712950658.jpeg,https://www.siriusxm.com/player/channel-xtra/entity/1c03d7ed-0fa5-b133-23c7-01dbf66b335f
cfb904e6-22bd-7381-fe7d-862977ba3f2b,channel-xtra,Fly Party,1068,Music,Party,90s/00s FLY party (explicit),aem/a3/a36a2979cdc50efdde6d194f48a3e40c_1712950551.jpeg,https://www.siriusxm.com/player/channel-xtra/entity/cfb904e6-22bd-7381-fe7d-862977ba3f2b
ec2cf1b9-7d71-9df6-7629-f3c60587f23b,channel-xtra,Fly 2K Hip-Hop,1069,Music,The 2000s Decade,2000s hip-hop hits (explicit),aem/15/15b98b74d73c7a096ace53f441ccb429_1712942565.jpeg,https://www.siriusxm.com/player/channel-xtra/entity/ec2cf1b9-7d71-9df6-7629-f3c60587f23b
ceed1e56-cbf2-a520-2e24-b13e9e4fcbec,channel-xtra,Fly 90s Hip-Hop,1070,Music,The 90s Decade,90s hip-hop hits (explicit),aem/1b/1b1dcd508c49cfacbf583920c59a16b6_1712942871.jpeg,https://www.siriusxm.com/player/channel-xtra/entity/ceed1e56-cbf2-a520-2e24-b13e9e4fcbec
ffd56a04-702e-e63e-97ba-c8abd0d54f22,channel-xtra,Fly Workout,1071,Music,Workout,90s/00s FLY fitness (explicit),aem/9c/9cf1971c9cfb4412b2db342f0b83e898_1712950395.jpeg,https://www.siriusxm.com/player/channel-xtra/entity/ffd56a04-702e-e63e-97ba-c8abd0d54f22
4fa635e5-1e1a-8931-71b1-58f1416b0687,channel-xtra,Heat Discovery,1072,Music,New Music Discovery,New & emerging R&B/hip-hop,aem/97/97812f1d7e79febfcb5e7b28b53d8aa8_1699375615.jpeg,https://www.siriusxm.com/player/channel-xtra/entity/4fa635e5-1e1a-8931-71b1-58f1416b0687
ba8d3b59-babd-f3e5-2c6f-fea4dfbaaf7f,channel-xtra,Heat Top Hits,1073,Music,Today's Hits,Nonstop R&B/hip-hop hits,aem/8a/8a2db1b3e973c03f09b104254fb024c8_1699376073.jpeg,https://www.siriusxm.com/player/channel-xtra/entity/ba8d3b59-babd-f3e5-2c6f-fea4dfbaaf7f
81948c97-a4ca-df65-fbc9-d77b9e6ced81,channel-xtra,Heat 2K Hits,1074,Music,The 2000s Decade,Hot 2000s R&B/hip-hop tracks,aem/06/065d814ae674318e708d4546c49e2e59_1699376094.jpeg,https://www.siriusxm.com/player/channel-xtra/entity/81948c97-a4ca-df65-fbc9-d77b9e6ced81
a40fc210-7514-4928-3c8e-fff8079a6466,channel-xtra,Heat Workout,1075,Music,Workout,High-energy R&B/hip-hop,aem/a1/a13d0be914ec40f511ddd80c4fcb8b25_1699375487.jpeg,https://www.siriusxm.com/player/channel-xtra/entity/a40fc210-7514-4928-3c8e-fff8079a6466
6a2fec4e-ffaa-e918-7f05-f9d0e3337a94,channel-xtra,Hip-Hop New & Classic,1076,Music,Music Mash,Hip-hop mash-up (explicit),aem/ef/ef47977cb8702c054a1bb56aa23a2950_1699375881.jpeg,https://www.siriusxm.com/player/channel-xtra/entity/6a2fec4e-ffaa-e918-7f05-f9d0e3337a94
91b6f905-89aa-0e9c-8d1e-5e46d4adb5a5,channel-xtra,Alt R&B,1078,Music,New Music Discovery,Fresh hits & emerging artists,aem/35/35a4689436bae122c4690526128a3038_1699375798.jpeg,https://www.siriusxm.com/player/channel-xtra/entity/91b6f905-89aa-0e9c-8d1e-5e46d4adb5a5
78588bdb-5d41-9b13-d85d-a63e9f830465,channel-xtra,Reggae Top 100,1081,Music,Top 100,The best of classic reggae,aem/ff/ff921e4c10108319e0b83c043d2572bc_1699419923.jpeg,https://www.siriusxm.com/player/channel-xtra/entity/78588bdb-5d41-9b13-d85d-a63e9f830465
ef4707e6-b33f-6bfe-c0a9-fbb0022ce5ca,channel-xtra,Reggae Vibes,1082,Music,Relax,Downtempo reggae,aem/3b/3b53e984bc2f47ac5fc18fb252a54a22_1699419925.jpeg,https://www.siriusxm.com/player/channel-xtra/entity/ef4707e6-b33f-6bfe-c0a9-fbb0022ce5ca
ea5ff5c6-6d0a-4350-f7f4-95f2eea1baa4,channel-xtra,Chillhop,1083,Music,Relax,Relaxing lo-fi hip-hop beats,aem/4a/4a7baf02f6692d40947f3477d79cfaf6_1699375654.jpeg,https://www.siriusxm.com/player/channel-xtra/entity/ea5ff5c6-6d0a-4350-f7f4-95f2eea1baa4
dc93524a-aa6d-b0c4-0d53-caabac97500c,channel-xtra,Pop & Dance Mix,1084,Music,Music Mash,New & recent pop/dance hits,aem/40/400802ed2986b9de3c9ccc72823b64b2_1699375763.jpeg,https://www.siriusxm.com/player/channel-xtra/entity/dc93524a-aa6d-b0c4-0d53-caabac97500c
f8d56fdd-7b88-cae3-c3c7-587d595e74de,channel-xtra,70s on 7 Dance/R&B,1085,Music,The 70s Decade,R&B hits & disco classics,aem/75/754d59a88b164054dddefa997524f50f_1699376119.jpeg,https://www.siriusxm.com/player/channel-xtra/entity/f8d56fdd-7b88-cae3-c3c7-587d595e74de
b94c20a4-5c29-9b19-beb9-d6ce34a48e7a,channel-xtra,80s on 8 Dance,1086,Music,The 80s Decade,Endless 80s dance-floor hits,aem/42/42c9005aa7cf92129b958950bb960524_1699375728.jpeg,https://www.siriusxm.com/player/channel-xtra/entity/b94c20a4-5c29-9b19-beb9-d6ce34a48e7a
5615c748-7fa2-902b-13e1-1aea26e80834,channel-xtra,90s on 9 Dance,1087,Music,The 90s Decade,Nonstop 90s dance-floor hits,aem/6d/6dc6f3697d690e1f6c32d36205a5c646_1699375807.jpeg,https://www.siriusxm.com/player/channel-xtra/entity/5615c748-7fa2-902b-13e1-1aea26e80834
4abb03ff-55d9-e382-0a0d-cc9a5cc2eb80,channel-xtra,BPM Top Hits,1089,Music,Today's Hits,New & recent dance hits,aem/24/2475ecf0fc0711ba3d560e37e9779296_1699375308.jpeg,https://www.siriusxm.com/player/channel-xtra/entity/4abb03ff-55d9-e382-0a0d-cc9a5cc2eb80
0a0e2928-72dd-bb4c-3cc2-910dfa506113,channel-xtra,BPM Discovery,1090,Music,New Music Discovery,New dance music from BPM,aem/48/48ef34d79e1cbba87c14a28f00390dc2_1699375546.jpeg,https://www.siriusxm.com/player/channel-xtra/entity/0a0e2928-72dd-bb4c-3cc2-910dfa506113
36415c41-0749-9004-4baa-ef0da292b2f4,channel-xtra,BPM Workout,1091,Music,Workout,High-energy dance music,aem/2f/2fa30198caced877a5ae41f1c2d51911_1699375223.jpeg,https://www.siriusxm.com/player/channel-xtra/entity/36415c41-0749-9004-4baa-ef0da292b2f4
f9227748-d27b-0bff-6efb-684024c9f555,channel-xtra,Chill Instrumental,1092,Music,Instrumentals,Wordless downtempo music,aem/14/144300324378e69bad67a4b21b4b6bb2_1699375239.jpeg,https://www.siriusxm.com/player/channel-xtra/entity/f9227748-d27b-0bff-6efb-684024c9f555
3215c0d2-e61d-373f-36f7-e756604b4e08,channel-xtra,Rocking Country BBQ,1093,Music,Party,Sizzling hits to gas the grill,aem/a3/a31e733fd842199dcc606c9db5cca272_1699376232.jpeg,https://www.siriusxm.com/player/channel-xtra/entity/3215c0d2-e61d-373f-36f7-e756604b4e08
b0cb4208-0da7-5559-a769-af864ee396fd,channel-xtra,Today's Country BBQ,1094,Music,Party,Country to fuel the fire,aem/a1/a17a2f691d66d068ca0fffc27c603cbc_1699375410.jpeg,https://www.siriusxm.com/player/channel-xtra/entity/b0cb4208-0da7-5559-a769-af864ee396fd
939b8423-b3ec-2117-6dea-a827708a1a4f,channel-xtra,Nashville Nation,1095,Music,Music Mash,Country hits from the 90s to now,aem/0f/0fa683926512b66fc8ba734c1e62c7c1_1699375522.jpeg,https://www.siriusxm.com/player/channel-xtra/entity/939b8423-b3ec-2117-6dea-a827708a1a4f
a453a80b-d2cc-0f98-a5c2-9d783e4a271e,channel-xtra,Prime Country Top 100,1096,Music,Top 100,80s & 90s country music top hits,aem/88/88251842d6800ea2d7ed042c078053b7_1699375543.jpeg,https://www.siriusxm.com/player/channel-xtra/entity/a453a80b-d2cc-0f98-a5c2-9d783e4a271e
d878bd1f-22a3-891b-f080-9283fd8c3eb3,channel-xtra,Prime Country 80s Hits,1097,Music,The 80s Decade,Essential 80s chart-toppers,aem/95/95a2f7b61df8ade291aac825ae07ff44_1699375126.jpeg,https://www.siriusxm.com/player/channel-xtra/entity/d878bd1f-22a3-891b-f080-9283fd8c3eb3
752f9c3f-21f1-c6d2-049b-8f355a34ff7c,channel-xtra,Prime Country Party,1098,Music,Party,Upbeat 80s & 90s country,aem/72/720fcd8494c4c342646be6f167f1baa1_1699375357.jpeg,https://www.siriusxm.com/player/channel-xtra/entity/752f9c3f-21f1-c6d2-049b-8f355a34ff7c
04a5416f-e92d-1b31-d724-c3110fcd2bb9,channel-xtra,Highway On The Horizon,1099,Music,New Music Discovery,New country music discovery,aem/77/774626173b287113e95b4e479c21c2f8_1699375271.jpeg,https://www.siriusxm.com/player/channel-xtra/entity/04a5416f-e92d-1b31-d724-c3110fcd2bb9
e094666a-fb10-f50a-bbca-593576dbed5a,channel-xtra,Highway Top Hits,1100,Music,Today's Hits,The latest country hits,aem/33/33f1bf4a1743b46817a553dfbc2f8d60_1699376046.jpeg,https://www.siriusxm.com/player/channel-xtra/entity/e094666a-fb10-f50a-bbca-593576dbed5a
506babaf-c846-0e89-c64e-af4466179ce0,channel-xtra,Country & Pop Party,1101,Music,Party,New country & pop party hits,aem/e8/e8e41103444e15ede1ef3c4138a7f5c3_1699375300.jpeg,https://www.siriusxm.com/player/channel-xtra/entity/506babaf-c846-0e89-c64e-af4466179ce0
7088564b-f127-fe00-dd10-7b45a0cf12f0,channel-xtra,Country Classics Mix,1102,Music,Music Mash,"60s, 70s & 80s country mash-up",aem/8c/8c5664efc013ae3c8c4ec68ccf405706_1699375565.jpeg,https://www.siriusxm.com/player/channel-xtra/entity/7088564b-f127-fe00-dd10-7b45a0cf12f0
55ed9939-e414-0365-c103-d551402ec750,channel-xtra,Y2Kountry Top 100,1103,Music,Top 100,Essential 2000s/2010s country,aem/94/9460ef3fe04c3cdc79d9892b41ec5523_1699375234.jpeg,https://www.siriusxm.com/player/channel-xtra/entity/55ed9939-e414-0365-c103-d551402ec750
7d14b6b5-def4-cccc-f644-22600d0b6327,channel-xtra,Y2Kountry Party,1104,Music,Party,2000s/2010s feel good country,aem/2e/2e9e637e0a52b78cb300aa3e8f864d53_1699376173.jpeg,https://www.siriusxm.com/player/channel-xtra/entity/7d14b6b5-def4-cccc-f644-22600d0b6327
a837a7fb-05c3-230c-77df-de442cd4f748,channel-xtra,Country n Chill,1105,Music,Relax,Slow-dance country songs,aem/1b/1ba95e52ca4563685e98eab23fd71669_1699375233.jpeg,https://www.siriusxm.com/player/channel-xtra/entity/a837a7fb-05c3-230c-77df-de442cd4f748
3a5c9ee1-9111-ce55-158c-a5ef2867232c,channel-xtra,Watercolors Instrumental,1106,Music,Instrumentals,Instrumental contemporary jazz,aem/58/58351719fb9ff1e93c76cefec627e103_1699375334.jpeg,https://www.siriusxm.com/player/channel-xtra/entity/3a5c9ee1-9111-ce55-158c-a5ef2867232c
f396533f-d05d-da8a-8d30-de6565a33221,channel-xtra,Spa Instrumental,1107,Music,Instrumentals,Relaxing new age & ambient,aem/58/584c7a771af6ee6937259975a0dcff40_1699376264.jpeg,https://www.siriusxm.com/player/channel-xtra/entity/f396533f-d05d-da8a-8d30-de6565a33221
476e74dd-cb7c-b8e1-4920-0446e694f9e4,channel-xtra,Yoga,1108,Music,Relax,Music for yoga & meditation,aem/15/1534509466554adcc448603363e7cbca_1699375188.jpeg,https://www.siriusxm.com/player/channel-xtra/entity/476e74dd-cb7c-b8e1-4920-0446e694f9e4
c072972e-8ca4-471d-ce72-339ae56422fc,channel-xtra,Elevations Pop,1109,Music,Relax,Soothing piano & orchestral pop,aem/fc/fc77f29e24d527a5c8e009ea551716f8_1699375370.jpeg,https://www.siriusxm.com/player/channel-xtra/entity/c072972e-8ca4-471d-ce72-339ae56422fc
cf344f28-cef2-ae3b-d535-ef939d1e659c,channel-xtra,Velvet,1110,Music,Today's Hits,Today's best pop vocalists,aem/7d/7d63e919489e5396c16a0231e3a0936c_1699376035.jpeg,https://www.siriusxm.com/player/channel-xtra/entity/cf344f28-cef2-ae3b-d535-ef939d1e659c
5272fb8b-a1c3-6adb-3411-5acf756fb932,channel-xtra,Salsa Party,1111,Music,Party,Uptempo salsa music,aem/ad/adceac89a28281fb227230b58ae001d5_1700154636.jpeg,https://www.siriusxm.com/player/channel-xtra/entity/5272fb8b-a1c3-6adb-3411-5acf756fb932
e75e4136-8afe-1ebd-ae2b-95f1d7152829,channel-xtra,Caliente Discovery,1113,Music,New Music Discovery,New & emerging Latin hits,aem/89/89c1697e26aa6fa0f39579cc2d191e7e_1699376248.jpeg,https://www.siriusxm.com/player/channel-xtra/entity/e75e4136-8afe-1ebd-ae2b-95f1d7152829
21070087-5098-a73f-1a0c-b842566e1ef7,channel-xtra,Cross Country,1114,Music,Music Mash,Country & pop hits mash-up,aem/5c/5c62c0fb32aebb3bb4349031d2e220c5_1699375495.jpeg,https://www.siriusxm.com/player/channel-xtra/entity/21070087-5098-a73f-1a0c-b842566e1ef7
a6c26d25-d9c4-e060-2bdf-dd46d7159b60,channel-xtra,Pop/Hip-Hop/Country,1115,Music,Music Mash,New music mash-up mix,aem/1f/1f49eb046a955c1d54f19c7da6e5415e_1699376241.jpeg,https://www.siriusxm.com/player/channel-xtra/entity/a6c26d25-d9c4-e060-2bdf-dd46d7159b60
aca07ebd-3377-e30f-5df7-9e76101ca93c,channel-xtra,"80s, 90s & 2Ks",1116,Music,Music Mash,"80s, 90s & 2Ks pop hits mash-up",aem/ac/acc8d417ffd76102ef848f58ae6988ec_1699375771.jpeg,https://www.siriusxm.com/player/channel-xtra/entity/aca07ebd-3377-e30f-5df7-9e76101ca93c
f6f4782a-9a60-6a49-197a-211afac96415,channel-xtra,90s Rock & Hip-Hop,1117,Music,Music Mash,90s rock & hip-hop (explicit),aem/33/336c8c8c6b074f4f033de5c98f1df7c0_1699376032.jpeg,https://www.siriusxm.com/player/channel-xtra/entity/f6f4782a-9a60-6a49-197a-211afac96415
9fad65f2-0e6d-a386-28a7-7bd210643af5,channel-xtra,Country & Pop Classics,1118,Music,Music Mash,60s/70s country & pop hits mix,aem/91/91bf494822d1ca91453fce426c02cedd_1699375966.jpeg,https://www.siriusxm.com/player/channel-xtra/entity/9fad65f2-0e6d-a386-28a7-7bd210643af5
77b6a229-9a5a-cec0-eb6a-0d8dcbc161ea,channel-xtra,Tailgating Anthems,1119,Music,Party,Your game day soundtrack,aem/40/40277156fe04f96cb1ce30c7511e3366_1725370203.jpeg,https://www.siriusxm.com/player/channel-xtra/entity/77b6a229-9a5a-cec0-eb6a-0d8dcbc161ea
052d805b-0fb1-16e6-a431-d5096bb6700a,channel-xtra,Prom Radio,1121,Music,Party,Prom hits from every era,aem/4c/4cde01a2756f8f906ed15fe930448249_1699375527.jpeg,https://www.siriusxm.com/player/channel-xtra/entity/052d805b-0fb1-16e6-a431-d5096bb6700a
3de2364b-c630-a009-7bfd-328592a44f3c,channel-xtra,Heavy Metal Happy Hour,1122,Music,All Xtra,Hard rock gems (explicit),aem/c1/c1a05d8674eec5b5ca833186ad4557f1_1699375828.jpeg,https://www.siriusxm.com/player/channel-xtra/entity/3de2364b-c630-a009-7bfd-328592a44f3c
1bc09305-2af6-bbbb-c765-a7d83afa669a,channel-xtra,Riffs Rhymes & Rebellion,1123,Music,All Xtra,His song collection (explicit),aem/17/177818cf59f1daa44f75fcbcab7bf398_1699375347.jpeg,https://www.siriusxm.com/player/channel-xtra/entity/1bc09305-2af6-bbbb-c765-a7d83afa669a
fb2763c5-b35c-1d69-cd47-7aaff9d619b7,channel-xtra,Battle Hymns Radio,1124,Music,All Xtra,Rebel anthems (explicit),aem/18/18944fa74c94853fa339567742839323_1699376003.jpeg,https://www.siriusxm.com/player/channel-xtra/entity/fb2763c5-b35c-1d69-cd47-7aaff9d619b7
aca7fffa-8438-5137-40dc-39aadc9a5331,channel-xtra,1st Wave Deep Cuts,1125,Music,Deep Cuts,Depths of classic alt & new wave,aem/37/376d11463379437e2ebc2099b9b4653a_1732039944.jpeg,https://www.siriusxm.com/player/channel-xtra/entity/aca7fffa-8438-5137-40dc-39aadc9a5331
0f652eae-12e7-03e5-cd1f-c78c10548ca3,channel-xtra,Broadway Classics,1126,Music,Music Mash,Classic Broadway show tunes,aem/29/298ba81e642fb1b2ec3481b289c76b1e_1699376016.jpeg,https://www.siriusxm.com/player/channel-xtra/entity/0f652eae-12e7-03e5-cd1f-c78c10548ca3
fcb5ee7b-d697-ec6e-dbab-c3d942eca913,channel-xtra,Coffee House Discovery,1127,Music,New Music Discovery,Today's singer-songwriters,aem/b8/b8d181d6205a537f6ae22a74564ed6f7_1699375768.jpeg,https://www.siriusxm.com/player/channel-xtra/entity/fcb5ee7b-d697-ec6e-dbab-c3d942eca913
855ac14a-ab56-5462-ea40-ecda06123a4c,channel-xtra,Classic Chill,1128,Music,Relax,90s & 2000s mellow music,aem/1e/1eaac88e2f191e5b6ee285f7c853fa43_1699376057.jpeg,https://www.siriusxm.com/player/channel-xtra/entity/855ac14a-ab56-5462-ea40-ecda06123a4c
61893114-e9a5-b984-b7d7-cfdcb14e9369,channel-xtra,Queens of Pop,1129,Music,Music Mash,90s & 2000s female power singers,if/41/41b1acd927aa30a4a7f61b7760592b08_1740505974.jpg,https://www.siriusxm.com/player/channel-xtra/entity/61893114-e9a5-b984-b7d7-cfdcb14e9369
944a3315-a4ff-e475-1844-707c102924aa,channel-xtra,Spectrum of Hip-Hop,1130,Music,Music Mash,Roots to today (explicit),aem/57/57ee75452f6bb40e7c4b7ece0171d334_1699375708.jpeg,https://www.siriusxm.com/player/channel-xtra/entity/944a3315-a4ff-e475-1844-707c102924aa
c57492ce-6461-03ee-dd32-2c703e708726,channel-xtra,Lithium Deep Cuts,1131,Music,Deep Cuts,The Depth of 90s Alternative Rock,aem/2f/2f3e7323ccfc074774ef598d45632bc1_1732039964.jpeg,https://www.siriusxm.com/player/channel-xtra/entity/c57492ce-6461-03ee-dd32-2c703e708726
b43cf779-b65e-680b-cf10-aaf6af8af98e,channel-xtra,Jackie's House,1133,Music,The 90s Decade,Late 80s & 90s R&B (explicit),if/be/bef5580a09443e27b61cfa2b55db128d_1763624716.png,https://www.siriusxm.com/player/channel-xtra/entity/b43cf779-b65e-680b-cf10-aaf6af8af98e
fde6b158-1f0b-9480-0a1d-035560dc0e3b,channel-xtra,Boy Bands,1134,Music,The 90s Decade,90s & 2000s boy band hits,aem/07/07e37aec9029fb00c5bc73c4d6e037c6_1699375846.jpeg,https://www.siriusxm.com/player/channel-xtra/entity/fde6b158-1f0b-9480-0a1d-035560dc0e3b
25311de8-5eac-1c6f-9f21-9b3c54fbb09a,channel-xtra,The Covers Channel,1135,Music,All Xtra,24/7 cover songs,aem/50/507b1915e4e1bd173e3b405e9161d45b_1699375695.jpeg,https://www.siriusxm.com/player/channel-xtra/entity/25311de8-5eac-1c6f-9f21-9b3c54fbb09a
bc387249-0050-8658-93f6-d611ccf832f7,channel-xtra,Dead Tracks,1136,Music,All Xtra,Dead studio & live albums,aem/95/95cac653f98a5507174eb193cb786950_1700154623.jpeg,https://www.siriusxm.com/player/channel-xtra/entity/bc387249-0050-8658-93f6-d611ccf832f7
4fc25519-469b-df27-7887-cbcda25cdb55,channel-xtra,Dead Archive,1137,Music,All Xtra,Grateful Dead live music,aem/38/38c44fc92330dbec9de8eeb08cd0330c_1699376017.jpeg,https://www.siriusxm.com/player/channel-xtra/entity/4fc25519-469b-df27-7887-cbcda25cdb55
9c8d1f17-b0e5-3622-de9c-0a5f23192e46,channel-xtra,RTB - B-Sides,1138,Music,All Xtra,Classic hiphop gems (explicit),if/6c/6c2d60491c3a38b3b59160f9b5215e0f_1768548948.png,https://www.siriusxm.com/player/channel-xtra/entity/9c8d1f17-b0e5-3622-de9c-0a5f23192e46
c91c1b7d-27eb-b715-d919-18d2082d249d,channel-xtra,RTB - Clean Versions,1139,Music,All Xtra,Clean family-friendly hip-hop,if/65/65639283224b3b74b09da02090ea428b_1768548923.png,https://www.siriusxm.com/player/channel-xtra/entity/c91c1b7d-27eb-b715-d919-18d2082d249d
6ebe0447-46a4-9772-d885-a9153878451c,channel-xtra,Bob Marley's Tuff Beats,1141,Music,Global,African hits,aem/27/27c5c9f7f8f7bffecfeb812846076587_1699375290.jpeg,https://www.siriusxm.com/player/channel-xtra/entity/6ebe0447-46a4-9772-d885-a9153878451c
9be740a7-416a-1de1-f271-608acc050551,channel-xtra,Bob Marley's Tuff Soca,1142,Music,Global,Soca rhythms of the Caribbean,aem/a0/a00119ec274876e324cb4e272319867a_1700154584.jpeg,https://www.siriusxm.com/player/channel-xtra/entity/9be740a7-416a-1de1-f271-608acc050551
360f0648-8908-b6b4-2aef-4017bef19a89,channel-xtra,Lithium Icons,1143,Music,The 90s Decade,Legends of 90s alt rock,aem/98/98f7d35a339ad78802fc5fcd764a9095_1699375676.jpeg,https://www.siriusxm.com/player/channel-xtra/entity/360f0648-8908-b6b4-2aef-4017bef19a89
95eb35fc-b56e-5feb-0f9e-d1106f679742,channel-xtra,Lithium Stripped,1144,Music,The 90s Decade,Acoustic 90s alt rock,aem/31/3157c56f3d4260a5b1b906db9e39cb06_1699375447.jpeg,https://www.siriusxm.com/player/channel-xtra/entity/95eb35fc-b56e-5feb-0f9e-d1106f679742
371d1d6b-2ecb-1e98-7529-672dd29635b1,channel-xtra,The Big Easy,1145,Music,Party,The sounds of New Orleans,aem/9e/9ea15645a569b8b2cfbd33e2246f39c3_1699375557.jpeg,https://www.siriusxm.com/player/channel-xtra/entity/371d1d6b-2ecb-1e98-7529-672dd29635b1
4e99c70a-e21d-e4f8-376a-530d0b247ea9,channel-xtra,SiriusXM Comes Alive!,1146,Music,All Xtra,Live classic rock performances,aem/ad/ad9b38f64d7e8967cb58d078edb2195a_1700261073.jpeg,https://www.siriusxm.com/player/channel-xtra/entity/4e99c70a-e21d-e4f8-376a-530d0b247ea9
fd6a7cc6-ca23-0349-9223-a690dc10ecc0,channel-xtra,Viva 90s/2Ks Hits,1147,Music,The 90s Decade,Two decades of Latin favorites,aem/4a/4a76861cd11c90561d7f3854820cb1ee_1699375372.jpeg,https://www.siriusxm.com/player/channel-xtra/entity/fd6a7cc6-ca23-0349-9223-a690dc10ecc0
c80a4853-979c-600b-19cf-ee9f9c6981db,channel-xtra,Tropix,1150,Music,Global,The rhythmic beat of the tropics,aem/08/08a25534399aa422cef7d25db0b7528e_1722286736.jpeg,https://www.siriusxm.com/player/channel-xtra/entity/c80a4853-979c-600b-19cf-ee9f9c6981db
2dbeed13-96f1-de20-c4b1-1ae2092727d8,channel-xtra,Y'allternative,1151,Music,New Music Discovery,Alternative country music,aem/7b/7b821ab260979f88628665ba5430a329_1699376211.jpeg,https://www.siriusxm.com/player/channel-xtra/entity/2dbeed13-96f1-de20-c4b1-1ae2092727d8
20871ee1-8eb6-7285-c842-c8a32a5a4283,channel-xtra,Celebrate!,1152,Music,Party,Happy songs for a celebration,aem/12/121dfedd3935c84c6338cb82bfa5c7ec_1701813119.jpeg,https://www.siriusxm.com/player/channel-xtra/entity/20871ee1-8eb6-7285-c842-c8a32a5a4283
69b28967-e01a-0d5f-1c88-9539dad04c2e,channel-xtra,Queens of Hip-Hop,1153,Music,All Xtra,Women of hip-hop (explicit),if/3d/3d4c9e8de18437f59470531df67941d9_1740512122.jpg,https://www.siriusxm.com/player/channel-xtra/entity/69b28967-e01a-0d5f-1c88-9539dad04c2e
70668806-46ce-5d30-ce7d-c017f748a6fc,channel-xtra,Women of Country,1154,Music,All Xtra,Female country music icons,if/f7/f7eb383f5a4736bcaa0f5dd942fb1d0e_1740584167.jpg,https://www.siriusxm.com/player/channel-xtra/entity/70668806-46ce-5d30-ce7d-c017f748a6fc
cccf49aa-4ea1-3533-d2b1-073ed190c2fb,channel-xtra,Women of Rock,1155,Music,All Xtra,Female rock icons,if/51/512b3db00f9e3cb69e26f5f61d7db649_1740584161.jpg,https://www.siriusxm.com/player/channel-xtra/entity/cccf49aa-4ea1-3533-d2b1-073ed190c2fb
cda91dcb-4098-f23e-5541-d9ccd4e80435,channel-xtra,90s on 9 Just Music,1156,Music,Just Music,Uninterrupted 90s hits,aem/7e/7e00d77abef560cab7fe103bbfba8e83_1699375960.jpeg,https://www.siriusxm.com/player/channel-xtra/entity/cda91dcb-4098-f23e-5541-d9ccd4e80435
6d564db0-1df6-27cd-a647-20d7a7dd4e72,channel-xtra,Alt Nation Just Music,1157,Music,Just Music,Nonstop alternative rock,aem/0c/0cc448d79816a556d9ae8abc2a7a57b1_1699375687.jpeg,https://www.siriusxm.com/player/channel-xtra/entity/6d564db0-1df6-27cd-a647-20d7a7dd4e72
2fb26836-34d0-1c05-5a56-4afe77ac8d65,channel-xtra,BPM Just Music,1158,Music,Just Music,Nonstop electronic dance music,aem/6e/6e360d821c7adda7436b957c1d2f51ed_1699375943.jpeg,https://www.siriusxm.com/player/channel-xtra/entity/2fb26836-34d0-1c05-5a56-4afe77ac8d65
d701b999-973e-4924-cfd9-bfb71bd4c6c5,channel-xtra,Hits 1 Just Music,1159,Music,Just Music,Nonstop modern pop,if/89/8974e136c4e53d529ec8b3b36603ae15_1770042943.png,https://www.siriusxm.com/player/channel-xtra/entity/d701b999-973e-4924-cfd9-bfb71bd4c6c5
659c1843-f6ac-773b-1df6-4a814d4a582b,channel-xtra,Lithium Just Music,1160,Music,Just Music,Nonstop 90s alternative/grunge,aem/0b/0be8c749dfba4a971102275652c11958_1699375265.jpeg,https://www.siriusxm.com/player/channel-xtra/entity/659c1843-f6ac-773b-1df6-4a814d4a582b
f73e07d9-30c6-22c2-98e5-9957448c4699,channel-xtra,Octane Just Music,1161,Music,Just Music,New hard rock (explicit),aem/9b/9b5bc1af570304d5b6f7ae8e4e52fd8a_1699376196.jpeg,https://www.siriusxm.com/player/channel-xtra/entity/f73e07d9-30c6-22c2-98e5-9957448c4699
c318c8c1-8302-12a5-f9e9-75518e18ae78,channel-xtra,Pop2K Just Music,1162,Music,Just Music,Nonstop 2000s pop hits,aem/9d/9d57e0ee8aa2421d2bd31589495a19ed_1699375231.jpeg,https://www.siriusxm.com/player/channel-xtra/entity/c318c8c1-8302-12a5-f9e9-75518e18ae78
a080894b-1bf5-8846-7c25-5d8c101a2064,channel-xtra,Heat Just Music,1163,Music,Just Music,Nonstop R&B and hip-hop hits,aem/4d/4df7d5842e9ce63bdcc7d1bb1a8fd1cb_1699375605.jpeg,https://www.siriusxm.com/player/channel-xtra/entity/a080894b-1bf5-8846-7c25-5d8c101a2064
8c55cef1-efa6-47d3-ffd3-8e93e0cdc701,channel-xtra,Highway Just Music,1164,Music,Just Music,Nonstop contemporary country,aem/22/22e3b35be147997f6b4e9b138286ff0d_1699375806.jpeg,https://www.siriusxm.com/player/channel-xtra/entity/8c55cef1-efa6-47d3-ffd3-8e93e0cdc701
bf26f478-46c3-5e93-878d-f3faf01bed65,channel-xtra,Pulse Just Music,1165,Music,Just Music,Nonstop adult pop hits,if/ee/ee7b06c51fd9367480778e8e5cf968bd_1766821521.png,https://www.siriusxm.com/player/channel-xtra/entity/bf26f478-46c3-5e93-878d-f3faf01bed65
520a1947-75fe-5464-fad2-75893c97ad15,channel-xtra,Acoustic Guitar Instrumentals,1168,Music,Instrumentals,24/7 acoustic ambience,aem/3f/3f3819316979cde7c12ecacb669d740e_1715090191.jpeg,https://www.siriusxm.com/player/channel-xtra/entity/520a1947-75fe-5464-fad2-75893c97ad15
2cf05b9d-a7e5-b975-1fcf-6458584c8e57,channel-xtra,Piano Instrumentals,1171,Music,Instrumentals,Soothing synths & calming keys,aem/47/47a6ea6a7b6f64cb7b1b66b72d4e0588_1699376034.jpeg,https://www.siriusxm.com/player/channel-xtra/entity/2cf05b9d-a7e5-b975-1fcf-6458584c8e57
9ac86521-ebce-5a24-4f8b-f158ad22b4b7,channel-xtra,Soothe,1172,Music,Instrumentals,Instrumental chill music mix,aem/41/41888b0ec26856fae16fcc9acea65907_1699375593.jpeg,https://www.siriusxm.com/player/channel-xtra/entity/9ac86521-ebce-5a24-4f8b-f158ad22b4b7
d055fb93-81f0-5f8b-3fe0-9b245d0a6619,channel-xtra,Strings,1173,Music,Instrumentals,Solo violin to quartets & more,aem/90/901fb78979dcadfa9ecd143218fdc856_1699376127.jpeg,https://www.siriusxm.com/player/channel-xtra/entity/d055fb93-81f0-5f8b-3fe0-9b245d0a6619
1f6acdac-1597-e01d-8d83-8c1f2789bfda,channel-xtra,Surf Instrumentals,1174,Music,Instrumentals,Classic wave-riding riffs,aem/37/377de5f0801c7d15c3cc31b972da588d_1699375869.jpeg,https://www.siriusxm.com/player/channel-xtra/entity/1f6acdac-1597-e01d-8d83-8c1f2789bfda
722a1329-63e3-3889-b9bc-db0c5c02464c,channel-xtra,Tranquil,1175,Music,Instrumentals,Ambient & binaural beats,aem/22/22e6330f8f95166e490e568f33271025_1699375462.jpeg,https://www.siriusxm.com/player/channel-xtra/entity/722a1329-63e3-3889-b9bc-db0c5c02464c
6d3a889e-e464-337e-980c-33ae8ad389b9,channel-xtra,60s Gold Just Music,1176,Music,Just Music,Uninterrupted 60s hits,aem/e0/e0b7d969a88392341060cc70978e2f24_1699375471.jpeg,https://www.siriusxm.com/player/channel-xtra/entity/6d3a889e-e464-337e-980c-33ae8ad389b9
83ffe513-f939-1d45-5120-5a77b2cf3eae,channel-xtra,70s on 7 Just Music,1177,Music,Just Music,Uninterrupted 70s hits,aem/12/129e42524b80219f63467fd7c658e44a_1699375731.jpeg,https://www.siriusxm.com/player/channel-xtra/entity/83ffe513-f939-1d45-5120-5a77b2cf3eae
0620e80d-4570-ac86-cbc5-c254d769e34e,channel-xtra,Classic Rewind Deep Cuts,1180,Music,Deep Cuts,Deep cassette-era classic rock,aem/78/78f5ce2b7d7cde69b7e79a8c718d8ff2_1699375620.jpeg,https://www.siriusxm.com/player/channel-xtra/entity/0620e80d-4570-ac86-cbc5-c254d769e34e
282bae89-735a-c222-526d-d217cc615681,channel-xtra,Classic Rewind Just Music,1181,Music,Just Music,Nonstop cassette-era rock,aem/9b/9b5e07e11af3dfccee0e74d55139afbd_1699375737.jpeg,https://www.siriusxm.com/player/channel-xtra/entity/282bae89-735a-c222-526d-d217cc615681
0ecf5734-5bba-08aa-0bbe-26d9a9017514,channel-xtra,Classic Vinyl Just Music,1182,Music,Just Music,Nonstop vinyl-era classic rock,aem/8d/8d8cc62b85c8a46ad96e8ab756b8bac9_1699375961.jpeg,https://www.siriusxm.com/player/channel-xtra/entity/0ecf5734-5bba-08aa-0bbe-26d9a9017514
6c540f1f-533a-8963-304a-d8380676ec2a,channel-xtra,Deep Tracks Just Music,1183,Music,Just Music,Nonstop classic rock deep cuts,aem/dc/dc59af56861fe2fdaaab4d2c9f69aaf5_1699375305.jpeg,https://www.siriusxm.com/player/channel-xtra/entity/6c540f1f-533a-8963-304a-d8380676ec2a
8f31f79d-ce60-6ddd-9269-f4b519cb6540,channel-xtra,Fly Deep Cuts,1184,Music,Deep Cuts,Deeper FLY hip-hop (explicit),aem/0d/0d3c7bff3f275f47d25bbcc10e55e130_1712950338.jpeg,https://www.siriusxm.com/player/channel-xtra/entity/8f31f79d-ce60-6ddd-9269-f4b519cb6540
204f079a-4d9e-b395-824c-985274cc987a,channel-xtra,Hair Nation Deep Cuts,1185,Music,Deep Cuts,Hair-band rock & rarities,aem/1c/1c435df4e9f521484ad41b111030612e_1699375678.jpeg,https://www.siriusxm.com/player/channel-xtra/entity/204f079a-4d9e-b395-824c-985274cc987a
1956e80e-d36d-f869-5396-cbc692f48f9b,channel-xtra,Octane Deep Cuts,1186,Music,Deep Cuts,Deep new hard rock (explicit),aem/10/102a1df168c336907bfdae8463a5540e_1699376045.jpeg,https://www.siriusxm.com/player/channel-xtra/entity/1956e80e-d36d-f869-5396-cbc692f48f9b
a2a07f4b-eb7e-4917-df2f-7a445cfef60d,channel-xtra,Ozzy's Boneyard Deep Cuts,1187,Music,Deep Cuts,Hard-rock rarities & more,aem/4d/4d035f97f9354285ab3b201a945376f1_1699375274.jpeg,https://www.siriusxm.com/player/channel-xtra/entity/a2a07f4b-eb7e-4917-df2f-7a445cfef60d
3e6e5a6a-cbfb-032d-f4f3-ae4e5a124297,channel-xtra,Prime Country Deep Cuts,1189,Music,Deep Cuts,80s & 90s country album tracks,aem/14/14697751dbb469d0e2c05ae9a2ff392c_1699375347.jpeg,https://www.siriusxm.com/player/channel-xtra/entity/3e6e5a6a-cbfb-032d-f4f3-ae4e5a124297
1e4c188d-46ba-7005-c260-b3e3ff7f87a3,channel-xtra,Prime Country Just Music,1190,Music,Just Music,Nonstop 80s & 90s country hits,aem/9e/9ec50a99a8ca9f4a57ec7a8c7a3caa47_1699375981.jpeg,https://www.siriusxm.com/player/channel-xtra/entity/1e4c188d-46ba-7005-c260-b3e3ff7f87a3
62b1ccac-805b-28f2-a2a3-8030b5ecf55e,channel-xtra,Real Jazz Just Music,1191,Music,Just Music,Nonstop classic jazz,aem/e2/e2f33f72853f211dacba588ac4426cce_1699376077.jpeg,https://www.siriusxm.com/player/channel-xtra/entity/62b1ccac-805b-28f2-a2a3-8030b5ecf55e
4aa7c6f6-76df-7cb9-b19d-379033b8e63a,channel-xtra,60s/70s R&B Hits,1192,Music,Just Music,Nonstop Classic Soul/Motown,aem/be/bed4f5054b30bbe198e0fdb4144173e1_1706199796.jpeg,https://www.siriusxm.com/player/channel-xtra/entity/4aa7c6f6-76df-7cb9-b19d-379033b8e63a
24e9f2a1-6322-3024-3d37-0f37f40129b3,channel-xtra,Symphony Hall Just Music,1193,Music,Just Music,Nonstop classical music,aem/15/15674c4c8375798a817363c13f64280c_1699376010.jpeg,https://www.siriusxm.com/player/channel-xtra/entity/24e9f2a1-6322-3024-3d37-0f37f40129b3
88a8b6eb-d649-6c32-5d55-4f196b8d2b40,channel-xtra,Turbo Deep Cuts,1194,Music,Deep Cuts,Deep 90s/00s rock (explicit),aem/75/756d57d9e01a77e5f4d9089c5572a7d3_1699375229.jpeg,https://www.siriusxm.com/player/channel-xtra/entity/88a8b6eb-d649-6c32-5d55-4f196b8d2b40
c4d1fe76-baee-32b7-6541-20408b233f4e,channel-xtra,Watercolors Just Music,1195,Music,Just Music,Nonstop smooth jazz,aem/44/44b9ce7d45df7ee358b276a169cfc9f4_1699376263.jpeg,https://www.siriusxm.com/player/channel-xtra/entity/c4d1fe76-baee-32b7-6541-20408b233f4e
8ec2d70b-bd02-72d5-28ab-8a42ff358d86,channel-xtra,Yacht Rock Deep Cuts,1196,Music,Deep Cuts,70s & 80s smooth rock rarities,aem/98/986c813fd59815c7d1de1365e9395733_1753997495.jpeg,https://www.siriusxm.com/player/channel-xtra/entity/8ec2d70b-bd02-72d5-28ab-8a42ff358d86
b647fd9d-c5d4-3681-1388-c6686c889d8d,channel-xtra,Cinemagic,1198,Music,Instrumentals,Iconic film scores,aem/54/541e02f58d474c70c59479d47fa321cd_1699375428.jpeg,https://www.siriusxm.com/player/channel-xtra/entity/b647fd9d-c5d4-3681-1388-c6686c889d8d
8a856b66-5375-3783-4562-16defed519c6,channel-xtra,Happy Radio,1199,Music,All Xtra,Nonstop feel-good songs,if/11/11ccc7dea89630a196db6c041248f439_1773781713.jpg,https://www.siriusxm.com/player/channel-xtra/entity/8a856b66-5375-3783-4562-16defed519c6
ffedbcd5-6f29-e5d2-ff20-54f35bfb61fb,channel-xtra,SiriusXM Guitar Greats,1202,Music,All Xtra,Epic songs from guitar legends,aem/b8/b83ec20b5bb951f8ca9157b4728665be_1711996360.jpeg,https://www.siriusxm.com/player/channel-xtra/entity/ffedbcd5-6f29-e5d2-ff20-54f35bfb61fb
7a2bf876-8dc3-8d8b-f3f6-102f116b3fa9,channel-xtra,Alegría,1203,Music,Party,Feel-good Latin hits,if/8b/8bfbddcb5dd333028c53ae9f6083591f_1773781242.jpg,https://www.siriusxm.com/player/channel-xtra/entity/7a2bf876-8dc3-8d8b-f3f6-102f116b3fa9
e5e9672d-0950-3f8a-7360-621100d7de58,channel-xtra,Feel-Good Hip-Hop/R&B,1204,Music,Party,Happy hip-hop/R&B (explicit),if/9b/9b3e4ff9f2653d4b8ac507965582b10d_1742411147.jpg,https://www.siriusxm.com/player/channel-xtra/entity/e5e9672d-0950-3f8a-7360-621100d7de58
e036602a-d2c1-6008-76a6-61594ef6e957,channel-xtra,Happy Country,1205,Music,Party,Feel-good country hits,if/74/7436f3a3b1253f31a8c27085b47c618c_1742411149.jpg,https://www.siriusxm.com/player/channel-xtra/entity/e036602a-d2c1-6008-76a6-61594ef6e957
bf68143d-85cd-a0cf-25b3-77e72abf9cab,channel-xtra,Happy Dance,1206,Music,Party,Feel-good dance music hits,if/61/61c516973ff83942b5946aff666ddf86_1742411136.jpg,https://www.siriusxm.com/player/channel-xtra/entity/bf68143d-85cd-a0cf-25b3-77e72abf9cab
c3a5817f-5659-8f3c-e9e1-09a41670036f,channel-xtra,Happy Oldies,1207,Music,Party,"50s, 60s & 70s upbeat hits",if/26/26e8f2a84eac3664992098e03441c57e_1773782046.jpg,https://www.siriusxm.com/player/channel-xtra/entity/c3a5817f-5659-8f3c-e9e1-09a41670036f
ce813fad-3e16-1a11-482d-f844cb03d28e,channel-xtra,Happy Rock,1208,Music,Party,Feel-good rock hits,if/4f/4f25794f1e253cc4a7add0fdb6996d17_1773782222.jpg,https://www.siriusxm.com/player/channel-xtra/entity/ce813fad-3e16-1a11-482d-f844cb03d28e
a47e9c3a-536b-7dd6-3536-c7ba0a5a76d8,channel-xtra,One Man Revolution,1209,Music,All Xtra,Weekly show music (explicit),aem/1e/1eceb3df579df52480cd86afb8b227ca_1699375145.jpeg,https://www.siriusxm.com/player/channel-xtra/entity/a47e9c3a-536b-7dd6-3536-c7ba0a5a76d8
15866460-1973-3054-d6f8-a9d9cbb4f26e,channel-xtra,World Wide Rebel Radio,1210,Music,All Xtra,Folk troubadours (explicit),aem/e9/e9b1416b0c05002fbaa6c2c62b05fe97_1699375956.jpeg,https://www.siriusxm.com/player/channel-xtra/entity/15866460-1973-3054-d6f8-a9d9cbb4f26e
269497e4-7f91-377d-0940-6b9f027b5b3b,channel-xtra,The Sleep Channel,1211,Music,Relax,Ambient music & sleep sounds,aem/ec/ece7dd9134f0b32a9f8a20bd92fd5ada_1699375401.jpeg,https://www.siriusxm.com/player/channel-xtra/entity/269497e4-7f91-377d-0940-6b9f027b5b3b
882dcb25-728e-af50-1cba-a9e990f45414,channel-xtra,Octane Workout,1213,Music,Workout,New hard gym rock (explicit),aem/89/897587d72464efd61941eea2c3f4aa55_1699375486.jpeg,https://www.siriusxm.com/player/channel-xtra/entity/882dcb25-728e-af50-1cba-a9e990f45414
3a7d57c7-1241-38bf-0aca-e4e82462fa4e,channel-xtra,Perfectly Frank,1216,Music,All Xtra,24/7 Frank Sinatra music,aem/23/23657aab91e8af3624f2d6aeeac0a35a_1699375973.jpeg,https://www.siriusxm.com/player/channel-xtra/entity/3a7d57c7-1241-38bf-0aca-e4e82462fa4e
d6263609-da22-bf5f-774a-fc88c6e25304,channel-xtra,Freestyle Dance,1219,Music,Party,Freestyle dance & club music,aem/bf/bfc350d8995edca2a09e835aec3993eb_1699375338.jpeg,https://www.siriusxm.com/player/channel-xtra/entity/d6263609-da22-bf5f-774a-fc88c6e25304
ce1f80fb-5594-a087-7cc8-8d113fa103bb,channel-xtra,Mom Jeans,1221,Music,All Xtra,Vintage soft rock & pop,aem/7c/7c42c683cf5c9519fd68646cb7472ecb_1699375849.jpeg,https://www.siriusxm.com/player/channel-xtra/entity/ce1f80fb-5594-a087-7cc8-8d113fa103bb
0ad5a8a2-87c0-164d-3fe5-da04f7b2f18f,channel-xtra,Forest Dreams,1223,Music,Relax,Calming nature sounds,aem/df/df41ddf1bba4d210a99958f9adc378df_1727709932.jpeg,https://www.siriusxm.com/player/channel-xtra/entity/0ad5a8a2-87c0-164d-3fe5-da04f7b2f18f
f1584020-6379-855d-86ed-ff8f045c4ba6,channel-xtra,Night Noise,1224,Music,Relax,"White, pink & brown noise",aem/e4/e49ab20520de26c134508e2128cb8105_1727709935.jpeg,https://www.siriusxm.com/player/channel-xtra/entity/f1584020-6379-855d-86ed-ff8f045c4ba6
bf1d8e83-7c94-86c8-ee46-153b0bbaed58,channel-xtra,Rainfall Radio,1225,Music,Relax,Soothing sounds of rain,aem/b6/b6aecaf3f2a358807bdfc1a17a447450_1727709940.jpeg,https://www.siriusxm.com/player/channel-xtra/entity/bf1d8e83-7c94-86c8-ee46-153b0bbaed58
aac28bf2-eece-800e-0d11-957797f4b19c,channel-xtra,Women of Dance,1226,Music,All Xtra,Female dance music icons,if/93/938deb766c233206b4f881afccafe1cb_1740584159.jpg,https://www.siriusxm.com/player/channel-xtra/entity/aac28bf2-eece-800e-0d11-957797f4b19c
abfb5780-324f-1219-48c2-c8c2445c17bd,channel-xtra,Indie 1.0,1227,Music,The 90s Decade,The original era of indie rock,aem/74/74c39ee11b7298ee13088a38be7f98d0_1699376017.jpeg,https://www.siriusxm.com/player/channel-xtra/entity/abfb5780-324f-1219-48c2-c8c2445c17bd
09586618-2f54-1e2d-138e-ca62ed294936,channel-xtra,70s/80s Pop,1228,Music,Party,Throwback party hits,aem/be/bed052db2631dc39ee9009e87dde4554_1706214488.jpeg,https://www.siriusxm.com/player/channel-xtra/entity/09586618-2f54-1e2d-138e-ca62ed294936
cf96aba3-3b37-312a-78b9-16b53c816205,channel-xtra,80s/90s Pop,1229,Music,Party,80s & 90s party hits,aem/eb/eb4a6b8e738917c619a30a494a26f756_1699375691.jpeg,https://www.siriusxm.com/player/channel-xtra/entity/cf96aba3-3b37-312a-78b9-16b53c816205
3bb65f48-8184-3261-48a6-2c4a232dd25e,channel-xtra,Carolina Shag Radio,1230,Music,The 50s & 60s Decades,Carolina R&B beach music,aem/90/90d746bdae5142064b41bef0610903f3_1699375489.jpeg,https://www.siriusxm.com/player/channel-xtra/entity/3bb65f48-8184-3261-48a6-2c4a232dd25e
51c14331-ffe6-8a72-ad46-7e988d4f4f7d,channel-xtra,Elevations,1231,Music,Instrumentals,Reimagined pop & rock classics,aem/9f/9fefe11156eba61a2cba2a4f1ec8fda5_1699376258.jpeg,https://www.siriusxm.com/player/channel-xtra/entity/51c14331-ffe6-8a72-ad46-7e988d4f4f7d
2911715d-50a8-f692-b1c9-ccd01e0f42f1,channel-xtra,The Emo Project,1232,Music,The 2000s Decade,"Emo, screamo & pop-punk hits",aem/0b/0b387dacd4451f8dcbbb1b5b6f7c4e7a_1749583851.jpeg,https://www.siriusxm.com/player/channel-xtra/entity/2911715d-50a8-f692-b1c9-ccd01e0f42f1
5a158ef5-3fd7-0809-d526-7ccee99b1dd2,channel-xtra,ONEderland,1233,Music,All Xtra,"One-hit wonders, 24/7",aem/4a/4a175f30059f862535586bf844538efc_1699376144.jpeg,https://www.siriusxm.com/player/channel-xtra/entity/5a158ef5-3fd7-0809-d526-7ccee99b1dd2
d23c423a-8a11-7391-ad70-33e846e2b3b2,channel-xtra,Queens of R&B,1234,Music,All Xtra,Chart-topping women of R&B,if/2e/2e151b85cafd3056a190b526ba58ced7_1740505981.jpg,https://www.siriusxm.com/player/channel-xtra/entity/d23c423a-8a11-7391-ad70-33e846e2b3b2
839a00d9-1f1a-215d-c34c-6ae456726061,channel-xtra,Classic Folk,1235,Music,All Xtra,Folk music from the 50s to 70s,aem/cc/ccfafe629ce857fdb9337ce4955bbce7_1730914801.jpeg,https://www.siriusxm.com/player/channel-xtra/entity/839a00d9-1f1a-215d-c34c-6ae456726061
ed9bb73a-24e6-7985-dc88-0015092acacc,channel-xtra,Zen,1236,Music,Relax,Music for meditation,aem/84/84c9f76c281c6e1eec795d65c1077855_1700154651.jpeg,https://www.siriusxm.com/player/channel-xtra/entity/ed9bb73a-24e6-7985-dc88-0015092acacc
12f0e0aa-603c-94d6-d136-4ffa07ea7010,channel-xtra,Vacation,1237,Music,Party,Sun-soaked island music vibes,aem/9b/9b57e6bd7cc967710bd2e1bfb33f032e_1700154593.jpeg,https://www.siriusxm.com/player/channel-xtra/entity/12f0e0aa-603c-94d6-d136-4ffa07ea7010
c522a00f-822c-c3c4-cc06-2fe4b8f3af16,channel-xtra,Hawaiian Vacation,1238,Music,Party,A mix of Hawaiian-style music,aem/10/10d8749a1f1692680662fce930102645_1717453306.jpeg,https://www.siriusxm.com/player/channel-xtra/entity/c522a00f-822c-c3c4-cc06-2fe4b8f3af16
1ce5ef23-525e-7698-8745-beffc15e8d16,channel-xtra,MexYZ,1239,Music,All Xtra,New Mexican music (explicit),aem/48/48b83d924b753f6f73068a351fa92174_1726861947.jpeg,https://www.siriusxm.com/player/channel-xtra/entity/1ce5ef23-525e-7698-8745-beffc15e8d16
85c34be6-edf0-c543-904b-33a9a178e488,channel-xtra,Carr-dio by Carrie,1240,Music,Workout,Work out with Carrie Underwood,aem/b4/b4d4cd55e56595d2fd4aaf4df15f6e97_1704301054.jpeg,https://www.siriusxm.com/player/channel-xtra/entity/85c34be6-edf0-c543-904b-33a9a178e488
0dfe0e19-b5ad-5055-e82f-a8b3890ee888,channel-xtra,Lo-Fi Café,1241,Music,Relax,Upbeat lo-fi,if/8e/8ed259ff122f3dd7a50608e55655b0da_1743177732.jpg,https://www.siriusxm.com/player/channel-xtra/entity/0dfe0e19-b5ad-5055-e82f-a8b3890ee888
578f0c9f-e73d-81d7-7143-a8728e0816e1,channel-xtra,Lo-Fi Sleep,1242,Music,Relax,Restful downtempo beats,if/c1/c13d2950707e386e9b5281cefb951884_1758181060.jpg,https://www.siriusxm.com/player/channel-xtra/entity/578f0c9f-e73d-81d7-7143-a8728e0816e1
2c1e8e80-4ae6-557d-08f1-4e2460ac6b2d,channel-xtra,Lo-Fi Study,1243,Music,Relax,Midtempo lo-fi beats,if/1f/1fd72363fdd334b691a3e518e79af877_1743177737.jpg,https://www.siriusxm.com/player/channel-xtra/entity/2c1e8e80-4ae6-557d-08f1-4e2460ac6b2d
8a80cfb5-e4b2-a0ed-845b-d411c4ba1271,channel-xtra,Latinas in Music,1244,Music,All Xtra,Celebrating Latinas in music,aem/b9/b91a319912e2b8cbf838393eb8539277_1716384865.jpeg,https://www.siriusxm.com/player/channel-xtra/entity/8a80cfb5-e4b2-a0ed-845b-d411c4ba1271
38a26de4-5cd2-404e-ecd5-38bb2265a90a,channel-xtra,Les Tubes 80-90,1245,Music,All Xtra,French 80s/90s pop-rock hits,aem/98/989071b17ec6a589ae7f59ad93743331_1716316989.jpeg,https://www.siriusxm.com/player/channel-xtra/entity/38a26de4-5cd2-404e-ecd5-38bb2265a90a
536bac48-db4c-c70e-d7b6-409f1ef6f9ee,channel-xtra,The Chairman's Lounge,1246,Music,The 50s & 60s Decades,Hip songs by Frank and more!,aem/85/850f127126a5d0cad53d1de8875357de_1715697739.jpeg,https://www.siriusxm.com/player/channel-xtra/entity/536bac48-db4c-c70e-d7b6-409f1ef6f9ee
906e5792-c7fe-5ea8-90f0-002dcfaa34fe,channel-xtra,Classical for Sleep,1247,Music,Relax,Slow & serene classical music,aem/44/447d47185af32edae81a45d716f6711f_1731946406.jpeg,https://www.siriusxm.com/player/channel-xtra/entity/906e5792-c7fe-5ea8-90f0-002dcfaa34fe
4147804a-9e10-b244-8dac-cd5deb096997,channel-xtra,Summer Sleep,1248,Music,Relax,Sleep to the sounds of the season,aem/36/36c2eca627ea6abcec37cdf628e24d45_1732116342.jpeg,https://www.siriusxm.com/player/channel-xtra/entity/4147804a-9e10-b244-8dac-cd5deb096997
7a38c919-77fe-6627-e180-355633a0e8ec,channel-xtra,Sounds of Ibiza,1249,Music,Global,Dance music hits for summer in Ibiza,aem/56/565ff188bd0c9e079bd7ef667310b1ac_1723671161.jpeg,https://www.siriusxm.com/player/channel-xtra/entity/7a38c919-77fe-6627-e180-355633a0e8ec
1a8c7e32-a74d-20a9-9842-63fecb57f97c,channel-xtra,Yacht Soul,1250,Music,All Xtra,Easy yacht-era R&B and soul,aem/93/93d00e579abf43b95241ccdf9a5a028d_1730228259.jpeg,https://www.siriusxm.com/player/channel-xtra/entity/1a8c7e32-a74d-20a9-9842-63fecb57f97c
dd0bf0c6-c979-3014-7f48-f1141fefccc6,channel-xtra,The Bridge Deep Cuts,1251,Music,Deep Cuts,The depth of The Bridge,aem/bf/bfb70cb5eaee4e2761a04eceb70872a4_1722014821.jpeg,https://www.siriusxm.com/player/channel-xtra/entity/dd0bf0c6-c979-3014-7f48-f1141fefccc6
f3f11fab-4d6f-6fc5-84d6-e1fee28382fe,channel-xtra,Lullaby,1252,Music,Relax,Lullabies for loved ones,aem/ec/ec7e831f0761f09a92191c482a2b0b1a_1727709929.jpeg,https://www.siriusxm.com/player/channel-xtra/entity/f3f11fab-4d6f-6fc5-84d6-e1fee28382fe
8177af44-fd60-3203-bb01-356d5f943669,channel-xtra,Music for Cats,1253,Music,Relax,Calming music for cats,aem/7d/7dd5e9e5303bad3bfdc61d459ed81937_1731443105.jpeg,https://www.siriusxm.com/player/channel-xtra/entity/8177af44-fd60-3203-bb01-356d5f943669
6de7f4f3-29bb-b224-8d5a-4dcafeee67fc,channel-xtra,Music for Dogs,1254,Music,Relax,Calming music for dogs,aem/fd/fd56c1a8ae24d02fe4f99b4e10ee8350_1731443101.jpeg,https://www.siriusxm.com/player/channel-xtra/entity/6de7f4f3-29bb-b224-8d5a-4dcafeee67fc
ef551c82-25f6-ae51-2ba5-e231c3d5aab2,channel-xtra,Dad Rock,1255,Music,All Xtra,Nostalgic rock with dad jokes,aem/79/79c8e79bb7fc3ab97d2e21e7ab0870ad_1726593457.jpeg,https://www.siriusxm.com/player/channel-xtra/entity/ef551c82-25f6-ae51-2ba5-e231c3d5aab2
a7f81827-6d67-d778-e354-0ca68d1d7ec7,channel-xtra,Classical Studyscape,1256,Music,Relax,Classical music for focus,aem/fd/fdba3f40a85c30ae34f49d0358db04b3_1730908707.jpeg,https://www.siriusxm.com/player/channel-xtra/entity/a7f81827-6d67-d778-e354-0ca68d1d7ec7
93a5f790-d6a5-fb0b-c40f-5b727863abb9,channel-xtra,Hard Attack,1257,Music,All Xtra,Classic metal (explicit),aem/e2/e2598581668335da1bbf8ff1fb4bd3c8_1731510203.jpeg,https://www.siriusxm.com/player/channel-xtra/entity/93a5f790-d6a5-fb0b-c40f-5b727863abb9
bf5fecd3-21f0-2a7b-4aba-a0aa890319c9,channel-xtra,Vintage T-Shirt,1259,Music,All Xtra,"Broken in, never washed out",aem/53/53053dfeffa02d4a3549c0cecf32dcd2_1732647701.jpeg,https://www.siriusxm.com/player/channel-xtra/entity/bf5fecd3-21f0-2a7b-4aba-a0aa890319c9
825aa806-d505-0fa0-616a-470a6803211c,channel-xtra,LevelUp,1260,Music,All Xtra,Video game tunes 80s to now,aem/dd/dd41ea42337a2ec0f1a64781d52b5a30_1732647794.jpeg,https://www.siriusxm.com/player/channel-xtra/entity/825aa806-d505-0fa0-616a-470a6803211c
f3da8497-f281-d5f0-5ab4-96c9c2a6670f,channel-xtra,Music for Plants,1261,Music,Relax,Music to promote plant growth,aem/23/23e020e8acc01c33ddb637d26c38593c_1735060622.jpeg,https://www.siriusxm.com/player/channel-xtra/entity/f3da8497-f281-d5f0-5ab4-96c9c2a6670f
839d6d74-7677-83ea-ba6d-be3239f48292,channel-xtra,Horizon,1262,Music,New Music Discovery,New music from Asia (explicit),if/9b/9bea2356bb063eb1b89c7228eefeb7ec_1745954126.jpg,https://www.siriusxm.com/player/channel-xtra/entity/839d6d74-7677-83ea-ba6d-be3239f48292
49131562-4579-18dc-6656-b241e88cdac0,channel-xtra,Indie Sleep,1263,Music,Relax,Soothing indie & dream pop,aem/ef/ef40742ae0b13a0f446b870189e54529_1738090784.jpeg,https://www.siriusxm.com/player/channel-xtra/entity/49131562-4579-18dc-6656-b241e88cdac0
5970379b-9ca1-de7f-7ad7-0d2b0a5e8735,channel-xtra,Mazaa,1264,Music,Global,Upbeat Desi & Bollywood hits,aem/12/123474a22b7cf0cf147bc35314b98043_1736866153.jpeg,https://www.siriusxm.com/player/channel-xtra/entity/5970379b-9ca1-de7f-7ad7-0d2b0a5e8735
4fee9ec4-f0e1-026a-3f93-0568c27e118c,channel-xtra,The Elevator,1267,Music,Places,A score for every floor,aem/87/87b5cf9ab4b1d57ef31998cab8a571f6_1750188293.jpeg,https://www.siriusxm.com/player/channel-xtra/entity/4fee9ec4-f0e1-026a-3f93-0568c27e118c
477d4457-50b7-6214-839d-a331203562b8,channel-xtra,Gas Station,1268,Music,Places,Premium classics,aem/85/85cd499375d5636ed60f1b64f471ea8c_1750188671.jpeg,https://www.siriusxm.com/player/channel-xtra/entity/477d4457-50b7-6214-839d-a331203562b8
0bad8b45-d4c2-3480-884b-5b7874fd3325,channel-xtra,Karaoke Bar,1269,Music,Places,Top shelf sing-alongs,aem/7d/7d9efc9911ee6873327c74fb7baa3e3f_1750189623.jpeg,https://www.siriusxm.com/player/channel-xtra/entity/0bad8b45-d4c2-3480-884b-5b7874fd3325
aa274300-6ac3-13e8-e49d-22d04d21cad9,channel-xtra,Lift Line,1270,Music,Places,Rock the slopes,if/0d/0d96d50383b137f0a15197a70f88186a_1764694868.jpg,https://www.siriusxm.com/player/channel-xtra/entity/aa274300-6ac3-13e8-e49d-22d04d21cad9
fb5ab9d7-90a6-dd52-628d-173b48280910,channel-xtra,Pizza Joint,1271,Music,Places,Saucy hits,aem/30/30f902a97887d73aa6f285d4476a961a_1750188804.jpeg,https://www.siriusxm.com/player/channel-xtra/entity/fb5ab9d7-90a6-dd52-628d-173b48280910
4a95241c-e7b8-ed9f-ead2-a5211c61b09b,channel-xtra,Supermarket,1273,Music,Places,Turnip the beets,aem/48/4807f801019a78f839e2e2bddac9abcb_1750188717.jpeg,https://www.siriusxm.com/player/channel-xtra/entity/4a95241c-e7b8-ed9f-ead2-a5211c61b09b
8dd54e27-e30f-b85b-ffe9-3558eec1f5c7,channel-xtra,Wine Bar,1275,Music,All Xtra,"Smooth, sophisticated sounds",aem/5a/5ad97dbd8e63e909f77198b611b9bba8_1755608579.jpeg,https://www.siriusxm.com/player/channel-xtra/entity/8dd54e27-e30f-b85b-ffe9-3558eec1f5c7
ff975c20-1d75-d5c6-ef03-177743a3915c,channel-xtra,Bachelorette Party,1276,Music,Places,"Veil on, volume up (explicit)",aem/cb/cb0107bf66caaa4b86782897cebd1861_1750188539.jpeg,https://www.siriusxm.com/player/channel-xtra/entity/ff975c20-1d75-d5c6-ef03-177743a3915c
a3c1cd11-f13f-6d89-89a6-b4523644dc05,channel-xtra,Brewery,1277,Music,Places,Craft rock on tap,aem/eb/eb1b5f7365aab0603490f406bb17b9e1_1750189594.jpeg,https://www.siriusxm.com/player/channel-xtra/entity/a3c1cd11-f13f-6d89-89a6-b4523644dc05
c85e11c4-fc04-544d-01c9-6a2cf0a72df5,channel-xtra,Car Wash,1278,Music,All Xtra,Suds and uptempo fun,aem/59/593551facfaa0176ec1db274c33b5e37_1755608485.jpeg,https://www.siriusxm.com/player/channel-xtra/entity/c85e11c4-fc04-544d-01c9-6a2cf0a72df5
4ca89bb5-a382-44f6-7918-677473e2b1bb,channel-xtra,Frat Party,1279,Music,Places,Beer bros & bangers,aem/f2/f28b939486583b83957467ed5a743997_1750188753.jpeg,https://www.siriusxm.com/player/channel-xtra/entity/4ca89bb5-a382-44f6-7918-677473e2b1bb
7bec8843-3583-da4c-37ac-a8575ec214a5,channel-xtra,Line Dance,1280,Music,Places,Boot stompin’ country,aem/30/30e71ba84a358fe2603e29a2d5e59609_1750188639.jpeg,https://www.siriusxm.com/player/channel-xtra/entity/7bec8843-3583-da4c-37ac-a8575ec214a5
e45be06d-a833-4e11-66d9-61a35f2729b2,channel-xtra,Skate Shop,1281,Music,Places,Asphalt anthems (explicit),aem/7d/7d9b454c1103a6fd362074155b89f65c_1750189638.jpeg,https://www.siriusxm.com/player/channel-xtra/entity/e45be06d-a833-4e11-66d9-61a35f2729b2
06142ffe-70c2-2e7d-4f95-57e98e9707fe,channel-xtra,Soccer Stadium,1282,Music,Places,GOOOOOOOOAL-den tunes,aem/a3/a30f16ca764b82b3dfaa5262ad9442c6_1750189651.jpeg,https://www.siriusxm.com/player/channel-xtra/entity/06142ffe-70c2-2e7d-4f95-57e98e9707fe
a97996bf-4f9f-9378-09a9-5af4d44f2ac2,channel-xtra,Record Store,1283,Music,Places,Elite staff picks,aem/70/7028269b8dbec7330b79a4fb59ad3b7d_1750188585.jpeg,https://www.siriusxm.com/player/channel-xtra/entity/a97996bf-4f9f-9378-09a9-5af4d44f2ac2
ddd47b47-52da-6130-2b5a-18a3ab7312b2,channel-xtra,Wedding Cocktail Hour,1284,Music,Party,Swoon-worthy songs,aem/00/00ed1c1b04555f9251e86f845b844894_1755608740.jpeg,https://www.siriusxm.com/player/channel-xtra/entity/ddd47b47-52da-6130-2b5a-18a3ab7312b2
f3fec3b7-bd04-326d-808d-edf843ea2150,channel-xtra,SiriusXM Southern Rock,1285,Music,All Xtra,Rock sounds of the south,if/6e/6ecfa21e64d03a859eaaba0e8123dc76_1743025602.jpg,https://www.siriusxm.com/player/channel-xtra/entity/f3fec3b7-bd04-326d-808d-edf843ea2150
b817fd55-92ac-71ae-9784-e1d8d990de30,channel-xtra,Affirmations Radio,1286,Music,Relax,Find your center,aem/a5/a5333cfec9ddb2f078f480cd632c7dbd_1744064233.jpeg,https://www.siriusxm.com/player/channel-xtra/entity/b817fd55-92ac-71ae-9784-e1d8d990de30
c5adda40-340d-41dc-4347-e5b5c2c0112c,channel-xtra,Message Foundations,1287,Music,All Xtra,Christian throwbacks,aem/32/32c7eb4b88f96ae6dfc18460925d9e66_1744752597.jpeg,https://www.siriusxm.com/player/channel-xtra/entity/c5adda40-340d-41dc-4347-e5b5c2c0112c
170678e5-62e1-9117-30cf-19027d9d0a28,channel-xtra,Drag Brunch,1288,Music,Party,LGBTQ+ anthems (explicit),aem/47/471a4878e4154409189d6ca81f72d8d4_1755608635.jpeg,https://www.siriusxm.com/player/channel-xtra/entity/170678e5-62e1-9117-30cf-19027d9d0a28
0161adf3-9b24-7729-ab29-cbfc29c7e37a,channel-xtra,Roller Rink,1293,Music,Places,Disco on wheels,aem/dd/dd44eabd2a95aeaa8907909b2c9cb80e_1750189663.jpeg,https://www.siriusxm.com/player/channel-xtra/entity/0161adf3-9b24-7729-ab29-cbfc29c7e37a
c65fb2c2-df49-6969-5b64-399ca24a399a,channel-xtra,Surf Shop,1295,Music,Places,Waxed tracks (explicit),aem/84/848ebb3bf2bae0fa8961a48dd1117cbe_1750189610.jpeg,https://www.siriusxm.com/player/channel-xtra/entity/c65fb2c2-df49-6969-5b64-399ca24a399a
9bd1dbb1-6320-0f7c-6da1-1187f48c4d76,channel-xtra,Vegas Pool Party,1296,Music,Places,Wet drops (explicit),aem/a7/a70989c500bfead2585e1353cf5b4722_1750188289.jpeg,https://www.siriusxm.com/player/channel-xtra/entity/9bd1dbb1-6320-0f7c-6da1-1187f48c4d76
a7e7adb4-bde3-92e3-f9c3-17a32ed95bf0,channel-xtra,Alarm Clock Radio,1297,Music,Wake Up,Skip snooze & press play,aem/47/47e88886f0a966549db631998f7f0219_1747751995.jpeg,https://www.siriusxm.com/player/channel-xtra/entity/a7e7adb4-bde3-92e3-f9c3-17a32ed95bf0
1365d5e1-dc77-bc1d-107d-e01630b10f29,channel-xtra,Café y Ritmo,1298,Music,Wake Up,Mornings fueled by Latin hits,aem/60/600767b76b69d4e54675f62c00ecb572_1747751991.jpeg,https://www.siriusxm.com/player/channel-xtra/entity/1365d5e1-dc77-bc1d-107d-e01630b10f29
01df036f-ad39-e243-e554-f614e1f0ce00,channel-xtra,Emo Mornings,1299,Music,Wake Up,Upbeat emo to start your day,aem/35/35480d120a45307047345bafad2d056b_1747751994.jpeg,https://www.siriusxm.com/player/channel-xtra/entity/01df036f-ad39-e243-e554-f614e1f0ce00
49a80eed-208a-66be-85af-3c1c24b61945,channel-xtra,Morning Slaylist,1300,Music,Wake Up,Inner girlboss pop (explicit),aem/ff/ff8229ea955bf83ea246f4546f646c6d_1748975460.jpeg,https://www.siriusxm.com/player/channel-xtra/entity/49a80eed-208a-66be-85af-3c1c24b61945
b10f1700-d575-2a1a-93c3-d5c4033ee589,channel-xtra,Circuit,1301,Music,All Xtra,Dance music from the 2010s,if/39/39bb7a8aa1c83e258ff977a648e941da_1763650368.png,https://www.siriusxm.com/player/channel-xtra/entity/b10f1700-d575-2a1a-93c3-d5c4033ee589
67441b3c-824d-f1e1-6ffe-425e8e0e8888,channel-xtra,Oldies Party,1302,Music,Party,Party songs from the 50s & 60s,aem/a6/a67321ca5a20e5ee722909a077afcc4a_1755872220.jpeg,https://www.siriusxm.com/player/channel-xtra/entity/67441b3c-824d-f1e1-6ffe-425e8e0e8888
8ebe511b-28b3-f16d-e8c1-e7609eb38913,channel-xtra,Rage 808 Hip-Hop,1303,Music,All Xtra,Mosh-ready rage rap (explicit),aem/8a/8a9fc9a9d94d761f700b6d43a4b2543e_1759325293.jpeg,https://www.siriusxm.com/player/channel-xtra/entity/8ebe511b-28b3-f16d-e8c1-e7609eb38913
3a16d7b2-ba36-0a4a-152b-bef5b04268bd,channel-xtra,Prog Rock Radio,1304,Music,All Xtra,The progressive rock universe,if/c5/c51ca3030a5e3edb8b76aa8e5108ce03_1763650091.png,https://www.siriusxm.com/player/channel-xtra/entity/3a16d7b2-ba36-0a4a-152b-bef5b04268bd
8528a599-01df-885a-e32b-a21fd01b9ce1,channel-xtra,Viral Hits,1305,Music,New Music Discovery,Trending tracks (explicit),if/5d/5d6eacdbef7a3f51a76119f76e588167_1763650097.png,https://www.siriusxm.com/player/channel-xtra/entity/8528a599-01df-885a-e32b-a21fd01b9ce1
e2499386-221d-897e-9bd2-66a7e769e915,channel-xtra,Yacht Country,1306,Music,All Xtra,Smooth 70s/80s country,if/f7/f7742afb15ff3ddf8bd50c597d7ff4e4_1764763020.png,https://www.siriusxm.com/player/channel-xtra/entity/e2499386-221d-897e-9bd2-66a7e769e915
9e9b3f37-c423-c564-3700-5e4c882342fa,channel-xtra,Alt Workout,1308,Music,Workout,Alt for your all-out workout,if/4b/4bbe72110ba635ae9ecfe16879a0b428_1766808215.png,https://www.siriusxm.com/player/channel-xtra/entity/9e9b3f37-c423-c564-3700-5e4c882342fa
19d18208-609b-a05d-4632-e2e6ffa1f44c,channel-xtra,Bangers,1309,Music,Workout,2000s rap gym vibes (explicit),if/88/88d29baa1650375aa1d14d99bbd22e7c_1766808224.png,https://www.siriusxm.com/player/channel-xtra/entity/19d18208-609b-a05d-4632-e2e6ffa1f44c
0297421f-c65c-3e0c-8299-0d19bc0a89a0,channel-xtra,Diplo's Run Club Radio,1310,Music,Workout,Run the track (explicit),if/78/7899fa8648ea3fa68bdc32d56c227458_1769613288.png,https://www.siriusxm.com/player/channel-xtra/entity/0297421f-c65c-3e0c-8299-0d19bc0a89a0
a7c9399c-5259-c39e-30d0-ed598b4ada8a,channel-xtra,Jogging,1311,Music,Workout,Turn your jog into a journey,if/7b/7ba7f5cdeed6350f8365f4b8026f468a_1766809123.png,https://www.siriusxm.com/player/channel-xtra/entity/a7c9399c-5259-c39e-30d0-ed598b4ada8a
8fa2f006-eff3-2248-b24f-c4ecfb35ec5d,channel-xtra,Running,1312,Music,Workout,Fast beats for fast feet,if/02/028baeba9f5730f1a7d691cb4ecc95fa_1766810013.png,https://www.siriusxm.com/player/channel-xtra/entity/8fa2f006-eff3-2248-b24f-c4ecfb35ec5d
48963cbb-dc2f-72ac-789c-d6bf7f7db12c,channel-xtra,Sweat,1313,Music,Workout,Fuel for every rep (explicit),if/1b/1b688892dcad3c58a4a559b9e21f3618_1766810016.png,https://www.siriusxm.com/player/channel-xtra/entity/48963cbb-dc2f-72ac-789c-d6bf7f7db12c
fb3114f1-5fed-f24c-da00-b7ad7c4706a2,channel-xtra,Walking,1314,Music,Workout,Today’s walking-paced hits,if/6d/6d408992425b3185a904fe627ecc2cc6_1766823199.png,https://www.siriusxm.com/player/channel-xtra/entity/fb3114f1-5fed-f24c-da00-b7ad7c4706a2
e1a36c0f-8dd4-9f5f-a8a1-6b94eddc5260,channel-xtra,Revive & Rhyme,1315,Music,All Xtra,Christian hip-hop & rap,if/f8/f8a17ab7c09331fa83efb66daf801adc_1770005923.png,https://www.siriusxm.com/player/channel-xtra/entity/e1a36c0f-8dd4-9f5f-a8a1-6b94eddc5260
4f3cb4c9-5e2e-8f6f-0900-139e9acae30d,channel-xtra,Vintage Praise,1316,Music,All Xtra,Nostalgic gospel music,if/ff/ffec5222380d3a4eb2d32671030af41f_1770006819.png,https://www.siriusxm.com/player/channel-xtra/entity/4f3cb4c9-5e2e-8f6f-0900-139e9acae30d
9fcfe151-5792-cdc7-2916-b422d4c4afcd,channel-xtra,Esperanza,1317,Music,All Xtra,Contemporary Latin Christian,if/cb/cbee9ca6bd3830dd97481baeb56caa89_1773975817.png,https://www.siriusxm.com/player/channel-xtra/entity/9fcfe151-5792-cdc7-2916-b422d4c4afcd
cb5cc86b-0584-d052-117d-465038a6d4d4,channel-linear,Soccer en Español,1999,Sports,Other Play-by-Play,Live soccer games,aem/d5/d5433b3f4ab06bb84ac346b156764821_1739276406.jpeg,https://www.siriusxm.com/player/channel-linear/entity/cb5cc86b-0584-d052-117d-465038a6d4d4
9b6fa258-50a3-2b5d-5a8b-092673e226a0,channel-linear,SiriusXM Hits 1 Free,2002,Music,Pop,Today's pop hits free with ads,null,https://www.siriusxm.com/player/channel-linear/entity/9b6fa258-50a3-2b5d-5a8b-092673e226a0
7baf8c6b-98dd-aac5-1110-1b47f4573ba3,channel-linear,80s on 8 Free,2008,Music,Pop,Pop hits free with ads,if/6b/6bbd84f578d53e3c938d3fc0054871d8_1770005928.png,https://www.siriusxm.com/player/channel-linear/entity/7baf8c6b-98dd-aac5-1110-1b47f4573ba3
ef940a5b-255c-9f91-a3a5-41c6a9a24260,channel-linear,90s on 9 Free,2009,Music,Pop,90s pop hits free with ads,null,https://www.siriusxm.com/player/channel-linear/entity/ef940a5b-255c-9f91-a3a5-41c6a9a24260
5fea8fb1-33dc-67a7-0476-8c2f0328ee05,channel-linear,Pop2K Free,2010,Music,Pop,2000s pop hits free with ads,aem/7e/7e89cd60cf64974d8c179a76adb90bd3_1724275115.png,https://www.siriusxm.com/player/channel-linear/entity/5fea8fb1-33dc-67a7-0476-8c2f0328ee05
579153b6-7136-e023-607a-e8c14e234c09,channel-linear,The 10s Spot Free,2011,Music,Pop,2010s pop hits free with ads,null,https://www.siriusxm.com/player/channel-linear/entity/579153b6-7136-e023-607a-e8c14e234c09
63289cee-e343-696e-65b9-6ae533a33540,channel-linear,Classic Rewind Free,2025,Music,Rock,Classic rock free with ads,null,https://www.siriusxm.com/player/channel-linear/entity/63289cee-e343-696e-65b9-6ae533a33540
0ad07ada-2bf9-1c47-b8e0-e31206d44b4f,channel-linear,Lithium Free,2034,Music,Rock,90s alt rock free w/ ads,null,https://www.siriusxm.com/player/channel-linear/entity/0ad07ada-2bf9-1c47-b8e0-e31206d44b4f
610d8551-db0c-bc74-36b8-b6e22961c1f2,channel-linear,Octane Free,2037,Music,Rock,Hard rock free w/ads(explicit),if/63/635c46fc5f7b3c5bac14081210f8a890_1741831162.png,https://www.siriusxm.com/player/channel-linear/entity/610d8551-db0c-bc74-36b8-b6e22961c1f2
f05dce09-32ed-796c-ef96-24b268a65c06,channel-linear,SiriusXM Turbo Free,2041,Music,Rock,90/00s rock w/ads (explicit),if/68/68c1851caca334bbb98f9dd4bfe85545_1770005928.png,https://www.siriusxm.com/player/channel-linear/entity/f05dce09-32ed-796c-ef96-24b268a65c06
41352933-47b4-ba51-b743-2e4e5c07d4df,channel-linear,Hip-Hop Nation Free,2044,Music,Hip-Hop/R&B,Hip-hop hits w ads (explicit),null,https://www.siriusxm.com/player/channel-linear/entity/41352933-47b4-ba51-b743-2e4e5c07d4df
91be75cc-537b-0ff4-7a38-d1983c8d99d1,channel-linear,The Heat Free,2046,Music,Hip-Hop/R&B,R&B & hip-hop free with ads,aem/e4/e40167ff348e25a3f7d6629baa9541a0_1724275151.png,https://www.siriusxm.com/player/channel-linear/entity/91be75cc-537b-0ff4-7a38-d1983c8d99d1
8af3c9a1-65b9-4a3a-d838-8528bdbb4f0f,channel-linear,SiriusXM FLY Free,2050,Music,Hip-Hop/R&B,90s/00 R&B w ads (explicit),null,https://www.siriusxm.com/player/channel-linear/entity/8af3c9a1-65b9-4a3a-d838-8528bdbb4f0f
0fa72a22-73d4-b20b-c15a-ba630dd36cb8,channel-linear,BPM Free,2052,Music,Dance/Electronic,Big dance tracks free with ads,if/be/be2be3509ac235aa9906d4834939631d_1756126379.png,https://www.siriusxm.com/player/channel-linear/entity/0fa72a22-73d4-b20b-c15a-ba630dd36cb8
3b99ed09-32af-9253-5cc7-9ffb81541faa,channel-linear,The Highway Free,2056,Music,Country,Country next gen free with ads,aem/a0/a0ec3afe13198d8e2efac3d045da9402_1724275206.png,https://www.siriusxm.com/player/channel-linear/entity/3b99ed09-32af-9253-5cc7-9ffb81541faa
cb31eeb9-c527-c994-9cc3-cd6ea53d30e7,channel-linear,Y2Kountry Free,2057,Music,Country,2000s country hits free w/ ads,if/68/682927882f9c3e6dac4357ed82c5bcdc_1741832164.png,https://www.siriusxm.com/player/channel-linear/entity/cb31eeb9-c527-c994-9cc3-cd6ea53d30e7
7adff715-43a4-66f8-fd96-4ed4717a784e,channel-linear,FEMA A,9000,Talk,More Talk,null,null,https://www.siriusxm.com/player/channel-linear/entity/7adff715-43a4-66f8-fd96-4ed4717a784e
458813c9-923d-25a0-5121-a45d613a9684,channel-linear,AdRep Test1,9001,Talk,More Talk,null,null,https://www.siriusxm.com/player/channel-linear/entity/458813c9-923d-25a0-5121-a45d613a9684
23480ca2-b06f-3cb7-b39e-7d11bb93b4f4,channel-linear,AdRep Test2,9002,Talk,More Talk,null,null,https://www.siriusxm.com/player/channel-linear/entity/23480ca2-b06f-3cb7-b39e-7d11bb93b4f4
b59d84b3-777e-89e4-a52a-0a1b1628953d,channel-linear,AdRep Test3,9003,Talk,More Talk,null,null,https://www.siriusxm.com/player/channel-linear/entity/b59d84b3-777e-89e4-a52a-0a1b1628953d
91e24fce-1b9b-1ae5-2f8b-ceff05eeb19b,channel-linear,AdRep Test4,9004,Talk,More Talk,null,null,https://www.siriusxm.com/player/channel-linear/entity/91e24fce-1b9b-1ae5-2f8b-ceff05eeb19b
6bba1f7a-d0d8-489e-7d95-f3df09f81d29,channel-linear,AdRep Test5,9005,Talk,More Talk,null,null,https://www.siriusxm.com/player/channel-linear/entity/6bba1f7a-d0d8-489e-7d95-f3df09f81d29
2d066a73-c821-782a-050a-a0c861fd0448,channel-linear,AdRep Test6,9006,Talk,More Talk,null,null,https://www.siriusxm.com/player/channel-linear/entity/2d066a73-c821-782a-050a-a0c861fd0448
b1dbe924-e112-3475-7fc0-ad55b904fc8a,channel-linear,FEMA Test,9010,Talk,More Talk,null,null,https://www.siriusxm.com/player/channel-linear/entity/b1dbe924-e112-3475-7fc0-ad55b904fc8a
a00df191-af81-3cc9-162e-90cb2c89532d,channel-linear,Alerts,9011,Talk,More Talk,null,null,https://www.siriusxm.com/player/channel-linear/entity/a00df191-af81-3cc9-162e-90cb2c89532d
