profile_id,first_name,last_name,email_address,phone,subscription_tier,trial_end_date,top_recommendation,top_artists,top_teams
825a3824-78c1-d865-8cab-d4c80bbcfffd,Phone,Known,phone.known@test.com,+15550010001,trial,2026-04-10,"[""194adbca-34d6-cb94-b153-3488ee563308"",""6adef1b5-d812-9c10-7c6c-f05af4e27077"",""89c9bcb8-704a-435e-a047-30840e7ee70d""]","[""Drake"",""Doja Cat"",""Future""]",[]
5a8b1646-196d-091b-c9e6-a15ace30ecb9,Email,Only,email.only@test.com,,trial,2026-04-15,"[""687f841b-a76e-35ef-98de-022afe72566e"",""176daca5-6810-3a1c-49e9-39b69055e811""]","[""Morgan Wallen"",""Luke Combs"",""Zach Bryan""]",[]
1cec3e9a-a109-9837-7e34-094d75066cd3,Unknown,Caller,unknown.caller@test.com,,select,,"[""fd5740ec-7f11-0ecf-f676-46f9dc056d2c"",""634ea01e-4ae2-c7e8-7567-138965e8a6fe"",""0fed9647-cc82-24d7-526d-98762e8a52cd""]","[""Foo Fighters"",""Metallica"",""Tool""]",[]
87bb8ab7-5f78-ef64-de80-9f85ad42a3c2,Phone,Unknown,phone.unknown@test.com,+15550010099,premier,,"[""5ad6890a-adaf-48bf-adbf-d0bf28def878"",""43993462-1c73-efb8-29e5-0c4652cf8e4f"",""3c7b2421-7ce4-0ecb-bc70-7f60f15d3d29""]","[""Howard Stern""]",[]
ba8a2997-4744-a9ed-0dae-b31204979a77,Select,Subscriber,select.subscriber@test.com,+15550010005,select,,"[""194adbca-34d6-cb94-b153-3488ee563308"",""5ad6890a-adaf-48bf-adbf-d0bf28def878"",""44f9129f-579a-3d23-218f-3c3518036fc6""]","[""Taylor Swift"",""Olivia Rodrigo""]",[]
75e69be2-a12c-3c9c-88eb-d78b4b47544a,All,Access,all.access@test.com,+15550010006,trial,2026-04-01,"[""a44e273d-a7e5-c358-a8ae-39dc91ca9c30"",""e6333906-2e89-6c07-59d6-36d09248b8dc"",""5ad8659a-414a-9e26-b973-f5a229d788dd""]","[""Miles Davis"",""John Coltrane""]",[]
3b15a1cf-4bed-201a-3b2e-687b271d675e,Expired,Trialer,expired.trialer@test.com,+15550010007,expired,,"[""6adef1b5-d812-9c10-7c6c-f05af4e27077"",""89c9bcb8-704a-435e-a047-30840e7ee70d"",""834383dd-9a7e-d59e-81a2-dd13e0377af2""]","[""Calvin Harris"",""Diplo""]",[]
7347e143-26f2-a281-e081-6e4c889f8b2b,Hip,Hop,hip.hop@test.com,+15550010008,trial,2026-04-20,"[""194adbca-34d6-cb94-b153-3488ee563308"",""6adef1b5-d812-9c10-7c6c-f05af4e27077"",""bd54fc02-e063-0e3e-0cbb-4ceafef734e7""]","[""Drake"",""Kendrick Lamar"",""21 Savage""]",[]
d6153610-1722-c0c9-fb94-9d29ed7cc847,Talk,Radio,talk.radio@test.com,+15550010009,select,,"[""43993462-1c73-efb8-29e5-0c4652cf8e4f"",""3c7b2421-7ce4-0ecb-bc70-7f60f15d3d29"",""5f8894e9-d615-21d0-a114-ecd08e7fa75c"",""6739babb-7975-e60e-1835-fbacd4bbd855""]","[""Rachel Maddow"",""Sean Hannity""]",[]
c0794b4a-a552-b715-daa7-35da30e2356d,Country,Devotee,country.devotee@test.com,+15550010010,trial,2026-04-08,"[""687f841b-a76e-35ef-98de-022afe72566e"",""176daca5-6810-3a1c-49e9-39b69055e811"",""ffd94bb6-5368-67ae-91be-5b2bababeca0""]","[""Morgan Wallen"",""Luke Combs""]",[]
cd879f9e-6397-656c-2381-fef097ba4afd,Balanced,Listener,balanced.listener@test.com,+15550010011,premier,,"[""194adbca-34d6-cb94-b153-3488ee563308"",""687f841b-a76e-35ef-98de-022afe72566e"",""e6333906-2e89-6c07-59d6-36d09248b8dc"",""43993462-1c73-efb8-29e5-0c4652cf8e4f""]","[""Taylor Swift"",""Morgan Wallen""]",[]
976538b6-3e24-001b-4d97-721b748cd8ad,Live,Event,live.event@test.com,+15550010012,trial,2026-04-12,"[""194adbca-34d6-cb94-b153-3488ee563308"",""6adef1b5-d812-9c10-7c6c-f05af4e27077""]","[""Kendrick Lamar""]",[]
14e1a623-b630-3647-39fe-abc874830a1f,On,Demand,on.demand@test.com,+15550010013,trial,2026-04-18,"[""6adef1b5-d812-9c10-7c6c-f05af4e27077"",""834383dd-9a7e-d59e-81a2-dd13e0377af2""]","[""Calvin Harris""]",[]
7169f7f9-decd-d871-9e4f-01a91a06033c,Both,Available,both.available@test.com,+15550010014,trial,2026-04-05,"[""194adbca-34d6-cb94-b153-3488ee563308"",""6adef1b5-d812-9c10-7c6c-f05af4e27077""]","[""Drake"",""Future""]",[]
55040afb-62b4-ad8e-3a51-619a67490ca6,No,Content,no.content@test.com,+15550010015,trial,2026-04-22,"[""5ad8659a-414a-9e26-b973-f5a229d788dd"",""e6333906-2e89-6c07-59d6-36d09248b8dc""]","[""Miles Davis""]",[]
6e782d08-cfa6-8ec2-a417-fe3248378cf7,Trial,Ends,trial.ends@test.com,+15550010016,trial,2026-03-28,"[""194adbca-34d6-cb94-b153-3488ee563308"",""6adef1b5-d812-9c10-7c6c-f05af4e27077"",""89c9bcb8-704a-435e-a047-30840e7ee70d""]","[""Drake"",""Doja Cat""]",[]
5d0151f0-fc3b-8bff-3ace-40681ef4fbc1,Budget,Conscious,budget.conscious@test.com,+15550010017,select,,"[""194adbca-34d6-cb94-b153-3488ee563308"",""44f9129f-579a-3d23-218f-3c3518036fc6""]","[""Taylor Swift""]",[]
5141148f-5c83-8677-fe66-cf8f99ff0b09,Feature,Seeker,feature.seeker@test.com,+15550010018,select,,"[""5ad6890a-adaf-48bf-adbf-d0bf28def878"",""a44e273d-a7e5-c358-a8ae-39dc91ca9c30""]","[""Howard Stern""]",[]
1da67b7e-eb47-dee1-f99c-f923ba6516cd,Happy,Cancel,happy.cancel@test.com,+15550010019,trial,2026-04-01,"[""194adbca-34d6-cb94-b153-3488ee563308""]","[""Taylor Swift""]",[]
fb054bf6-4c46-8ebc-10af-819083bf7d11,Select,Upgrade,select.upgrade@test.com,+15550010020,select,,"[""5ad6890a-adaf-48bf-adbf-d0bf28def878"",""6adef1b5-d812-9c10-7c6c-f05af4e27077"",""194adbca-34d6-cb94-b153-3488ee563308""]","[""Howard Stern"",""Drake""]",[]
452b8693-cad8-49ab-9532-b691eb0b2477,Tyler,Abbott,tyler.abbott@siriusxm.com,+15550010100,premier,,"[""7db0bea0-ae9f-2c37-5534-e02575aba2ed"",""881c9b1f-e7fd-4637-b87a-0dd06f1831a5"",""804a5411-b234-1188-27da-f01197103886"",""7e10c4bf-afcc-fe98-6399-c1b8a54ff4c7"",""9ef4ce31-7fa0-4b17-83fb-2ccd547c53ca"",""d72647c1-8626-da89-5107-3e8629721cef"",""ad0ab172-202f-c05b-c7b9-597be600541f"",""812def88-01e7-e292-7b62-233c8b7392f2"",""d8babd4e-64e3-ff81-3d24-2407e0974cdc"",""c636d008-7cb0-99eb-7fb7-7c489f862a26"",""32c4747f-8739-d578-62d8-08a92d518445"",""5e238897-265a-1bb6-3baa-0376b15f519f"",""48efbc27-208c-f4ff-8ad3-5390397b7d70"",""ffd94bb6-5368-67ae-91be-5b2bababeca0"",""176daca5-6810-3a1c-49e9-39b69055e811"",""bc215e85-e759-4e34-1a9c-acdb629e9f76"",""b7527c67-738e-1ddd-0720-a5862cceffbf"",""80867fa3-093f-b076-bedc-af8d71cb54ab"",""32566352-8e68-80f8-fe11-3f9715b63876"",""f49737db-bea3-0c13-9834-b879fb1894c4"",""97f1a100-bd73-549e-f0d1-fdf7b04cf164"",""bd54fc02-e063-0e3e-0cbb-4ceafef734e7"",""cc9565d2-9c76-64de-9290-c924ed70e3b4"",""36e165d2-77d0-198b-f00a-a8606b04f4fb"",""0aee72ed-5dd8-2848-3567-d8809e123cd1"",""3b83dc80-5987-6898-e98d-a98012f700c1"",""0fed9647-cc82-24d7-526d-98762e8a52cd"",""35a57cf4-cffe-877a-ad92-59827a39b095"",""9e9b3f37-c423-c564-3700-5e4c882342fa"",""b8b47809-4e8e-f556-8325-bd45fa3d4dc4"",""fd5740ec-7f11-0ecf-f676-46f9dc056d2c"",""5f9d8bb9-88c3-c14b-1bb4-0aca77424f1d"",""2911715d-50a8-f692-b1c9-ccd01e0f42f1"",""60b0ea2e-dec7-1d4a-da2a-6de09f273fe7"",""02394c8d-7afe-6ba2-3791-fce63b1e4d85"",""7a642de7-c33f-a628-efb2-3d94a829d17b"",""f936a498-89c7-bc15-f158-19a015db0683"",""d8785a4b-1e56-6d69-fa0a-5b4ab0abdce7"",""5fbd983b-7cf9-71d7-7890-c13682e2375a"",""35b0a4e3-b63d-b68e-4c34-6462579a8721"",""5d71ae5d-5c6e-0430-6fc5-d9ca0c1c34c0"",""e2d7197c-cce3-ae6b-da6c-1e199259c0aa"",""9c1c236b-6575-da83-e4a3-422a550f5f80"",""7c1d8a04-1a7f-46d3-9b8a-c61336ddfe1c"",""727fa612-6e53-458e-720d-b662dc974e5d"",""59b6ed0e-4c39-ec45-f8be-ce1599661ce3"",""0736f9f8-2b36-d38f-e3a6-d4de7d7877a8"",""d003dd67-291f-226f-2986-e3dde046cc0d"",""a1587c28-d857-4541-9568-f0a9931aece9"",""dafefbc5-6832-4333-a1fc-ed78d49ad745"",""8dd26c7c-460c-5e2a-d371-eab296a4ba5f"",""0b24bf02-1f33-c237-6ebb-4c2ba4f64082"",""7e1e6d57-7ba3-423e-7b78-e2734b274cd7"",""97419dd7-4db5-46b6-b4c5-688970b0673b"",""0b0f9f16-54ba-c48a-e43f-0a360b413691"",""95cf8bf1-fc4e-76b9-ac2a-617dca0325e7"",""cdc9bee8-9317-37fa-ec8e-464096670c60"",""3adfcd26-b336-23cb-f40d-8e4f1a40e1de"",""510eab6b-4580-ee73-ac16-4102c599ae58"",""c9e30e80-6cc0-b66f-9e02-96e9e47ff90a"",""552cc538-0a63-28ee-a014-25c0d17a271d"",""36cdc005-7bdc-a545-a24e-1292af64fa17"",""eab32899-8863-ebaf-965d-9f21725bd0f8"",""d3253c66-e1e1-331b-02e6-71580c33791b"",""41f8b174-fb06-1707-aaa7-e74e109c2ee9""]","[""3122b927-254e-37a7-8168-406a90780925"",""3d73ccf0-d53e-32cd-adbb-3a69758778ac"",""9d382fb7-189b-3b86-b7d2-94cd037e96d5"",""04985f2f-fff2-32a4-a00e-9146f669ef05"",""6684e157-f191-3978-a8be-adddcafb8526"",""9778facd-4eb1-346c-9691-eb0c486eb0fa"",""9d29657d-f5f4-38ed-9d38-e26cf6f1a61d"",""bbbe481d-17dd-3697-9414-9e1819d9c5d1"",""f7bf6fe9-f68a-3fd9-937e-868b33999437"",""3a2abacb-750a-3834-9638-3b6c7b5d5fb4"",""5e228503-2bfe-3869-b9b9-1d57dcbce4bd"",""99aa16c5-9e01-3770-b00c-c6479d7e742e"",""9b826730-ebf0-3118-ba4b-2c41f78f6762"",""bb5a69dd-9811-315b-b1df-ffb995cecab8"",""119eeaad-28f5-31e0-a68e-171b2ddcf48b"",""11e119a9-2ce7-302e-b3ba-dc402f29ec82"",""1cfff827-5833-34c9-a739-cf87b656ec66"",""235f9c6d-5b8e-3cff-a07b-02d90d68e66c"",""944afbb6-0f30-3e02-ae30-2fdddec87cc3"",""e27b2d6e-52d5-324a-8c09-e825d79b9c75""]",[]
d27bb998-6e3e-4665-887c-0a71083a89e5,Mike,Allen,mike.allen@siriusxm.com,+15550010101,premier,,"[""47b27b4f-259f-35b8-8f92-221c14479f9a"",""21070087-5098-a73f-1a0c-b842566e1ef7"",""506babaf-c846-0e89-c64e-af4466179ce0"",""4ab61da7-ff7e-3d3b-8401-f82e3e566189"",""98672b8b-d1ec-9286-7a7f-b829a617500b"",""5cc43a31-c0f9-3713-b6aa-27d32600c59d"",""c9256031-1123-f35f-4d49-1ba4d5379258"",""54ef1d0c-5d11-3930-a739-f624377a764d"",""32d3c802-5de2-33f8-a526-65d1e8242ef9"",""6a65a478-275b-31b7-9338-0fa3149548cc"",""b96d76d6-935a-3b90-c22d-e0bc7ba11543"",""b8272b8e-d64b-39f6-927d-2b77bd216ca5"",""0c57aac4-8426-3585-8966-2256daf18b1e"",""2ea07147-a720-ed0c-d4ce-d7bddd1640d3"",""6ba1ef45-b28b-32f4-a203-6d02b8a875fd"",""9e8d6f72-0b59-85cf-a222-b18d38acdc0f"",""9ffa6cae-86dc-770a-d773-973e481e910b"",""038e9a9a-4878-7561-521b-5d432a0798a0"",""5725b211-1c65-356c-ab04-6db8790d4b53"",""96393f5e-115a-3bee-ba47-c263fab5b41d"",""44f9129f-579a-3d23-218f-3c3518036fc6"",""833c6775-4dd9-3259-9565-ac0ef01e7b08"",""00022dc2-bb6c-3573-9ce6-22e4fad3749a"",""170678e5-62e1-9117-30cf-19027d9d0a28"",""257b270f-23e1-3def-95a3-cbc95c64580a"",""83eacd60-0353-ebff-926a-ee99c5b162af"",""8528a599-01df-885a-e32b-a21fd01b9ce1"",""2a512b5c-eefd-9de8-cd59-d5ef04307283"",""fde6b158-1f0b-9480-0a1d-035560dc0e3b"",""02394c8d-7afe-6ba2-3791-fce63b1e4d85"",""91b2381b-1324-3802-8444-3feaa0dcaed7"",""9a1ecefc-3ce9-31d5-b777-353bd859a898"",""b6d9f28a-e502-362e-ab7f-365f2e6fbd37"",""602d7b88-3809-55ff-afe2-b6007bfafba1"",""fb3114f1-5fed-f24c-da00-b7ad7c4706a2"",""40c3d189-9611-e59f-5808-7847e294642e"",""c79dfb52-2609-3d18-9a4b-05a13b2aa9c5"",""424e1431-ab24-36da-80b3-e6c0fbe22717"",""4466e297-33f5-b69f-e5e7-71be602ebb2f"",""98ea4cd3-e358-f7b2-5145-4a8848857b0e"",""6815cf99-fdea-60d4-d710-d390c26bf3c0"",""44bcccb4-2fb9-393d-8394-b760a7170c69"",""86d52e32-09bf-a02d-1b6b-077e0aa05200"",""6b714c38-a075-3b26-9f80-822bf1a31d4b"",""008f41c5-fb36-366d-b666-a535a5a68cab"",""e5e6f8a5-d1e1-37c0-bd96-4070757c3ae6"",""c2073950-f086-3ab8-8236-2c16cd0f39e9"",""8fa2f006-eff3-2248-b24f-c4ecfb35ec5d"",""194adbca-34d6-cb94-b153-3488ee563308"",""09a91fb6-2ec7-f8fb-e562-4f869ff011ef""]",[],"[""e407e3c3-0bba-3197-74cc-4bea015df657"",""53e1df98-119f-1a68-f8c3-5b3efefbcc99"",""cf3bd921-c50f-f370-26e8-a011fcaefafa"",""8b1dc0e6-e12e-79ab-401a-a775b638e116""]"
a9bd4745-fd4f-4a67-9f9f-a3052effcef1,Natasha,Aysseh,natasha.aysseh@siriusxm.com,+15550010102,premier,,"[""5721af4f-a1df-65fa-e127-01efe4a92eaa"",""21b63878-b369-1503-d1c8-6025cc8571de"",""804a5411-b234-1188-27da-f01197103886"",""ab0e4302-503b-e1ff-c786-8307a3d36fe0"",""f1299966-6b80-4fdb-bdd8-4e756b97ea9b"",""792c3df0-15f5-4037-b4cf-d57d845b9a97"",""c636d008-7cb0-99eb-7fb7-7c489f862a26"",""98672b8b-d1ec-9286-7a7f-b829a617500b"",""32c4747f-8739-d578-62d8-08a92d518445"",""00d93687-6f89-f816-2593-661f24707afc"",""c6d5c10d-ef8b-0478-48e0-901ef2cc382b"",""69e5185d-d218-8fbc-082f-6ea5a16ca4db"",""a313351d-2602-aea7-e635-c7a3fedb719b"",""04e45b04-19ab-3ca3-3064-4fe6320df18b"",""f306b8d3-d0e5-e3d1-e03e-f64adf98a7ac"",""d8db4574-6cc5-62a2-55b5-ae6842d80b61"",""5ad6890a-adaf-48bf-adbf-d0bf28def878"",""22aa6a15-ed96-c247-3a5e-6bb1bfb77f0f"",""d29c7a4d-b72a-53ea-cdc1-396d87e823c4"",""f49737db-bea3-0c13-9834-b879fb1894c4"",""255add50-ba1f-df14-0fd2-5b0a2320d3f8"",""3fdc6446-2598-7c2b-d68f-1dcc1afa3433"",""b96d76d6-935a-3b90-c22d-e0bc7ba11543"",""cbacd6f4-17c3-460b-8a97-7d4daeb67547"",""bd54fc02-e063-0e3e-0cbb-4ceafef734e7"",""5ad8659a-414a-9e26-b973-f5a229d788dd"",""fdf0828c-710e-2e45-0123-bbab29ed2edc"",""3f655067-3544-a5bf-2385-d7cd2fb292a9"",""25de1705-19ad-6f6e-d45f-3f8775a37800"",""67e73c97-1e8d-6170-b50e-07222df14cec"",""0fed9647-cc82-24d7-526d-98762e8a52cd"",""038e9a9a-4878-7561-521b-5d432a0798a0"",""916d7bd2-33ad-2fac-5787-cc1865a499be"",""5bcb63d0-01b0-94f7-2db3-6d1cb3513f9b"",""fe951560-f7e7-2ee3-9de9-cfd89fd54ac5"",""fd5740ec-7f11-0ecf-f676-46f9dc056d2c"",""6567f2ee-4d7a-cd6d-3402-55ed6089cd0c"",""c2d266b5-239b-456e-cec2-ac8b9182662a"",""44f9129f-579a-3d23-218f-3c3518036fc6"",""2022dfab-580f-675f-6aad-00aad9c3be9b"",""96e98353-ccd1-9722-76a7-37f179a6a15c"",""02394c8d-7afe-6ba2-3791-fce63b1e4d85"",""c3890f3c-1222-5036-bea9-6d52753bf018"",""525e065d-a9d4-0d0e-6c98-93e68ec92ec8"",""35b0a4e3-b63d-b68e-4c34-6462579a8721"",""5d71ae5d-5c6e-0430-6fc5-d9ca0c1c34c0"",""56605cc5-88b8-557b-fc3c-dae7eb41bf56"",""727fa612-6e53-458e-720d-b662dc974e5d"",""4466e297-33f5-b69f-e5e7-71be602ebb2f"",""59b6ed0e-4c39-ec45-f8be-ce1599661ce3"",""93a8061c-dae0-9668-34bd-a5350770d2cb"",""6d564db0-1df6-27cd-a647-20d7a7dd4e72"",""123f7d39-c99f-2f01-7900-0d4b8b010cb7"",""60a5975f-42b6-0311-f007-116e41a69b71"",""98713b38-08f7-5515-fa0b-eb8924cc019b"",""cdc9bee8-9317-37fa-ec8e-464096670c60"",""51f88432-8311-37e0-b57d-9b0ab63f5ce9"",""634ea01e-4ae2-c7e8-7567-138965e8a6fe"",""72874f52-9f17-2e8f-d4cc-3bfdccb4227c"",""eaeb0adc-cd70-4d41-81ca-1688e981316a"",""194adbca-34d6-cb94-b153-3488ee563308"",""9d7bdf25-a708-aa98-8850-132bc45898a5""]","[""1a296892-4b2a-3d29-8fb2-610b07608418"",""1c8494c2-58e0-3b77-a2aa-d77b16f40f30"",""2e04e1a7-a158-3240-8fed-901e39c3deeb"",""3122b927-254e-37a7-8168-406a90780925"",""415a90d0-bb89-3d62-8a43-9e018d952caf"",""62952aa2-08df-375d-93e7-ef3b9718b709"",""6eb39077-3911-3c63-a7cf-1c004ea68a64"",""833c6775-4dd9-3259-9565-ac0ef01e7b08"",""8942b8b1-0895-31ed-a9c7-4b9f5782dad5"",""addd1130-aa8b-3cb9-bee7-be3efea16155"",""c79dfb52-2609-3d18-9a4b-05a13b2aa9c5"",""456ff152-35fc-3b24-a2e0-15d6f9b7791f"",""a65e3001-efac-3935-944c-91a84cb90eef"",""ea796b2c-bc3c-3a8e-9c22-e105d3c85c46"",""54ef1d0c-5d11-3930-a739-f624377a764d"",""5eece12a-4fa6-3919-bdb5-980b04f400fd"",""9b826730-ebf0-3118-ba4b-2c41f78f6762"",""a6fec3b5-8843-3af7-a486-626a6e22d4fc"",""1cfff827-5833-34c9-a739-cf87b656ec66"",""45673bb2-c334-3e3e-a853-909200cdc1c2""]","[""a66b67f9-5408-675e-9e02-3db1dd029b4d""]"
df3c33d7-d83a-422e-a260-2069a0704b00,Tomasz,Bawor,tomasz.bawor@siriusxm.com,+15550010103,premier,,"[""05cd3a1a-d292-3b8e-e8c9-1566d0726994"",""5ec57468-4f17-6675-83e0-5df1051c5149"",""c46c9810-6274-a715-a8b9-de9d4ac33873"",""e72686af-6f30-c82e-1ca6-a6bdf25d39bd"",""7e10c4bf-afcc-fe98-6399-c1b8a54ff4c7"",""c0c65f6c-5cf0-0314-3667-12ccbfb84a49"",""c636d008-7cb0-99eb-7fb7-7c489f862a26"",""98672b8b-d1ec-9286-7a7f-b829a617500b"",""812bae38-3fe3-5780-8962-b067018b8905"",""a2d2f69b-cb59-4064-83d9-0c46130fce24"",""a8e1de0e-c751-dadf-3abf-91912a25c1fa"",""c9256031-1123-f35f-4d49-1ba4d5379258"",""12b72482-359b-4cd5-b105-1a837602bc35"",""aa46ae69-ab44-f416-58ee-9fdf07462c0e"",""ffd94bb6-5368-67ae-91be-5b2bababeca0"",""a8465da9-2ce2-9b01-6679-e67c5066697b"",""176daca5-6810-3a1c-49e9-39b69055e811"",""6adef1b5-d812-9c10-7c6c-f05af4e27077"",""bd4ec66b-aee3-a0c8-fd6a-1cc0b238e39e"",""906e5792-c7fe-5ea8-90f0-002dcfaa34fe"",""9e87eb7c-4087-d781-c0dd-a0e5bdbe635a"",""269497e4-7f91-377d-0940-6b9f027b5b3b"",""4ebc3011-0ebe-a9ad-c58b-9a306f60fc2b"",""3ef4706c-6217-b79f-f21c-a9d00717532a"",""916fef38-0988-40f4-81fc-8127afde9a04"",""0ad7c62c-fa4f-405e-9d4e-253663cdee04"",""bd54fc02-e063-0e3e-0cbb-4ceafef734e7"",""709d5e35-e5bd-6865-b7eb-342355fbb94f"",""c2a517d4-c02f-06eb-77cf-f81bfa719188"",""ed6ae55f-4450-9b64-bca9-b1411b1f07d8"",""8a3d176b-87e9-4600-9f29-53350daca710"",""25de1705-19ad-6f6e-d45f-3f8775a37800"",""01675bf6-1d35-d05f-2e73-0a750694aa6d"",""0fed9647-cc82-24d7-526d-98762e8a52cd"",""9e8d6f72-0b59-85cf-a222-b18d38acdc0f"",""038e9a9a-4878-7561-521b-5d432a0798a0"",""f8fcddaf-b203-4b7f-ae2e-8b540f8e2677"",""95179ecb-a419-71aa-f3e6-92f5c4db1f7f"",""fe951560-f7e7-2ee3-9de9-cfd89fd54ac5"",""1aca2882-fc94-6430-fc3c-8b5b61c957bf"",""6567f2ee-4d7a-cd6d-3402-55ed6089cd0c"",""ec9a7f4f-586c-da3b-d530-bd547090558d"",""44f9129f-579a-3d23-218f-3c3518036fc6"",""d4d17484-cb4d-06bf-60e0-2944cb827371"",""847b22e6-1d35-b5b3-92f4-0c5e4e7b9040"",""2022dfab-580f-675f-6aad-00aad9c3be9b"",""02394c8d-7afe-6ba2-3791-fce63b1e4d85"",""988d25d1-db91-ee15-72e1-386c1972b8b0"",""40c3d189-9611-e59f-5808-7847e294642e"",""5d71ae5d-5c6e-0430-6fc5-d9ca0c1c34c0"",""55ebde2f-f4d3-dbe1-a62a-b1c3effb39e7"",""7821ead0-6efe-0a62-6a07-cd738082473c"",""becbea68-c499-4790-b46b-841fe10bbc98"",""ea10d2ed-448a-411c-9378-1897df7cc29f"",""0b24bf02-1f33-c237-6ebb-4c2ba4f64082"",""b546a271-6058-6512-1dd5-12de98976dcf"",""adc27a20-6fc4-7269-5ca6-4a492f7dfa55"",""e45dc55c-801e-7ca4-b284-dffe6466540c"",""a46069f2-6e41-a40a-79b0-3a6b5aa5287e"",""634ea01e-4ae2-c7e8-7567-138965e8a6fe"",""1e6b3146-84b0-01f5-3a18-4ee2c1d38550"",""59b99400-903c-449f-3112-ae6b1323e4ac"",""194adbca-34d6-cb94-b153-3488ee563308"",""d3253c66-e1e1-331b-02e6-71580c33791b""]","[""33c263eb-6d8e-35ee-b7ea-b459a71b8dd4"",""7c6351a3-72ee-38d1-bba6-23fe67a84e5e"",""a93c3152-1640-3a79-8ad9-6352af64754c"",""aea58588-2924-377b-a9e8-941b75ef9f51"",""d62b45b3-8900-3716-bdfc-0b39127fc25b"",""df3210e1-ad95-3d6d-a245-6bea8e2d38bd"",""014ce104-179e-353c-b0e8-7cf8521d4ed9"",""09a1575f-a173-32a0-a144-ddecb5659e4a"",""4a17d654-84ab-394a-87a3-e8bdca467dd2"",""aab43f1c-34b6-3a5d-91fe-bed75fc2d715"",""1b18bf01-9a34-3315-a723-8c9e16db4cca"",""aeb8e52c-90c3-3456-b79a-be08f8377695"",""b823a50f-ba0d-32f7-8deb-4a959a5ce913"",""e783d3c9-3931-3354-9ef4-c9734eeeb036"",""6c4a04e9-4797-3567-8a1e-0b1499305fc2"",""7e47b2f7-a8b4-3d7e-8f8a-d59e1658c138"",""85a09e51-253b-3a7f-b6a1-6e2708f2ea0f"",""878d7939-3121-3fba-b370-2a4eca21af23"",""9965fbd9-074e-3eb5-88ce-a5dd1094cdf8"",""d2d2d1cf-3346-323f-ba50-9267de6d3907""]","[""930b5a53-ab5f-f5ec-ee59-51123ffd3ce5"",""ff84fb0e-0bc9-eebe-4f58-78aeb678613c""]"
98a025fc-8cbb-4a8f-8906-46afc2128f04,Rory,Belfi,rory.belfi@siriusxm.com,+15550010104,premier,,"[""21b63878-b369-1503-d1c8-6025cc8571de"",""9150cc82-af5c-3be3-d170-0e81d87375a8"",""804a5411-b234-1188-27da-f01197103886"",""9ef4ce31-7fa0-4b17-83fb-2ccd547c53ca"",""a1aed141-90d4-4f65-4c58-eb0d99d8bcce"",""c636d008-7cb0-99eb-7fb7-7c489f862a26"",""32c4747f-8739-d578-62d8-08a92d518445"",""d9dcf813-1a1a-2f92-a53f-e372ffc235ea"",""20801778-3df2-d607-eab5-e03de0ca7815"",""48efbc27-208c-f4ff-8ad3-5390397b7d70"",""c9256031-1123-f35f-4d49-1ba4d5379258"",""024e45d1-37e5-d592-f7cb-d39c4198f504"",""0550548a-9237-0b28-8121-c7851357deee"",""ffd94bb6-5368-67ae-91be-5b2bababeca0"",""6adef1b5-d812-9c10-7c6c-f05af4e27077"",""46dc8dcf-e071-01cd-850a-50c6e7cbad74"",""325f06d1-8734-0378-1ae1-66323143c249"",""f49737db-bea3-0c13-9834-b879fb1894c4"",""0ad7c62c-fa4f-405e-9d4e-253663cdee04"",""5ad8659a-414a-9e26-b973-f5a229d788dd"",""01df036f-ad39-e243-e554-f614e1f0ce00"",""0fed9647-cc82-24d7-526d-98762e8a52cd"",""3c7b2421-7ce4-0ecb-bc70-7f60f15d3d29"",""916d7bd2-33ad-2fac-5787-cc1865a499be"",""95d4d8ef-55e4-8337-78f1-2fda944991d8"",""b8b47809-4e8e-f556-8325-bd45fa3d4dc4"",""fd5740ec-7f11-0ecf-f676-46f9dc056d2c"",""aa47060e-355d-4c3a-aed3-39861943d3ba"",""f3126d70-09ea-bd0c-57cd-af5ab798f313"",""44f9129f-579a-3d23-218f-3c3518036fc6"",""834383dd-9a7e-d59e-81a2-dd13e0377af2"",""d54094ef-b462-5a96-b54e-1d12606827ed"",""e9460260-8884-4dd3-fb31-5ef15b11deea"",""b8d08b56-6bca-a461-189e-ea00b223fbf4"",""7a642de7-c33f-a628-efb2-3d94a829d17b"",""f936a498-89c7-bc15-f158-19a015db0683"",""454db282-082e-b9a0-d099-89afbf335688"",""95bffee3-e903-ca28-6332-1b94f41a8962"",""35b0a4e3-b63d-b68e-4c34-6462579a8721"",""40c3d189-9611-e59f-5808-7847e294642e"",""6294eaee-f4b9-4ed9-a12c-67e5433e2add"",""59b6ed0e-4c39-ec45-f8be-ce1599661ce3"",""7136bce9-fc02-4701-968a-7241c974a92c"",""6d564db0-1df6-27cd-a647-20d7a7dd4e72"",""23999ddf-2cc2-35e2-7d04-6cc2749043d0"",""becbea68-c499-4790-b46b-841fe10bbc98"",""ee39c4a3-a637-442d-8640-beebb05e3432"",""65f04311-3581-256c-97b9-279838d6ff5e"",""a44e273d-a7e5-c358-a8ae-39dc91ca9c30"",""51f88432-8311-37e0-b57d-9b0ab63f5ce9"",""ed8abf03-dde2-3a11-a123-ceeca671f3bf"",""e253bdca-601f-2b68-52fc-3f6a9fa33bb9"",""5f8894e9-d615-21d0-a114-ecd08e7fa75c"",""2fbf77bf-9139-3fc2-ad31-099e1c67ff68"",""6739babb-7975-e60e-1835-fbacd4bbd855"",""194adbca-34d6-cb94-b153-3488ee563308"",""41f8b174-fb06-1707-aaa7-e74e109c2ee9""]","[""3122b927-254e-37a7-8168-406a90780925"",""6bab9505-d9ea-346a-a018-dc924e73e0b1"",""906c8534-db1d-3b5b-878a-406f71f77a00"",""fe5ef63a-c8bf-38b4-8273-1b53da405969"",""0dc38ded-21a1-30b0-afdb-d583d1a84828"",""21b0eea2-81db-325f-9479-0d8bbbbb5fbe"",""9d29657d-f5f4-38ed-9d38-e26cf6f1a61d"",""bbbe481d-17dd-3697-9414-9e1819d9c5d1"",""35f6af44-d2e7-330e-b347-3d53deeeb066"",""3a2abacb-750a-3834-9638-3b6c7b5d5fb4"",""99aa16c5-9e01-3770-b00c-c6479d7e742e"",""9b826730-ebf0-3118-ba4b-2c41f78f6762"",""bf481851-cffb-3935-b036-69795908b4ec"",""11e119a9-2ce7-302e-b3ba-dc402f29ec82"",""1cfff827-5833-34c9-a739-cf87b656ec66"",""48a30adb-854f-33f8-8301-2ad09b2f3e89"",""71c20b6d-d11c-3c87-b7e3-69646608b1f6"",""a2fe3cc1-9c81-34fe-9e30-ba355caa5815"",""e27b2d6e-52d5-324a-8c09-e825d79b9c75"",""e637c7c2-64b6-3ed7-b30e-836f99eaa25e""]","[""b59aecfd-ec56-d90f-176b-c88a656bd4c3"",""668fcd9d-b8ab-3990-35c6-c0a2b16ccccd"",""7ddf6560-1fb1-e63e-dc77-4cc9f1cd6c16""]"
e5174632-aade-4a9c-8c66-b0e28df10c3b,Julien,Benatar,julien.benatar@siriusxm.com,+15550010105,premier,,"[""a4b7a4f7-af96-3ae6-53df-f78ff9ac9aab"",""881c9b1f-e7fd-4637-b87a-0dd06f1831a5"",""2123d9ad-bc5b-1151-9649-b2cb9dce2a8f"",""9150cc82-af5c-3be3-d170-0e81d87375a8"",""804a5411-b234-1188-27da-f01197103886"",""fed8de31-8d51-8949-6c69-2035fb0485b0"",""e1d0807c-de1b-4004-435d-cb429ddf1ff4"",""d72647c1-8626-da89-5107-3e8629721cef"",""d7378c22-b9a1-d443-d731-79940e0f9c96"",""e3041d19-daa5-6517-8c73-41976582d1f9"",""a6fe9058-53f0-301e-8fcb-afd3ea92d2e6"",""c636d008-7cb0-99eb-7fb7-7c489f862a26"",""541c9627-0e17-4e89-806e-2066b77635c3"",""5e238897-265a-1bb6-3baa-0376b15f519f"",""20801778-3df2-d607-eab5-e03de0ca7815"",""dd21ed4a-49e7-ae02-3a61-cd730602a389"",""2406fc89-2280-4c3b-a20b-af1fbae64dc9"",""08f43be2-6189-5782-89e4-5d504fb848bb"",""69e5185d-d218-8fbc-082f-6ea5a16ca4db"",""a313351d-2602-aea7-e635-c7a3fedb719b"",""fc4a9d5a-0e39-a372-a857-b8eaebdfc5eb"",""b7527c67-738e-1ddd-0720-a5862cceffbf"",""f306b8d3-d0e5-e3d1-e03e-f64adf98a7ac"",""0b5b5f60-dfcf-eba9-1dc6-ec3c909f4541"",""d8db4574-6cc5-62a2-55b5-ae6842d80b61"",""7dbb75a5-f3f3-2ef2-c403-c6580191f559"",""5ad6890a-adaf-48bf-adbf-d0bf28def878"",""ab6a16eb-6e7b-6933-1dd1-8b04fbc922ed"",""d23d9dc0-c2ba-76a1-6bc8-6687f6395747"",""d318ca1f-8b95-d015-4011-b2b23c0cc494"",""d29c7a4d-b72a-53ea-cdc1-396d87e823c4"",""e829fd66-441a-6397-f1f9-575af11319b9"",""f49737db-bea3-0c13-9834-b879fb1894c4"",""b2f9e172-ffc0-7e10-ea5d-955e85b4f11f"",""1898923d-071d-0abd-1a62-ed0d2702d4f1"",""dda7a483-bb47-3d5f-a075-e4d2d4b58117"",""771bf1f6-3885-aa77-e98a-51f5dcccbeba"",""5ad8659a-414a-9e26-b973-f5a229d788dd"",""fdf0828c-710e-2e45-0123-bbab29ed2edc"",""0fed9647-cc82-24d7-526d-98762e8a52cd"",""24798b75-f928-9e44-bdd4-1ba2bbc0b963"",""2954f8e3-23c3-d9d4-5265-ebb4b1f7182b"",""e31cba38-ecf7-0f8b-1eb8-a850e1fa017e"",""e87948a7-44a6-40c6-809e-a647b520866d"",""b8b47809-4e8e-f556-8325-bd45fa3d4dc4"",""c2d266b5-239b-456e-cec2-ac8b9182662a"",""e74de4e1-cc0e-39f7-54f6-124c0641f701"",""6b3ec648-0db4-2528-ab25-b615874d43e6"",""7a642de7-c33f-a628-efb2-3d94a829d17b"",""5379c67f-e2c6-3b2e-9798-08f08614cd42"",""f936a498-89c7-bc15-f158-19a015db0683"",""d8785a4b-1e56-6d69-fa0a-5b4ab0abdce7"",""18d4656c-23a0-5556-014a-a685b2c6bec8"",""b6dd91d2-5509-97ef-c22a-50365d0026d6"",""b382381b-d34a-a00d-91a7-b2a2a2e31d97"",""8bf28935-c635-4c04-ae01-11aa6504308f"",""3a03329c-f9d5-8842-0d01-d5c305364b2c"",""1a4e95aa-8455-6730-1ca5-daad054635cd"",""3693ff00-ae74-4006-870e-5c76fc66893c"",""e54bb91b-3a2c-d5eb-8c44-e09720d33b08"",""1f6acdac-1597-e01d-8d83-8c1f2789bfda"",""6f8282f9-ab81-41b8-bfd5-3ae56be0e023"",""abfb5780-324f-1219-48c2-c8c2445c17bd"",""123f7d39-c99f-2f01-7900-0d4b8b010cb7"",""17e11bae-6dd1-3af7-97e9-9e5abf307606"",""65f04311-3581-256c-97b9-279838d6ff5e"",""f95497ef-39c0-66fd-5749-f6c7b6f768b9"",""d7151f52-694d-64b7-4e31-9b2f4f534454"",""cf0579bf-8131-4af8-88e8-540db1d73a89"",""c9d811de-b9c4-bf5f-f5f3-f6d7b3c15b88"",""766aea6d-c8c9-5e6e-24ea-997e70311f5f"",""6d2b98e2-2ab6-afd8-773c-bea25cae1ce5"",""9d7bdf25-a708-aa98-8850-132bc45898a5""]","[""594118ce-97bc-3559-a521-2a0782755f92"",""6158c759-f2dc-3ed2-bed8-f24c643a9769"",""792f276c-fc29-30a5-b6a3-5941d0c27e34"",""80b12f56-57e8-3794-b89a-3b1df85bea27"",""e23e1fc2-13c7-3603-a220-88aa468514b9"",""4643a067-5364-30b8-8189-9a5440cb7eaa"",""574fb8e1-933c-31a4-a06f-31315fe08ea2"",""84502522-a206-34a4-aa28-244521e3cc71"",""93d2dd2d-998c-3a17-a53d-e40e3b12bbb2"",""bbbe481d-17dd-3697-9414-9e1819d9c5d1"",""75b9aae1-3bf2-3077-8bca-bdac372c142a"",""09422583-23bd-34ef-9e4f-2e6a59d3adb3"",""11e119a9-2ce7-302e-b3ba-dc402f29ec82"",""1cfff827-5833-34c9-a739-cf87b656ec66"",""2b8e8048-06de-3a2a-b373-bda0756c1b8c"",""33967aed-263b-3ce2-b6a5-cd2240e8d9df"",""48a30adb-854f-33f8-8301-2ad09b2f3e89"",""6b22f861-a957-3b8d-9f79-0eb1507a170b"",""b95c81ba-62ee-3f25-a3f2-13402e9d795b"",""c3b17060-9c22-31b8-87d4-a9bafc0152ee""]","[""b59aecfd-ec56-d90f-176b-c88a656bd4c3""]"
db8b7cbc-41ea-40ae-9d29-463ff1fccfad,Russ,Bernstein,russ.bernstein@siriusxm.com,+15550010106,premier,,"[""a4b7a4f7-af96-3ae6-53df-f78ff9ac9aab"",""21b63878-b369-1503-d1c8-6025cc8571de"",""33b8ac91-7035-3146-6fb1-59b38ed958c3"",""c5c8208d-3c38-39fa-5a69-b73989567744"",""5ec57468-4f17-6675-83e0-5df1051c5149"",""fed8de31-8d51-8949-6c69-2035fb0485b0"",""4fc25519-469b-df27-7887-cbcda25cdb55"",""9ef4ce31-7fa0-4b17-83fb-2ccd547c53ca"",""792c3df0-15f5-4037-b4cf-d57d845b9a97"",""c636d008-7cb0-99eb-7fb7-7c489f862a26"",""5e238897-265a-1bb6-3baa-0376b15f519f"",""3686ac93-80a2-c3fc-fd0e-0c594babdaaa"",""a2d2f69b-cb59-4064-83d9-0c46130fce24"",""48efbc27-208c-f4ff-8ad3-5390397b7d70"",""c6d5c10d-ef8b-0478-48e0-901ef2cc382b"",""a4094886-77b3-6a79-cc1f-f6f5580c22fc"",""69e5185d-d218-8fbc-082f-6ea5a16ca4db"",""067801cb-bb3f-1707-dd21-d77e06bb27c0"",""a313351d-2602-aea7-e635-c7a3fedb719b"",""bc1e1e2f-44cf-bf5e-c354-87d1d6170b93"",""b7527c67-738e-1ddd-0720-a5862cceffbf"",""886a27ad-eda6-e653-5ff3-93871250322c"",""f306b8d3-d0e5-e3d1-e03e-f64adf98a7ac"",""d8db4574-6cc5-62a2-55b5-ae6842d80b61"",""2a74320f-938b-8e80-5e7f-5e8e110e1d42"",""5ad6890a-adaf-48bf-adbf-d0bf28def878"",""325f06d1-8734-0378-1ae1-66323143c249"",""1c7b5d3b-d182-9d9c-1a8a-d68d3157110b"",""b2f9e172-ffc0-7e10-ea5d-955e85b4f11f"",""ac00ab0c-0a60-63bb-32fe-44e8b9be24fd"",""a934ca82-4e70-4027-ebe8-cfc0617e9de0"",""bd54fc02-e063-0e3e-0cbb-4ceafef734e7"",""fdf0828c-710e-2e45-0123-bbab29ed2edc"",""5751afc7-20ca-496c-914c-faf8f0e421ff"",""25de1705-19ad-6f6e-d45f-3f8775a37800"",""0fed9647-cc82-24d7-526d-98762e8a52cd"",""7a035912-a5b8-ab6b-b203-1382b5894dc3"",""79ed3614-fad0-53a8-ba35-4efbeb6c1d33"",""9c8d1f17-b0e5-3622-de9c-0a5f23192e46"",""5cdfcb78-9e5b-68a1-af37-2d4c59e16783"",""95179ecb-a419-71aa-f3e6-92f5c4db1f7f"",""e31cba38-ecf7-0f8b-1eb8-a850e1fa017e"",""fe951560-f7e7-2ee3-9de9-cfd89fd54ac5"",""c2d266b5-239b-456e-cec2-ac8b9182662a"",""2022dfab-580f-675f-6aad-00aad9c3be9b"",""ad5c1569-e430-443e-86dd-785500ad7f81"",""7c987478-2f68-d267-acc6-56497c448256"",""b8d08b56-6bca-a461-189e-ea00b223fbf4"",""988d25d1-db91-ee15-72e1-386c1972b8b0"",""c3890f3c-1222-5036-bea9-6d52753bf018"",""f936a498-89c7-bc15-f158-19a015db0683"",""95bffee3-e903-ca28-6332-1b94f41a8962"",""525e065d-a9d4-0d0e-6c98-93e68ec92ec8"",""40c3d189-9611-e59f-5808-7847e294642e"",""5d71ae5d-5c6e-0430-6fc5-d9ca0c1c34c0"",""d43c7d88-8357-8c6a-57c7-b9d29180ef34"",""c91c1b7d-27eb-b715-d919-18d2082d249d"",""727fa612-6e53-458e-720d-b662dc974e5d"",""61798de9-d8a5-1428-14d8-3879ce1304f7"",""9fbf9a84-bedb-4747-bc62-7c029e94e508"",""23999ddf-2cc2-35e2-7d04-6cc2749043d0"",""60a5975f-42b6-0311-f007-116e41a69b71"",""aedbc5ac-7759-6c9a-63d0-ab5d3074fccc"",""51f88432-8311-37e0-b57d-9b0ab63f5ce9"",""303ee2af-e136-2084-1a0d-9b0d7d598db3"",""634ea01e-4ae2-c7e8-7567-138965e8a6fe"",""e253bdca-601f-2b68-52fc-3f6a9fa33bb9"",""17b6acc2-d9d9-c62f-19c9-94e0f9239214"",""976d8d42-1f85-82a4-3e7d-5fb19c193aa4""]","[""0f5b5c6e-2716-3449-88ed-7289fb3c4634"",""40a6a269-20f5-34d9-81d1-64a821ba348e"",""bc07d077-0cad-3601-bf30-c9556d0f35a3"",""dcc1c966-de6f-3453-bafb-54207d4975e6"",""ea098bfa-dfd4-34fe-b5b6-13e37501431f"",""6295db02-8645-3ca7-841b-e8290cdcb38d"",""6ce3a82d-693a-3ff7-8354-652faedad908"",""7313de9f-73c5-30cf-9af5-1100ab286dfa"",""958e5d7a-514a-356e-94b1-ad63e91a3577"",""66cb7b12-21a2-329f-b388-7a0bc59baeec"",""b8623cf9-f915-345c-a62b-ca3516cd4c1b"",""cf2b2557-d8f4-3905-8e15-f2fcaca28eb8"",""dd4e7588-72b2-37fc-8b86-e6f68762660c"",""082e3642-c568-3063-aa57-10a90ba2e03e"",""406641f7-f88d-3ac8-ac1a-5d5fa3af2d82"",""52918ad4-fdc6-3fc5-9e92-0990e56cdf8e"",""71e483f4-71b0-3138-97c1-ac6366826534"",""7bd1c9bc-bef1-356e-9a68-876dfdaa159f"",""b888d43e-14db-304a-b376-6c83bd6b3ab3"",""bd7a752d-e13f-3103-b462-0382b0f3d352""]","[""36ab4f33-6c0f-243f-997b-aaac7bb32971"",""1123c1f1-4237-da4f-045f-b5f72567483e"",""b59aecfd-ec56-d90f-176b-c88a656bd4c3"",""7fe910b6-b3d4-a68e-58ba-97d41dc3d5b8""]"
ef4d8bb7-01c4-44e3-867c-ef5a84b6083c,Steve,Blatter,steve.blatter@siriusxm.com,+15550010107,premier,,"[""bf26f478-46c3-5e93-878d-f3faf01bed65"",""804a5411-b234-1188-27da-f01197103886"",""05cd3a1a-d292-3b8e-e8c9-1566d0726994"",""ab0e4302-503b-e1ff-c786-8307a3d36fe0"",""7e10c4bf-afcc-fe98-6399-c1b8a54ff4c7"",""1d5dc35a-4f90-2bc5-438d-cdb869d58896"",""f1299966-6b80-4fdb-bdd8-4e756b97ea9b"",""75301b34-2f01-2c17-0b52-028bec0d271c"",""345e3a31-b00a-fbec-2d6f-bb100b0911f7"",""3686ac93-80a2-c3fc-fd0e-0c594babdaaa"",""00d93687-6f89-f816-2593-661f24707afc"",""89fc48c2-5323-f34a-f0f1-ceb1ada561bc"",""ffd94bb6-5368-67ae-91be-5b2bababeca0"",""6adef1b5-d812-9c10-7c6c-f05af4e27077"",""176daca5-6810-3a1c-49e9-39b69055e811"",""a96c9390-313c-3a51-5dac-953504f4f237"",""44a043a9-4ad8-4f24-fbef-866695c96c95"",""9e87eb7c-4087-d781-c0dd-a0e5bdbe635a"",""4ebc3011-0ebe-a9ad-c58b-9a306f60fc2b"",""f49737db-bea3-0c13-9834-b879fb1894c4"",""ac00ab0c-0a60-63bb-32fe-44e8b9be24fd"",""97f1a100-bd73-549e-f0d1-fdf7b04cf164"",""a934ca82-4e70-4027-ebe8-cfc0617e9de0"",""bd54fc02-e063-0e3e-0cbb-4ceafef734e7"",""2ea07147-a720-ed0c-d4ce-d7bddd1640d3"",""5751afc7-20ca-496c-914c-faf8f0e421ff"",""3b83dc80-5987-6898-e98d-a98012f700c1"",""0fed9647-cc82-24d7-526d-98762e8a52cd"",""7a035912-a5b8-ab6b-b203-1382b5894dc3"",""9e8d6f72-0b59-85cf-a222-b18d38acdc0f"",""f8fcddaf-b203-4b7f-ae2e-8b540f8e2677"",""038e9a9a-4878-7561-521b-5d432a0798a0"",""fd5740ec-7f11-0ecf-f676-46f9dc056d2c"",""2211d1e6-153e-f617-b0d7-fd0b4ff513f2"",""8d387b31-2065-7393-01c5-f86e3ea47dc9"",""dc5c7744-a0f1-45c9-970f-b7b4756d2b50"",""44f9129f-579a-3d23-218f-3c3518036fc6"",""834383dd-9a7e-d59e-81a2-dd13e0377af2"",""2022dfab-580f-675f-6aad-00aad9c3be9b"",""96e98353-ccd1-9722-76a7-37f179a6a15c"",""02394c8d-7afe-6ba2-3791-fce63b1e4d85"",""988d25d1-db91-ee15-72e1-386c1972b8b0"",""192adf4a-f762-bb8f-e5dc-3d228e102a8c"",""14ae1031-806d-1f4e-42dd-b089a21dfecb"",""40c3d189-9611-e59f-5808-7847e294642e"",""5d71ae5d-5c6e-0430-6fc5-d9ca0c1c34c0"",""0fbe84c5-5a91-dbb9-9c68-e170de43f729"",""61798de9-d8a5-1428-14d8-3879ce1304f7"",""2dbeed13-96f1-de20-c4b1-1ae2092727d8"",""6d5e6d8a-dbc8-b328-72ef-cb5e2a62a3a0"",""f0270957-9d86-3916-b15e-341309252daf"",""9fbf9a84-bedb-4747-bc62-7c029e94e508"",""7a38c919-77fe-6627-e180-355633a0e8ec"",""0b24bf02-1f33-c237-6ebb-4c2ba4f64082"",""4d073b8d-0933-467f-ade4-84f792ff513b"",""e4b5402c-c608-db84-ad15-4bc8e2cdccce"",""a46069f2-6e41-a40a-79b0-3a6b5aa5287e"",""552cc538-0a63-28ee-a014-25c0d17a271d"",""eaeb0adc-cd70-4d41-81ca-1688e981316a"",""1cef60a9-1c54-f398-f13b-3d59766aba5e"",""59b99400-903c-449f-3112-ae6b1323e4ac"",""194adbca-34d6-cb94-b153-3488ee563308"",""0060eb0d-00ee-75f5-9964-5c1ba8fb1b60"",""d3253c66-e1e1-331b-02e6-71580c33791b""]","[""2e04e1a7-a158-3240-8fed-901e39c3deeb"",""3122b927-254e-37a7-8168-406a90780925"",""415a90d0-bb89-3d62-8a43-9e018d952caf"",""5ec254ce-6def-32b0-8e61-8bf8e861edd7"",""62952aa2-08df-375d-93e7-ef3b9718b709"",""a0dc39a2-10cf-3fbc-b76c-c3af6568560c"",""addd1130-aa8b-3cb9-bee7-be3efea16155"",""bc07d077-0cad-3601-bf30-c9556d0f35a3"",""cfcec537-ed3c-3b10-ac80-d3c55263298f"",""d44aac6f-4497-3ce5-a405-ac9109dc782e"",""1b2fa5cf-8ff7-332b-805d-9d1b7d84ebb3"",""7bb73006-d494-3146-acfb-1b0bf768ed5b"",""3a2abacb-750a-3834-9638-3b6c7b5d5fb4"",""54ef1d0c-5d11-3930-a739-f624377a764d"",""6de80d0b-83cd-3e89-b891-82a2ee43369e"",""9429f152-bd68-3d2d-92f9-28796ae690a7"",""05dec3c6-7d77-3263-96a9-61db06c8b221"",""1cfff827-5833-34c9-a739-cf87b656ec66"",""48a30adb-854f-33f8-8301-2ad09b2f3e89"",""91b2381b-1324-3802-8444-3feaa0dcaed7""]",[]
cffb74b8-3fde-499c-9672-5d06ddae65b4,Heston,Chipman,heston.chipman@siriusxm.com,+15550010108,premier,,"[""ba34f8b7-f9d7-658e-2716-07e13004945b"",""a4b7a4f7-af96-3ae6-53df-f78ff9ac9aab"",""2123d9ad-bc5b-1151-9649-b2cb9dce2a8f"",""21b63878-b369-1503-d1c8-6025cc8571de"",""c46c9810-6274-a715-a8b9-de9d4ac33873"",""fed8de31-8d51-8949-6c69-2035fb0485b0"",""ad0ab172-202f-c05b-c7b9-597be600541f"",""75301b34-2f01-2c17-0b52-028bec0d271c"",""98672b8b-d1ec-9286-7a7f-b829a617500b"",""c2e3e686-93a6-5d22-c818-6d8ea63bcc7c"",""20801778-3df2-d607-eab5-e03de0ca7815"",""aa46ae69-ab44-f416-58ee-9fdf07462c0e"",""176daca5-6810-3a1c-49e9-39b69055e811"",""6adef1b5-d812-9c10-7c6c-f05af4e27077"",""32566352-8e68-80f8-fe11-3f9715b63876"",""451bf902-005b-da8b-08bf-e24d34df486e"",""c2a517d4-c02f-06eb-77cf-f81bfa719188"",""2ea07147-a720-ed0c-d4ce-d7bddd1640d3"",""0aee72ed-5dd8-2848-3567-d8809e123cd1"",""25de1705-19ad-6f6e-d45f-3f8775a37800"",""3b83dc80-5987-6898-e98d-a98012f700c1"",""c4406844-de06-901b-6b4f-02420e2bd2d6"",""0fed9647-cc82-24d7-526d-98762e8a52cd"",""9e8d6f72-0b59-85cf-a222-b18d38acdc0f"",""a00f07e5-27a8-cec9-bf11-d9377509c6a7"",""ab3ef743-4a2d-f67b-ea13-283843b3cfb5"",""fd5740ec-7f11-0ecf-f676-46f9dc056d2c"",""6567f2ee-4d7a-cd6d-3402-55ed6089cd0c"",""8d387b31-2065-7393-01c5-f86e3ea47dc9"",""5b537ac7-2357-55f9-a81c-1229382feffb"",""44f9129f-579a-3d23-218f-3c3518036fc6"",""d4d17484-cb4d-06bf-60e0-2944cb827371"",""834383dd-9a7e-d59e-81a2-dd13e0377af2"",""2022dfab-580f-675f-6aad-00aad9c3be9b"",""6be4367a-f423-68eb-1a5e-76ef11a8970e"",""aca7fffa-8438-5137-40dc-39aadc9a5331"",""5fbd983b-7cf9-71d7-7890-c13682e2375a"",""64ec5832-5bf6-db31-5b6c-41cac39ded7c"",""e3b61a24-206d-4fa1-43ae-14ea190e47a6"",""0736f9f8-2b36-d38f-e3a6-d4de7d7877a8"",""23999ddf-2cc2-35e2-7d04-6cc2749043d0"",""e4b5402c-c608-db84-ad15-4bc8e2cdccce"",""f95497ef-39c0-66fd-5749-f6c7b6f768b9"",""51f88432-8311-37e0-b57d-9b0ab63f5ce9"",""adc27a20-6fc4-7269-5ca6-4a492f7dfa55"",""e253bdca-601f-2b68-52fc-3f6a9fa33bb9"",""5f8894e9-d615-21d0-a114-ecd08e7fa75c"",""e4fe4bca-1af8-bf9e-c20b-813f204aa18e"",""194adbca-34d6-cb94-b153-3488ee563308"",""41f8b174-fb06-1707-aaa7-e74e109c2ee9""]",[],"[""0fbd1a7d-1ca6-1e0f-3eca-6d5cc87b9d58"",""668fcd9d-b8ab-3990-35c6-c0a2b16ccccd"",""e407e3c3-0bba-3197-74cc-4bea015df657"",""a241f6cd-c540-ef5c-368a-279aaee2b40a"",""cfdf4169-f0c8-e8ff-93cf-24da9f6354c8"",""511ffd5e-d846-2c34-4ba8-3fcbea63b012"",""cf3bd921-c50f-f370-26e8-a011fcaefafa"",""8b1dc0e6-e12e-79ab-401a-a775b638e116"",""e092eb32-b4ae-039e-f4d7-311563300f31"",""73ba0cc6-4b58-8efb-7ac2-93bff4f28771""]"
f6eb2fa1-4708-4560-b2a8-f8c386f65d8f,Cezary,Chudzian,cezary.chudzian@siriusxm.com,+15550010109,premier,,"[""43993462-1c73-efb8-29e5-0c4652cf8e4f"",""951fcb1d-f631-3120-4bd7-0231e8c8d75e"",""81590c3b-91a5-a803-b560-05732d5a1fbd"",""33b8ac91-7035-3146-6fb1-59b38ed958c3"",""804a5411-b234-1188-27da-f01197103886"",""7fcee2ce-488e-8d0e-e052-3b0154cda5be"",""b5b35d21-cd79-73c7-b577-002a3e69cd41"",""fed8de31-8d51-8949-6c69-2035fb0485b0"",""08fff968-424b-049d-1cb6-75bb154a602b"",""32c4747f-8739-d578-62d8-08a92d518445"",""2ca97be3-4b6f-9465-30da-4f0d3d83d948"",""dd21ed4a-49e7-ae02-3a61-cd730602a389"",""27adcf33-1681-9f00-2461-2129a2471abf"",""08f43be2-6189-5782-89e4-5d504fb848bb"",""934a908b-e7f1-ee95-bef4-92d5ece20635"",""34cb530e-64fd-7845-8cb3-fab67d3770b9"",""0550548a-9237-0b28-8121-c7851357deee"",""067801cb-bb3f-1707-dd21-d77e06bb27c0"",""a313351d-2602-aea7-e635-c7a3fedb719b"",""bc1e1e2f-44cf-bf5e-c354-87d1d6170b93"",""886a27ad-eda6-e653-5ff3-93871250322c"",""fe5e0a4c-9181-d835-115a-0d9937722069"",""5ad6890a-adaf-48bf-adbf-d0bf28def878"",""09d1edf4-3e54-59e1-3fa6-e68233c07b17"",""325f06d1-8734-0378-1ae1-66323143c249"",""f49737db-bea3-0c13-9834-b879fb1894c4"",""93c1c9bd-3403-392c-9ae7-ae292b8bb052"",""bb535aff-46fd-68f7-d757-4fccabd0bfe8"",""d81ce79d-3804-4072-9668-82173174c412"",""f850d2f6-ed0b-f687-5e8b-9791c09d2279"",""934d4dd1-00dd-7d93-7fb3-ef428d72d722"",""79ed3614-fad0-53a8-ba35-4efbeb6c1d33"",""35a57cf4-cffe-877a-ad92-59827a39b095"",""3c7b2421-7ce4-0ecb-bc70-7f60f15d3d29"",""e87948a7-44a6-40c6-809e-a647b520866d"",""a9914a41-78d6-4402-8150-b8f14a44945b"",""fd5740ec-7f11-0ecf-f676-46f9dc056d2c"",""aa47060e-355d-4c3a-aed3-39861943d3ba"",""1357119f-6c9e-89cc-63b4-91cdb6ee8b7b"",""b7a02d56-0e38-dc1a-6edb-c19315dcd28a"",""ad5c1569-e430-443e-86dd-785500ad7f81"",""7a642de7-c33f-a628-efb2-3d94a829d17b"",""5d35ec08-9d00-4b9c-b1aa-2d2b70fd278b"",""dcdc874b-19b3-461a-aae0-12eab39460fc"",""18d4656c-23a0-5556-014a-a685b2c6bec8"",""95bffee3-e903-ca28-6332-1b94f41a8962"",""35b0a4e3-b63d-b68e-4c34-6462579a8721"",""7aa60d6b-437f-b458-466c-ab12f57fae01"",""6c641502-26e9-66c8-6ff3-dd49f43ec0bf"",""671375dc-0121-43ca-8135-fd1af93e5850"",""e2d7197c-cce3-ae6b-da6c-1e199259c0aa"",""b382381b-d34a-a00d-91a7-b2a2a2e31d97"",""f3395d46-5326-4c21-9214-f16285e4821b"",""56605cc5-88b8-557b-fc3c-dae7eb41bf56"",""727fa612-6e53-458e-720d-b662dc974e5d"",""28537c88-a3db-22c9-d039-53c238a84923"",""36dd742e-0454-3fc0-98ab-7f54dcf7e0ac"",""6f8282f9-ab81-41b8-bfd5-3ae56be0e023"",""123f7d39-c99f-2f01-7900-0d4b8b010cb7"",""65f04311-3581-256c-97b9-279838d6ff5e"",""22b6d419-0bc3-31f7-c9dd-53ca6c673d8c"",""cdc9bee8-9317-37fa-ec8e-464096670c60"",""fc92713b-2006-4980-ef7c-e70f1da80427"",""cf0579bf-8131-4af8-88e8-540db1d73a89"",""303ee2af-e136-2084-1a0d-9b0d7d598db3"",""f7e9cc61-a52f-7faa-2839-c0b9e5fd97fa"",""5f8894e9-d615-21d0-a114-ecd08e7fa75c"",""3fe4371d-713a-b863-df31-f90d89e97b99"",""72874f52-9f17-2e8f-d4cc-3bfdccb4227c"",""94333a54-027c-dd2e-7f56-6be63dccc7fa"",""c57492ce-6461-03ee-dd32-2c703e708726"",""38e112ec-cc49-1802-1062-f9a64518d19b""]","[""28e00f6e-1096-338d-b562-5be8a8156209"",""53e713a7-a107-395e-afa2-c19e4634f0e7"",""792f276c-fc29-30a5-b6a3-5941d0c27e34"",""7a538460-a6bc-3af7-b23d-1582821bab63"",""95bc5055-842e-3724-b32f-ce3f1afe23c0"",""cefa826b-2c44-3af8-8ef7-9b8cfe7c3b9f"",""15b8f8f1-bdf6-3ab2-a636-5bf62906c619"",""2cda4b81-f74b-3df8-83ac-33c1b58fb5cf"",""397a1dce-ffaa-332a-9c19-050f4266ffed"",""47d3bead-9a35-3ef4-9d39-8349521af76f"",""9f1a622a-2706-3511-b003-362fcbc8755b"",""c68702ae-25f0-3534-9b68-7eca8c3166ab"",""9bae483e-0fb0-307e-946d-69941a0b87f4"",""bf0d3dce-26f4-3bf4-8dc9-4736b17719ba"",""22629023-438c-3107-bdff-1ef6888b0560"",""62ce651b-e82e-3885-8d78-f5cd6e7296bc"",""68ee164a-709b-3f50-9777-098a475b2e95"",""6e6ea9b6-a37a-326b-bb6c-b496275422b8"",""c7a9b2a5-fe5e-3413-b0a7-b9de5806db14"",""f89a97d2-8662-3a35-bd4c-75095990eb78""]","[""f2ed6494-a199-925e-30e5-061a7f070683""]"
45bfb32e-a283-49bc-a366-06ece37707a7,Paweł,Chudzian,pawel.chudzian@siriusxm.com,+15550010110,premier,,"[""676e25c2-96a4-6153-af43-731dcc6c358d"",""a4b7a4f7-af96-3ae6-53df-f78ff9ac9aab"",""804a5411-b234-1188-27da-f01197103886"",""fed8de31-8d51-8949-6c69-2035fb0485b0"",""3bf1a125-c0a3-e164-4910-638175ad698d"",""e1d0807c-de1b-4004-435d-cb429ddf1ff4"",""f1299966-6b80-4fdb-bdd8-4e756b97ea9b"",""e3041d19-daa5-6517-8c73-41976582d1f9"",""c636d008-7cb0-99eb-7fb7-7c489f862a26"",""20801778-3df2-d607-eab5-e03de0ca7815"",""dd21ed4a-49e7-ae02-3a61-cd730602a389"",""067801cb-bb3f-1707-dd21-d77e06bb27c0"",""a313351d-2602-aea7-e635-c7a3fedb719b"",""f306b8d3-d0e5-e3d1-e03e-f64adf98a7ac"",""0b5b5f60-dfcf-eba9-1dc6-ec3c909f4541"",""ce43d052-aa62-2a96-cb93-63fc289f8ef9"",""5ad6890a-adaf-48bf-adbf-d0bf28def878"",""c7d82910-1b56-0127-fa6e-c2f99a53ca87"",""f49737db-bea3-0c13-9834-b879fb1894c4"",""dc440aa6-e5bd-0a56-fba3-e14b9f9d0062"",""3fdc6446-2598-7c2b-d68f-1dcc1afa3433"",""cbacd6f4-17c3-460b-8a97-7d4daeb67547"",""cc9565d2-9c76-64de-9290-c924ed70e3b4"",""36e165d2-77d0-198b-f00a-a8606b04f4fb"",""ed6ae55f-4450-9b64-bca9-b1411b1f07d8"",""3b83dc80-5987-6898-e98d-a98012f700c1"",""0fed9647-cc82-24d7-526d-98762e8a52cd"",""2954f8e3-23c3-d9d4-5265-ebb4b1f7182b"",""c318c8c1-8302-12a5-f9e9-75518e18ae78"",""bbff1779-9f88-460c-81c6-a6e6f103b059"",""b8b47809-4e8e-f556-8325-bd45fa3d4dc4"",""b29fedbd-5546-2d41-ccd5-2e8df46851d6"",""2211d1e6-153e-f617-b0d7-fd0b4ff513f2"",""c2d266b5-239b-456e-cec2-ac8b9182662a"",""44f9129f-579a-3d23-218f-3c3518036fc6"",""60b0ea2e-dec7-1d4a-da2a-6de09f273fe7"",""2022dfab-580f-675f-6aad-00aad9c3be9b"",""96e98353-ccd1-9722-76a7-37f179a6a15c"",""988d25d1-db91-ee15-72e1-386c1972b8b0"",""7a642de7-c33f-a628-efb2-3d94a829d17b"",""5d35ec08-9d00-4b9c-b1aa-2d2b70fd278b"",""35b0a4e3-b63d-b68e-4c34-6462579a8721"",""6c641502-26e9-66c8-6ff3-dd49f43ec0bf"",""671375dc-0121-43ca-8135-fd1af93e5850"",""d43c7d88-8357-8c6a-57c7-b9d29180ef34"",""8bf28935-c635-4c04-ae01-11aa6504308f"",""59b6ed0e-4c39-ec45-f8be-ce1599661ce3"",""d003dd67-291f-226f-2986-e3dde046cc0d"",""e54bb91b-3a2c-d5eb-8c44-e09720d33b08"",""dafefbc5-6832-4333-a1fc-ed78d49ad745"",""8dd26c7c-460c-5e2a-d371-eab296a4ba5f"",""123f7d39-c99f-2f01-7900-0d4b8b010cb7"",""e4b5402c-c608-db84-ad15-4bc8e2cdccce"",""97419dd7-4db5-46b6-b4c5-688970b0673b"",""65f04311-3581-256c-97b9-279838d6ff5e"",""e972d1f9-4155-c105-9bae-2f95c0f4a6c0"",""f95497ef-39c0-66fd-5749-f6c7b6f768b9"",""aedbc5ac-7759-6c9a-63d0-ab5d3074fccc"",""95ccef63-a111-09c6-5791-7f2d0337c635"",""cdc9bee8-9317-37fa-ec8e-464096670c60"",""e45dc55c-801e-7ca4-b284-dffe6466540c"",""634ea01e-4ae2-c7e8-7567-138965e8a6fe"",""810b4817-9ea4-2622-246d-fcca25e59802"",""f7e9cc61-a52f-7faa-2839-c0b9e5fd97fa"",""c9e30e80-6cc0-b66f-9e02-96e9e47ff90a"",""72874f52-9f17-2e8f-d4cc-3bfdccb4227c""]","[""594118ce-97bc-3559-a521-2a0782755f92"",""6158c759-f2dc-3ed2-bed8-f24c643a9769"",""792f276c-fc29-30a5-b6a3-5941d0c27e34"",""95bc5055-842e-3724-b32f-ce3f1afe23c0"",""cefa826b-2c44-3af8-8ef7-9b8cfe7c3b9f"",""4643a067-5364-30b8-8189-9a5440cb7eaa"",""4d1aa62f-1be9-3044-bf5a-6739f8101c22"",""84502522-a206-34a4-aa28-244521e3cc71"",""96a722b3-a0e1-30a6-af34-9541f48ac3c0"",""00cbd2b5-4364-3042-9854-92b5d23e1f31"",""4e0729d8-8e02-35d5-b8e5-bde55fe82e50"",""61dfa1a2-503e-3c71-93f7-4e147ca95f0b"",""bf0d3dce-26f4-3bf4-8dc9-4736b17719ba"",""0e7f56ba-bba8-380b-b503-10024d9e1cd5"",""33967aed-263b-3ce2-b6a5-cd2240e8d9df"",""6e6ea9b6-a37a-326b-bb6c-b496275422b8"",""944afbb6-0f30-3e02-ae30-2fdddec87cc3"",""bfcfec44-c214-3c3c-8a81-fc81ee44f3c9"",""e7065a2e-94f1-3171-9624-3073e5c17d8d"",""f89a97d2-8662-3a35-bd4c-75095990eb78""]","[""f2ed6494-a199-925e-30e5-061a7f070683"",""e407e3c3-0bba-3197-74cc-4bea015df657""]"
ff5e2241-2a00-450b-aa08-270eb4ae215c,Victoria,Cope,victoria.cope@siriusxm.com,+15550010111,premier,,"[""e2499386-221d-897e-9bd2-66a7e769e915"",""54f4144b-13f6-4e4c-3d4b-3d9f6f766e27"",""9150cc82-af5c-3be3-d170-0e81d87375a8"",""804a5411-b234-1188-27da-f01197103886"",""fed8de31-8d51-8949-6c69-2035fb0485b0"",""bafef741-2efb-31c2-a9cd-44faedf521ef"",""c75851ad-7742-4b45-b114-f035cdb25131"",""ad0ab172-202f-c05b-c7b9-597be600541f"",""15e85158-0efd-4490-82f9-369288e50fa6"",""df616fc2-5d89-2a2d-c5f8-f719463ea5bb"",""e3041d19-daa5-6517-8c73-41976582d1f9"",""6e6d8654-d8c2-ca8a-48da-8130c1f9c340"",""32c4747f-8739-d578-62d8-08a92d518445"",""d471e554-e116-47be-8333-dc68ca3e9b09"",""69e5185d-d218-8fbc-082f-6ea5a16ca4db"",""067801cb-bb3f-1707-dd21-d77e06bb27c0"",""abebdb8b-615d-5e87-1ef6-ae4c9fc49ed8"",""2397a671-870c-36a7-8ac3-da73965f3f12"",""176daca5-6810-3a1c-49e9-39b69055e811"",""a96c9390-313c-3a51-5dac-953504f4f237"",""f8bc644d-6368-4837-a230-7503b9bb0537"",""32566352-8e68-80f8-fe11-3f9715b63876"",""0b5b5f60-dfcf-eba9-1dc6-ec3c909f4541"",""1898923d-071d-0abd-1a62-ed0d2702d4f1"",""3fdc6446-2598-7c2b-d68f-1dcc1afa3433"",""00329f91-63e2-35ab-bba1-a7640ba57230"",""cbacd6f4-17c3-460b-8a97-7d4daeb67547"",""5ad8659a-414a-9e26-b973-f5a229d788dd"",""1a2dca80-6b02-eed5-de25-083232bbc52b"",""0aee72ed-5dd8-2848-3567-d8809e123cd1"",""25de1705-19ad-6f6e-d45f-3f8775a37800"",""3b83dc80-5987-6898-e98d-a98012f700c1"",""0fed9647-cc82-24d7-526d-98762e8a52cd"",""1253b754-3eaa-9b16-d2d9-59a56de43713"",""fd5740ec-7f11-0ecf-f676-46f9dc056d2c"",""6567f2ee-4d7a-cd6d-3402-55ed6089cd0c"",""44f9129f-579a-3d23-218f-3c3518036fc6"",""1a8c7e32-a74d-20a9-9842-63fecb57f97c"",""a00885e6-262a-0291-458b-e0b07fba71e1"",""7799919c-06ce-da0e-eb43-0fb5839078ce"",""192adf4a-f762-bb8f-e5dc-3d228e102a8c"",""7a642de7-c33f-a628-efb2-3d94a829d17b"",""f936a498-89c7-bc15-f158-19a015db0683"",""3fd664a8-229c-ce9b-c468-66e2a54abf0b"",""5fbd983b-7cf9-71d7-7890-c13682e2375a"",""864fe7f4-e9a7-ac2a-9622-10b8c32e58e3"",""d43c7d88-8357-8c6a-57c7-b9d29180ef34"",""9c1c236b-6575-da83-e4a3-422a550f5f80"",""9e545d10-7c21-9707-1d34-3d503b7365bc"",""7c1d8a04-1a7f-46d3-9b8a-c61336ddfe1c"",""0736f9f8-2b36-d38f-e3a6-d4de7d7877a8"",""f96f337a-6a46-3bc1-2a1d-0e1b0bc2f5be"",""4d073b8d-0933-467f-ade4-84f792ff513b"",""65f04311-3581-256c-97b9-279838d6ff5e"",""aedbc5ac-7759-6c9a-63d0-ab5d3074fccc"",""5b9338ee-17f6-6fb4-8ae3-b4ad44cd4c40"",""7b32233d-bf01-9654-d97f-9e261aad3d8f"",""2d926e91-aa32-4e53-85e5-d444870eff11"",""62213552-2c1f-bec9-3753-a09bbc7e3068"",""8fea6f59-e327-4c28-a0ef-8cb764d4742a"",""7dcedf0f-8d43-f932-cdae-81601ee49e30"",""32c45f24-14ee-6f33-e79d-d859ff1627a4"",""41f8b174-fb06-1707-aaa7-e74e109c2ee9""]","[""39c3de90-22e6-344d-a251-066d453803d3"",""56ad37bb-7193-3f77-b68b-a69045405e1c"",""b09ed6bf-bbc6-3096-97c7-129c13b63b19"",""c6b19692-1387-35ba-8bbe-3dd32919d0ad"",""c8d91f7a-0b01-352f-8b21-21deece6872b"",""e19e537d-a526-3562-8b8f-f172bd1c181c"",""e43dd6fd-f77e-366f-be97-7f6262f8e212"",""eb9c1b78-55f2-3185-8dd3-a19d6fd6165c"",""2fcb9da5-77d7-393b-8102-5aac430da064"",""373df88a-58c5-3e0b-be33-a1b4b30a3227"",""8479ddbd-c619-329e-b808-2b6ec47c8620"",""cc1c5067-873b-382a-b941-b687c8707ed3"",""d4484685-34c1-3b52-bf7d-e71592029103"",""0e7f56ba-bba8-380b-b503-10024d9e1cd5"",""72e35cd9-7e1d-3bb3-b107-35cb7df0c89e"",""8b96028c-a98b-3f4d-bb58-630afc91dbe2"",""9e6ea1b6-58f8-3ece-abc6-9dc91ade44e3"",""b9ad7234-18bb-3f61-ba70-81d7528c0486"",""d893fefb-6bc7-3d66-b526-cce4b6b760f0"",""f89a97d2-8662-3a35-bd4c-75095990eb78""]","[""1ba227eb-9d96-5175-a2f7-26efbfdeb99a"",""7e38ac2d-7dc0-ee55-3109-d9d27fdc6787""]"
4bf3017c-22c0-46e0-ad78-ba7765f551ae,__On,Demand Episodes,on.demandepisodes@siriusxm.com,+15550010112,premier,,"[""908da76b-b727-f16d-af5f-37b2c7eab0a8"",""21b63878-b369-1503-d1c8-6025cc8571de"",""8d9c0b16-4734-3bc4-d523-7c942cf888aa"",""6ce53b6e-fef9-ab81-e5e3-1e100e8a5e84"",""872f3487-26d2-af2e-787f-6bf016663ab9"",""9529f1ce-edee-aa5a-1079-a523fc607535"",""c2144e7c-f3b3-29b4-0ace-c7abdc77f2c9"",""d72647c1-8626-da89-5107-3e8629721cef"",""75301b34-2f01-2c17-0b52-028bec0d271c"",""32c4747f-8739-d578-62d8-08a92d518445"",""20801778-3df2-d607-eab5-e03de0ca7815"",""08f43be2-6189-5782-89e4-5d504fb848bb"",""69e5185d-d218-8fbc-082f-6ea5a16ca4db"",""067801cb-bb3f-1707-dd21-d77e06bb27c0"",""6adef1b5-d812-9c10-7c6c-f05af4e27077"",""a313351d-2602-aea7-e635-c7a3fedb719b"",""80867fa3-093f-b076-bedc-af8d71cb54ab"",""32566352-8e68-80f8-fe11-3f9715b63876"",""d8db4574-6cc5-62a2-55b5-ae6842d80b61"",""5ad6890a-adaf-48bf-adbf-d0bf28def878"",""1898923d-071d-0abd-1a62-ed0d2702d4f1"",""771bf1f6-3885-aa77-e98a-51f5dcccbeba"",""5ad8659a-414a-9e26-b973-f5a229d788dd"",""fdf0828c-710e-2e45-0123-bbab29ed2edc"",""2ea07147-a720-ed0c-d4ce-d7bddd1640d3"",""8a3d176b-87e9-4600-9f29-53350daca710"",""0aee72ed-5dd8-2848-3567-d8809e123cd1"",""782bdb9f-d94f-b0f4-aa5e-644f13b89275"",""25de1705-19ad-6f6e-d45f-3f8775a37800"",""0fed9647-cc82-24d7-526d-98762e8a52cd"",""34d9b863-11da-207f-5e96-9c463b7c7a23"",""95d4d8ef-55e4-8337-78f1-2fda944991d8"",""1aca2882-fc94-6430-fc3c-8b5b61c957bf"",""d20ad2ef-54e7-4b1a-60b6-ff5351421cd0"",""63defb7b-01bf-849a-090c-02329ac6561a"",""2022dfab-580f-675f-6aad-00aad9c3be9b"",""813d656c-9af5-7f51-bb48-d724327d9289"",""7a642de7-c33f-a628-efb2-3d94a829d17b"",""d8785a4b-1e56-6d69-fa0a-5b4ab0abdce7"",""b6dd91d2-5509-97ef-c22a-50365d0026d6"",""35b0a4e3-b63d-b68e-4c34-6462579a8721"",""40c3d189-9611-e59f-5808-7847e294642e"",""7aa60d6b-437f-b458-466c-ab12f57fae01"",""2f2237ba-4880-43e0-b173-3350b754391d"",""3a03329c-f9d5-8842-0d01-d5c305364b2c"",""56605cc5-88b8-557b-fc3c-dae7eb41bf56"",""727fa612-6e53-458e-720d-b662dc974e5d"",""0736f9f8-2b36-d38f-e3a6-d4de7d7877a8"",""ce1fe306-b83e-ea73-c32d-3f9389cdf6f9"",""8b66f94a-7304-fd83-d442-2153b881c21f"",""66e0c959-ced8-2958-5d2c-c19ca4f770a4"",""123f7d39-c99f-2f01-7900-0d4b8b010cb7"",""5a42ecd0-a652-15a8-113d-ddb71bf04316"",""51f88432-8311-37e0-b57d-9b0ab63f5ce9"",""cf0579bf-8131-4af8-88e8-540db1d73a89"",""634ea01e-4ae2-c7e8-7567-138965e8a6fe"",""72874f52-9f17-2e8f-d4cc-3bfdccb4227c"",""94333a54-027c-dd2e-7f56-6be63dccc7fa"",""194adbca-34d6-cb94-b153-3488ee563308"",""7dcedf0f-8d43-f932-cdae-81601ee49e30"",""41f8b174-fb06-1707-aaa7-e74e109c2ee9""]","[""32d3c802-5de2-33f8-a526-65d1e8242ef9"",""47b27b4f-259f-35b8-8f92-221c14479f9a"",""5d9f1631-ef62-3e1a-b5e7-7eeaafd5e178"",""62952aa2-08df-375d-93e7-ef3b9718b709"",""6eb39077-3911-3c63-a7cf-1c004ea68a64"",""833c6775-4dd9-3259-9565-ac0ef01e7b08"",""c2073950-f086-3ab8-8236-2c16cd0f39e9"",""cc1b6629-0420-3ede-84d4-d11457539819"",""fac36fd6-faed-3296-add0-2a2d853b5917"",""2a549461-6456-311b-a61a-5071916aa814"",""42983b55-f122-3e34-9a42-e7e1f616feb4"",""6c676df2-4a09-3a3a-a5a5-3aa8db6a09b9"",""1f2b3948-a56e-3145-be32-bce2ccd8da29"",""88f70920-cdaf-3878-abc7-f9be14ed7ef7"",""9232af8a-8c32-3c1a-ba0d-f1cebacbc319"",""ca04bd97-9271-3509-85f1-ab79095ceb8c"",""e58d963c-b339-3076-8e81-d35cd01bd29c"",""3ed43f02-f242-3a14-9d78-2489ed211a5c"",""4ebc19fa-f6e9-3931-bd2c-b61ee90d69da"",""b6d9f28a-e502-362e-ab7f-365f2e6fbd37""]",[]
d6bd147e-3f9a-479d-98c6-ff3ed8ee9a26,Jason,Dixon,jason.dixon@siriusxm.com,+15550010113,premier,,"[""a4b7a4f7-af96-3ae6-53df-f78ff9ac9aab"",""21b63878-b369-1503-d1c8-6025cc8571de"",""9150cc82-af5c-3be3-d170-0e81d87375a8"",""804a5411-b234-1188-27da-f01197103886"",""fed8de31-8d51-8949-6c69-2035fb0485b0"",""1d5dc35a-4f90-2bc5-438d-cdb869d58896"",""a1aed141-90d4-4f65-4c58-eb0d99d8bcce"",""c636d008-7cb0-99eb-7fb7-7c489f862a26"",""98672b8b-d1ec-9286-7a7f-b829a617500b"",""345e3a31-b00a-fbec-2d6f-bb100b0911f7"",""32c4747f-8739-d578-62d8-08a92d518445"",""d9dcf813-1a1a-2f92-a53f-e372ffc235ea"",""7dd172b7-268d-475a-a407-641544dfffc5"",""c6d5c10d-ef8b-0478-48e0-901ef2cc382b"",""dc305b75-0163-d4d2-0128-45aaea45e7e5"",""c933faa8-3cd2-ff5c-3e22-bb9396dd0f5f"",""a96c9390-313c-3a51-5dac-953504f4f237"",""ce43d052-aa62-2a96-cb93-63fc289f8ef9"",""c7d82910-1b56-0127-fa6e-c2f99a53ca87"",""b96d76d6-935a-3b90-c22d-e0bc7ba11543"",""0ad7c62c-fa4f-405e-9d4e-253663cdee04"",""5ad8659a-414a-9e26-b973-f5a229d788dd"",""dc5d3e2e-4729-7a6b-25f9-fe15dcc352d3"",""9e8d6f72-0b59-85cf-a222-b18d38acdc0f"",""038e9a9a-4878-7561-521b-5d432a0798a0"",""916d7bd2-33ad-2fac-5787-cc1865a499be"",""b8b47809-4e8e-f556-8325-bd45fa3d4dc4"",""884c803d-cbd9-098b-527d-a34979274ded"",""fd5740ec-7f11-0ecf-f676-46f9dc056d2c"",""6567f2ee-4d7a-cd6d-3402-55ed6089cd0c"",""013adf53-baec-28b2-2762-5923e46b5dfe"",""f3126d70-09ea-bd0c-57cd-af5ab798f313"",""44f9129f-579a-3d23-218f-3c3518036fc6"",""c875a2e9-2768-ed46-5487-4e3e667ae553"",""a7e7adb4-bde3-92e3-f9c3-17a32ed95bf0"",""098425c8-142d-9ee9-3d45-bc5f7b284bd4"",""b8d08b56-6bca-a461-189e-ea00b223fbf4"",""7a642de7-c33f-a628-efb2-3d94a829d17b"",""c3890f3c-1222-5036-bea9-6d52753bf018"",""454db282-082e-b9a0-d099-89afbf335688"",""40c3d189-9611-e59f-5808-7847e294642e"",""5d71ae5d-5c6e-0430-6fc5-d9ca0c1c34c0"",""4466e297-33f5-b69f-e5e7-71be602ebb2f"",""23999ddf-2cc2-35e2-7d04-6cc2749043d0"",""becbea68-c499-4790-b46b-841fe10bbc98"",""a62ffa9f-e016-5693-adcb-c76c328e1bee"",""60a5975f-42b6-0311-f007-116e41a69b71"",""59f24e42-8405-4ba8-704d-03384243d5cb"",""bbb3f6e5-1146-4073-a698-d22e21dbcbf2"",""65f04311-3581-256c-97b9-279838d6ff5e"",""3cf87099-c062-fe6b-3645-ee8c1319f0cf"",""d0759ae0-eeef-48e4-c4b9-526217aac33d"",""51f88432-8311-37e0-b57d-9b0ab63f5ce9"",""e253bdca-601f-2b68-52fc-3f6a9fa33bb9"",""194adbca-34d6-cb94-b153-3488ee563308"",""41f8b174-fb06-1707-aaa7-e74e109c2ee9""]","[""2db53ca6-b50c-31e1-ac67-1c07f5d9da5b"",""356fc532-be6b-3bd7-987a-bb27a1aacf73"",""35c74d7d-13ab-3818-b08a-cfa869e73a6e"",""5ae249ab-3c04-359b-ac05-cb72628503f5"",""ab62ccbf-4c7e-3202-bbc9-e7753e76af89"",""ac27d691-c194-3bb0-8792-a96d609d7071"",""b1edb2bb-063d-3b80-be05-e594f0bf17df"",""b20805cb-d697-3624-8bc3-604ca04e08ff"",""3531c155-c42f-3d41-890e-c4310502c742"",""4561d6d4-3515-367c-ae77-1c15ad0a4b69"",""75119286-f8df-3465-a845-310071f5a25b"",""889a9a70-af9d-3b12-ba24-363e07e0ba49"",""b802fa4a-2117-32c3-ad4c-216d1feaa869"",""c2902a56-faa0-3d5a-a4c6-b8428c2adbeb"",""26c35c32-f7ad-375b-9fee-2c5d632208b7"",""3d38b19f-d1d4-3f00-9651-a6583f1d34cb"",""555bd376-6cee-3537-bed7-398b5da998c3"",""6c12f31b-60d9-3146-9b54-3ba6f407f2a0"",""b8149ed8-33a0-33b8-bf77-41a99c186e87"",""e09921f5-3615-3cae-8116-a5c0aa7acff2""]","[""16949228-e1df-2956-db88-40cd607151b9"",""50046b11-621b-aabf-2162-c496ae322838"",""649dff91-479a-24fc-4c44-216facb44a69""]"
072a6b4f-2f7b-4cbe-83c1-e9d7bbfb703a,Michal,Draminski,michal.draminski@siriusxm.com,+15550010114,premier,,"[""a4b7a4f7-af96-3ae6-53df-f78ff9ac9aab"",""7db0bea0-ae9f-2c37-5534-e02575aba2ed"",""e6333906-2e89-6c07-59d6-36d09248b8dc"",""2123d9ad-bc5b-1151-9649-b2cb9dce2a8f"",""fed8de31-8d51-8949-6c69-2035fb0485b0"",""ab0e4302-503b-e1ff-c786-8307a3d36fe0"",""ad0ab172-202f-c05b-c7b9-597be600541f"",""1d5dc35a-4f90-2bc5-438d-cdb869d58896"",""812def88-01e7-e292-7b62-233c8b7392f2"",""d8babd4e-64e3-ff81-3d24-2407e0974cdc"",""98672b8b-d1ec-9286-7a7f-b829a617500b"",""32c4747f-8739-d578-62d8-08a92d518445"",""345e3a31-b00a-fbec-2d6f-bb100b0911f7"",""20801778-3df2-d607-eab5-e03de0ca7815"",""c9256031-1123-f35f-4d49-1ba4d5379258"",""ffd94bb6-5368-67ae-91be-5b2bababeca0"",""176daca5-6810-3a1c-49e9-39b69055e811"",""6adef1b5-d812-9c10-7c6c-f05af4e27077"",""44a043a9-4ad8-4f24-fbef-866695c96c95"",""ce43d052-aa62-2a96-cb93-63fc289f8ef9"",""54bb62a4-c098-0866-12db-bb2f4e149a3d"",""4ebc3011-0ebe-a9ad-c58b-9a306f60fc2b"",""c7d82910-1b56-0127-fa6e-c2f99a53ca87"",""f49737db-bea3-0c13-9834-b879fb1894c4"",""dc440aa6-e5bd-0a56-fba3-e14b9f9d0062"",""5ad8659a-414a-9e26-b973-f5a229d788dd"",""cc9565d2-9c76-64de-9290-c924ed70e3b4"",""36e165d2-77d0-198b-f00a-a8606b04f4fb"",""3b83dc80-5987-6898-e98d-a98012f700c1"",""0fed9647-cc82-24d7-526d-98762e8a52cd"",""038e9a9a-4878-7561-521b-5d432a0798a0"",""b8b47809-4e8e-f556-8325-bd45fa3d4dc4"",""fd5740ec-7f11-0ecf-f676-46f9dc056d2c"",""5f9d8bb9-88c3-c14b-1bb4-0aca77424f1d"",""44f9129f-579a-3d23-218f-3c3518036fc6"",""60b0ea2e-dec7-1d4a-da2a-6de09f273fe7"",""834383dd-9a7e-d59e-81a2-dd13e0377af2"",""7a642de7-c33f-a628-efb2-3d94a829d17b"",""f936a498-89c7-bc15-f158-19a015db0683"",""35b0a4e3-b63d-b68e-4c34-6462579a8721"",""40c3d189-9611-e59f-5808-7847e294642e"",""727fa612-6e53-458e-720d-b662dc974e5d"",""59b6ed0e-4c39-ec45-f8be-ce1599661ce3"",""6d5e6d8a-dbc8-b328-72ef-cb5e2a62a3a0"",""0736f9f8-2b36-d38f-e3a6-d4de7d7877a8"",""fe1526f0-04e4-45c3-9a1f-f01419ef1eaf"",""34cbb789-7319-977a-acc9-a2ea04fb4b81"",""a1587c28-d857-4541-9568-f0a9931aece9"",""dafefbc5-6832-4333-a1fc-ed78d49ad745"",""53ad05b3-4eb8-b6b1-c60d-c62e073cc366"",""8dd26c7c-460c-5e2a-d371-eab296a4ba5f"",""7e1e6d57-7ba3-423e-7b78-e2734b274cd7"",""d6fd521e-11fd-7ffa-d773-7aaa466cd3d6"",""65f04311-3581-256c-97b9-279838d6ff5e"",""2d926e91-aa32-4e53-85e5-d444870eff11"",""634ea01e-4ae2-c7e8-7567-138965e8a6fe"",""feda2a40-a2c8-fc50-a84c-728e2c722531"",""c9e30e80-6cc0-b66f-9e02-96e9e47ff90a"",""36cdc005-7bdc-a545-a24e-1292af64fa17""]","[""594118ce-97bc-3559-a521-2a0782755f92"",""5d127e4b-e31e-37f3-97a8-d98b1779401b"",""792f276c-fc29-30a5-b6a3-5941d0c27e34"",""7ae2eb59-12dc-3cd1-b43b-d4e079e05ce8"",""8952aa27-f017-39d9-a341-e31059d4d980"",""9c40e80c-cbdb-30fc-b635-997808c45d54"",""a4782dbb-d5c1-3973-9d27-d300a2a5939c"",""fa2623e0-aa46-3f52-84a4-31b53b826821"",""173269f1-a204-348a-a639-fed7acf11eb1"",""1c374c8a-297e-335a-844f-056440162f8d"",""96a722b3-a0e1-30a6-af34-9541f48ac3c0"",""0f7dffde-73c2-362f-a4e8-1afdcfd0f073"",""1f45768f-16ba-36d2-9413-1d0b763237a2"",""513e6d7c-4c21-3111-bc09-93048f5e00ab"",""81e3aeee-4367-32bb-9e6c-2c3664a4f4e5"",""235f9c6d-5b8e-3cff-a07b-02d90d68e66c"",""2b731300-6708-3ae9-9e33-1c3904235b3b"",""33967aed-263b-3ce2-b6a5-cd2240e8d9df"",""35b97295-797f-3453-b616-e50c1d2355b3"",""adff045e-4a9a-36c4-bc24-d71d67aa535a""]","[""1fcfd86d-8d33-c7ba-7284-0463535c1e84"",""cf3bd921-c50f-f370-26e8-a011fcaefafa"",""e407e3c3-0bba-3197-74cc-4bea015df657"",""ff84fb0e-0bc9-eebe-4f58-78aeb678613c""]"
f9af2c8c-0b0c-4169-94a4-7c7e3eeb2d1c,Sylwester,Dygas,sylwester.dygas@siriusxm.com,+15550010115,premier,,"[""e6333906-2e89-6c07-59d6-36d09248b8dc"",""804a5411-b234-1188-27da-f01197103886"",""05cd3a1a-d292-3b8e-e8c9-1566d0726994"",""c46c9810-6274-a715-a8b9-de9d4ac33873"",""fed8de31-8d51-8949-6c69-2035fb0485b0"",""15e85158-0efd-4490-82f9-369288e50fa6"",""df616fc2-5d89-2a2d-c5f8-f719463ea5bb"",""c636d008-7cb0-99eb-7fb7-7c489f862a26"",""d170d957-9a51-a374-5309-f260cf1e0a62"",""32c4747f-8739-d578-62d8-08a92d518445"",""20801778-3df2-d607-eab5-e03de0ca7815"",""a8e1de0e-c751-dadf-3abf-91912a25c1fa"",""2406fc89-2280-4c3b-a20b-af1fbae64dc9"",""12b72482-359b-4cd5-b105-1a837602bc35"",""69e5185d-d218-8fbc-082f-6ea5a16ca4db"",""aa46ae69-ab44-f416-58ee-9fdf07462c0e"",""067801cb-bb3f-1707-dd21-d77e06bb27c0"",""a8465da9-2ce2-9b01-6679-e67c5066697b"",""176daca5-6810-3a1c-49e9-39b69055e811"",""32566352-8e68-80f8-fe11-3f9715b63876"",""0b5b5f60-dfcf-eba9-1dc6-ec3c909f4541"",""1898923d-071d-0abd-1a62-ed0d2702d4f1"",""3fdc6446-2598-7c2b-d68f-1dcc1afa3433"",""cbacd6f4-17c3-460b-8a97-7d4daeb67547"",""7c380201-88bf-c599-8785-1af668785570"",""c2a517d4-c02f-06eb-77cf-f81bfa719188"",""3f655067-3544-a5bf-2385-d7cd2fb292a9"",""0aee72ed-5dd8-2848-3567-d8809e123cd1"",""aeeb039f-4f63-d493-8713-3d5aaca06575"",""25de1705-19ad-6f6e-d45f-3f8775a37800"",""3b83dc80-5987-6898-e98d-a98012f700c1"",""67e73c97-1e8d-6170-b50e-07222df14cec"",""0fed9647-cc82-24d7-526d-98762e8a52cd"",""9e8d6f72-0b59-85cf-a222-b18d38acdc0f"",""24798b75-f928-9e44-bdd4-1ba2bbc0b963"",""916d7bd2-33ad-2fac-5787-cc1865a499be"",""726164bd-f1d6-bd57-6480-9d7b08710625"",""b8b47809-4e8e-f556-8325-bd45fa3d4dc4"",""fe951560-f7e7-2ee3-9de9-cfd89fd54ac5"",""fd5740ec-7f11-0ecf-f676-46f9dc056d2c"",""d4d17484-cb4d-06bf-60e0-2944cb827371"",""60b0ea2e-dec7-1d4a-da2a-6de09f273fe7"",""834383dd-9a7e-d59e-81a2-dd13e0377af2"",""2022dfab-580f-675f-6aad-00aad9c3be9b"",""a00885e6-262a-0291-458b-e0b07fba71e1"",""24e9f2a1-6322-3024-3d37-0f37f40129b3"",""f936a498-89c7-bc15-f158-19a015db0683"",""5fbd983b-7cf9-71d7-7890-c13682e2375a"",""40c3d189-9611-e59f-5808-7847e294642e"",""5d71ae5d-5c6e-0430-6fc5-d9ca0c1c34c0"",""9e545d10-7c21-9707-1d34-3d503b7365bc"",""123f7d39-c99f-2f01-7900-0d4b8b010cb7"",""e4b5402c-c608-db84-ad15-4bc8e2cdccce"",""7245effc-8d5f-4e53-a1a2-33ba10118e59"",""634ea01e-4ae2-c7e8-7567-138965e8a6fe"",""194adbca-34d6-cb94-b153-3488ee563308"",""0060eb0d-00ee-75f5-9964-5c1ba8fb1b60""]",[],[]
cffe2c03-1ddf-4120-a553-6cd67eb9d356,Stephanie,Elkin,stephanie.elkin@siriusxm.com,+15550010116,premier,,"[""339f075f-207f-48f2-b307-e4bfc628ca82"",""e6333906-2e89-6c07-59d6-36d09248b8dc"",""2123d9ad-bc5b-1151-9649-b2cb9dce2a8f"",""21b63878-b369-1503-d1c8-6025cc8571de"",""804a5411-b234-1188-27da-f01197103886"",""5ec57468-4f17-6675-83e0-5df1051c5149"",""c46c9810-6274-a715-a8b9-de9d4ac33873"",""7fcee2ce-488e-8d0e-e052-3b0154cda5be"",""f1299966-6b80-4fdb-bdd8-4e756b97ea9b"",""792c3df0-15f5-4037-b4cf-d57d845b9a97"",""d8babd4e-64e3-ff81-3d24-2407e0974cdc"",""c636d008-7cb0-99eb-7fb7-7c489f862a26"",""32c4747f-8739-d578-62d8-08a92d518445"",""a2d2f69b-cb59-4064-83d9-0c46130fce24"",""a8e1de0e-c751-dadf-3abf-91912a25c1fa"",""12b72482-359b-4cd5-b105-1a837602bc35"",""69e5185d-d218-8fbc-082f-6ea5a16ca4db"",""067801cb-bb3f-1707-dd21-d77e06bb27c0"",""0b5b5f60-dfcf-eba9-1dc6-ec3c909f4541"",""51c76a31-795d-1cac-bc97-bf11b9fb72b4"",""f49737db-bea3-0c13-9834-b879fb1894c4"",""1898923d-071d-0abd-1a62-ed0d2702d4f1"",""5ad8659a-414a-9e26-b973-f5a229d788dd"",""2ea07147-a720-ed0c-d4ce-d7bddd1640d3"",""f5701423-11a8-9ee3-e9f9-11142108ae31"",""3b83dc80-5987-6898-e98d-a98012f700c1"",""0fed9647-cc82-24d7-526d-98762e8a52cd"",""934d4dd1-00dd-7d93-7fb3-ef428d72d722"",""7a035912-a5b8-ab6b-b203-1382b5894dc3"",""2954f8e3-23c3-d9d4-5265-ebb4b1f7182b"",""916d7bd2-33ad-2fac-5787-cc1865a499be"",""95d4d8ef-55e4-8337-78f1-2fda944991d8"",""b8b47809-4e8e-f556-8325-bd45fa3d4dc4"",""fd5740ec-7f11-0ecf-f676-46f9dc056d2c"",""6567f2ee-4d7a-cd6d-3402-55ed6089cd0c"",""f3126d70-09ea-bd0c-57cd-af5ab798f313"",""44f9129f-579a-3d23-218f-3c3518036fc6"",""d4d17484-cb4d-06bf-60e0-2944cb827371"",""847b22e6-1d35-b5b3-92f4-0c5e4e7b9040"",""2022dfab-580f-675f-6aad-00aad9c3be9b"",""96e98353-ccd1-9722-76a7-37f179a6a15c"",""7a642de7-c33f-a628-efb2-3d94a829d17b"",""f936a498-89c7-bc15-f158-19a015db0683"",""525e065d-a9d4-0d0e-6c98-93e68ec92ec8"",""35b0a4e3-b63d-b68e-4c34-6462579a8721"",""40c3d189-9611-e59f-5808-7847e294642e"",""6c641502-26e9-66c8-6ff3-dd49f43ec0bf"",""671375dc-0121-43ca-8135-fd1af93e5850"",""578f0c9f-e73d-81d7-7143-a8728e0816e1"",""8bf28935-c635-4c04-ae01-11aa6504308f"",""61798de9-d8a5-1428-14d8-3879ce1304f7"",""59b6ed0e-4c39-ec45-f8be-ce1599661ce3"",""23999ddf-2cc2-35e2-7d04-6cc2749043d0"",""e4b5402c-c608-db84-ad15-4bc8e2cdccce"",""65f04311-3581-256c-97b9-279838d6ff5e"",""f763ea00-cbf9-e890-18ba-b9fbd1eda173"",""e253bdca-601f-2b68-52fc-3f6a9fa33bb9"",""194adbca-34d6-cb94-b153-3488ee563308"",""0060eb0d-00ee-75f5-9964-5c1ba8fb1b60""]","[""35c74d7d-13ab-3818-b08a-cfa869e73a6e"",""b9239b5e-181d-3dbd-aff0-210dc8f3f59d"",""c491edae-bdc4-3d0d-9e95-b58b4f89cc8d"",""fe5ef63a-c8bf-38b4-8273-1b53da405969"",""0151dc8f-5e14-3d35-a617-94494d281a3f"",""0dc38ded-21a1-30b0-afdb-d583d1a84828"",""9d29657d-f5f4-38ed-9d38-e26cf6f1a61d"",""a43b7bc9-359b-35b0-b46e-575ee1d58558"",""1f45768f-16ba-36d2-9413-1d0b763237a2"",""354e984a-fba9-3926-a924-d9fc13e426aa"",""394672a8-7ad9-3af9-88e2-947bc4c52e29"",""3a2abacb-750a-3834-9638-3b6c7b5d5fb4"",""5cc43a31-c0f9-3713-b6aa-27d32600c59d"",""5f938102-a8b1-3514-8699-b61aeec7cfd2"",""b79d2bba-5ae8-3677-a383-dc45835426de"",""11e119a9-2ce7-302e-b3ba-dc402f29ec82"",""1cfff827-5833-34c9-a739-cf87b656ec66"",""6ac47210-e9fb-37dd-842e-b14a87869ed2"",""6b22f861-a957-3b8d-9f79-0eb1507a170b"",""e9b8e1ff-5655-30e0-95b5-31ce67c311c6""]","[""d0017b49-eaa2-232d-35e4-939ec3b1d890"",""81d5f7bf-9507-46f4-4e2b-92f34e57b0a1"",""c686b643-67e9-551f-d099-431601d310a7""]"
3cc2fcf5-1d34-4b79-8cc5-8fd8092bec2d,Peter,Gee,peter.gee@siriusxm.com,+15550010117,premier,,"[""a4b7a4f7-af96-3ae6-53df-f78ff9ac9aab"",""e6333906-2e89-6c07-59d6-36d09248b8dc"",""c5c8208d-3c38-39fa-5a69-b73989567744"",""5ec57468-4f17-6675-83e0-5df1051c5149"",""c46c9810-6274-a715-a8b9-de9d4ac33873"",""7e10c4bf-afcc-fe98-6399-c1b8a54ff4c7"",""9529f1ce-edee-aa5a-1079-a523fc607535"",""9ef4ce31-7fa0-4b17-83fb-2ccd547c53ca"",""6f75e51b-bab2-4ed8-a812-c47174c95e52"",""cd855460-c2ed-19f8-5061-fa854f41836d"",""3686ac93-80a2-c3fc-fd0e-0c594babdaaa"",""a2d2f69b-cb59-4064-83d9-0c46130fce24"",""48efbc27-208c-f4ff-8ad3-5390397b7d70"",""69e5185d-d218-8fbc-082f-6ea5a16ca4db"",""ffd94bb6-5368-67ae-91be-5b2bababeca0"",""6adef1b5-d812-9c10-7c6c-f05af4e27077"",""176daca5-6810-3a1c-49e9-39b69055e811"",""44a043a9-4ad8-4f24-fbef-866695c96c95"",""ce43d052-aa62-2a96-cb93-63fc289f8ef9"",""4ebc3011-0ebe-a9ad-c58b-9a306f60fc2b"",""c7d82910-1b56-0127-fa6e-c2f99a53ca87"",""f49737db-bea3-0c13-9834-b879fb1894c4"",""1898923d-071d-0abd-1a62-ed0d2702d4f1"",""97f1a100-bd73-549e-f0d1-fdf7b04cf164"",""bd54fc02-e063-0e3e-0cbb-4ceafef734e7"",""5ad8659a-414a-9e26-b973-f5a229d788dd"",""c2a517d4-c02f-06eb-77cf-f81bfa719188"",""2ea07147-a720-ed0c-d4ce-d7bddd1640d3"",""3f655067-3544-a5bf-2385-d7cd2fb292a9"",""5751afc7-20ca-496c-914c-faf8f0e421ff"",""782bdb9f-d94f-b0f4-aa5e-644f13b89275"",""3b83dc80-5987-6898-e98d-a98012f700c1"",""67e73c97-1e8d-6170-b50e-07222df14cec"",""0fed9647-cc82-24d7-526d-98762e8a52cd"",""9e8d6f72-0b59-85cf-a222-b18d38acdc0f"",""038e9a9a-4878-7561-521b-5d432a0798a0"",""5cdfcb78-9e5b-68a1-af37-2d4c59e16783"",""fd5740ec-7f11-0ecf-f676-46f9dc056d2c"",""8d387b31-2065-7393-01c5-f86e3ea47dc9"",""44f9129f-579a-3d23-218f-3c3518036fc6"",""834383dd-9a7e-d59e-81a2-dd13e0377af2"",""75fc8571-2961-b0f1-d237-b64d247ff5e3"",""2022dfab-580f-675f-6aad-00aad9c3be9b"",""a00885e6-262a-0291-458b-e0b07fba71e1"",""7a642de7-c33f-a628-efb2-3d94a829d17b"",""0d72d552-f7c4-473c-0ebc-5e93afd41811"",""40c3d189-9611-e59f-5808-7847e294642e"",""5d71ae5d-5c6e-0430-6fc5-d9ca0c1c34c0"",""d43c7d88-8357-8c6a-57c7-b9d29180ef34"",""e3b61a24-206d-4fa1-43ae-14ea190e47a6"",""59b6ed0e-4c39-ec45-f8be-ce1599661ce3"",""0736f9f8-2b36-d38f-e3a6-d4de7d7877a8"",""bda81f03-f231-d4db-56ad-40cb132c5663"",""0b24bf02-1f33-c237-6ebb-4c2ba4f64082"",""e4b5402c-c608-db84-ad15-4bc8e2cdccce"",""38dccb7c-6e3c-1473-d0db-0b3b8b999707"",""65f04311-3581-256c-97b9-279838d6ff5e"",""aedbc5ac-7759-6c9a-63d0-ab5d3074fccc"",""552cc538-0a63-28ee-a014-25c0d17a271d"",""8f2a097b-a5d4-4a78-8054-331242604ad3"",""194adbca-34d6-cb94-b153-3488ee563308"",""c518617a-d732-ead0-2825-ac11ee43edd4"",""d3253c66-e1e1-331b-02e6-71580c33791b""]","[""1fd51488-aa00-3a6a-b809-e4d5b7962b1f"",""32d3c802-5de2-33f8-a526-65d1e8242ef9"",""65f9d5c9-a1b3-3f5d-b600-14230812c6d6"",""6eb39077-3911-3c63-a7cf-1c004ea68a64"",""a44ed062-15b3-30ec-8e5d-10646bdbaee2"",""cfcec537-ed3c-3b10-ac80-d3c55263298f"",""d3cf90b4-9d9f-3db3-bf4b-150b49fe72a8"",""176978ec-45bf-34bb-a5ed-8474e6542518"",""3e8d6da8-bb45-3f75-8761-2e6f4dc35046"",""483a3555-da16-3431-b6a4-71386ede704c"",""746181df-026a-36c9-8dc0-e18d59239a25"",""873b57f8-ed65-3261-8723-7ebb89d97e5c"",""a7c03704-a966-3a44-a22f-f3e9716fb4e5"",""bca42b23-e654-30dc-8e9c-e0b88d5cd19b"",""6fbb7416-0f67-32e7-9f24-7d534d59a2f5"",""9232af8a-8c32-3c1a-ba0d-f1cebacbc319"",""40b6d289-28ff-3e13-9dde-8c6dfae7a9e3"",""697ea270-7cd6-3b0d-b4e6-e7355069a798"",""91b2381b-1324-3802-8444-3feaa0dcaed7"",""ea0fb839-cbc9-3a5a-922b-a9998f4886bb""]",[]
ba911675-8c5c-4f1b-aec4-9a985758cfae,Jim,Geier,jim.geier@siriusxm.com,+15550010118,premier,,[],[],"[""c969c747-76d3-f98e-f1d9-593f5ac7c681""]"
efde527c-95e3-4849-bf16-3d1b506a27c8,Sean,Gibbons,sean.gibbons@siriusxm.com,+15550010119,premier,,[],[],[]
6dfedea3-2aac-4c74-b509-fc2471953867,Filip,Grotkowski,filip.grotkowski@siriusxm.com,+15550010120,premier,,[],[],[]
6ab6b763-b857-4b6d-9696-fb3f18c2d348,Andrew,Gruss,andrew.gruss@siriusxm.com,+15550010121,premier,,"[""e6333906-2e89-6c07-59d6-36d09248b8dc"",""9150cc82-af5c-3be3-d170-0e81d87375a8"",""872f3487-26d2-af2e-787f-6bf016663ab9"",""c46c9810-6274-a715-a8b9-de9d4ac33873"",""26eaec1d-353f-9c4f-c3b4-2fd936e72124"",""b2479252-b563-d71d-66cc-65dc764a1c73"",""0f652eae-12e7-03e5-cd1f-c78c10548ca3"",""98672b8b-d1ec-9286-7a7f-b829a617500b"",""541c9627-0e17-4e89-806e-2066b77635c3"",""5d6347dd-ce61-9b85-c1d9-70a82209b02e"",""ce5a6412-18a5-c0c1-e1d8-07166d9fc633"",""5e238897-265a-1bb6-3baa-0376b15f519f"",""dd21ed4a-49e7-ae02-3a61-cd730602a389"",""08f43be2-6189-5782-89e4-5d504fb848bb"",""3f21599e-f0e6-54f9-dbf2-6122bef705ad"",""a96c9390-313c-3a51-5dac-953504f4f237"",""a313351d-2602-aea7-e635-c7a3fedb719b"",""b7527c67-738e-1ddd-0720-a5862cceffbf"",""80867fa3-093f-b076-bedc-af8d71cb54ab"",""d8db4574-6cc5-62a2-55b5-ae6842d80b61"",""d960e76a-e678-e62b-a7f2-6345afee1bb2"",""2a74320f-938b-8e80-5e7f-5e8e110e1d42"",""5ad6890a-adaf-48bf-adbf-d0bf28def878"",""ab6a16eb-6e7b-6933-1dd1-8b04fbc922ed"",""e829fd66-441a-6397-f1f9-575af11319b9"",""b2f9e172-ffc0-7e10-ea5d-955e85b4f11f"",""fdf0828c-710e-2e45-0123-bbab29ed2edc"",""2ea07147-a720-ed0c-d4ce-d7bddd1640d3"",""a837a7fb-05c3-230c-77df-de442cd4f748"",""9e8d6f72-0b59-85cf-a222-b18d38acdc0f"",""ab3ef743-4a2d-f67b-ea13-283843b3cfb5"",""038e9a9a-4878-7561-521b-5d432a0798a0"",""3c7b2421-7ce4-0ecb-bc70-7f60f15d3d29"",""916d7bd2-33ad-2fac-5787-cc1865a499be"",""e31cba38-ecf7-0f8b-1eb8-a850e1fa017e"",""95d4d8ef-55e4-8337-78f1-2fda944991d8"",""fd5740ec-7f11-0ecf-f676-46f9dc056d2c"",""0c8ec1e3-f152-0ea1-3b45-35f7ec816990"",""44f9129f-579a-3d23-218f-3c3518036fc6"",""85bd9928-68aa-4359-a534-9247e4df6056"",""2022dfab-580f-675f-6aad-00aad9c3be9b"",""f936a498-89c7-bc15-f158-19a015db0683"",""95bffee3-e903-ca28-6332-1b94f41a8962"",""40c3d189-9611-e59f-5808-7847e294642e"",""5d71ae5d-5c6e-0430-6fc5-d9ca0c1c34c0"",""466d1c19-c5d8-43e5-bd3b-fc50ba7ef7bc"",""56605cc5-88b8-557b-fc3c-dae7eb41bf56"",""59b6ed0e-4c39-ec45-f8be-ce1599661ce3"",""0736f9f8-2b36-d38f-e3a6-d4de7d7877a8"",""8b66f94a-7304-fd83-d442-2153b881c21f"",""bda81f03-f231-d4db-56ad-40cb132c5663"",""123f7d39-c99f-2f01-7900-0d4b8b010cb7"",""e4b5402c-c608-db84-ad15-4bc8e2cdccce"",""e26c5902-47e5-3a66-7b56-d070bc96e2fc"",""5a42ecd0-a652-15a8-113d-ddb71bf04316"",""95cf8bf1-fc4e-76b9-ac2a-617dca0325e7"",""d7151f52-694d-64b7-4e31-9b2f4f534454"",""cf0579bf-8131-4af8-88e8-540db1d73a89"",""72874f52-9f17-2e8f-d4cc-3bfdccb4227c"",""96f5d0e4-ebff-564a-6c39-70a4a642e360""]","[""075fb346-a39e-3f31-8eeb-d9d3f638b64d"",""32d3c802-5de2-33f8-a526-65d1e8242ef9"",""415a90d0-bb89-3d62-8a43-9e018d952caf"",""55edc8a3-1efb-356f-a289-6a186bbcb980"",""8ae5b3ff-ddd7-3c1d-a654-f3dd9447cb5e"",""addd1130-aa8b-3cb9-bee7-be3efea16155"",""c79dfb52-2609-3d18-9a4b-05a13b2aa9c5"",""e65f9411-09ee-332a-8041-5e776aa330cf"",""074632c8-899e-371c-9771-ffd043fa7517"",""0dc3db73-aa9e-3b0c-99ef-a2e66b50fef7"",""1b2fa5cf-8ff7-332b-805d-9d1b7d84ebb3"",""54ef1d0c-5d11-3930-a739-f624377a764d"",""5a92e664-4e06-394a-8871-263c848cf57e"",""a8687b5e-6782-32fd-b433-2e5d8f1d3396"",""d63c09d4-608f-3463-bd52-8e796e2e238d"",""fe9cd10e-b85a-393b-9155-a093d5c97be8"",""0b18bfff-1a1f-3063-be09-a12f7c809f20"",""15b541df-5b34-3444-aa16-1f8fd942fe19"",""b09c5236-58da-3033-9b63-b4889af37b80"",""b815dd66-20b2-3d60-b1e2-ded54fbf7e8a""]","[""7615dc21-d30a-979d-c235-a2f34ea9455f"",""6e047a95-fdeb-dca9-8282-0660319bf429""]"
f7f6db35-736e-41e4-bf12-f542d06def1d,Dustin,Hamerla,dustin.hamerla@siriusxm.com,+15550010122,premier,,[],[],[]
b6980db1-eb15-4d76-b093-3164cae305c1,Rick,Handt,rick.handt@siriusxm.com,+15550010123,premier,,"[""a4b7a4f7-af96-3ae6-53df-f78ff9ac9aab"",""43993462-1c73-efb8-29e5-0c4652cf8e4f"",""81590c3b-91a5-a803-b560-05732d5a1fbd"",""21b63878-b369-1503-d1c8-6025cc8571de"",""9150cc82-af5c-3be3-d170-0e81d87375a8"",""804a5411-b234-1188-27da-f01197103886"",""5ec57468-4f17-6675-83e0-5df1051c5149"",""fed8de31-8d51-8949-6c69-2035fb0485b0"",""9529f1ce-edee-aa5a-1079-a523fc607535"",""f1299966-6b80-4fdb-bdd8-4e756b97ea9b"",""e3041d19-daa5-6517-8c73-41976582d1f9"",""32c4747f-8739-d578-62d8-08a92d518445"",""20801778-3df2-d607-eab5-e03de0ca7815"",""a2d2f69b-cb59-4064-83d9-0c46130fce24"",""c9256031-1123-f35f-4d49-1ba4d5379258"",""69075102-70fc-84cd-2ea3-121bd682f296"",""067801cb-bb3f-1707-dd21-d77e06bb27c0"",""abebdb8b-615d-5e87-1ef6-ae4c9fc49ed8"",""2397a671-870c-36a7-8ac3-da73965f3f12"",""0b5b5f60-dfcf-eba9-1dc6-ec3c909f4541"",""269497e4-7f91-377d-0940-6b9f027b5b3b"",""f49737db-bea3-0c13-9834-b879fb1894c4"",""1898923d-071d-0abd-1a62-ed0d2702d4f1"",""3fdc6446-2598-7c2b-d68f-1dcc1afa3433"",""cbacd6f4-17c3-460b-8a97-7d4daeb67547"",""5ad8659a-414a-9e26-b973-f5a229d788dd"",""2ea07147-a720-ed0c-d4ce-d7bddd1640d3"",""8a3d176b-87e9-4600-9f29-53350daca710"",""782bdb9f-d94f-b0f4-aa5e-644f13b89275"",""3b83dc80-5987-6898-e98d-a98012f700c1"",""0fed9647-cc82-24d7-526d-98762e8a52cd"",""e87948a7-44a6-40c6-809e-a647b520866d"",""95d4d8ef-55e4-8337-78f1-2fda944991d8"",""a9914a41-78d6-4402-8150-b8f14a44945b"",""bbff1779-9f88-460c-81c6-a6e6f103b059"",""884c803d-cbd9-098b-527d-a34979274ded"",""b8b47809-4e8e-f556-8325-bd45fa3d4dc4"",""fd5740ec-7f11-0ecf-f676-46f9dc056d2c"",""1aca2882-fc94-6430-fc3c-8b5b61c957bf"",""b29fedbd-5546-2d41-ccd5-2e8df46851d6"",""6567f2ee-4d7a-cd6d-3402-55ed6089cd0c"",""44f9129f-579a-3d23-218f-3c3518036fc6"",""60b0ea2e-dec7-1d4a-da2a-6de09f273fe7"",""96e98353-ccd1-9722-76a7-37f179a6a15c"",""7c987478-2f68-d267-acc6-56497c448256"",""b8d08b56-6bca-a461-189e-ea00b223fbf4"",""7a642de7-c33f-a628-efb2-3d94a829d17b"",""f936a498-89c7-bc15-f158-19a015db0683"",""18d4656c-23a0-5556-014a-a685b2c6bec8"",""35b0a4e3-b63d-b68e-4c34-6462579a8721"",""40c3d189-9611-e59f-5808-7847e294642e"",""34cbb789-7319-977a-acc9-a2ea04fb4b81"",""23999ddf-2cc2-35e2-7d04-6cc2749043d0"",""65f04311-3581-256c-97b9-279838d6ff5e"",""cdc9bee8-9317-37fa-ec8e-464096670c60"",""51f88432-8311-37e0-b57d-9b0ab63f5ce9"",""4af9dbe8-4b33-5a88-bd8b-96514b972894"",""634ea01e-4ae2-c7e8-7567-138965e8a6fe"",""e253bdca-601f-2b68-52fc-3f6a9fa33bb9"",""feda2a40-a2c8-fc50-a84c-728e2c722531"",""96f5d0e4-ebff-564a-6c39-70a4a642e360""]","[""356fc532-be6b-3bd7-987a-bb27a1aacf73"",""5ee991a7-7e26-3e77-8b48-8ee7f2fae671"",""5fd37a82-4089-310f-875f-6a7a9e169b46"",""2258d7d2-1128-3073-accf-4833a05ea21f"",""519181af-8000-31d4-af20-b96c7a7e5bc7"",""9142c34c-7984-3e27-803d-23ef4cf9bae1"",""c1be4679-caaf-36bb-8d07-4a2a888b6953"",""c2902a56-faa0-3d5a-a4c6-b8428c2adbeb"",""39970313-99da-3bb4-bebc-5b69de827e42"",""54ef1d0c-5d11-3930-a739-f624377a764d"",""83999ea7-c230-3844-8b51-e9ab088e1f14"",""d34acb59-0603-3c34-ad62-c72926dee218"",""e653cf34-f3f8-3c32-912c-6e189ab7d076"",""ed4d9d4a-f763-33f2-9800-1c941e6354dc"",""0a6a3b1e-0d43-3ccc-9223-a09080cf2b7b"",""45673bb2-c334-3e3e-a853-909200cdc1c2"",""81173f82-86b7-31d0-9fc1-093a4a00cb0f"",""a187f7da-a105-380d-842b-2d6f9ba7d46a"",""b300da73-931f-333e-aee5-1a844a5cf31c"",""b8617d24-1274-35d4-ae3e-9f8b9f1bf9b0""]","[""cf3bd921-c50f-f370-26e8-a011fcaefafa"",""e407e3c3-0bba-3197-74cc-4bea015df657"",""7ddf6560-1fb1-e63e-dc77-4cc9f1cd6c16"",""8cb5adc6-0da9-702f-0f64-4f6be2f3b2c6""]"
177006b0-6fdb-4726-99e6-b2ff22c6cd30,Jillian,Holbrook,jillian.holbrook@siriusxm.com,+15550010124,premier,,"[""a4b7a4f7-af96-3ae6-53df-f78ff9ac9aab"",""034ab698-4607-7e12-75ae-fc8d766dee99"",""21b63878-b369-1503-d1c8-6025cc8571de"",""9150cc82-af5c-3be3-d170-0e81d87375a8"",""804a5411-b234-1188-27da-f01197103886"",""fed8de31-8d51-8949-6c69-2035fb0485b0"",""ab0e4302-503b-e1ff-c786-8307a3d36fe0"",""f1299966-6b80-4fdb-bdd8-4e756b97ea9b"",""792c3df0-15f5-4037-b4cf-d57d845b9a97"",""d8babd4e-64e3-ff81-3d24-2407e0974cdc"",""c636d008-7cb0-99eb-7fb7-7c489f862a26"",""98672b8b-d1ec-9286-7a7f-b829a617500b"",""d9dcf813-1a1a-2f92-a53f-e372ffc235ea"",""dbda32f4-0ef3-d94d-4769-6bb4efce40db"",""c9256031-1123-f35f-4d49-1ba4d5379258"",""69e5185d-d218-8fbc-082f-6ea5a16ca4db"",""067801cb-bb3f-1707-dd21-d77e06bb27c0"",""fc4a9d5a-0e39-a372-a857-b8eaebdfc5eb"",""5321c6ea-5fb9-d635-a0db-ecdce4c0e2cd"",""51c76a31-795d-1cac-bc97-bf11b9fb72b4"",""22aa6a15-ed96-c247-3a5e-6bb1bfb77f0f"",""f49737db-bea3-0c13-9834-b879fb1894c4"",""010c925d-f1df-7ff4-9943-03ac8ef0bb29"",""255add50-ba1f-df14-0fd2-5b0a2320d3f8"",""0ad7c62c-fa4f-405e-9d4e-253663cdee04"",""5ad8659a-414a-9e26-b973-f5a229d788dd"",""f5701423-11a8-9ee3-e9f9-11142108ae31"",""8a3d176b-87e9-4600-9f29-53350daca710"",""0fed9647-cc82-24d7-526d-98762e8a52cd"",""9e8d6f72-0b59-85cf-a222-b18d38acdc0f"",""bf5fecd3-21f0-2a7b-4aba-a0aa890319c9"",""42f72153-ec76-e66c-c517-e86a6dcbe922"",""2954f8e3-23c3-d9d4-5265-ebb4b1f7182b"",""916d7bd2-33ad-2fac-5787-cc1865a499be"",""95d4d8ef-55e4-8337-78f1-2fda944991d8"",""fd5740ec-7f11-0ecf-f676-46f9dc056d2c"",""1aca2882-fc94-6430-fc3c-8b5b61c957bf"",""2911715d-50a8-f692-b1c9-ccd01e0f42f1"",""44f9129f-579a-3d23-218f-3c3518036fc6"",""60b0ea2e-dec7-1d4a-da2a-6de09f273fe7"",""96e98353-ccd1-9722-76a7-37f179a6a15c"",""b8d08b56-6bca-a461-189e-ea00b223fbf4"",""c3890f3c-1222-5036-bea9-6d52753bf018"",""525e065d-a9d4-0d0e-6c98-93e68ec92ec8"",""35b0a4e3-b63d-b68e-4c34-6462579a8721"",""40c3d189-9611-e59f-5808-7847e294642e"",""8bf28935-c635-4c04-ae01-11aa6504308f"",""9d7ccd54-4f95-69be-fa47-5960c799a1dc"",""727fa612-6e53-458e-720d-b662dc974e5d"",""59b6ed0e-4c39-ec45-f8be-ce1599661ce3"",""becbea68-c499-4790-b46b-841fe10bbc98"",""e89d4240-f56f-2117-866b-f5f5b027e5f3"",""cdc9bee8-9317-37fa-ec8e-464096670c60"",""d0759ae0-eeef-48e4-c4b9-526217aac33d"",""a44e273d-a7e5-c358-a8ae-39dc91ca9c30"",""51f88432-8311-37e0-b57d-9b0ab63f5ce9"",""c9d811de-b9c4-bf5f-f5f3-f6d7b3c15b88"",""634ea01e-4ae2-c7e8-7567-138965e8a6fe"",""e253bdca-601f-2b68-52fc-3f6a9fa33bb9"",""194adbca-34d6-cb94-b153-3488ee563308""]","[""3d73ccf0-d53e-32cd-adbb-3a69758778ac"",""473393bc-448d-3165-990a-4db2f2c56868"",""4b928cc1-413f-3472-9037-67c05dccde63"",""5d9f1631-ef62-3e1a-b5e7-7eeaafd5e178"",""62952aa2-08df-375d-93e7-ef3b9718b709"",""d44aac6f-4497-3ce5-a405-ac9109dc782e"",""02048832-038e-3b85-b828-a269b3a183cf"",""6684e157-f191-3978-a8be-adddcafb8526"",""69bd6722-2996-3734-b122-cc24543326c7"",""394672a8-7ad9-3af9-88e2-947bc4c52e29"",""3a2abacb-750a-3834-9638-3b6c7b5d5fb4"",""3dca5a2a-e178-3738-aa0b-b8feb2c92154"",""9232af8a-8c32-3c1a-ba0d-f1cebacbc319"",""99aa16c5-9e01-3770-b00c-c6479d7e742e"",""b03b3213-869e-3cf1-924b-fbdb80544bb2"",""cf2b2557-d8f4-3905-8e15-f2fcaca28eb8"",""053c0cc6-7840-35ea-8ffd-07ee0192b29b"",""1cfff827-5833-34c9-a739-cf87b656ec66"",""44bcccb4-2fb9-393d-8394-b760a7170c69"",""ef80e255-d3fd-3da4-989d-376ac71b0cf7""]",[]
31b7df1d-f238-47d1-ab36-bdd29b4aa8b3,Craig,James,craig.james@siriusxm.com,+15550010125,premier,,[],[],[]
bf56a798-33fa-4f68-88ae-53b1093f6e5b,Tim,Johnson,tim.johnson@siriusxm.com,+15550010126,premier,,"[""9150cc82-af5c-3be3-d170-0e81d87375a8"",""804a5411-b234-1188-27da-f01197103886"",""2e6388fd-e5fc-a495-586f-2494e81fd919"",""872f3487-26d2-af2e-787f-6bf016663ab9"",""5ec57468-4f17-6675-83e0-5df1051c5149"",""7e10c4bf-afcc-fe98-6399-c1b8a54ff4c7"",""e1d0807c-de1b-4004-435d-cb429ddf1ff4"",""d72647c1-8626-da89-5107-3e8629721cef"",""c636d008-7cb0-99eb-7fb7-7c489f862a26"",""32c4747f-8739-d578-62d8-08a92d518445"",""541c9627-0e17-4e89-806e-2066b77635c3"",""20801778-3df2-d607-eab5-e03de0ca7815"",""dd21ed4a-49e7-ae02-3a61-cd730602a389"",""a2d2f69b-cb59-4064-83d9-0c46130fce24"",""97548371-5133-a4c6-373f-801a18dc3237"",""08f43be2-6189-5782-89e4-5d504fb848bb"",""69e5185d-d218-8fbc-082f-6ea5a16ca4db"",""067801cb-bb3f-1707-dd21-d77e06bb27c0"",""ffd94bb6-5368-67ae-91be-5b2bababeca0"",""176daca5-6810-3a1c-49e9-39b69055e811"",""6adef1b5-d812-9c10-7c6c-f05af4e27077"",""a313351d-2602-aea7-e635-c7a3fedb719b"",""d8db4574-6cc5-62a2-55b5-ae6842d80b61"",""0b5b5f60-dfcf-eba9-1dc6-ec3c909f4541"",""2a74320f-938b-8e80-5e7f-5e8e110e1d42"",""5ad6890a-adaf-48bf-adbf-d0bf28def878"",""d29c7a4d-b72a-53ea-cdc1-396d87e823c4"",""e829fd66-441a-6397-f1f9-575af11319b9"",""b2f9e172-ffc0-7e10-ea5d-955e85b4f11f"",""771bf1f6-3885-aa77-e98a-51f5dcccbeba"",""5ad8659a-414a-9e26-b973-f5a229d788dd"",""fdf0828c-710e-2e45-0123-bbab29ed2edc"",""fdf0828c-710e-2e45-0123-bbab29ed2edc"",""2ea07147-a720-ed0c-d4ce-d7bddd1640d3"",""3b83dc80-5987-6898-e98d-a98012f700c1"",""0335c8cd-ead3-8366-e4a4-07143e9ea92b"",""916d7bd2-33ad-2fac-5787-cc1865a499be"",""e31cba38-ecf7-0f8b-1eb8-a850e1fa017e"",""fd5740ec-7f11-0ecf-f676-46f9dc056d2c"",""6567f2ee-4d7a-cd6d-3402-55ed6089cd0c"",""d20ad2ef-54e7-4b1a-60b6-ff5351421cd0"",""60b0ea2e-dec7-1d4a-da2a-6de09f273fe7"",""834383dd-9a7e-d59e-81a2-dd13e0377af2"",""813d656c-9af5-7f51-bb48-d724327d9289"",""d8785a4b-1e56-6d69-fa0a-5b4ab0abdce7"",""7aa60d6b-437f-b458-466c-ab12f57fae01"",""6c641502-26e9-66c8-6ff3-dd49f43ec0bf"",""671375dc-0121-43ca-8135-fd1af93e5850"",""56605cc5-88b8-557b-fc3c-dae7eb41bf56"",""727fa612-6e53-458e-720d-b662dc974e5d"",""0736f9f8-2b36-d38f-e3a6-d4de7d7877a8"",""93a8061c-dae0-9668-34bd-a5350770d2cb"",""e54bb91b-3a2c-d5eb-8c44-e09720d33b08"",""065019e9-61bf-33f0-8651-53f145869170"",""123f7d39-c99f-2f01-7900-0d4b8b010cb7"",""0b24bf02-1f33-c237-6ebb-4c2ba4f64082"",""65f04311-3581-256c-97b9-279838d6ff5e"",""5a42ecd0-a652-15a8-113d-ddb71bf04316"",""cdc9bee8-9317-37fa-ec8e-464096670c60"",""ed9f1087-7a5d-3fdb-ab1b-a21b606e87b7"",""cf0579bf-8131-4af8-88e8-540db1d73a89"",""94333a54-027c-dd2e-7f56-6be63dccc7fa"",""194adbca-34d6-cb94-b153-3488ee563308"",""9d7bdf25-a708-aa98-8850-132bc45898a5"",""d3253c66-e1e1-331b-02e6-71580c33791b""]","[""1108e3f1-385f-30be-9998-03295e0cbb1c"",""58b23ce2-b765-3ee3-9715-fa580eb4e44e"",""67be8e8a-0ba4-3c58-8456-112637e67c14"",""6e3ddbc0-76d0-332d-9912-b15cc5a230d0"",""d29ef955-9eb3-36fd-9b61-fee400efda13"",""ea098bfa-dfd4-34fe-b5b6-13e37501431f"",""110fc3df-0462-39b9-bd67-2558dcbd90fd"",""3533783b-5bc1-32be-95e1-3c17e7643eb0"",""76a9a7d0-0a5b-3183-b694-abe9b70b51ed"",""9a1dd1ef-fff9-3401-83e9-c7286a220b6f"",""ae615d22-931b-3ac0-af93-3dd9bf11a480"",""ba43179c-44a8-3439-b345-a78af0f67b3e"",""73135079-b4a1-3844-8b74-1fffe5fcf7e2"",""8e6bdd26-4b4d-378f-b99d-c906ee388a31"",""c26cf21b-9e18-3bd4-86ef-98d007a39b55"",""c6657cd9-5285-38ba-a0cc-48a191b53fa3"",""d935168e-4ad3-3b27-a88c-20ad09a56731"",""1ed149b2-7cc4-3d5f-81d0-f427dfd636c7"",""71e483f4-71b0-3138-97c1-ac6366826534"",""7419d6bc-121e-3ed0-bc80-e0faf3971ba4""]",[]
0febccbb-8693-4bc2-be8c-af9405c3e15d,Amol,Kandalgaonkar,amol.kandalgaonkar@siriusxm.com,+15550010127,premier,,"[""881c9b1f-e7fd-4637-b87a-0dd06f1831a5"",""fa1b6126-1163-3da7-5e7c-bdbc1236e890"",""5ec57468-4f17-6675-83e0-5df1051c5149"",""c46c9810-6274-a715-a8b9-de9d4ac33873"",""fed8de31-8d51-8949-6c69-2035fb0485b0"",""75301b34-2f01-2c17-0b52-028bec0d271c"",""c636d008-7cb0-99eb-7fb7-7c489f862a26"",""98672b8b-d1ec-9286-7a7f-b829a617500b"",""d9dcf813-1a1a-2f92-a53f-e372ffc235ea"",""dbda32f4-0ef3-d94d-4769-6bb4efce40db"",""a2d2f69b-cb59-4064-83d9-0c46130fce24"",""a8e1de0e-c751-dadf-3abf-91912a25c1fa"",""c6d5c10d-ef8b-0478-48e0-901ef2cc382b"",""12b72482-359b-4cd5-b105-1a837602bc35"",""ffd94bb6-5368-67ae-91be-5b2bababeca0"",""176daca5-6810-3a1c-49e9-39b69055e811"",""d960e76a-e678-e62b-a7f2-6345afee1bb2"",""d8a071ae-c656-bbdb-a4ec-cbc1d71b2740"",""3ef4706c-6217-b79f-f21c-a9d00717532a"",""b96d76d6-935a-3b90-c22d-e0bc7ba11543"",""5ad8659a-414a-9e26-b973-f5a229d788dd"",""3a5c9ee1-9111-ce55-158c-a5ef2867232c"",""f5701423-11a8-9ee3-e9f9-11142108ae31"",""3b83dc80-5987-6898-e98d-a98012f700c1"",""0fed9647-cc82-24d7-526d-98762e8a52cd"",""9e8d6f72-0b59-85cf-a222-b18d38acdc0f"",""038e9a9a-4878-7561-521b-5d432a0798a0"",""916d7bd2-33ad-2fac-5787-cc1865a499be"",""884c803d-cbd9-098b-527d-a34979274ded"",""f3126d70-09ea-bd0c-57cd-af5ab798f313"",""aa33fa9d-340a-1d87-2886-a28823fc68ab"",""c875a2e9-2768-ed46-5487-4e3e667ae553"",""d4d17484-cb4d-06bf-60e0-2944cb827371"",""02394c8d-7afe-6ba2-3791-fce63b1e4d85"",""0ecf5734-5bba-08aa-0bbe-26d9a9017514"",""5970379b-9ca1-de7f-7ad7-0d2b0a5e8735"",""454db282-082e-b9a0-d099-89afbf335688"",""5fbd983b-7cf9-71d7-7890-c13682e2375a"",""5d71ae5d-5c6e-0430-6fc5-d9ca0c1c34c0"",""c4d1fe76-baee-32b7-6541-20408b233f4e"",""727fa612-6e53-458e-720d-b662dc974e5d"",""8c55cef1-efa6-47d3-ffd3-8e93e0cdc701"",""8df0c9d7-01a7-24ce-3e48-707509dd9ed4"",""e89d4240-f56f-2117-866b-f5f5b027e5f3"",""e4b5402c-c608-db84-ad15-4bc8e2cdccce"",""60a5975f-42b6-0311-f007-116e41a69b71"",""b546a271-6058-6512-1dd5-12de98976dcf"",""95cf8bf1-fc4e-76b9-ac2a-617dca0325e7"",""e05137dc-7acc-42ed-bf1f-b6bad71d40de"",""a44e273d-a7e5-c358-a8ae-39dc91ca9c30"",""51f88432-8311-37e0-b57d-9b0ab63f5ce9"",""adc27a20-6fc4-7269-5ca6-4a492f7dfa55"",""634ea01e-4ae2-c7e8-7567-138965e8a6fe"",""ce813fad-3e16-1a11-482d-f844cb03d28e"",""1e6b3146-84b0-01f5-3a18-4ee2c1d38550"",""194adbca-34d6-cb94-b153-3488ee563308"",""d3253c66-e1e1-331b-02e6-71580c33791b""]","[""05e04d98-abf7-3fb7-9c1c-f00076c5236b"",""aedc5ae8-ec80-3988-8493-240a59908c9e"",""db0274b4-185a-35d8-9f31-5da61bb1a39b"",""e1200790-ecb4-3f99-96dc-89c03ed6ae78"",""09a1575f-a173-32a0-a144-ddecb5659e4a"",""1b2fa5cf-8ff7-332b-805d-9d1b7d84ebb3"",""7bb73006-d494-3146-acfb-1b0bf768ed5b"",""88945e1c-cf3e-3f1f-af19-8e43ded0e2c8"",""e2e25243-f3dd-3e65-a4ef-8063ea675647"",""37cb3b15-86e2-3cf6-8586-238205577dba"",""5b819308-5b41-3614-9ac0-3d3b896adea2"",""9429f152-bd68-3d2d-92f9-28796ae690a7"",""e1b0d3ed-328e-3d38-98ce-ada3158101a0"",""f058d349-db5c-3218-8e4c-27f0fe4cd019"",""2a39d851-535f-3388-8e77-5a56185533cc"",""2b731300-6708-3ae9-9e33-1c3904235b3b"",""4f55fcbe-ff44-3bc0-a826-94e0756d0046"",""50f46471-b644-30ac-8c56-3da4f9d5fc29"",""7a7edbb3-3aa1-3246-98fb-8c0deae45686"",""9965fbd9-074e-3eb5-88ce-a5dd1094cdf8""]","[""c9809a27-1e90-48ce-451a-f29ec772a97a"",""d3fd68e6-7561-dfd0-4f77-1679ef25707c"",""53e1df98-119f-1a68-f8c3-5b3efefbcc99""]"
3db3340c-78c9-4a96-bb43-b91e213d445f,Tom,Kozlowski,tom.kozlowski@siriusxm.com,+15550010128,premier,,[],[],"[""3937b782-f2f1-5b8d-afbc-defe32805743"",""5f3059d7-025e-92e0-cc34-69d0fc958747""]"
3a5f14d7-c194-4b7d-b1e4-b28296385bc0,Russell,Labiner,russell.labiner@siriusxm.com,+15550010129,premier,,[],[],[]
6a0ca983-df82-4a0e-b012-9e62c498327b,Erin,Liao,erin.liao@siriusxm.com,+15550010130,premier,,"[""a4b7a4f7-af96-3ae6-53df-f78ff9ac9aab"",""e6333906-2e89-6c07-59d6-36d09248b8dc"",""2123d9ad-bc5b-1151-9649-b2cb9dce2a8f"",""804a5411-b234-1188-27da-f01197103886"",""fed8de31-8d51-8949-6c69-2035fb0485b0"",""3125bac6-8975-5bda-0a5f-ba175f920bf9"",""d8babd4e-64e3-ff81-3d24-2407e0974cdc"",""c636d008-7cb0-99eb-7fb7-7c489f862a26"",""6e6d8654-d8c2-ca8a-48da-8130c1f9c340"",""98672b8b-d1ec-9286-7a7f-b829a617500b"",""32c4747f-8739-d578-62d8-08a92d518445"",""5e238897-265a-1bb6-3baa-0376b15f519f"",""20801778-3df2-d607-eab5-e03de0ca7815"",""d471e554-e116-47be-8333-dc68ca3e9b09"",""69e5185d-d218-8fbc-082f-6ea5a16ca4db"",""176daca5-6810-3a1c-49e9-39b69055e811"",""a313351d-2602-aea7-e635-c7a3fedb719b"",""bc215e85-e759-4e34-1a9c-acdb629e9f76"",""b7527c67-738e-1ddd-0720-a5862cceffbf"",""80867fa3-093f-b076-bedc-af8d71cb54ab"",""4ebc3011-0ebe-a9ad-c58b-9a306f60fc2b"",""5ad6890a-adaf-48bf-adbf-d0bf28def878"",""f49737db-bea3-0c13-9834-b879fb1894c4"",""b2f9e172-ffc0-7e10-ea5d-955e85b4f11f"",""1898923d-071d-0abd-1a62-ed0d2702d4f1"",""659c1843-f6ac-773b-1df6-4a814d4a582b"",""0fed9647-cc82-24d7-526d-98762e8a52cd"",""35a57cf4-cffe-877a-ad92-59827a39b095"",""2954f8e3-23c3-d9d4-5265-ebb4b1f7182b"",""e31cba38-ecf7-0f8b-1eb8-a850e1fa017e"",""b8b47809-4e8e-f556-8325-bd45fa3d4dc4"",""fd5740ec-7f11-0ecf-f676-46f9dc056d2c"",""44f9129f-579a-3d23-218f-3c3518036fc6"",""6c9ec885-e671-fb9d-40b5-f0e55f93fd9e"",""c3339c4e-577b-33db-bdfe-a162f8e7d288"",""14d3da18-9b75-0f8b-08f2-68a7db2d9c38"",""c3890f3c-1222-5036-bea9-6d52753bf018"",""f936a498-89c7-bc15-f158-19a015db0683"",""dcdc874b-19b3-461a-aae0-12eab39460fc"",""b6dd91d2-5509-97ef-c22a-50365d0026d6"",""35b0a4e3-b63d-b68e-4c34-6462579a8721"",""5d71ae5d-5c6e-0430-6fc5-d9ca0c1c34c0"",""e2d7197c-cce3-ae6b-da6c-1e199259c0aa"",""8bf28935-c635-4c04-ae01-11aa6504308f"",""3a03329c-f9d5-8842-0d01-d5c305364b2c"",""727fa612-6e53-458e-720d-b662dc974e5d"",""59b6ed0e-4c39-ec45-f8be-ce1599661ce3"",""fe1526f0-04e4-45c3-9a1f-f01419ef1eaf"",""8b66f94a-7304-fd83-d442-2153b881c21f"",""d003dd67-291f-226f-2986-e3dde046cc0d"",""53ad05b3-4eb8-b6b1-c60d-c62e073cc366"",""882b5229-2798-4385-5f05-0835c1d017c2"",""e4b5402c-c608-db84-ad15-4bc8e2cdccce"",""97419dd7-4db5-46b6-b4c5-688970b0673b"",""65f04311-3581-256c-97b9-279838d6ff5e"",""cdc9bee8-9317-37fa-ec8e-464096670c60"",""510eab6b-4580-ee73-ac16-4102c599ae58"",""634ea01e-4ae2-c7e8-7567-138965e8a6fe"",""3fe4371d-713a-b863-df31-f90d89e97b99"",""a4377576-8817-3267-b6c6-34c6555b59d3"",""194adbca-34d6-cb94-b153-3488ee563308"",""41f8b174-fb06-1707-aaa7-e74e109c2ee9""]","[""3122b927-254e-37a7-8168-406a90780925"",""906c8534-db1d-3b5b-878a-406f71f77a00"",""95bc5055-842e-3724-b32f-ce3f1afe23c0"",""e967dcfe-d2e9-3a86-8234-4d74d1852c4e"",""21b0eea2-81db-325f-9479-0d8bbbbb5fbe"",""2cda4b81-f74b-3df8-83ac-33c1b58fb5cf"",""397a1dce-ffaa-332a-9c19-050f4266ffed"",""9d29657d-f5f4-38ed-9d38-e26cf6f1a61d"",""bbbe481d-17dd-3697-9414-9e1819d9c5d1"",""35f6af44-d2e7-330e-b347-3d53deeeb066"",""3a2abacb-750a-3834-9638-3b6c7b5d5fb4"",""9b826730-ebf0-3118-ba4b-2c41f78f6762"",""bf0d3dce-26f4-3bf4-8dc9-4736b17719ba"",""1cfff827-5833-34c9-a739-cf87b656ec66"",""48a30adb-854f-33f8-8301-2ad09b2f3e89"",""68ee164a-709b-3f50-9777-098a475b2e95"",""6b22f861-a957-3b8d-9f79-0eb1507a170b"",""6e6ea9b6-a37a-326b-bb6c-b496275422b8"",""e27b2d6e-52d5-324a-8c09-e825d79b9c75"",""f89a97d2-8662-3a35-bd4c-75095990eb78""]","[""5ffce8f6-c36b-7cb7-f6eb-cc42854c3f43""]"
3ce152a6-bf8b-4814-9cf3-a0bcc640ec0c,Susanne,Lynch,susanne.lynch@siriusxm.com,+15550010131,premier,,[],[],[]
DCEEA99F49EDE6822BA533FA6CBE9DC4,Jim,Mcclure,jim.mcclure@siriusxm.com,+15550010132,premier,,[],[],[]
0958345c-ff96-4960-a81d-75152b2af8b7,Michelle,Mearns,michelle.mearns@siriusxm.com,+15550010133,premier,,"[""676e25c2-96a4-6153-af43-731dcc6c358d"",""a4b7a4f7-af96-3ae6-53df-f78ff9ac9aab"",""eeab21f3-792e-0dbe-c1e9-1721edcaf3fb"",""8d9c0b16-4734-3bc4-d523-7c942cf888aa"",""9150cc82-af5c-3be3-d170-0e81d87375a8"",""dd3e04c9-6dc5-3a09-b3f9-2b7e9130d3a8"",""fed8de31-8d51-8949-6c69-2035fb0485b0"",""9ef4ce31-7fa0-4b17-83fb-2ccd547c53ca"",""f1299966-6b80-4fdb-bdd8-4e756b97ea9b"",""d7378c22-b9a1-d443-d731-79940e0f9c96"",""c636d008-7cb0-99eb-7fb7-7c489f862a26"",""d7316255-680c-316e-982c-8a0347fa3956"",""32c4747f-8739-d578-62d8-08a92d518445"",""d9dcf813-1a1a-2f92-a53f-e372ffc235ea"",""20801778-3df2-d607-eab5-e03de0ca7815"",""dd21ed4a-49e7-ae02-3a61-cd730602a389"",""48efbc27-208c-f4ff-8ad3-5390397b7d70"",""e50199d0-daa3-6851-f357-70c2ab9b7311"",""69e5185d-d218-8fbc-082f-6ea5a16ca4db"",""a313351d-2602-aea7-e635-c7a3fedb719b"",""6a2fec4e-ffaa-e918-7f05-f9d0e3337a94"",""04e45b04-19ab-3ca3-3064-4fe6320df18b"",""a5922d75-2cca-8536-ec89-8256bcb5f6e0"",""5ad6890a-adaf-48bf-adbf-d0bf28def878"",""dc440aa6-e5bd-0a56-fba3-e14b9f9d0062"",""038310e0-8ce2-a9a0-8526-8143fda5d3d0"",""771bf1f6-3885-aa77-e98a-51f5dcccbeba"",""5ad8659a-414a-9e26-b973-f5a229d788dd"",""f850d2f6-ed0b-f687-5e8b-9791c09d2279"",""2954f8e3-23c3-d9d4-5265-ebb4b1f7182b"",""884c803d-cbd9-098b-527d-a34979274ded"",""fd5740ec-7f11-0ecf-f676-46f9dc056d2c"",""f3126d70-09ea-bd0c-57cd-af5ab798f313"",""0c8ec1e3-f152-0ea1-3b45-35f7ec816990"",""c875a2e9-2768-ed46-5487-4e3e667ae553"",""6c9ec885-e671-fb9d-40b5-f0e55f93fd9e"",""1357119f-6c9e-89cc-63b4-91cdb6ee8b7b"",""771e64b7-b469-2b4f-51a7-333f940b859a"",""96e98353-ccd1-9722-76a7-37f179a6a15c"",""e9460260-8884-4dd3-fb31-5ef15b11deea"",""dcdc874b-19b3-461a-aae0-12eab39460fc"",""2f7441a4-0d18-43ff-a574-e98217c28f4a"",""6294eaee-f4b9-4ed9-a12c-67e5433e2add"",""8bf28935-c635-4c04-ae01-11aa6504308f"",""727fa612-6e53-458e-720d-b662dc974e5d"",""1a4e95aa-8455-6730-1ca5-daad054635cd"",""0736f9f8-2b36-d38f-e3a6-d4de7d7877a8"",""8b66f94a-7304-fd83-d442-2153b881c21f"",""93a8061c-dae0-9668-34bd-a5350770d2cb"",""d003dd67-291f-226f-2986-e3dde046cc0d"",""a1587c28-d857-4541-9568-f0a9931aece9"",""036f0bf5-d7e1-6fd2-178c-c6a752d36ea3"",""66e0c959-ced8-2958-5d2c-c19ca4f770a4"",""97419dd7-4db5-46b6-b4c5-688970b0673b"",""e972d1f9-4155-c105-9bae-2f95c0f4a6c0"",""f6f4782a-9a60-6a49-197a-211afac96415"",""4a7caf21-ae6f-8835-6ad1-bf73d6fb76b1"",""4e81c04d-ebc5-8208-41bb-fb674a90a396"",""a44e273d-a7e5-c358-a8ae-39dc91ca9c30"",""51f88432-8311-37e0-b57d-9b0ab63f5ce9"",""7f881027-a6ae-3d51-03af-e9f376b961c0"",""766aea6d-c8c9-5e6e-24ea-997e70311f5f"",""6d2b98e2-2ab6-afd8-773c-bea25cae1ce5"",""3fe4371d-713a-b863-df31-f90d89e97b99"",""36cdc005-7bdc-a545-a24e-1292af64fa17"",""96f5d0e4-ebff-564a-6c39-70a4a642e360""]","[""3122b927-254e-37a7-8168-406a90780925"",""fe5ef63a-c8bf-38b4-8273-1b53da405969"",""0dc38ded-21a1-30b0-afdb-d583d1a84828"",""21b0eea2-81db-325f-9479-0d8bbbbb5fbe"",""2cda4b81-f74b-3df8-83ac-33c1b58fb5cf"",""397a1dce-ffaa-332a-9c19-050f4266ffed"",""92d9590a-bc70-33ef-bef5-e65660dd82d4"",""9d29657d-f5f4-38ed-9d38-e26cf6f1a61d"",""bbbe481d-17dd-3697-9414-9e1819d9c5d1"",""c68702ae-25f0-3534-9b68-7eca8c3166ab"",""235434ef-113f-30db-bf9f-5e95d1139f78"",""3a2abacb-750a-3834-9638-3b6c7b5d5fb4"",""bf0d3dce-26f4-3bf4-8dc9-4736b17719ba"",""1cfff827-5833-34c9-a739-cf87b656ec66"",""406641f7-f88d-3ac8-ac1a-5d5fa3af2d82"",""6e6ea9b6-a37a-326b-bb6c-b496275422b8"",""d9840675-c34a-349e-93e1-4dd5a0125bc2"",""e27b2d6e-52d5-324a-8c09-e825d79b9c75"",""e637c7c2-64b6-3ed7-b30e-836f99eaa25e"",""ecf1596f-f5e4-35aa-9b43-710aec012d3b""]",[]
6eaa48b6-5ef2-46f5-80fe-da25a7d02060,Bryan,Pan,bryan.pan@siriusxm.com,+15550010134,premier,,"[""eeab21f3-792e-0dbe-c1e9-1721edcaf3fb"",""21b63878-b369-1503-d1c8-6025cc8571de"",""969836b6-3a76-636c-f68f-4943b64ed576"",""05cd3a1a-d292-3b8e-e8c9-1566d0726994"",""26eaec1d-353f-9c4f-c3b4-2fd936e72124"",""1fda1191-47c7-7ef6-2077-a14b4f3cb7bc"",""e1d0807c-de1b-4004-435d-cb429ddf1ff4"",""c0c65f6c-5cf0-0314-3667-12ccbfb84a49"",""541c9627-0e17-4e89-806e-2066b77635c3"",""dd21ed4a-49e7-ae02-3a61-cd730602a389"",""812bae38-3fe3-5780-8962-b067018b8905"",""08f43be2-6189-5782-89e4-5d504fb848bb"",""684af729-72c7-d8f9-8992-39da9fd03939"",""bd4ec66b-aee3-a0c8-fd6a-1cc0b238e39e"",""a313351d-2602-aea7-e635-c7a3fedb719b"",""bc1e1e2f-44cf-bf5e-c354-87d1d6170b93"",""f306b8d3-d0e5-e3d1-e03e-f64adf98a7ac"",""d8db4574-6cc5-62a2-55b5-ae6842d80b61"",""46dc8dcf-e071-01cd-850a-50c6e7cbad74"",""5ad6890a-adaf-48bf-adbf-d0bf28def878"",""ab6a16eb-6e7b-6933-1dd1-8b04fbc922ed"",""51c76a31-795d-1cac-bc97-bf11b9fb72b4"",""d318ca1f-8b95-d015-4011-b2b23c0cc494"",""325f06d1-8734-0378-1ae1-66323143c249"",""e829fd66-441a-6397-f1f9-575af11319b9"",""916fef38-0988-40f4-81fc-8127afde9a04"",""771bf1f6-3885-aa77-e98a-51f5dcccbeba"",""a934ca82-4e70-4027-ebe8-cfc0617e9de0"",""bd54fc02-e063-0e3e-0cbb-4ceafef734e7"",""c2a517d4-c02f-06eb-77cf-f81bfa719188"",""fdf0828c-710e-2e45-0123-bbab29ed2edc"",""ed6ae55f-4450-9b64-bca9-b1411b1f07d8"",""25de1705-19ad-6f6e-d45f-3f8775a37800"",""95179ecb-a419-71aa-f3e6-92f5c4db1f7f"",""5bcb63d0-01b0-94f7-2db3-6d1cb3513f9b"",""c2d266b5-239b-456e-cec2-ac8b9182662a"",""f3126d70-09ea-bd0c-57cd-af5ab798f313"",""0c8ec1e3-f152-0ea1-3b45-35f7ec816990"",""ec9a7f4f-586c-da3b-d530-bd547090558d"",""847b22e6-1d35-b5b3-92f4-0c5e4e7b9040"",""85bd9928-68aa-4359-a534-9247e4df6056"",""2022dfab-580f-675f-6aad-00aad9c3be9b"",""813d656c-9af5-7f51-bb48-d724327d9289"",""e9460260-8884-4dd3-fb31-5ef15b11deea"",""ad5c1569-e430-443e-86dd-785500ad7f81"",""7c987478-2f68-d267-acc6-56497c448256"",""b8d08b56-6bca-a461-189e-ea00b223fbf4"",""5d35ec08-9d00-4b9c-b1aa-2d2b70fd278b"",""14ae1031-806d-1f4e-42dd-b089a21dfecb"",""6294eaee-f4b9-4ed9-a12c-67e5433e2add"",""56605cc5-88b8-557b-fc3c-dae7eb41bf56"",""3693ff00-ae74-4006-870e-5c76fc66893c"",""8b66f94a-7304-fd83-d442-2153b881c21f"",""f0270957-9d86-3916-b15e-341309252daf"",""9fbf9a84-bedb-4747-bc62-7c029e94e508"",""7136bce9-fc02-4701-968a-7241c974a92c"",""7821ead0-6efe-0a62-6a07-cd738082473c"",""e54bb91b-3a2c-d5eb-8c44-e09720d33b08"",""23999ddf-2cc2-35e2-7d04-6cc2749043d0"",""3cebb3a3-6b03-2ad2-e5be-d9f4841249a2"",""123f7d39-c99f-2f01-7900-0d4b8b010cb7"",""98713b38-08f7-5515-fa0b-eb8924cc019b"",""4a7caf21-ae6f-8835-6ad1-bf73d6fb76b1"",""0f1282b6-2b9e-e322-f580-8bc1d7007c80"",""51f88432-8311-37e0-b57d-9b0ab63f5ce9"",""d7151f52-694d-64b7-4e31-9b2f4f534454"",""cf0579bf-8131-4af8-88e8-540db1d73a89"",""e45dc55c-801e-7ca4-b284-dffe6466540c"",""a46069f2-6e41-a40a-79b0-3a6b5aa5287e"",""f7e9cc61-a52f-7faa-2839-c0b9e5fd97fa"",""72874f52-9f17-2e8f-d4cc-3bfdccb4227c"",""96f5d0e4-ebff-564a-6c39-70a4a642e360"",""59b99400-903c-449f-3112-ae6b1323e4ac""]","[""0f5b5c6e-2716-3449-88ed-7289fb3c4634"",""2e1bf803-b83a-35c2-89a9-cdc340e7e86c"",""60ced4d7-4119-39df-9985-42d1b6ad1939"",""a079f85b-5e09-34af-9cd0-64197cd91305"",""a5380c6d-2162-3227-8f92-5f8be5ec94a0"",""746181df-026a-36c9-8dc0-e18d59239a25"",""75c6c5d7-6a68-3fa2-b552-89908addf250"",""9c3d0e6d-a107-31c0-a290-14c666f689e3"",""c4b427b7-19dd-3c3e-825a-3812b3bf7ada"",""d3160a1e-ef44-3096-9812-b5cc8ce76ad8"",""f8e9d340-98ab-3d02-884c-5c9c31977f4f"",""5ffb0106-c8fe-3d9e-b512-0b3bb55c7543"",""66cb7b12-21a2-329f-b388-7a0bc59baeec"",""6de80d0b-83cd-3e89-b891-82a2ee43369e"",""ced4edd5-4384-3eac-bfa1-3a415e8149eb"",""082e3642-c568-3063-aa57-10a90ba2e03e"",""1edd0c27-c4f3-3771-85ee-bdeda4a74e89"",""4ec7d697-42ff-34e9-8546-ecd6da0030d2"",""6017e84b-d45d-3801-815b-8cbf878ebd42"",""bd7a752d-e13f-3103-b462-0382b0f3d352""]","[""046ec1b0-8664-3c0d-37ab-426b43113099"",""59b68db0-3ae1-41bf-08f4-9775658eb47b"",""39804554-78de-e038-0687-6f4793987860"",""6a0612c5-4317-b473-a6f6-7f56474521b1""]"
6c4f4f7e-9cf3-44ec-9d24-f32f275fe380,Rob,Patterson,rob.patterson@siriusxm.com,+15550010135,premier,,"[""bf26f478-46c3-5e93-878d-f3faf01bed65"",""2fb26836-34d0-1c05-5a56-4afe77ac8d65"",""d4aa956e-232d-3624-b415-d593cb9970c4"",""d701b999-973e-4924-cfd9-bfb71bd4c6c5"",""42983b55-f122-3e34-9a42-e7e1f616feb4"",""bf68143d-85cd-a0cf-25b3-77e72abf9cab"",""ba107a8d-fb2d-571e-1894-f6ea03ed318a"",""1c03d7ed-0fa5-b133-23c7-01dbf66b335f"",""478e5e64-ac60-3aee-bf7a-466963214eb7"",""49a80eed-208a-66be-85af-3c1c24b61945"",""0e7ed6f4-4aa2-acd4-d045-fd073763c2c2"",""ce1f80fb-5594-a087-7cc8-8d113fa103bb"",""a96c9390-313c-3a51-5dac-953504f4f237"",""62bb80a9-e12b-4c9d-95ed-16327efcfb40"",""b8272b8e-d64b-39f6-927d-2b77bd216ca5"",""406b4c1a-8d4b-211b-bddc-91843b67cc14"",""052d805b-0fb1-16e6-a431-d5096bb6700a"",""c318c8c1-8302-12a5-f9e9-75518e18ae78"",""726164bd-f1d6-bd57-6480-9d7b08710625"",""62a54063-b231-410a-db04-755a654228be"",""96393f5e-115a-3bee-ba47-c263fab5b41d"",""44f9129f-579a-3d23-218f-3c3518036fc6"",""20871ee1-8eb6-7285-c842-c8a32a5a4283"",""91109e50-f6d7-3c63-1403-d841e3819b84"",""8528a599-01df-885a-e32b-a21fd01b9ce1"",""7a642de7-c33f-a628-efb2-3d94a829d17b"",""d859dbc2-8897-c9ac-120a-c734b84d9df5"",""6d3a889e-e464-337e-980c-33ae8ad389b9"",""b6d9f28a-e502-362e-ab7f-365f2e6fbd37"",""cfb904e6-22bd-7381-fe7d-862977ba3f2b"",""282bae89-735a-c222-526d-d217cc615681"",""ffd56a04-702e-e63e-97ba-c8abd0d54f22"",""4466e297-33f5-b69f-e5e7-71be602ebb2f"",""cf96aba3-3b37-312a-78b9-16b53c816205"",""a4915da5-e76e-6f54-dd7a-49f475d10fea"",""c3a5817f-5659-8f3c-e9e1-09a41670036f"",""44bcccb4-2fb9-393d-8394-b760a7170c69"",""6eb39077-3911-3c63-a7cf-1c004ea68a64"",""b546a271-6058-6512-1dd5-12de98976dcf"",""61893114-e9a5-b984-b7d7-cfdcb14e9369"",""338b78ee-1037-3c87-0694-f7a59e737c22"",""3adfcd26-b336-23cb-f40d-8e4f1a40e1de"",""415a90d0-bb89-3d62-8a43-9e018d952caf"",""5a158ef5-3fd7-0809-d526-7ccee99b1dd2"",""c2073950-f086-3ab8-8236-2c16cd0f39e9"",""dd0bf0c6-c979-3014-7f48-f1141fefccc6"",""62952aa2-08df-375d-93e7-ef3b9718b709"",""d54ce222-579b-39cf-81f9-51b0ffebb249"",""194adbca-34d6-cb94-b153-3488ee563308"",""09a91fb6-2ec7-f8fb-e562-4f869ff011ef""]",[],[]
bc3ce03a-939c-4501-99c8-8c6812a02808,W.B.,Peale,wb.peale@siriusxm.com,+15550010136,premier,,"[""a4b7a4f7-af96-3ae6-53df-f78ff9ac9aab"",""e6333906-2e89-6c07-59d6-36d09248b8dc"",""804a5411-b234-1188-27da-f01197103886"",""c5c8208d-3c38-39fa-5a69-b73989567744"",""b5b35d21-cd79-73c7-b577-002a3e69cd41"",""7fb5c127-435b-4ad1-a6d0-9f12778510f9"",""f07950c6-0abf-ccb9-0614-9137cd9837ec"",""9ab9c4e7-41b8-d383-c525-366f5c4af8f4"",""27adcf33-1681-9f00-2461-2129a2471abf"",""024e45d1-37e5-d592-f7cb-d39c4198f504"",""69e5185d-d218-8fbc-082f-6ea5a16ca4db"",""067801cb-bb3f-1707-dd21-d77e06bb27c0"",""ffd94bb6-5368-67ae-91be-5b2bababeca0"",""6adef1b5-d812-9c10-7c6c-f05af4e27077"",""04e45b04-19ab-3ca3-3064-4fe6320df18b"",""44a043a9-4ad8-4f24-fbef-866695c96c95"",""7dbb75a5-f3f3-2ef2-c403-c6580191f559"",""fe5e0a4c-9181-d835-115a-0d9937722069"",""4ebc3011-0ebe-a9ad-c58b-9a306f60fc2b"",""d23d9dc0-c2ba-76a1-6bc8-6687f6395747"",""f49737db-bea3-0c13-9834-b879fb1894c4"",""1898923d-071d-0abd-1a62-ed0d2702d4f1"",""3fdc6446-2598-7c2b-d68f-1dcc1afa3433"",""cbacd6f4-17c3-460b-8a97-7d4daeb67547"",""bd54fc02-e063-0e3e-0cbb-4ceafef734e7"",""c2a517d4-c02f-06eb-77cf-f81bfa719188"",""25de1705-19ad-6f6e-d45f-3f8775a37800"",""3b83dc80-5987-6898-e98d-a98012f700c1"",""9e8d6f72-0b59-85cf-a222-b18d38acdc0f"",""35a57cf4-cffe-877a-ad92-59827a39b095"",""5cdfcb78-9e5b-68a1-af37-2d4c59e16783"",""bbff1779-9f88-460c-81c6-a6e6f103b059"",""fd5740ec-7f11-0ecf-f676-46f9dc056d2c"",""b29fedbd-5546-2d41-ccd5-2e8df46851d6"",""5a976939-ae58-cc65-2e39-256e412e32e0"",""d4d17484-cb4d-06bf-60e0-2944cb827371"",""60b0ea2e-dec7-1d4a-da2a-6de09f273fe7"",""834383dd-9a7e-d59e-81a2-dd13e0377af2"",""2022dfab-580f-675f-6aad-00aad9c3be9b"",""d1d4ebe8-27f9-c5e4-3cfc-23333cb56790"",""a00885e6-262a-0291-458b-e0b07fba71e1"",""888e04dd-27f6-4002-5d3f-2d41c4efb474"",""6bb02112-b00d-85a6-2e98-6780c955d0b8"",""192adf4a-f762-bb8f-e5dc-3d228e102a8c"",""3fd664a8-229c-ce9b-c468-66e2a54abf0b"",""5fbd983b-7cf9-71d7-7890-c13682e2375a"",""35b0a4e3-b63d-b68e-4c34-6462579a8721"",""5d71ae5d-5c6e-0430-6fc5-d9ca0c1c34c0"",""e2d7197c-cce3-ae6b-da6c-1e199259c0aa"",""b382381b-d34a-a00d-91a7-b2a2a2e31d97"",""60035cea-1181-5b91-4c33-ba63663a37e2"",""e3b61a24-206d-4fa1-43ae-14ea190e47a6"",""727fa612-6e53-458e-720d-b662dc974e5d"",""6f8282f9-ab81-41b8-bfd5-3ae56be0e023"",""ee39c4a3-a637-442d-8640-beebb05e3432"",""4d073b8d-0933-467f-ade4-84f792ff513b"",""e4b5402c-c608-db84-ad15-4bc8e2cdccce"",""20afb69d-d8de-8579-f197-9ff1086e0400"",""65f04311-3581-256c-97b9-279838d6ff5e"",""d0759ae0-eeef-48e4-c4b9-526217aac33d"",""634ea01e-4ae2-c7e8-7567-138965e8a6fe"",""7dcedf0f-8d43-f932-cdae-81601ee49e30"",""41f8b174-fb06-1707-aaa7-e74e109c2ee9""]","[""3f79626e-f429-3b1b-b549-38d3a50a9efa"",""4fa1f649-0b7c-3ffc-a141-d83f626ef758"",""5534226e-c0b0-3246-ac8a-337d79c4c1af"",""5d127e4b-e31e-37f3-97a8-d98b1779401b"",""a4c77ce4-2be1-37e2-98d3-faa451f8fab7"",""af71cd81-7676-3fd1-95e8-9436c24f2994"",""d1c5bf83-f66c-39ef-9cf5-59890e830266"",""e725e341-861d-3a4f-abfe-767648a1b2d4"",""37124228-7498-3099-bb96-d7a8b7ebfa35"",""735fddc2-f456-3ef6-9d34-db5fc544b8f1"",""7bb73006-d494-3146-acfb-1b0bf768ed5b"",""871760b0-96a0-3bbf-a306-ef6a986e3ae3"",""9593cb2f-42a6-321f-b52c-67abc0cdd716"",""4d5f79c1-80f9-37b8-93e3-6f87425c7224"",""57a8e72e-d93c-3e6f-baed-f003a66f86d3"",""9429f152-bd68-3d2d-92f9-28796ae690a7"",""e12ba404-eac4-3298-8ae5-ab95e6129120"",""2b731300-6708-3ae9-9e33-1c3904235b3b"",""95d25110-10e2-339d-a974-d806e4c5be73"",""a86a0cb7-552a-3f2a-84b7-a59e47d33334""]",[]
62c4af1d-d72b-4659-b5ab-380679239f2b,Jen,Pichichero,jen.pichichero@siriusxm.com,+15550010137,premier,,[],[],"[""5f3059d7-025e-92e0-cc34-69d0fc958747"",""73ba0cc6-4b58-8efb-7ac2-93bff4f28771"",""47019848-1552-71da-2b92-a148aec52af5""]"
227c6f6d-1616-4c78-98fc-cf9fc7f6d08b,Cheryl,Porro,cheryl.porro@siriusxm.com,+15550010138,premier,,"[""e6333906-2e89-6c07-59d6-36d09248b8dc"",""21b63878-b369-1503-d1c8-6025cc8571de"",""6ce53b6e-fef9-ab81-e5e3-1e100e8a5e84"",""ab0e4302-503b-e1ff-c786-8307a3d36fe0"",""01305215-db22-2cdc-7eaf-ca12c60a2643"",""15e85158-0efd-4490-82f9-369288e50fa6"",""df616fc2-5d89-2a2d-c5f8-f719463ea5bb"",""f4227790-3b4b-e1cb-ba08-5b1c6375844e"",""c636d008-7cb0-99eb-7fb7-7c489f862a26"",""32c4747f-8739-d578-62d8-08a92d518445"",""4d49f200-7e40-2209-511e-5d93b86d227c"",""3686ac93-80a2-c3fc-fd0e-0c594babdaaa"",""89fc48c2-5323-f34a-f0f1-ceb1ada561bc"",""ffd94bb6-5368-67ae-91be-5b2bababeca0"",""5583d0b9-0505-be47-22c5-473d0d9c8086"",""6adef1b5-d812-9c10-7c6c-f05af4e27077"",""176daca5-6810-3a1c-49e9-39b69055e811"",""a313351d-2602-aea7-e635-c7a3fedb719b"",""44a043a9-4ad8-4f24-fbef-866695c96c95"",""ce43d052-aa62-2a96-cb93-63fc289f8ef9"",""4ebc3011-0ebe-a9ad-c58b-9a306f60fc2b"",""5ad6890a-adaf-48bf-adbf-d0bf28def878"",""c7d82910-1b56-0127-fa6e-c2f99a53ca87"",""3fdc6446-2598-7c2b-d68f-1dcc1afa3433"",""855ac14a-ab56-5462-ea40-ecda06123a4c"",""b96d76d6-935a-3b90-c22d-e0bc7ba11543"",""cbacd6f4-17c3-460b-8a97-7d4daeb67547"",""0ad7c62c-fa4f-405e-9d4e-253663cdee04"",""7c380201-88bf-c599-8785-1af668785570"",""c2a517d4-c02f-06eb-77cf-f81bfa719188"",""3f655067-3544-a5bf-2385-d7cd2fb292a9"",""5751afc7-20ca-496c-914c-faf8f0e421ff"",""25de1705-19ad-6f6e-d45f-3f8775a37800"",""67e73c97-1e8d-6170-b50e-07222df14cec"",""9e8d6f72-0b59-85cf-a222-b18d38acdc0f"",""038e9a9a-4878-7561-521b-5d432a0798a0"",""fd5740ec-7f11-0ecf-f676-46f9dc056d2c"",""2211d1e6-153e-f617-b0d7-fd0b4ff513f2"",""8d387b31-2065-7393-01c5-f86e3ea47dc9"",""44f9129f-579a-3d23-218f-3c3518036fc6"",""834383dd-9a7e-d59e-81a2-dd13e0377af2"",""2022dfab-580f-675f-6aad-00aad9c3be9b"",""5d35ec08-9d00-4b9c-b1aa-2d2b70fd278b"",""621204db-8d37-574d-26ae-e1885791bd60"",""5fbd983b-7cf9-71d7-7890-c13682e2375a"",""35b0a4e3-b63d-b68e-4c34-6462579a8721"",""f9227748-d27b-0bff-6efb-684024c9f555"",""5d71ae5d-5c6e-0430-6fc5-d9ca0c1c34c0"",""0fbe84c5-5a91-dbb9-9c68-e170de43f729"",""9e545d10-7c21-9707-1d34-3d503b7365bc"",""6d5e6d8a-dbc8-b328-72ef-cb5e2a62a3a0"",""becbea68-c499-4790-b46b-841fe10bbc98"",""705b4f46-09ae-c9cc-26c5-30b56d62877c"",""123f7d39-c99f-2f01-7900-0d4b8b010cb7"",""e4b5402c-c608-db84-ad15-4bc8e2cdccce"",""51f88432-8311-37e0-b57d-9b0ab63f5ce9"",""7245effc-8d5f-4e53-a1a2-33ba10118e59"",""adc27a20-6fc4-7269-5ca6-4a492f7dfa55"",""f7e9cc61-a52f-7faa-2839-c0b9e5fd97fa"",""194adbca-34d6-cb94-b153-3488ee563308"",""41f8b174-fb06-1707-aaa7-e74e109c2ee9""]","[""0c63a2ca-162f-383f-b78c-76621e9e3474"",""4fa1f649-0b7c-3ffc-a141-d83f626ef758"",""5534226e-c0b0-3246-ac8a-337d79c4c1af"",""5d127e4b-e31e-37f3-97a8-d98b1779401b"",""a079f85b-5e09-34af-9cd0-64197cd91305"",""c2db354f-23bb-310e-8144-7a1a53e2dfbd"",""c7e81c57-33f5-38ca-9b25-59ef4deb98c9"",""e446b9a7-a441-3ff1-bae7-1a8aed65410b"",""306be941-0066-3677-83c8-ec0d0fb2b7ff"",""4f6abdbf-b055-31bb-a0cc-19a6249c62b6"",""5b6b0965-4379-324c-a9d2-ca683d9fcf08"",""746181df-026a-36c9-8dc0-e18d59239a25"",""889a9a70-af9d-3b12-ba24-363e07e0ba49"",""c2902a56-faa0-3d5a-a4c6-b8428c2adbeb"",""f8e9d340-98ab-3d02-884c-5c9c31977f4f"",""5ffb0106-c8fe-3d9e-b512-0b3bb55c7543"",""ced4edd5-4384-3eac-bfa1-3a415e8149eb"",""2b731300-6708-3ae9-9e33-1c3904235b3b"",""4ec7d697-42ff-34e9-8546-ecd6da0030d2"",""b8617d24-1274-35d4-ae3e-9f8b9f1bf9b0""]",[]
4b626ebf-14f6-41c4-aa4c-efd3dd749aae,Chris,Pristera,chris.pristera@siriusxm.com,+15550010139,premier,,"[""a4b7a4f7-af96-3ae6-53df-f78ff9ac9aab"",""9e206412-957a-55e8-9a41-3b0ed6b1fd40"",""881c9b1f-e7fd-4637-b87a-0dd06f1831a5"",""e6333906-2e89-6c07-59d6-36d09248b8dc"",""b012681b-cac1-bf38-c788-035166c0f440"",""36415c41-0749-9004-4baa-ef0da292b2f4"",""c5c8208d-3c38-39fa-5a69-b73989567744"",""e3041d19-daa5-6517-8c73-41976582d1f9"",""9a81f9ca-982f-021d-27b2-747b269f58f3"",""70ffb8ff-c32e-bab3-2302-965e5d143689"",""ffd94bb6-5368-67ae-91be-5b2bababeca0"",""a8465da9-2ce2-9b01-6679-e67c5066697b"",""6adef1b5-d812-9c10-7c6c-f05af4e27077"",""176daca5-6810-3a1c-49e9-39b69055e811"",""a96c9390-313c-3a51-5dac-953504f4f237"",""e0f2ca87-4503-0c21-ba7c-4ac428f39195"",""44a043a9-4ad8-4f24-fbef-866695c96c95"",""4ebc3011-0ebe-a9ad-c58b-9a306f60fc2b"",""916fef38-0988-40f4-81fc-8127afde9a04"",""bd54fc02-e063-0e3e-0cbb-4ceafef734e7"",""dc5d3e2e-4729-7a6b-25f9-fe15dcc352d3"",""c2a517d4-c02f-06eb-77cf-f81bfa719188"",""2ea07147-a720-ed0c-d4ce-d7bddd1640d3"",""3f655067-3544-a5bf-2385-d7cd2fb292a9"",""ed6ae55f-4450-9b64-bca9-b1411b1f07d8"",""0aee72ed-5dd8-2848-3567-d8809e123cd1"",""67e73c97-1e8d-6170-b50e-07222df14cec"",""0fed9647-cc82-24d7-526d-98762e8a52cd"",""f850d2f6-ed0b-f687-5e8b-9791c09d2279"",""9e8d6f72-0b59-85cf-a222-b18d38acdc0f"",""038e9a9a-4878-7561-521b-5d432a0798a0"",""5cdfcb78-9e5b-68a1-af37-2d4c59e16783"",""95d4d8ef-55e4-8337-78f1-2fda944991d8"",""6567f2ee-4d7a-cd6d-3402-55ed6089cd0c"",""8d387b31-2065-7393-01c5-f86e3ea47dc9"",""44f9129f-579a-3d23-218f-3c3518036fc6"",""1357119f-6c9e-89cc-63b4-91cdb6ee8b7b"",""c3890f3c-1222-5036-bea9-6d52753bf018"",""f936a498-89c7-bc15-f158-19a015db0683"",""95bffee3-e903-ca28-6332-1b94f41a8962"",""40c3d189-9611-e59f-5808-7847e294642e"",""1a8e4f9f-6e85-731e-e721-78617e1b448f"",""4466e297-33f5-b69f-e5e7-71be602ebb2f"",""6d5e6d8a-dbc8-b328-72ef-cb5e2a62a3a0"",""0736f9f8-2b36-d38f-e3a6-d4de7d7877a8"",""7821ead0-6efe-0a62-6a07-cd738082473c"",""bda81f03-f231-d4db-56ad-40cb132c5663"",""123f7d39-c99f-2f01-7900-0d4b8b010cb7"",""e4b5402c-c608-db84-ad15-4bc8e2cdccce"",""b546a271-6058-6512-1dd5-12de98976dcf"",""fb452ece-ac0c-2236-780a-d85c72fbcc88"",""65f04311-3581-256c-97b9-279838d6ff5e"",""d0759ae0-eeef-48e4-c4b9-526217aac33d"",""7b32233d-bf01-9654-d97f-9e261aad3d8f"",""4abb03ff-55d9-e382-0a0d-cc9a5cc2eb80"",""e45dc55c-801e-7ca4-b284-dffe6466540c"",""a46069f2-6e41-a40a-79b0-3a6b5aa5287e"",""59b99400-903c-449f-3112-ae6b1323e4ac"",""194adbca-34d6-cb94-b153-3488ee563308""]","[""75d79271-8d4c-3430-9498-afeb93b2090c"",""a079f85b-5e09-34af-9cd0-64197cd91305"",""a0dc39a2-10cf-3fbc-b76c-c3af6568560c"",""c7e81c57-33f5-38ca-9b25-59ef4deb98c9"",""cfcec537-ed3c-3b10-ac80-d3c55263298f"",""370bfbc3-2d08-3232-af04-e34dc1ca61b4"",""746181df-026a-36c9-8dc0-e18d59239a25"",""8d31e913-e730-37c9-ab24-cf20aa7b8eb1"",""f8e9d340-98ab-3d02-884c-5c9c31977f4f"",""5ffb0106-c8fe-3d9e-b512-0b3bb55c7543"",""ced4edd5-4384-3eac-bfa1-3a415e8149eb"",""05dec3c6-7d77-3263-96a9-61db06c8b221"",""0a5a196b-c316-39f7-9526-b0a2e35d38f1"",""2caaf6ca-0ee5-34a4-8cb5-dd85a293cfb6"",""4ec7d697-42ff-34e9-8546-ecd6da0030d2"",""54154071-c266-354b-8806-db018e42eda8"",""7a7edbb3-3aa1-3246-98fb-8c0deae45686"",""a010779c-2710-355b-a735-9b25c38eea7f"",""c3018fb9-87db-38ea-9688-3ce671cb4476"",""ccec69c4-9620-31d1-9688-bac22018adc7""]",[]
11c2f418-cd1f-42cc-9b69-de8a066dd68b,Grzegorz,Puchawski,grzegorz.puchawski@siriusxm.com,+15550010140,premier,,"[""a4b7a4f7-af96-3ae6-53df-f78ff9ac9aab"",""43993462-1c73-efb8-29e5-0c4652cf8e4f"",""81590c3b-91a5-a803-b560-05732d5a1fbd"",""9150cc82-af5c-3be3-d170-0e81d87375a8"",""33b8ac91-7035-3146-6fb1-59b38ed958c3"",""804a5411-b234-1188-27da-f01197103886"",""fed8de31-8d51-8949-6c69-2035fb0485b0"",""9529f1ce-edee-aa5a-1079-a523fc607535"",""2b6effb8-eb0e-7421-d7bb-d843a9ff3ce1"",""9a32cb1d-e158-5f34-79be-cbeaca00cd11"",""e3041d19-daa5-6517-8c73-41976582d1f9"",""98672b8b-d1ec-9286-7a7f-b829a617500b"",""32c4747f-8739-d578-62d8-08a92d518445"",""20801778-3df2-d607-eab5-e03de0ca7815"",""c9256031-1123-f35f-4d49-1ba4d5379258"",""27adcf33-1681-9f00-2461-2129a2471abf"",""69075102-70fc-84cd-2ea3-121bd682f296"",""067801cb-bb3f-1707-dd21-d77e06bb27c0"",""886a27ad-eda6-e653-5ff3-93871250322c"",""ce43d052-aa62-2a96-cb93-63fc289f8ef9"",""c7d82910-1b56-0127-fa6e-c2f99a53ca87"",""1898923d-071d-0abd-1a62-ed0d2702d4f1"",""93c1c9bd-3403-392c-9ae7-ae292b8bb052"",""5ad8659a-414a-9e26-b973-f5a229d788dd"",""8ec2d70b-bd02-72d5-28ab-8a42ff358d86"",""2ea07147-a720-ed0c-d4ce-d7bddd1640d3"",""8a3d176b-87e9-4600-9f29-53350daca710"",""782bdb9f-d94f-b0f4-aa5e-644f13b89275"",""9e8d6f72-0b59-85cf-a222-b18d38acdc0f"",""42f72153-ec76-e66c-c517-e86a6dcbe922"",""3c7b2421-7ce4-0ecb-bc70-7f60f15d3d29"",""916d7bd2-33ad-2fac-5787-cc1865a499be"",""a9914a41-78d6-4402-8150-b8f14a44945b"",""b8b47809-4e8e-f556-8325-bd45fa3d4dc4"",""1aca2882-fc94-6430-fc3c-8b5b61c957bf"",""6567f2ee-4d7a-cd6d-3402-55ed6089cd0c"",""2211d1e6-153e-f617-b0d7-fd0b4ff513f2"",""6962418b-d160-6098-bffd-ba2a2a553873"",""dc5c7744-a0f1-45c9-970f-b7b4756d2b50"",""44f9129f-579a-3d23-218f-3c3518036fc6"",""7a642de7-c33f-a628-efb2-3d94a829d17b"",""c3890f3c-1222-5036-bea9-6d52753bf018"",""3fd664a8-229c-ce9b-c468-66e2a54abf0b"",""b6dd91d2-5509-97ef-c22a-50365d0026d6"",""95bffee3-e903-ca28-6332-1b94f41a8962"",""35b0a4e3-b63d-b68e-4c34-6462579a8721"",""d43c7d88-8357-8c6a-57c7-b9d29180ef34"",""3a03329c-f9d5-8842-0d01-d5c305364b2c"",""bda81f03-f231-d4db-56ad-40cb132c5663"",""4ea4beb3-dc40-276c-a20c-19a28e8c2b2b"",""b647fd9d-c5d4-3681-1388-c6686c889d8d"",""65f04311-3581-256c-97b9-279838d6ff5e"",""aedbc5ac-7759-6c9a-63d0-ab5d3074fccc"",""4a95af20-4bf8-7a4d-318d-e5147efb4bec"",""4af9dbe8-4b33-5a88-bd8b-96514b972894"",""634ea01e-4ae2-c7e8-7567-138965e8a6fe"",""5f8894e9-d615-21d0-a114-ecd08e7fa75c"",""1cef60a9-1c54-f398-f13b-3d59766aba5e"",""194adbca-34d6-cb94-b153-3488ee563308"",""41f8b174-fb06-1707-aaa7-e74e109c2ee9""]","[""28e00f6e-1096-338d-b562-5be8a8156209"",""4fa1f649-0b7c-3ffc-a141-d83f626ef758"",""5284a7c8-7818-39cf-a72f-54a5b73ca034"",""5534226e-c0b0-3246-ac8a-337d79c4c1af"",""5d127e4b-e31e-37f3-97a8-d98b1779401b"",""b2d18d85-6326-3dfb-9b87-85afaeabd598"",""e23e1fc2-13c7-3603-a220-88aa468514b9"",""e9024e72-45d4-31e6-89f5-c2885bc87cc3"",""449a7b59-8e73-3d5a-a687-a4a65addf3df"",""75119286-f8df-3465-a845-310071f5a25b"",""c2902a56-faa0-3d5a-a4c6-b8428c2adbeb"",""1f45768f-16ba-36d2-9413-1d0b763237a2"",""26c35c32-f7ad-375b-9fee-2c5d632208b7"",""52a59010-b7ee-3203-a446-783323df6f01"",""29a126ba-7bec-34cd-8df0-9354aba14fe5"",""2b731300-6708-3ae9-9e33-1c3904235b3b"",""b8617d24-1274-35d4-ae3e-9f8b9f1bf9b0"",""e98a5abc-5ea4-3290-8f2f-702cdbcd1943"",""e9ed01cf-f4bb-31ee-ab3c-35f5986a06c6"",""ea4ca2ba-fe4d-39f7-8bf8-9d91fb6ebc3b""]","[""b59aecfd-ec56-d90f-176b-c88a656bd4c3""]"
0c173c1a-0186-4274-b3c3-639fb5468e1c,Allison,Rachesky,allison.rachesky@siriusxm.com,+15550010141,premier,,"[""a4b7a4f7-af96-3ae6-53df-f78ff9ac9aab"",""43993462-1c73-efb8-29e5-0c4652cf8e4f"",""951fcb1d-f631-3120-4bd7-0231e8c8d75e"",""81590c3b-91a5-a803-b560-05732d5a1fbd"",""b436c7d2-38b2-b8aa-48df-c175e0f1f5b3"",""33b8ac91-7035-3146-6fb1-59b38ed958c3"",""804a5411-b234-1188-27da-f01197103886"",""872f3487-26d2-af2e-787f-6bf016663ab9"",""05cd3a1a-d292-3b8e-e8c9-1566d0726994"",""c46c9810-6274-a715-a8b9-de9d4ac33873"",""7e10c4bf-afcc-fe98-6399-c1b8a54ff4c7"",""d72647c1-8626-da89-5107-3e8629721cef"",""1aae14e7-c70f-e11a-1633-1e86cf0d332a"",""2ca97be3-4b6f-9465-30da-4f0d3d83d948"",""5e238897-265a-1bb6-3baa-0376b15f519f"",""a8e1de0e-c751-dadf-3abf-91912a25c1fa"",""12b72482-359b-4cd5-b105-1a837602bc35"",""34cb530e-64fd-7845-8cb3-fab67d3770b9"",""69e5185d-d218-8fbc-082f-6ea5a16ca4db"",""0550548a-9237-0b28-8121-c7851357deee"",""a8465da9-2ce2-9b01-6679-e67c5066697b"",""6adef1b5-d812-9c10-7c6c-f05af4e27077"",""176daca5-6810-3a1c-49e9-39b69055e811"",""a313351d-2602-aea7-e635-c7a3fedb719b"",""906e5792-c7fe-5ea8-90f0-002dcfaa34fe"",""f8bc644d-6368-4837-a230-7503b9bb0537"",""2138d1dd-77f5-3f5a-d1f5-7708d6eb7406"",""b7527c67-738e-1ddd-0720-a5862cceffbf"",""886a27ad-eda6-e653-5ff3-93871250322c"",""7290fe63-4a80-d055-ff31-855a1d8dddfd"",""269497e4-7f91-377d-0940-6b9f027b5b3b"",""2a74320f-938b-8e80-5e7f-5e8e110e1d42"",""5ad6890a-adaf-48bf-adbf-d0bf28def878"",""09d1edf4-3e54-59e1-3fa6-e68233c07b17"",""ab6a16eb-6e7b-6933-1dd1-8b04fbc922ed"",""d29c7a4d-b72a-53ea-cdc1-396d87e823c4"",""f49737db-bea3-0c13-9834-b879fb1894c4"",""b2f9e172-ffc0-7e10-ea5d-955e85b4f11f"",""c2a517d4-c02f-06eb-77cf-f81bfa719188"",""d81ce79d-3804-4072-9668-82173174c412"",""a8795c6d-0d26-ce2b-b32f-95c4738aef67"",""25de1705-19ad-6f6e-d45f-3f8775a37800"",""9e8d6f72-0b59-85cf-a222-b18d38acdc0f"",""1253b754-3eaa-9b16-d2d9-59a56de43713"",""038e9a9a-4878-7561-521b-5d432a0798a0"",""e31cba38-ecf7-0f8b-1eb8-a850e1fa017e"",""a9914a41-78d6-4402-8150-b8f14a44945b"",""fe951560-f7e7-2ee3-9de9-cfd89fd54ac5"",""fd5740ec-7f11-0ecf-f676-46f9dc056d2c"",""aa47060e-355d-4c3a-aed3-39861943d3ba"",""44f9129f-579a-3d23-218f-3c3518036fc6"",""2022dfab-580f-675f-6aad-00aad9c3be9b"",""bf022b5f-a52e-564e-c35b-4211126df403"",""0a41b3eb-105b-fe31-95d3-6cb94796c88f"",""d8785a4b-1e56-6d69-fa0a-5b4ab0abdce7"",""40c3d189-9611-e59f-5808-7847e294642e"",""56605cc5-88b8-557b-fc3c-dae7eb41bf56"",""727fa612-6e53-458e-720d-b662dc974e5d"",""0736f9f8-2b36-d38f-e3a6-d4de7d7877a8"",""0b24bf02-1f33-c237-6ebb-4c2ba4f64082"",""5a42ecd0-a652-15a8-113d-ddb71bf04316"",""cdc9bee8-9317-37fa-ec8e-464096670c60"",""fc92713b-2006-4980-ef7c-e70f1da80427"",""116215e9-711c-fab5-ffc9-4791cba89e8f"",""5f8894e9-d615-21d0-a114-ecd08e7fa75c"",""b82b3a54-a8e6-5216-a387-75f8ba6048de"",""6739babb-7975-e60e-1835-fbacd4bbd855"",""9d7bdf25-a708-aa98-8850-132bc45898a5""]","[""33c263eb-6d8e-35ee-b7ea-b459a71b8dd4"",""7c6351a3-72ee-38d1-bba6-23fe67a84e5e"",""a93c3152-1640-3a79-8ad9-6352af64754c"",""aea58588-2924-377b-a9e8-941b75ef9f51"",""d62b45b3-8900-3716-bdfc-0b39127fc25b"",""df3210e1-ad95-3d6d-a245-6bea8e2d38bd"",""014ce104-179e-353c-b0e8-7cf8521d4ed9"",""09a1575f-a173-32a0-a144-ddecb5659e4a"",""4a17d654-84ab-394a-87a3-e8bdca467dd2"",""aab43f1c-34b6-3a5d-91fe-bed75fc2d715"",""1b18bf01-9a34-3315-a723-8c9e16db4cca"",""aeb8e52c-90c3-3456-b79a-be08f8377695"",""b823a50f-ba0d-32f7-8deb-4a959a5ce913"",""e783d3c9-3931-3354-9ef4-c9734eeeb036"",""6c4a04e9-4797-3567-8a1e-0b1499305fc2"",""7e47b2f7-a8b4-3d7e-8f8a-d59e1658c138"",""85a09e51-253b-3a7f-b6a1-6e2708f2ea0f"",""878d7939-3121-3fba-b370-2a4eca21af23"",""9965fbd9-074e-3eb5-88ce-a5dd1094cdf8"",""d2d2d1cf-3346-323f-ba50-9267de6d3907""]",[]
2dbe2ddc-56c7-459f-b125-336c5abaa23a,Sanjay,Rajput,sanjay.rajput@siriusxm.com,+15550010142,premier,,"[""1528d1b3-965b-3c90-b9fc-39a32c30c990"",""bf26f478-46c3-5e93-878d-f3faf01bed65"",""8a8cfe73-ba3e-34f5-8fde-e5806cdddc39"",""8d9c0b16-4734-3bc4-d523-7c942cf888aa"",""c75048bc-1c4b-32bb-bec4-6188cd5eb1a2"",""d87c40cc-2b44-94f3-b330-0a8ebbdba9e7"",""b43cf779-b65e-680b-cf10-aaf6af8af98e"",""aad0e3c8-8a7e-3370-8741-61d7b5715ed8"",""4fc25519-469b-df27-7887-cbcda25cdb55"",""da6f234a-2540-6518-3869-2beb06137499"",""b1c68e25-8895-7972-6fff-a9bc71c5bd73"",""acdd85c8-41e2-f8f6-49e2-faae05803af2"",""4d9d39a1-5d8a-35a4-900b-ec58c7cd755a"",""c636d008-7cb0-99eb-7fb7-7c489f862a26"",""20801778-3df2-d607-eab5-e03de0ca7815"",""46878042-f4a7-3caf-8c24-29edb60d71d0"",""5e0d2524-572f-32b0-ad31-024b35a111bf"",""6a2fec4e-ffaa-e918-7f05-f9d0e3337a94"",""d14263e8-67b4-116a-562c-fb0e0e92512c"",""13905487-5920-66dd-6d8b-ec33f1c5c797"",""01df036f-ad39-e243-e554-f614e1f0ce00"",""42f72153-ec76-e66c-c517-e86a6dcbe922"",""8559dc98-d273-3c85-889f-4d50f9d4d83c"",""f3692922-0812-3fc3-db97-c925da495018"",""2022dfab-580f-675f-6aad-00aad9c3be9b"",""1a8c7e32-a74d-20a9-9842-63fecb57f97c"",""91109e50-f6d7-3c63-1403-d841e3819b84"",""5c911765-b983-35ef-ba7b-52b804fd34df"",""97494c49-0155-386a-8272-a70a12652ffb"",""7a642de7-c33f-a628-efb2-3d94a829d17b"",""b80a0fd3-c00e-000d-b9d5-dd6db4ce41e3"",""282bae89-735a-c222-526d-d217cc615681"",""5907a263-8ba5-2964-648d-7b93ff28e323"",""5c9ad471-8db5-3a58-a1b3-3f4ab6fb6f81"",""5718ec9d-c71f-d2c3-762b-34607ac465d7"",""727fa612-6e53-458e-720d-b662dc974e5d"",""4466e297-33f5-b69f-e5e7-71be602ebb2f"",""cf96aba3-3b37-312a-78b9-16b53c816205"",""93a8061c-dae0-9668-34bd-a5350770d2cb"",""a23276fc-825d-cf77-a597-f73acb841b0e"",""b546a271-6058-6512-1dd5-12de98976dcf"",""5679685b-f672-19b1-bd30-43315a07e499"",""3f7f1b42-a126-3638-b636-0123dcc085a9"",""b61062ff-fce3-9f4b-acd5-4d6eba614524"",""7c8567fe-68fb-380b-a006-cbcb6c0552bc"",""81f6ef98-26da-3699-9ec3-36ed66e2986f"",""e253bdca-601f-2b68-52fc-3f6a9fa33bb9"",""7b9dd5a3-ac40-b55a-1d40-8d43116b35eb"",""9957819d-7b18-3b11-92a6-33a0d602f0ea"",""09a91fb6-2ec7-f8fb-e562-4f869ff011ef""]",[],"[""668fcd9d-b8ab-3990-35c6-c0a2b16ccccd"",""30a0b96e-b5de-b744-ab5f-1128673ed4bc""]"
3deab839-6cbe-4a2c-ab40-a780083803f3,Kristi,Schneck,kristi.schneck@siriusxm.com,+15550010143,premier,,"[""676e25c2-96a4-6153-af43-731dcc6c358d"",""804a5411-b234-1188-27da-f01197103886"",""49b0629a-cdaf-41a3-b34c-3df0284525a5"",""c46c9810-6274-a715-a8b9-de9d4ac33873"",""9ac86521-ebce-5a24-4f8b-f158ad22b4b7"",""ab0e4302-503b-e1ff-c786-8307a3d36fe0"",""5f8d2baf-1e97-4c0d-bd3c-8facfa4518a3"",""6e6d8654-d8c2-ca8a-48da-8130c1f9c340"",""1762396f-966c-62d1-6378-3f7d060db99a"",""20801778-3df2-d607-eab5-e03de0ca7815"",""d248760a-9889-21d9-f1b2-fa9ba611b396"",""d471e554-e116-47be-8333-dc68ca3e9b09"",""46eea512-4df4-bc5e-f0c1-a16018cafa95"",""2406fc89-2280-4c3b-a20b-af1fbae64dc9"",""65d080e7-397e-0933-cdc7-913be782586b"",""12b72482-359b-4cd5-b105-1a837602bc35"",""97548371-5133-a4c6-373f-801a18dc3237"",""024e45d1-37e5-d592-f7cb-d39c4198f504"",""934d69a4-0926-43a9-7051-9f50c77ef489"",""ffd94bb6-5368-67ae-91be-5b2bababeca0"",""a8465da9-2ce2-9b01-6679-e67c5066697b"",""a313351d-2602-aea7-e635-c7a3fedb719b"",""ce43d052-aa62-2a96-cb93-63fc289f8ef9"",""5ad6890a-adaf-48bf-adbf-d0bf28def878"",""060321ef-1c82-3c16-c6d2-0f1bdaf4f953"",""68226fa8-40cf-94c9-3269-6610d95e26db"",""889b5f5d-8fbb-09d6-9942-f224997fcf31"",""fdf0828c-710e-2e45-0123-bbab29ed2edc"",""25de1705-19ad-6f6e-d45f-3f8775a37800"",""3b83dc80-5987-6898-e98d-a98012f700c1"",""28856abc-9ced-3d4e-abb0-385a7eca4bd6"",""038e9a9a-4878-7561-521b-5d432a0798a0"",""916d7bd2-33ad-2fac-5787-cc1865a499be"",""c5f07a04-6de3-083d-4b5d-dd29115532c8"",""a9020fd7-4a70-5085-a5bc-487d589e2072"",""5b537ac7-2357-55f9-a81c-1229382feffb"",""834383dd-9a7e-d59e-81a2-dd13e0377af2"",""8238cc58-4324-8eb4-2f87-a278004a96bd"",""3e5b9aa5-3ee8-4088-b456-980ed7dde66e"",""aa4bc34b-51e6-80e7-dc6a-5d3981271a29"",""5d71ae5d-5c6e-0430-6fc5-d9ca0c1c34c0"",""e0e7591c-cf5c-5199-6548-dac07f6b6f38"",""dc54c06d-fabb-d821-5080-1be6648004c2"",""24ec44e6-6311-f4d7-6c4a-a41becabc83f"",""72d624e1-8ab5-4663-8a05-1533d8ec75ec"",""7ef51583-f938-54ed-d3bb-fac62cf35792"",""56605cc5-88b8-557b-fc3c-dae7eb41bf56"",""727fa612-6e53-458e-720d-b662dc974e5d"",""0736f9f8-2b36-d38f-e3a6-d4de7d7877a8"",""1b2ba1c6-512a-4f67-a415-81dd4d417dbf"",""33794a0f-2a24-08bb-492e-12e441fab2f0"",""d324f7fe-efc8-e5fa-5ad5-14fa6ba0d9bf"",""96ccb897-e6f9-eb75-ae32-c87e91c18c6b"",""593608c2-c17f-5555-555c-e7e633b742ec"",""882b5229-2798-4385-5f05-0835c1d017c2"",""69f2d11d-c1eb-34b0-2bfb-6ad2d511833d"",""ee39c4a3-a637-442d-8640-beebb05e3432"",""e4b5402c-c608-db84-ad15-4bc8e2cdccce"",""3fec5652-ba7e-40b3-8dc8-ab596039b536"",""38dccb7c-6e3c-1473-d0db-0b3b8b999707"",""e972d1f9-4155-c105-9bae-2f95c0f4a6c0"",""03e0e094-a6d3-25b4-d114-90752ff790b0"",""cdc9bee8-9317-37fa-ec8e-464096670c60"",""3adfcd26-b336-23cb-f40d-8e4f1a40e1de"",""d0759ae0-eeef-48e4-c4b9-526217aac33d"",""40094a23-8521-4379-85a8-310aed3e1f4f"",""6372d7ad-7d3a-549a-45ff-8bd9b47f648c"",""0e7b721b-a522-406b-a417-3b97172eb412"",""90f431d1-c56e-90fd-288c-7d226c887d66"",""d99432e5-d6c7-860f-d55e-98f7c0d29df3"",""b069d7d9-a765-b98e-9c87-3791d459f2ee"",""2ce08717-6c8d-895c-79fc-b38f46a1f0aa""]","[""415a90d0-bb89-3d62-8a43-9e018d952caf"",""5d2d52c1-b96e-36b9-8c5b-1bc1baea9085"",""6eb39077-3911-3c63-a7cf-1c004ea68a64"",""8ae5b3ff-ddd7-3c1d-a654-f3dd9447cb5e"",""c79dfb52-2609-3d18-9a4b-05a13b2aa9c5"",""d44aac6f-4497-3ce5-a405-ac9109dc782e"",""0dc38ded-21a1-30b0-afdb-d583d1a84828"",""40332590-1c2c-3e5e-a76a-4460e842229f"",""42983b55-f122-3e34-9a42-e7e1f616feb4"",""54ef1d0c-5d11-3930-a739-f624377a764d"",""6059b338-91e3-3b65-adad-e1a7386857da"",""6385aa4f-36bc-3867-920a-018c1ff7f0e2"",""6625bb44-b0e5-3cc4-a45e-6ff8f2680b23"",""78785665-f324-3069-8ba3-68c972ea7135"",""9232af8a-8c32-3c1a-ba0d-f1cebacbc319"",""b8272b8e-d64b-39f6-927d-2b77bd216ca5"",""d0f326bc-005e-3f15-8e4a-c3fb1d80a32e"",""3ed43f02-f242-3a14-9d78-2489ed211a5c"",""6820d12e-001b-3871-a0a6-92b2535a71d1"",""86a7d730-575f-3774-b52b-827eb2a4f148""]","[""b83a853d-c1f5-c281-20f4-286cd331d220""]"
2126abd1-25dc-4d9a-9c32-95235cca0ed4,Gary,Schoenwetter,gary.schoenwetter@siriusxm.com,+15550010144,premier,,"[""a4b7a4f7-af96-3ae6-53df-f78ff9ac9aab"",""8d9c0b16-4734-3bc4-d523-7c942cf888aa"",""804a5411-b234-1188-27da-f01197103886"",""b5b35d21-cd79-73c7-b577-002a3e69cd41"",""a1aed141-90d4-4f65-4c58-eb0d99d8bcce"",""792c3df0-15f5-4037-b4cf-d57d845b9a97"",""c636d008-7cb0-99eb-7fb7-7c489f862a26"",""32c4747f-8739-d578-62d8-08a92d518445"",""d9dcf813-1a1a-2f92-a53f-e372ffc235ea"",""dbda32f4-0ef3-d94d-4769-6bb4efce40db"",""c9256031-1123-f35f-4d49-1ba4d5379258"",""69e5185d-d218-8fbc-082f-6ea5a16ca4db"",""067801cb-bb3f-1707-dd21-d77e06bb27c0"",""fc4a9d5a-0e39-a372-a857-b8eaebdfc5eb"",""5321c6ea-5fb9-d635-a0db-ecdce4c0e2cd"",""0b5b5f60-dfcf-eba9-1dc6-ec3c909f4541"",""fe5e0a4c-9181-d835-115a-0d9937722069"",""51c76a31-795d-1cac-bc97-bf11b9fb72b4"",""325f06d1-8734-0378-1ae1-66323143c249"",""f49737db-bea3-0c13-9834-b879fb1894c4"",""1898923d-071d-0abd-1a62-ed0d2702d4f1"",""3fdc6446-2598-7c2b-d68f-1dcc1afa3433"",""cbacd6f4-17c3-460b-8a97-7d4daeb67547"",""5ad8659a-414a-9e26-b973-f5a229d788dd"",""36e165d2-77d0-198b-f00a-a8606b04f4fb"",""f5701423-11a8-9ee3-e9f9-11142108ae31"",""3b83dc80-5987-6898-e98d-a98012f700c1"",""2954f8e3-23c3-d9d4-5265-ebb4b1f7182b"",""884c803d-cbd9-098b-527d-a34979274ded"",""f3126d70-09ea-bd0c-57cd-af5ab798f313"",""44f9129f-579a-3d23-218f-3c3518036fc6"",""c875a2e9-2768-ed46-5487-4e3e667ae553"",""771e64b7-b469-2b4f-51a7-333f940b859a"",""60b0ea2e-dec7-1d4a-da2a-6de09f273fe7"",""7c987478-2f68-d267-acc6-56497c448256"",""b8d08b56-6bca-a461-189e-ea00b223fbf4"",""7a642de7-c33f-a628-efb2-3d94a829d17b"",""f936a498-89c7-bc15-f158-19a015db0683"",""454db282-082e-b9a0-d099-89afbf335688"",""53083b46-7b29-3903-222a-3350e42eff68"",""525e065d-a9d4-0d0e-6c98-93e68ec92ec8"",""35b0a4e3-b63d-b68e-4c34-6462579a8721"",""40c3d189-9611-e59f-5808-7847e294642e"",""2f7441a4-0d18-43ff-a574-e98217c28f4a"",""8bf28935-c635-4c04-ae01-11aa6504308f"",""9d7ccd54-4f95-69be-fa47-5960c799a1dc"",""727fa612-6e53-458e-720d-b662dc974e5d"",""59b6ed0e-4c39-ec45-f8be-ce1599661ce3"",""e89d4240-f56f-2117-866b-f5f5b027e5f3"",""66e0c959-ced8-2958-5d2c-c19ca4f770a4"",""abfb5780-324f-1219-48c2-c8c2445c17bd"",""65f04311-3581-256c-97b9-279838d6ff5e"",""cdc9bee8-9317-37fa-ec8e-464096670c60"",""a44e273d-a7e5-c358-a8ae-39dc91ca9c30"",""51f88432-8311-37e0-b57d-9b0ab63f5ce9"",""c9d811de-b9c4-bf5f-f5f3-f6d7b3c15b88"",""e253bdca-601f-2b68-52fc-3f6a9fa33bb9""]","[""3122b927-254e-37a7-8168-406a90780925"",""80b12f56-57e8-3794-b89a-3b1df85bea27"",""e967dcfe-d2e9-3a86-8234-4d74d1852c4e"",""21b0eea2-81db-325f-9479-0d8bbbbb5fbe"",""2cc733ec-00c4-32e0-aaaa-c5e7627fbc64"",""574fb8e1-933c-31a4-a06f-31315fe08ea2"",""97953091-f832-31ae-88f8-5a859e3d6a26"",""9d29657d-f5f4-38ed-9d38-e26cf6f1a61d"",""bbbe481d-17dd-3697-9414-9e1819d9c5d1"",""e3e05fb4-191f-39a2-b9a2-705aa56795c9"",""35f6af44-d2e7-330e-b347-3d53deeeb066"",""3a2abacb-750a-3834-9638-3b6c7b5d5fb4"",""09422583-23bd-34ef-9e4f-2e6a59d3adb3"",""11e119a9-2ce7-302e-b3ba-dc402f29ec82"",""1cfff827-5833-34c9-a739-cf87b656ec66"",""24d5353a-b97b-3994-b71d-7be65b0664fd"",""2b8e8048-06de-3a2a-b373-bda0756c1b8c"",""48a30adb-854f-33f8-8301-2ad09b2f3e89"",""6b22f861-a957-3b8d-9f79-0eb1507a170b"",""b95c81ba-62ee-3f25-a3f2-13402e9d795b""]","[""59b68db0-3ae1-41bf-08f4-9775658eb47b"",""a0d9c7e6-9a26-d077-00c4-96c3731e1cb7""]"
cef5bbed-bfdf-483d-85d4-6d843b599658,Jason,Schramm,jason.schramm@siriusxm.com,+15550010145,premier,,"[""addd329d-1b93-040f-e55f-ee0c3e5fff7a"",""9150cc82-af5c-3be3-d170-0e81d87375a8"",""804a5411-b234-1188-27da-f01197103886"",""05cd3a1a-d292-3b8e-e8c9-1566d0726994"",""7e10c4bf-afcc-fe98-6399-c1b8a54ff4c7"",""75301b34-2f01-2c17-0b52-028bec0d271c"",""a8e1de0e-c751-dadf-3abf-91912a25c1fa"",""c9256031-1123-f35f-4d49-1ba4d5379258"",""12b72482-359b-4cd5-b105-1a837602bc35"",""ffd94bb6-5368-67ae-91be-5b2bababeca0"",""a8465da9-2ce2-9b01-6679-e67c5066697b"",""176daca5-6810-3a1c-49e9-39b69055e811"",""6adef1b5-d812-9c10-7c6c-f05af4e27077"",""a96c9390-313c-3a51-5dac-953504f4f237"",""bd4ec66b-aee3-a0c8-fd6a-1cc0b238e39e"",""f396533f-d05d-da8a-8d30-de6565a33221"",""ac00ab0c-0a60-63bb-32fe-44e8b9be24fd"",""3fdc6446-2598-7c2b-d68f-1dcc1afa3433"",""cbacd6f4-17c3-460b-8a97-7d4daeb67547"",""bd54fc02-e063-0e3e-0cbb-4ceafef734e7"",""5ad8659a-414a-9e26-b973-f5a229d788dd"",""c2a517d4-c02f-06eb-77cf-f81bfa719188"",""2ea07147-a720-ed0c-d4ce-d7bddd1640d3"",""0aee72ed-5dd8-2848-3567-d8809e123cd1"",""25de1705-19ad-6f6e-d45f-3f8775a37800"",""7a035912-a5b8-ab6b-b203-1382b5894dc3"",""9e8d6f72-0b59-85cf-a222-b18d38acdc0f"",""038e9a9a-4878-7561-521b-5d432a0798a0"",""916d7bd2-33ad-2fac-5787-cc1865a499be"",""95d4d8ef-55e4-8337-78f1-2fda944991d8"",""fe951560-f7e7-2ee3-9de9-cfd89fd54ac5"",""fd5740ec-7f11-0ecf-f676-46f9dc056d2c"",""6567f2ee-4d7a-cd6d-3402-55ed6089cd0c"",""aa33fa9d-340a-1d87-2886-a28823fc68ab"",""ec9a7f4f-586c-da3b-d530-bd547090558d"",""44f9129f-579a-3d23-218f-3c3518036fc6"",""d4d17484-cb4d-06bf-60e0-2944cb827371"",""834383dd-9a7e-d59e-81a2-dd13e0377af2"",""2022dfab-580f-675f-6aad-00aad9c3be9b"",""988d25d1-db91-ee15-72e1-386c1972b8b0"",""7a642de7-c33f-a628-efb2-3d94a829d17b"",""f936a498-89c7-bc15-f158-19a015db0683"",""14ae1031-806d-1f4e-42dd-b089a21dfecb"",""727fa612-6e53-458e-720d-b662dc974e5d"",""61798de9-d8a5-1428-14d8-3879ce1304f7"",""59b6ed0e-4c39-ec45-f8be-ce1599661ce3"",""f0270957-9d86-3916-b15e-341309252daf"",""d324f7fe-efc8-e5fa-5ad5-14fa6ba0d9bf"",""0b24bf02-1f33-c237-6ebb-4c2ba4f64082"",""e4b5402c-c608-db84-ad15-4bc8e2cdccce"",""38dccb7c-6e3c-1473-d0db-0b3b8b999707"",""cdc9bee8-9317-37fa-ec8e-464096670c60"",""e05137dc-7acc-42ed-bf1f-b6bad71d40de"",""adc27a20-6fc4-7269-5ca6-4a492f7dfa55"",""a46069f2-6e41-a40a-79b0-3a6b5aa5287e"",""a6c60dad-208a-90aa-f8da-03bf868508ac"",""59b99400-903c-449f-3112-ae6b1323e4ac"",""194adbca-34d6-cb94-b153-3488ee563308"",""d3253c66-e1e1-331b-02e6-71580c33791b""]","[""042ea014-a3e3-385a-a1e0-6cad96fcfb4f"",""190bc1ab-0678-37da-bc38-bd993ad3cab8"",""62ba9c70-58e5-3e80-abce-2bb027952497"",""bc07d077-0cad-3601-bf30-c9556d0f35a3"",""d25f4471-8a86-3c79-85ac-f75a39dc6066"",""fcad73f3-e432-31c8-9a73-3a8576e67415"",""0ca11b85-6b5b-39c0-8eba-6d56395b26e1"",""2b1a164d-4567-32b5-b145-03794125718e"",""658a0f24-fd27-3800-ad8c-b2902486c288"",""88564f97-8787-31fe-b745-8927ead7af85"",""ae8571fa-3f41-3829-8f79-413f5fbc3d07"",""06d31600-e3db-3c90-94c2-6b2a8fe1766d"",""18c3562a-9757-3f6f-978e-49558c07744e"",""1bd76309-43ac-33e8-92be-0f488a4d60f7"",""724efa02-f087-320a-8e7b-29419a491004"",""858231e1-43ca-3a68-95b5-5a435c182801"",""a99aca0b-ab80-3fd7-9086-f2713c6722e5"",""22f63d32-f3ef-3ac0-9b07-0720c9e51ce8"",""662ee934-0e43-39f9-9493-5e94ee094cbb"",""b2303642-a1e5-38d0-bc68-a4e5490d997e""]",[]
f74b3aa6-db23-4830-8c24-b9d92cae13f0,Jason,Schramm,jason.schramm@siriusxm.com,+15550010146,premier,,"[""e6333906-2e89-6c07-59d6-36d09248b8dc"",""2123d9ad-bc5b-1151-9649-b2cb9dce2a8f"",""9150cc82-af5c-3be3-d170-0e81d87375a8"",""c46c9810-6274-a715-a8b9-de9d4ac33873"",""75301b34-2f01-2c17-0b52-028bec0d271c"",""d8babd4e-64e3-ff81-3d24-2407e0974cdc"",""6e6d8654-d8c2-ca8a-48da-8130c1f9c340"",""de6d8d06-72b4-870d-85b0-01ec4519bd51"",""32c4747f-8739-d578-62d8-08a92d518445"",""20801778-3df2-d607-eab5-e03de0ca7815"",""9ab9c4e7-41b8-d383-c525-366f5c4af8f4"",""d471e554-e116-47be-8333-dc68ca3e9b09"",""69e5185d-d218-8fbc-082f-6ea5a16ca4db"",""067801cb-bb3f-1707-dd21-d77e06bb27c0"",""5583d0b9-0505-be47-22c5-473d0d9c8086"",""176daca5-6810-3a1c-49e9-39b69055e811"",""2138d1dd-77f5-3f5a-d1f5-7708d6eb7406"",""f396533f-d05d-da8a-8d30-de6565a33221"",""f49737db-bea3-0c13-9834-b879fb1894c4"",""7c380201-88bf-c599-8785-1af668785570"",""a8795c6d-0d26-ce2b-b32f-95c4738aef67"",""25de1705-19ad-6f6e-d45f-3f8775a37800"",""01675bf6-1d35-d05f-2e73-0a750694aa6d"",""0fed9647-cc82-24d7-526d-98762e8a52cd"",""9e8d6f72-0b59-85cf-a222-b18d38acdc0f"",""038e9a9a-4878-7561-521b-5d432a0798a0"",""bbff1779-9f88-460c-81c6-a6e6f103b059"",""b8b47809-4e8e-f556-8325-bd45fa3d4dc4"",""fd5740ec-7f11-0ecf-f676-46f9dc056d2c"",""b29fedbd-5546-2d41-ccd5-2e8df46851d6"",""aa33fa9d-340a-1d87-2886-a28823fc68ab"",""d4d17484-cb4d-06bf-60e0-2944cb827371"",""60b0ea2e-dec7-1d4a-da2a-6de09f273fe7"",""834383dd-9a7e-d59e-81a2-dd13e0377af2"",""d1163087-e766-23d9-89e6-8f09e5e5a129"",""2022dfab-580f-675f-6aad-00aad9c3be9b"",""8238cc58-4324-8eb4-2f87-a278004a96bd"",""7a642de7-c33f-a628-efb2-3d94a829d17b"",""f936a498-89c7-bc15-f158-19a015db0683"",""5fbd983b-7cf9-71d7-7890-c13682e2375a"",""864fe7f4-e9a7-ac2a-9622-10b8c32e58e3"",""e5d0045d-bf2e-a241-bae8-37a04fb463c1"",""b3dbfee9-64a0-16aa-ba36-95b631b3ffbb"",""9e545d10-7c21-9707-1d34-3d503b7365bc"",""727fa612-6e53-458e-720d-b662dc974e5d"",""d003dd67-291f-226f-2986-e3dde046cc0d"",""e4b5402c-c608-db84-ad15-4bc8e2cdccce"",""38dccb7c-6e3c-1473-d0db-0b3b8b999707"",""97419dd7-4db5-46b6-b4c5-688970b0673b"",""20afb69d-d8de-8579-f197-9ff1086e0400"",""65f04311-3581-256c-97b9-279838d6ff5e"",""e05137dc-7acc-42ed-bf1f-b6bad71d40de"",""7245effc-8d5f-4e53-a1a2-33ba10118e59"",""adc27a20-6fc4-7269-5ca6-4a492f7dfa55"",""b069d7d9-a765-b98e-9c87-3791d459f2ee"",""194adbca-34d6-cb94-b153-3488ee563308"",""62213552-2c1f-bec9-3753-a09bbc7e3068"",""0060eb0d-00ee-75f5-9964-5c1ba8fb1b60"",""78612a95-0706-3f8d-a72d-7b8347093f16"",""21cdae0a-62fd-8306-c843-e59856dd9a68"",""41f8b174-fb06-1707-aaa7-e74e109c2ee9""]","[""075fb346-a39e-3f31-8eeb-d9d3f638b64d"",""327b1a69-617c-3ae7-b162-c9d239bd2ce7"",""594118ce-97bc-3559-a521-2a0782755f92"",""6158c759-f2dc-3ed2-bed8-f24c643a9769"",""970a92df-31a6-39cb-838d-e8f2f0b2ff5d"",""9b9cd106-ea03-3ec0-923a-7eaf52d5faa0"",""f4ce31e3-227e-395e-ac29-39ae3432803c"",""fa2623e0-aa46-3f52-84a4-31b53b826821"",""0dc3db73-aa9e-3b0c-99ef-a2e66b50fef7"",""173269f1-a204-348a-a639-fed7acf11eb1"",""2b95cee9-a7fd-3af7-b14e-bfbe094e74a3"",""f106de8a-256a-3b79-9e25-3b23e8e12d96"",""1e3ee480-b1a5-3796-a086-340f335b27df"",""2882924b-e276-3bea-8f5f-99cc34c19c0c"",""4e0729d8-8e02-35d5-b8e5-bde55fe82e50"",""5a92e664-4e06-394a-8871-263c848cf57e"",""81e3aeee-4367-32bb-9e6c-2c3664a4f4e5"",""fe9cd10e-b85a-393b-9155-a093d5c97be8"",""0b18bfff-1a1f-3063-be09-a12f7c809f20"",""842d616a-e35f-361d-b346-5f9b9d800992""]",[]
2ca8edbc-dcfc-42b3-a3eb-a0d53b027462,Surabhi,Shastri,surabhi.shastri@siriusxm.com,+15550010147,premier,,"[""d6074a1c-f36d-31e5-91c5-99c6f9a5c513"",""fcb5ee7b-d697-ec6e-dbab-c3d942eca913"",""ad0ab172-202f-c05b-c7b9-597be600541f"",""de234ffd-c5b9-3a76-8a79-f7e38b8b3048"",""5321a893-4807-3585-9816-12cfeb1b3918"",""88f70920-cdaf-3878-abc7-f9be14ed7ef7"",""fd014bf0-933a-36c9-b086-4f12498e3757"",""79072006-3519-3574-8ee7-ac5d940df6cf"",""0c1fe2fc-e148-3cbe-9725-d8b010afb229"",""86e44560-71a9-bb64-0a8d-00cebe34a1d8"",""8177af44-fd60-3203-bb01-356d5f943669"",""9429f152-bd68-3d2d-92f9-28796ae690a7"",""15866460-1973-3054-d6f8-a9d9cbb4f26e"",""9762c4db-8b02-301c-8a46-59f1cd4277e7"",""0aee72ed-5dd8-2848-3567-d8809e123cd1"",""01df036f-ad39-e243-e554-f614e1f0ce00"",""a837a7fb-05c3-230c-77df-de442cd4f748"",""c7fa6b04-17a3-316a-a267-501fdd168721"",""8f9dddb1-36e5-3a4d-b9a9-773b6f3fca26"",""3dca5a2a-e178-3738-aa0b-b8feb2c92154"",""7a2bbd93-c62c-39eb-bdb0-763b92ad4ed7"",""51c14331-ffe6-8a72-ad46-7e988d4f4f7d"",""ff8b87ee-58fa-3619-935e-4eaaf36671fc"",""5fbd983b-7cf9-71d7-7890-c13682e2375a"",""9b78872d-26ff-3aa4-8493-8a308ad8b98d"",""5ea66d21-1b92-33ea-b644-4689fc52992d"",""ebb722c6-01ab-373c-9382-fb5e7d2f6e5e"",""9e545d10-7c21-9707-1d34-3d503b7365bc"",""15970b2f-e848-3eef-ada4-8ea86e0a5777"",""dd8bdd50-b335-3b61-a11b-3323184c864f"",""ef6560aa-4384-3210-8846-cce115924f33"",""b3decffc-d5dc-93de-2793-afda56727bdd"",""a4915da5-e76e-6f54-dd7a-49f475d10fea"",""9cf897fa-e141-0102-da89-432ba3d29e4e"",""0338bf4e-df03-7dbe-43d4-b1e993777002"",""58908133-9f92-ded0-90ef-f4f6657241a6"",""882b5229-2798-4385-5f05-0835c1d017c2"",""54c05ded-c93e-3e64-86dc-4634eb91c9b5"",""602cfe3a-9628-3764-8ea8-1f8e6626d771"",""cf344f28-cef2-ae3b-d535-ef939d1e659c"",""f26682d2-142f-3959-8c51-66238894b865"",""d0759ae0-eeef-48e4-c4b9-526217aac33d"",""839a00d9-1f1a-215d-c34c-6ae456726061"",""6820d12e-001b-3871-a0a6-92b2535a71d1"",""12f0e0aa-603c-94d6-d136-4ffa07ea7010"",""d1f135d2-a516-3893-824a-87bd8c5a292d"",""520a1947-75fe-5464-fad2-75893c97ad15"",""bde7cfbc-798f-33c0-9889-589e72815ee3"",""d3253c66-e1e1-331b-02e6-71580c33791b"",""41f8b174-fb06-1707-aaa7-e74e109c2ee9""]",[],"[""e407e3c3-0bba-3197-74cc-4bea015df657"",""a66b67f9-5408-675e-9e02-3db1dd029b4d""]"
febf7a85-4034-479a-84b5-f06e606febf0,Darrin,Smith,darrin.smith@siriusxm.com,+15550010148,premier,,"[""9150cc82-af5c-3be3-d170-0e81d87375a8"",""dd3e04c9-6dc5-3a09-b3f9-2b7e9130d3a8"",""804a5411-b234-1188-27da-f01197103886"",""2e6388fd-e5fc-a495-586f-2494e81fd919"",""872f3487-26d2-af2e-787f-6bf016663ab9"",""5ec57468-4f17-6675-83e0-5df1051c5149"",""fed8de31-8d51-8949-6c69-2035fb0485b0"",""26eaec1d-353f-9c4f-c3b4-2fd936e72124"",""9529f1ce-edee-aa5a-1079-a523fc607535"",""c2144e7c-f3b3-29b4-0ace-c7abdc77f2c9"",""e1d0807c-de1b-4004-435d-cb429ddf1ff4"",""d72647c1-8626-da89-5107-3e8629721cef"",""d7316255-680c-316e-982c-8a0347fa3956"",""98672b8b-d1ec-9286-7a7f-b829a617500b"",""32c4747f-8739-d578-62d8-08a92d518445"",""c2e3e686-93a6-5d22-c818-6d8ea63bcc7c"",""a2d2f69b-cb59-4064-83d9-0c46130fce24"",""c6d5c10d-ef8b-0478-48e0-901ef2cc382b"",""c9256031-1123-f35f-4d49-1ba4d5379258"",""08f43be2-6189-5782-89e4-5d504fb848bb"",""69e5185d-d218-8fbc-082f-6ea5a16ca4db"",""067801cb-bb3f-1707-dd21-d77e06bb27c0"",""a313351d-2602-aea7-e635-c7a3fedb719b"",""d8db4574-6cc5-62a2-55b5-ae6842d80b61"",""0b5b5f60-dfcf-eba9-1dc6-ec3c909f4541"",""5ad6890a-adaf-48bf-adbf-d0bf28def878"",""f49737db-bea3-0c13-9834-b879fb1894c4"",""1898923d-071d-0abd-1a62-ed0d2702d4f1"",""3fdc6446-2598-7c2b-d68f-1dcc1afa3433"",""cbacd6f4-17c3-460b-8a97-7d4daeb67547"",""5ad8659a-414a-9e26-b973-f5a229d788dd"",""fdf0828c-710e-2e45-0123-bbab29ed2edc"",""3f655067-3544-a5bf-2385-d7cd2fb292a9"",""8a3d176b-87e9-4600-9f29-53350daca710"",""782bdb9f-d94f-b0f4-aa5e-644f13b89275"",""3b83dc80-5987-6898-e98d-a98012f700c1"",""67e73c97-1e8d-6170-b50e-07222df14cec"",""34d9b863-11da-207f-5e96-9c463b7c7a23"",""916d7bd2-33ad-2fac-5787-cc1865a499be"",""95d4d8ef-55e4-8337-78f1-2fda944991d8"",""5bcb63d0-01b0-94f7-2db3-6d1cb3513f9b"",""1aca2882-fc94-6430-fc3c-8b5b61c957bf"",""44f9129f-579a-3d23-218f-3c3518036fc6"",""d20ad2ef-54e7-4b1a-60b6-ff5351421cd0"",""85bd9928-68aa-4359-a534-9247e4df6056"",""7a642de7-c33f-a628-efb2-3d94a829d17b"",""d8785a4b-1e56-6d69-fa0a-5b4ab0abdce7"",""35b0a4e3-b63d-b68e-4c34-6462579a8721"",""40c3d189-9611-e59f-5808-7847e294642e"",""d43c7d88-8357-8c6a-57c7-b9d29180ef34"",""56605cc5-88b8-557b-fc3c-dae7eb41bf56"",""ce1fe306-b83e-ea73-c32d-3f9389cdf6f9"",""93a8061c-dae0-9668-34bd-a5350770d2cb"",""e54bb91b-3a2c-d5eb-8c44-e09720d33b08"",""bda81f03-f231-d4db-56ad-40cb132c5663"",""882b5229-2798-4385-5f05-0835c1d017c2"",""123f7d39-c99f-2f01-7900-0d4b8b010cb7"",""60a5975f-42b6-0311-f007-116e41a69b71"",""65f04311-3581-256c-97b9-279838d6ff5e"",""aedbc5ac-7759-6c9a-63d0-ab5d3074fccc"",""5a42ecd0-a652-15a8-113d-ddb71bf04316"",""98713b38-08f7-5515-fa0b-eb8924cc019b"",""cdc9bee8-9317-37fa-ec8e-464096670c60"",""d7151f52-694d-64b7-4e31-9b2f4f534454"",""cf0579bf-8131-4af8-88e8-540db1d73a89"",""72874f52-9f17-2e8f-d4cc-3bfdccb4227c"",""41f8b174-fb06-1707-aaa7-e74e109c2ee9""]","[""1a296892-4b2a-3d29-8fb2-610b07608418"",""3a8a7681-d53b-3231-b6c2-be4d109c5133"",""4fa1f649-0b7c-3ffc-a141-d83f626ef758"",""5d9f1631-ef62-3e1a-b5e7-7eeaafd5e178"",""62952aa2-08df-375d-93e7-ef3b9718b709"",""c2073950-f086-3ab8-8236-2c16cd0f39e9"",""f0319d21-96f0-34ac-b15d-cfd0b5170baa"",""1abfa957-5861-38b4-a1c6-91eeb6e148ba"",""6c676df2-4a09-3a3a-a5a5-3aa8db6a09b9"",""35f6af44-d2e7-330e-b347-3d53deeeb066"",""54ef1d0c-5d11-3930-a739-f624377a764d"",""5cc43a31-c0f9-3713-b6aa-27d32600c59d"",""9232af8a-8c32-3c1a-ba0d-f1cebacbc319"",""09422583-23bd-34ef-9e4f-2e6a59d3adb3"",""1cfff827-5833-34c9-a739-cf87b656ec66"",""2079eaff-09f5-3a84-be1a-c49bbbe9a874"",""2ede6ab9-3c8d-391d-a3dc-ac4ebea1ea6c"",""45673bb2-c334-3e3e-a853-909200cdc1c2"",""6b22f861-a957-3b8d-9f79-0eb1507a170b"",""b95c81ba-62ee-3f25-a3f2-13402e9d795b""]",[]
7e24c231-a178-45b4-b8db-3020fab42a82,Jarosław,Sobieszek,jaroslaw.sobieszek@siriusxm.com,+15550010149,premier,,"[""881c9b1f-e7fd-4637-b87a-0dd06f1831a5"",""2123d9ad-bc5b-1151-9649-b2cb9dce2a8f"",""804a5411-b234-1188-27da-f01197103886"",""4e772284-a2b3-3bae-f6c7-300ed2dba0bf"",""05cd3a1a-d292-3b8e-e8c9-1566d0726994"",""b5b35d21-cd79-73c7-b577-002a3e69cd41"",""9529f1ce-edee-aa5a-1079-a523fc607535"",""e3041d19-daa5-6517-8c73-41976582d1f9"",""75301b34-2f01-2c17-0b52-028bec0d271c"",""d8babd4e-64e3-ff81-3d24-2407e0974cdc"",""c636d008-7cb0-99eb-7fb7-7c489f862a26"",""de6d8d06-72b4-870d-85b0-01ec4519bd51"",""7744882b-a0e7-9aca-87c9-0a547019f93d"",""32c4747f-8739-d578-62d8-08a92d518445"",""8fed1999-a274-4f55-89eb-63f06c9f184a"",""067801cb-bb3f-1707-dd21-d77e06bb27c0"",""abebdb8b-615d-5e87-1ef6-ae4c9fc49ed8"",""2397a671-870c-36a7-8ac3-da73965f3f12"",""176daca5-6810-3a1c-49e9-39b69055e811"",""fc4a9d5a-0e39-a372-a857-b8eaebdfc5eb"",""0b5b5f60-dfcf-eba9-1dc6-ec3c909f4541"",""ce43d052-aa62-2a96-cb93-63fc289f8ef9"",""fe5e0a4c-9181-d835-115a-0d9937722069"",""d618660f-77dc-1376-097c-bfa987c74ae5"",""c7d82910-1b56-0127-fa6e-c2f99a53ca87"",""f49737db-bea3-0c13-9834-b879fb1894c4"",""1898923d-071d-0abd-1a62-ed0d2702d4f1"",""5ad8659a-414a-9e26-b973-f5a229d788dd"",""cc9565d2-9c76-64de-9290-c924ed70e3b4"",""2ea07147-a720-ed0c-d4ce-d7bddd1640d3"",""782bdb9f-d94f-b0f4-aa5e-644f13b89275"",""3b83dc80-5987-6898-e98d-a98012f700c1"",""34d9b863-11da-207f-5e96-9c463b7c7a23"",""2954f8e3-23c3-d9d4-5265-ebb4b1f7182b"",""916d7bd2-33ad-2fac-5787-cc1865a499be"",""95d4d8ef-55e4-8337-78f1-2fda944991d8"",""fd5740ec-7f11-0ecf-f676-46f9dc056d2c"",""44f9129f-579a-3d23-218f-3c3518036fc6"",""cad21bc4-a8ce-22f1-76b1-bf91932a99a2"",""60b0ea2e-dec7-1d4a-da2a-6de09f273fe7"",""834383dd-9a7e-d59e-81a2-dd13e0377af2"",""8c34e5d3-f6da-19f9-7f74-eee33bc0b986"",""8238cc58-4324-8eb4-2f87-a278004a96bd"",""de4652f3-ce1d-9f06-a664-d6e574c8764f"",""7a642de7-c33f-a628-efb2-3d94a829d17b"",""c3890f3c-1222-5036-bea9-6d52753bf018"",""b6dd91d2-5509-97ef-c22a-50365d0026d6"",""40c3d189-9611-e59f-5808-7847e294642e"",""6c641502-26e9-66c8-6ff3-dd49f43ec0bf"",""671375dc-0121-43ca-8135-fd1af93e5850"",""d43c7d88-8357-8c6a-57c7-b9d29180ef34"",""8bf28935-c635-4c04-ae01-11aa6504308f"",""3a03329c-f9d5-8842-0d01-d5c305364b2c"",""ce1fe306-b83e-ea73-c32d-3f9389cdf6f9"",""a1587c28-d857-4541-9568-f0a9931aece9"",""8a60b646-815f-2dc2-21b3-67465cbb3f15"",""a62ffa9f-e016-5693-adcb-c76c328e1bee"",""0e67e3be-c566-3b2c-d147-071baaae1f49"",""882b5229-2798-4385-5f05-0835c1d017c2"",""e4b5402c-c608-db84-ad15-4bc8e2cdccce"",""c350d83a-fd1e-aa00-3114-024d314ac5ca"",""65f04311-3581-256c-97b9-279838d6ff5e"",""aedbc5ac-7759-6c9a-63d0-ab5d3074fccc"",""3adfcd26-b336-23cb-f40d-8e4f1a40e1de"",""c9d811de-b9c4-bf5f-f5f3-f6d7b3c15b88"",""c9e30e80-6cc0-b66f-9e02-96e9e47ff90a"",""36cdc005-7bdc-a545-a24e-1292af64fa17"",""78612a95-0706-3f8d-a72d-7b8347093f16""]","[""04c4e6d6-05bd-3a71-933a-77d633abf63a"",""53ea17ad-8bf8-3fb4-8e9d-8df348803bc6"",""f0319d21-96f0-34ac-b15d-cfd0b5170baa"",""f5a9938e-8bb3-3ed2-824b-5a9db0d429dd"",""519181af-8000-31d4-af20-b96c7a7e5bc7"",""78c36ca0-16d9-398e-ae6d-9c651d5ecf9d"",""a231e65f-bf50-3652-8ba9-367dabf2d510"",""d6dfa93f-9e7d-3634-9b34-5e456b3f0e01"",""e3475e08-4408-3461-9445-b770b689b680"",""fe937a7a-6de4-3d66-80c1-15db24c2ed34"",""39970313-99da-3bb4-bebc-5b69de827e42"",""48ca4fb4-b731-3f21-88a0-ca163418e61f"",""5b00a012-7454-3d03-a3f2-67ea99344b7c"",""88993dab-2098-3ae7-b13a-d9cf517607fc"",""b3ece155-54cf-3cf5-bf73-39c556088046"",""d34acb59-0603-3c34-ad62-c72926dee218"",""d8d8fcd7-bef4-35bb-8e72-b9f756eb8bd8"",""e570dcfd-b5de-3e60-811c-bed6fa14475e"",""ed4d9d4a-f763-33f2-9800-1c941e6354dc"",""45673bb2-c334-3e3e-a853-909200cdc1c2""]",[]
edbdfef6-68b1-4469-b1e9-23dff2b3e015,Paweł,Starczewski,pawel.starczewski@siriusxm.com,+15550010150,premier,,"[""804a5411-b234-1188-27da-f01197103886"",""5ec57468-4f17-6675-83e0-5df1051c5149"",""c46c9810-6274-a715-a8b9-de9d4ac33873"",""fed8de31-8d51-8949-6c69-2035fb0485b0"",""7e10c4bf-afcc-fe98-6399-c1b8a54ff4c7"",""9529f1ce-edee-aa5a-1079-a523fc607535"",""75301b34-2f01-2c17-0b52-028bec0d271c"",""c636d008-7cb0-99eb-7fb7-7c489f862a26"",""98672b8b-d1ec-9286-7a7f-b829a617500b"",""32c4747f-8739-d578-62d8-08a92d518445"",""a2d2f69b-cb59-4064-83d9-0c46130fce24"",""c6d5c10d-ef8b-0478-48e0-901ef2cc382b"",""ffd94bb6-5368-67ae-91be-5b2bababeca0"",""6adef1b5-d812-9c10-7c6c-f05af4e27077"",""32566352-8e68-80f8-fe11-3f9715b63876"",""f8db1596-c615-f499-a4d3-04b4371c1d49"",""86354d3a-d250-f03d-3884-f02141c622cf"",""f49737db-bea3-0c13-9834-b879fb1894c4"",""1898923d-071d-0abd-1a62-ed0d2702d4f1"",""0ad7c62c-fa4f-405e-9d4e-253663cdee04"",""bd54fc02-e063-0e3e-0cbb-4ceafef734e7"",""3f655067-3544-a5bf-2385-d7cd2fb292a9"",""8a3d176b-87e9-4600-9f29-53350daca710"",""0aee72ed-5dd8-2848-3567-d8809e123cd1"",""782bdb9f-d94f-b0f4-aa5e-644f13b89275"",""25de1705-19ad-6f6e-d45f-3f8775a37800"",""67e73c97-1e8d-6170-b50e-07222df14cec"",""0fed9647-cc82-24d7-526d-98762e8a52cd"",""9e8d6f72-0b59-85cf-a222-b18d38acdc0f"",""038e9a9a-4878-7561-521b-5d432a0798a0"",""b8b47809-4e8e-f556-8325-bd45fa3d4dc4"",""fd5740ec-7f11-0ecf-f676-46f9dc056d2c"",""1aca2882-fc94-6430-fc3c-8b5b61c957bf"",""44f9129f-579a-3d23-218f-3c3518036fc6"",""60b0ea2e-dec7-1d4a-da2a-6de09f273fe7"",""722a1329-63e3-3889-b9bc-db0c5c02464c"",""02394c8d-7afe-6ba2-3791-fce63b1e4d85"",""7a642de7-c33f-a628-efb2-3d94a829d17b"",""c3890f3c-1222-5036-bea9-6d52753bf018"",""35b0a4e3-b63d-b68e-4c34-6462579a8721"",""40c3d189-9611-e59f-5808-7847e294642e"",""5d71ae5d-5c6e-0430-6fc5-d9ca0c1c34c0"",""1270dca2-f1ac-9ff9-36e7-b9cf2fd1b161"",""727fa612-6e53-458e-720d-b662dc974e5d"",""4466e297-33f5-b69f-e5e7-71be602ebb2f"",""59b6ed0e-4c39-ec45-f8be-ce1599661ce3"",""0736f9f8-2b36-d38f-e3a6-d4de7d7877a8"",""78205bf9-dd02-c469-ce5a-4001f0cd4dfb"",""e094666a-fb10-f50a-bbca-593576dbed5a"",""becbea68-c499-4790-b46b-841fe10bbc98"",""0b24bf02-1f33-c237-6ebb-4c2ba4f64082"",""e4b5402c-c608-db84-ad15-4bc8e2cdccce"",""60a5975f-42b6-0311-f007-116e41a69b71"",""65f04311-3581-256c-97b9-279838d6ff5e"",""a07b6f60-5f62-a362-0aca-ef923deb64ad"",""cdc9bee8-9317-37fa-ec8e-464096670c60"",""3adfcd26-b336-23cb-f40d-8e4f1a40e1de"",""194adbca-34d6-cb94-b153-3488ee563308"",""d3253c66-e1e1-331b-02e6-71580c33791b""]","[""415a90d0-bb89-3d62-8a43-9e018d952caf"",""55edc8a3-1efb-356f-a289-6a186bbcb980"",""a0c827ad-7a06-322b-9a19-8c331cd25aad"",""a3833727-97cf-3372-b364-8deded09d918"",""addd1130-aa8b-3cb9-bee7-be3efea16155"",""1860d3cd-0e23-393f-99cc-243012213592"",""1b2fa5cf-8ff7-332b-805d-9d1b7d84ebb3"",""7bb73006-d494-3146-acfb-1b0bf768ed5b"",""d31d7fcc-d76f-3fa1-83da-4f7be9cd9baa"",""e2c2966a-07cc-3122-991d-dba858a0e343"",""54ef1d0c-5d11-3930-a739-f624377a764d"",""8ab0ee22-a9af-3847-987f-887b9491ab03"",""9429f152-bd68-3d2d-92f9-28796ae690a7"",""9b826730-ebf0-3118-ba4b-2c41f78f6762"",""a05acc4c-f3f3-3985-b62e-613ba0fbdf8d"",""d63c09d4-608f-3463-bd52-8e796e2e238d"",""0706fb8b-b53f-3c0d-a0ec-d73e38532911"",""09110863-eb33-382b-b9eb-8602b944a0ca"",""a010779c-2710-355b-a735-9b25c38eea7f"",""e637c7c2-64b6-3ed7-b30e-836f99eaa25e""]",[]
b47d7ab7-8d41-428e-8eb0-93f46234e87e,__Spots,Talk + Rock,spots.talkrock@siriusxm.com,+15550010151,premier,,[],[],[]
81007aab-a9bf-4eee-8516-e0eb0912ee0f,__Sport,Talk only,sport.talkonly@siriusxm.com,+15550010152,premier,,"[""21b63878-b369-1503-d1c8-6025cc8571de"",""8d9c0b16-4734-3bc4-d523-7c942cf888aa"",""9150cc82-af5c-3be3-d170-0e81d87375a8"",""05cd3a1a-d292-3b8e-e8c9-1566d0726994"",""9a32cb1d-e158-5f34-79be-cbeaca00cd11"",""32c4747f-8739-d578-62d8-08a92d518445"",""d9dcf813-1a1a-2f92-a53f-e372ffc235ea"",""27adcf33-1681-9f00-2461-2129a2471abf"",""97548371-5133-a4c6-373f-801a18dc3237"",""80867fa3-093f-b076-bedc-af8d71cb54ab"",""32566352-8e68-80f8-fe11-3f9715b63876"",""590362a5-7c0c-8246-fdf1-3ce932bd6384"",""451bf902-005b-da8b-08bf-e24d34df486e"",""a64c0024-3fc5-dd17-f7bf-6ff7970c318f"",""325f06d1-8734-0378-1ae1-66323143c249"",""1898923d-071d-0abd-1a62-ed0d2702d4f1"",""771bf1f6-3885-aa77-e98a-51f5dcccbeba"",""0a0e2928-72dd-bb4c-3cc2-910dfa506113"",""f5701423-11a8-9ee3-e9f9-11142108ae31"",""0fed9647-cc82-24d7-526d-98762e8a52cd"",""9e8d6f72-0b59-85cf-a222-b18d38acdc0f"",""052d805b-0fb1-16e6-a431-d5096bb6700a"",""95d4d8ef-55e4-8337-78f1-2fda944991d8"",""6567f2ee-4d7a-cd6d-3402-55ed6089cd0c"",""f3126d70-09ea-bd0c-57cd-af5ab798f313"",""38d5779f-dbec-0e72-2496-983490ec2e75"",""c875a2e9-2768-ed46-5487-4e3e667ae553"",""771e64b7-b469-2b4f-51a7-333f940b859a"",""834383dd-9a7e-d59e-81a2-dd13e0377af2"",""20871ee1-8eb6-7285-c842-c8a32a5a4283"",""2022dfab-580f-675f-6aad-00aad9c3be9b"",""7c987478-2f68-d267-acc6-56497c448256"",""b8d08b56-6bca-a461-189e-ea00b223fbf4"",""f936a498-89c7-bc15-f158-19a015db0683"",""454db282-082e-b9a0-d099-89afbf335688"",""35b0a4e3-b63d-b68e-4c34-6462579a8721"",""5d71ae5d-5c6e-0430-6fc5-d9ca0c1c34c0"",""2f7441a4-0d18-43ff-a574-e98217c28f4a"",""1e4c188d-46ba-7005-c260-b3e3ff7f87a3"",""23999ddf-2cc2-35e2-7d04-6cc2749043d0"",""bda81f03-f231-d4db-56ad-40cb132c5663"",""66e0c959-ced8-2958-5d2c-c19ca4f770a4"",""0d8be2b6-5326-5dc7-faaf-29d69c1b560d"",""123f7d39-c99f-2f01-7900-0d4b8b010cb7"",""1566d1ea-afd3-3d31-db0c-e223270722ef"",""a44e273d-a7e5-c358-a8ae-39dc91ca9c30"",""51f88432-8311-37e0-b57d-9b0ab63f5ce9"",""d7151f52-694d-64b7-4e31-9b2f4f534454"",""e253bdca-601f-2b68-52fc-3f6a9fa33bb9"",""96f5d0e4-ebff-564a-6c39-70a4a642e360""]",[],[]
069c0c67-d287-4851-b8ba-351f9ed4be89,Wayne,Thorsen,wayne.thorsen@siriusxm.com,+15550010153,premier,,"[""a4b7a4f7-af96-3ae6-53df-f78ff9ac9aab"",""addd329d-1b93-040f-e55f-ee0c3e5fff7a"",""9150cc82-af5c-3be3-d170-0e81d87375a8"",""804a5411-b234-1188-27da-f01197103886"",""b5b35d21-cd79-73c7-b577-002a3e69cd41"",""fed8de31-8d51-8949-6c69-2035fb0485b0"",""ab0e4302-503b-e1ff-c786-8307a3d36fe0"",""f1299966-6b80-4fdb-bdd8-4e756b97ea9b"",""792c3df0-15f5-4037-b4cf-d57d845b9a97"",""c636d008-7cb0-99eb-7fb7-7c489f862a26"",""98672b8b-d1ec-9286-7a7f-b829a617500b"",""32c4747f-8739-d578-62d8-08a92d518445"",""c6d5c10d-ef8b-0478-48e0-901ef2cc382b"",""c9256031-1123-f35f-4d49-1ba4d5379258"",""69e5185d-d218-8fbc-082f-6ea5a16ca4db"",""067801cb-bb3f-1707-dd21-d77e06bb27c0"",""0b5b5f60-dfcf-eba9-1dc6-ec3c909f4541"",""f8db1596-c615-f499-a4d3-04b4371c1d49"",""ce43d052-aa62-2a96-cb93-63fc289f8ef9"",""fe5e0a4c-9181-d835-115a-0d9937722069"",""22aa6a15-ed96-c247-3a5e-6bb1bfb77f0f"",""c7d82910-1b56-0127-fa6e-c2f99a53ca87"",""255add50-ba1f-df14-0fd2-5b0a2320d3f8"",""1898923d-071d-0abd-1a62-ed0d2702d4f1"",""0ad7c62c-fa4f-405e-9d4e-253663cdee04"",""5ad8659a-414a-9e26-b973-f5a229d788dd"",""2ea07147-a720-ed0c-d4ce-d7bddd1640d3"",""3f655067-3544-a5bf-2385-d7cd2fb292a9"",""8a3d176b-87e9-4600-9f29-53350daca710"",""67e73c97-1e8d-6170-b50e-07222df14cec"",""0fed9647-cc82-24d7-526d-98762e8a52cd"",""9e8d6f72-0b59-85cf-a222-b18d38acdc0f"",""038e9a9a-4878-7561-521b-5d432a0798a0"",""916d7bd2-33ad-2fac-5787-cc1865a499be"",""95d4d8ef-55e4-8337-78f1-2fda944991d8"",""b8b47809-4e8e-f556-8325-bd45fa3d4dc4"",""fd5740ec-7f11-0ecf-f676-46f9dc056d2c"",""1aca2882-fc94-6430-fc3c-8b5b61c957bf"",""44f9129f-579a-3d23-218f-3c3518036fc6"",""60b0ea2e-dec7-1d4a-da2a-6de09f273fe7"",""96e98353-ccd1-9722-76a7-37f179a6a15c"",""7a642de7-c33f-a628-efb2-3d94a829d17b"",""c3890f3c-1222-5036-bea9-6d52753bf018"",""f936a498-89c7-bc15-f158-19a015db0683"",""525e065d-a9d4-0d0e-6c98-93e68ec92ec8"",""35b0a4e3-b63d-b68e-4c34-6462579a8721"",""40c3d189-9611-e59f-5808-7847e294642e"",""5d71ae5d-5c6e-0430-6fc5-d9ca0c1c34c0"",""1270dca2-f1ac-9ff9-36e7-b9cf2fd1b161"",""727fa612-6e53-458e-720d-b662dc974e5d"",""4466e297-33f5-b69f-e5e7-71be602ebb2f"",""59b6ed0e-4c39-ec45-f8be-ce1599661ce3"",""becbea68-c499-4790-b46b-841fe10bbc98"",""60a5975f-42b6-0311-f007-116e41a69b71"",""65f04311-3581-256c-97b9-279838d6ff5e"",""cdc9bee8-9317-37fa-ec8e-464096670c60"",""d0759ae0-eeef-48e4-c4b9-526217aac33d"",""634ea01e-4ae2-c7e8-7567-138965e8a6fe"",""a6c60dad-208a-90aa-f8da-03bf868508ac"",""194adbca-34d6-cb94-b153-3488ee563308"",""41f8b174-fb06-1707-aaa7-e74e109c2ee9""]","[""28e00f6e-1096-338d-b562-5be8a8156209"",""2e04e1a7-a158-3240-8fed-901e39c3deeb"",""61d78f09-beef-3450-a863-107d4d9f3107"",""d285a0a0-22da-3e49-ba81-289e31fc74d7"",""0151dc8f-5e14-3d35-a617-94494d281a3f"",""0dc38ded-21a1-30b0-afdb-d583d1a84828"",""1724ff18-17a3-325b-ad6a-199c1e915cd5"",""b802fa4a-2117-32c3-ad4c-216d1feaa869"",""26c35c32-f7ad-375b-9fee-2c5d632208b7"",""3a2abacb-750a-3834-9638-3b6c7b5d5fb4"",""48242285-0493-33a2-8057-46d70cfc99b0"",""5cc43a31-c0f9-3713-b6aa-27d32600c59d"",""5d38f527-a355-3977-8f8a-119154eac130"",""bf0d3dce-26f4-3bf4-8dc9-4736b17719ba"",""09422583-23bd-34ef-9e4f-2e6a59d3adb3"",""1cfff827-5833-34c9-a739-cf87b656ec66"",""2b8e8048-06de-3a2a-b373-bda0756c1b8c"",""45673bb2-c334-3e3e-a853-909200cdc1c2"",""48a30adb-854f-33f8-8301-2ad09b2f3e89"",""6b22f861-a957-3b8d-9f79-0eb1507a170b""]",[]
f782369b-554e-4351-bf3c-08115e347537,Amie,Tornincasa,amie.tornincasa@siriusxm.com,+15550010154,premier,,"[""9150cc82-af5c-3be3-d170-0e81d87375a8"",""804a5411-b234-1188-27da-f01197103886"",""872f3487-26d2-af2e-787f-6bf016663ab9"",""5ec57468-4f17-6675-83e0-5df1051c5149"",""0bda60d1-1dfa-3d2d-b46b-6039e5dfbd99"",""9529f1ce-edee-aa5a-1079-a523fc607535"",""c2144e7c-f3b3-29b4-0ace-c7abdc77f2c9"",""541c9627-0e17-4e89-806e-2066b77635c3"",""a2d2f69b-cb59-4064-83d9-0c46130fce24"",""27adcf33-1681-9f00-2461-2129a2471abf"",""a96c9390-313c-3a51-5dac-953504f4f237"",""a313351d-2602-aea7-e635-c7a3fedb719b"",""f8bc644d-6368-4837-a230-7503b9bb0537"",""d8db4574-6cc5-62a2-55b5-ae6842d80b61"",""2a74320f-938b-8e80-5e7f-5e8e110e1d42"",""5ad6890a-adaf-48bf-adbf-d0bf28def878"",""e829fd66-441a-6397-f1f9-575af11319b9"",""1898923d-071d-0abd-1a62-ed0d2702d4f1"",""08f75c84-574d-b3bd-e3e9-815dd38d0480"",""771bf1f6-3885-aa77-e98a-51f5dcccbeba"",""0ad7c62c-fa4f-405e-9d4e-253663cdee04"",""709d5e35-e5bd-6865-b7eb-342355fbb94f"",""5ad8659a-414a-9e26-b973-f5a229d788dd"",""c2a517d4-c02f-06eb-77cf-f81bfa719188"",""fdf0828c-710e-2e45-0123-bbab29ed2edc"",""2ea07147-a720-ed0c-d4ce-d7bddd1640d3"",""3f655067-3544-a5bf-2385-d7cd2fb292a9"",""782bdb9f-d94f-b0f4-aa5e-644f13b89275"",""25de1705-19ad-6f6e-d45f-3f8775a37800"",""3b83dc80-5987-6898-e98d-a98012f700c1"",""67e73c97-1e8d-6170-b50e-07222df14cec"",""34d9b863-11da-207f-5e96-9c463b7c7a23"",""9e8d6f72-0b59-85cf-a222-b18d38acdc0f"",""1253b754-3eaa-9b16-d2d9-59a56de43713"",""038e9a9a-4878-7561-521b-5d432a0798a0"",""916d7bd2-33ad-2fac-5787-cc1865a499be"",""fe951560-f7e7-2ee3-9de9-cfd89fd54ac5"",""fd5740ec-7f11-0ecf-f676-46f9dc056d2c"",""44f9129f-579a-3d23-218f-3c3518036fc6"",""60b0ea2e-dec7-1d4a-da2a-6de09f273fe7"",""75fc8571-2961-b0f1-d237-b64d247ff5e3"",""2022dfab-580f-675f-6aad-00aad9c3be9b"",""813d656c-9af5-7f51-bb48-d724327d9289"",""91109e50-f6d7-3c63-1403-d841e3819b84"",""f84b4168-84ba-41ea-becb-42cd1657724f"",""7a642de7-c33f-a628-efb2-3d94a829d17b"",""35b0a4e3-b63d-b68e-4c34-6462579a8721"",""7aa60d6b-437f-b458-466c-ab12f57fae01"",""56605cc5-88b8-557b-fc3c-dae7eb41bf56"",""727fa612-6e53-458e-720d-b662dc974e5d"",""ce1fe306-b83e-ea73-c32d-3f9389cdf6f9"",""55ebde2f-f4d3-dbe1-a62a-b1c3effb39e7"",""bda81f03-f231-d4db-56ad-40cb132c5663"",""56e54c5d-593c-aeeb-3f3d-e396ff304fef"",""becbea68-c499-4790-b46b-841fe10bbc98"",""7a38c919-77fe-6627-e180-355633a0e8ec"",""882b5229-2798-4385-5f05-0835c1d017c2"",""65f04311-3581-256c-97b9-279838d6ff5e"",""4c00ce9e-de94-ce15-ec95-627c2c749681"",""5a42ecd0-a652-15a8-113d-ddb71bf04316"",""6ebe0447-46a4-9772-d885-a9153878451c"",""634ea01e-4ae2-c7e8-7567-138965e8a6fe"",""8a14c51a-84d2-3df5-8a2a-ac7ef4207402"",""94333a54-027c-dd2e-7f56-6be63dccc7fa"",""8f2a097b-a5d4-4a78-8054-331242604ad3"",""41f8b174-fb06-1707-aaa7-e74e109c2ee9""]","[""3be89098-0b47-3b43-b964-2e4ba327d0ad"",""602cfe3a-9628-3764-8ea8-1f8e6626d771"",""778cb638-43e3-3aef-897f-1a3a63ab5cb2"",""c2db354f-23bb-310e-8144-7a1a53e2dfbd"",""df3210e1-ad95-3d6d-a245-6bea8e2d38bd"",""0e423bee-0156-38e4-89b7-557bfbf00231"",""19ac6fb8-38e9-3b51-aa0e-8c19f573171f"",""4293ac72-6047-36de-ba10-2d4853bb9461"",""7768d04d-1e3f-3c0f-a7d0-800e79a02c54"",""6059b338-91e3-3b65-adad-e1a7386857da"",""78785665-f324-3069-8ba3-68c972ea7135"",""bcb070b2-90ee-3fa1-baea-fe45f01470f4"",""d0f326bc-005e-3f15-8e4a-c3fb1d80a32e"",""25ded505-2281-3ba1-88ba-95fd0b1d2d66"",""42d9df2e-f121-3601-805e-656d0f57e6bf"",""562d5581-2764-32ce-a744-f8bb0b4e1e2a"",""6820d12e-001b-3871-a0a6-92b2535a71d1"",""9965fbd9-074e-3eb5-88ce-a5dd1094cdf8"",""9ebaed8a-7d24-3565-b8e9-f518f48b5cf7"",""fe9d5506-6ea2-3131-a96f-cfb0c941360a""]","[""5ffce8f6-c36b-7cb7-f6eb-cc42854c3f43""]"
7165ab6f-d9cb-4593-a98e-4b132a26118c,Dirk,Van Dall,dirk.vandall@siriusxm.com,+15550010155,premier,,[],[],"[""b59aecfd-ec56-d90f-176b-c88a656bd4c3"",""36ab4f33-6c0f-243f-997b-aaac7bb32971""]"
bc09886c-f6f5-463d-b1d0-c1e0b40e9e0b,Yelena,Yakovenko,yelena.yakovenko@siriusxm.com,+15550010156,premier,,[],[],[]
f5d00f12-11ea-4785-8962-e522d926ad65,__Sports,games only,sports.gamesonly@siriusxm.com,+15550010157,premier,,[],[],"[""aa8d0519-1078-0a55-7dc4-a37f183f1a68""]"
f8189294-a631-4020-bed9-d6b86cb14d8d,__CNN,only,cnn.only@siriusxm.com,+15550010158,premier,,"[""43993462-1c73-efb8-29e5-0c4652cf8e4f"",""881c9b1f-e7fd-4637-b87a-0dd06f1831a5"",""6ce53b6e-fef9-ab81-e5e3-1e100e8a5e84"",""2e6388fd-e5fc-a495-586f-2494e81fd919"",""2b6effb8-eb0e-7421-d7bb-d843a9ff3ce1"",""9a32cb1d-e158-5f34-79be-cbeaca00cd11"",""98672b8b-d1ec-9286-7a7f-b829a617500b"",""d9dcf813-1a1a-2f92-a53f-e372ffc235ea"",""067801cb-bb3f-1707-dd21-d77e06bb27c0"",""a96c9390-313c-3a51-5dac-953504f4f237"",""15c78a20-48ff-41f2-aa4e-d0da15455c24"",""2a74320f-938b-8e80-5e7f-5e8e110e1d42"",""09d1edf4-3e54-59e1-3fa6-e68233c07b17"",""ab6a16eb-6e7b-6933-1dd1-8b04fbc922ed"",""1898923d-071d-0abd-1a62-ed0d2702d4f1"",""771bf1f6-3885-aa77-e98a-51f5dcccbeba"",""0df7058c-d77d-34d9-838e-b57df2239c86"",""c2a517d4-c02f-06eb-77cf-f81bfa719188"",""2ea07147-a720-ed0c-d4ce-d7bddd1640d3"",""25de1705-19ad-6f6e-d45f-3f8775a37800"",""9e8d6f72-0b59-85cf-a222-b18d38acdc0f"",""038e9a9a-4878-7561-521b-5d432a0798a0"",""3c7b2421-7ce4-0ecb-bc70-7f60f15d3d29"",""95d4d8ef-55e4-8337-78f1-2fda944991d8"",""b8b47809-4e8e-f556-8325-bd45fa3d4dc4"",""d7b96084-7990-022b-f7fa-665be0ac1c45"",""f3126d70-09ea-bd0c-57cd-af5ab798f313"",""813d656c-9af5-7f51-bb48-d724327d9289"",""7a642de7-c33f-a628-efb2-3d94a829d17b"",""50db4808-f46d-eb34-d7f2-def25000118f"",""95bffee3-e903-ca28-6332-1b94f41a8962"",""56605cc5-88b8-557b-fc3c-dae7eb41bf56"",""fb5bc33e-a51e-d1dd-d547-3d80e0b8324c"",""e2bf3e93-9902-8ba3-d906-bdec4469853f"",""484c57dd-c0f1-6439-c473-5503cdf5e92b"",""23999ddf-2cc2-35e2-7d04-6cc2749043d0"",""3cebb3a3-6b03-2ad2-e5be-d9f4841249a2"",""66e0c959-ced8-2958-5d2c-c19ca4f770a4"",""123f7d39-c99f-2f01-7900-0d4b8b010cb7"",""e4b5402c-c608-db84-ad15-4bc8e2cdccce"",""8261e004-8a69-47cd-317a-bcf1fbb05bca"",""22b6d419-0bc3-31f7-c9dd-53ca6c673d8c"",""7b32233d-bf01-9654-d97f-9e261aad3d8f"",""51f88432-8311-37e0-b57d-9b0ab63f5ce9"",""4a95af20-4bf8-7a4d-318d-e5147efb4bec"",""e253bdca-601f-2b68-52fc-3f6a9fa33bb9"",""194adbca-34d6-cb94-b153-3488ee563308"",""7dcedf0f-8d43-f932-cdae-81601ee49e30"",""d3253c66-e1e1-331b-02e6-71580c33791b"",""41f8b174-fb06-1707-aaa7-e74e109c2ee9""]",[],[]
2871eace-b502-46c3-9bb4-5bd8a10e2d43,__Country,only,country.only@siriusxm.com,+15550010159,premier,,[],[],[]
abb976e1-feb1-4b26-9f96-5a638afcf6ad,__Hip-Hop,only,hiphop.only@siriusxm.com,+15550010160,premier,,"[""eeab21f3-792e-0dbe-c1e9-1721edcaf3fb"",""a91e5ec5-637a-bee7-b1ba-3cb9a4c69f70"",""969836b6-3a76-636c-f68f-4943b64ed576"",""dd3e04c9-6dc5-3a09-b3f9-2b7e9130d3a8"",""872f3487-26d2-af2e-787f-6bf016663ab9"",""05cd3a1a-d292-3b8e-e8c9-1566d0726994"",""c46c9810-6274-a715-a8b9-de9d4ac33873"",""26eaec1d-353f-9c4f-c3b4-2fd936e72124"",""e1d0807c-de1b-4004-435d-cb429ddf1ff4"",""d7316255-680c-316e-982c-8a0347fa3956"",""541c9627-0e17-4e89-806e-2066b77635c3"",""dd21ed4a-49e7-ae02-3a61-cd730602a389"",""2406fc89-2280-4c3b-a20b-af1fbae64dc9"",""08f43be2-6189-5782-89e4-5d504fb848bb"",""ffd94bb6-5368-67ae-91be-5b2bababeca0"",""176daca5-6810-3a1c-49e9-39b69055e811"",""a313351d-2602-aea7-e635-c7a3fedb719b"",""d8db4574-6cc5-62a2-55b5-ae6842d80b61"",""5ad6890a-adaf-48bf-adbf-d0bf28def878"",""ab6a16eb-6e7b-6933-1dd1-8b04fbc922ed"",""e829fd66-441a-6397-f1f9-575af11319b9"",""f49737db-bea3-0c13-9834-b879fb1894c4"",""3fdc6446-2598-7c2b-d68f-1dcc1afa3433"",""771bf1f6-3885-aa77-e98a-51f5dcccbeba"",""968e1713-0760-9178-cd3a-891061e23753"",""cbacd6f4-17c3-460b-8a97-7d4daeb67547"",""bd54fc02-e063-0e3e-0cbb-4ceafef734e7"",""c2a517d4-c02f-06eb-77cf-f81bfa719188"",""fdf0828c-710e-2e45-0123-bbab29ed2edc"",""25de1705-19ad-6f6e-d45f-3f8775a37800"",""0fed9647-cc82-24d7-526d-98762e8a52cd"",""24798b75-f928-9e44-bdd4-1ba2bbc0b963"",""916d7bd2-33ad-2fac-5787-cc1865a499be"",""5bcb63d0-01b0-94f7-2db3-6d1cb3513f9b"",""fe951560-f7e7-2ee3-9de9-cfd89fd54ac5"",""fd5740ec-7f11-0ecf-f676-46f9dc056d2c"",""0c8ec1e3-f152-0ea1-3b45-35f7ec816990"",""85bd9928-68aa-4359-a534-9247e4df6056"",""2022dfab-580f-675f-6aad-00aad9c3be9b"",""5d35ec08-9d00-4b9c-b1aa-2d2b70fd278b"",""5d71ae5d-5c6e-0430-6fc5-d9ca0c1c34c0"",""e036602a-d2c1-6008-76a6-61594ef6e957"",""7d14b6b5-def4-cccc-f644-22600d0b6327"",""9e545d10-7c21-9707-1d34-3d503b7365bc"",""56605cc5-88b8-557b-fc3c-dae7eb41bf56"",""1e4c188d-46ba-7005-c260-b3e3ff7f87a3"",""8b66f94a-7304-fd83-d442-2153b881c21f"",""93a8061c-dae0-9668-34bd-a5350770d2cb"",""d003dd67-291f-226f-2986-e3dde046cc0d"",""e54bb91b-3a2c-d5eb-8c44-e09720d33b08"",""e094666a-fb10-f50a-bbca-593576dbed5a"",""3cebb3a3-6b03-2ad2-e5be-d9f4841249a2"",""123f7d39-c99f-2f01-7900-0d4b8b010cb7"",""97419dd7-4db5-46b6-b4c5-688970b0673b"",""3c057ef0-29e9-6496-0c53-7e1908393a16"",""5a42ecd0-a652-15a8-113d-ddb71bf04316"",""98713b38-08f7-5515-fa0b-eb8924cc019b"",""4a7caf21-ae6f-8835-6ad1-bf73d6fb76b1"",""0f1282b6-2b9e-e322-f580-8bc1d7007c80"",""d7151f52-694d-64b7-4e31-9b2f4f534454"",""cf0579bf-8131-4af8-88e8-540db1d73a89"",""634ea01e-4ae2-c7e8-7567-138965e8a6fe"",""f7e9cc61-a52f-7faa-2839-c0b9e5fd97fa"",""72874f52-9f17-2e8f-d4cc-3bfdccb4227c"",""96f5d0e4-ebff-564a-6c39-70a4a642e360"",""194adbca-34d6-cb94-b153-3488ee563308""]","[""0ba15129-c76e-370e-b33e-939f774ab767"",""2e04e1a7-a158-3240-8fed-901e39c3deeb"",""5ec254ce-6def-32b0-8e61-8bf8e861edd7"",""62952aa2-08df-375d-93e7-ef3b9718b709"",""8cd37c90-6df8-3d3d-a7fd-907a30f701bd"",""8eef64b4-8a02-3bef-b9a8-159648503d75"",""addd1130-aa8b-3cb9-bee7-be3efea16155"",""06fd63fe-c938-3bd9-a569-1bcbea7d75c0"",""074632c8-899e-371c-9771-ffd043fa7517"",""1b2fa5cf-8ff7-332b-805d-9d1b7d84ebb3"",""520c7bf3-8de2-38d2-bbb4-1ce004775e0b"",""7bb73006-d494-3146-acfb-1b0bf768ed5b"",""d31d7fcc-d76f-3fa1-83da-4f7be9cd9baa"",""d4aa956e-232d-3624-b415-d593cb9970c4"",""f3ad23f1-0b89-3d3e-9228-e56f5f561877"",""617610ca-e59e-3ed7-9d4f-f4e683f98db8"",""88f70920-cdaf-3878-abc7-f9be14ed7ef7"",""9429f152-bd68-3d2d-92f9-28796ae690a7"",""b09c5236-58da-3033-9b63-b4889af37b80"",""e86f71f4-4ede-3eba-8e5e-8c7b0de02139""]",[]
6286dc71-02b0-473c-98d0-a8e264e07fb6,__PopRocks,only,poprocks.only@siriusxm.com,+15550010161,premier,,[],[],[]
40c7dbb4-246d-4384-a91f-951cb3fe20b1,__Rock,only,rock.only@siriusxm.com,+15550010162,premier,,"[""9a32cb1d-e158-5f34-79be-cbeaca00cd11"",""c636d008-7cb0-99eb-7fb7-7c489f862a26"",""f4a5f723-128d-c383-1787-291d52f47020"",""20801778-3df2-d607-eab5-e03de0ca7815"",""c9256031-1123-f35f-4d49-1ba4d5379258"",""27adcf33-1681-9f00-2461-2129a2471abf"",""bac8cceb-389e-d5ff-8d94-8666f77c1c09"",""aa46ae69-ab44-f416-58ee-9fdf07462c0e"",""176daca5-6810-3a1c-49e9-39b69055e811"",""a96c9390-313c-3a51-5dac-953504f4f237"",""5342a0bc-69d4-89fc-7511-cc46a2cbf492"",""32566352-8e68-80f8-fe11-3f9715b63876"",""09586618-2f54-1e2d-138e-ca62ed294936"",""a5922d75-2cca-8536-ec89-8256bcb5f6e0"",""a4376e19-ae00-884e-9132-b9288fec093d"",""fcd4d48f-d0bd-468a-f816-4609503a52d1"",""55b9852c-7c8d-b605-0be9-220258828796"",""01df036f-ad39-e243-e554-f614e1f0ce00"",""0fed9647-cc82-24d7-526d-98762e8a52cd"",""9e8d6f72-0b59-85cf-a222-b18d38acdc0f"",""038e9a9a-4878-7561-521b-5d432a0798a0"",""95d4d8ef-55e4-8337-78f1-2fda944991d8"",""83ffe513-f939-1d45-5120-5a77b2cf3eae"",""cda91dcb-4098-f23e-5541-d9ccd4e80435"",""25311de8-5eac-1c6f-9f21-9b3c54fbb09a"",""77b6a229-9a5a-cec0-eb6a-0d8dcbc161ea"",""44f9129f-579a-3d23-218f-3c3518036fc6"",""14d3da18-9b75-0f8b-08f2-68a7db2d9c38"",""20871ee1-8eb6-7285-c842-c8a32a5a4283"",""8528a599-01df-885a-e32b-a21fd01b9ce1"",""93a5f790-d6a5-fb0b-c40f-5b727863abb9"",""0ecf5734-5bba-08aa-0bbe-26d9a9017514"",""f936a498-89c7-bc15-f158-19a015db0683"",""282bae89-735a-c222-526d-d217cc615681"",""5907a263-8ba5-2964-648d-7b93ff28e323"",""40c3d189-9611-e59f-5808-7847e294642e"",""9759dda0-e663-9151-e830-4b4cd4684eb8"",""cf96aba3-3b37-312a-78b9-16b53c816205"",""9737bbee-364f-05f9-fe3f-392bbbf61850"",""59f24e42-8405-4ba8-704d-03384243d5cb"",""ef551c82-25f6-ae51-2ba5-e231c3d5aab2"",""cdc9bee8-9317-37fa-ec8e-464096670c60"",""fc92713b-2006-4980-ef7c-e70f1da80427"",""dd0bf0c6-c979-3014-7f48-f1141fefccc6"",""f8060e72-95f9-3088-e9c7-d8df804a8cae"",""ce813fad-3e16-1a11-482d-f844cb03d28e"",""5f8894e9-d615-21d0-a114-ecd08e7fa75c"",""6739babb-7975-e60e-1835-fbacd4bbd855"",""f3fec3b7-bd04-326d-808d-edf843ea2150"",""7dcedf0f-8d43-f932-cdae-81601ee49e30""]",[],[]
